Wavelength_nm,AZURITE EF Glair,AZURITE EF GA,BUCKTHORN Pure,BURNT UMBER Glair,BURNT UMBER GA,CALCITE Glair,CALCITE GA,CARMINE GA,CINNABAR Glair,CINNABAR GA,GAMBOGE GA,HEMATITE Glair,INDIGO GA,INDIAN YELLOW INK,LAPISLAZULI Glair,LAPISLAZULI GA,LEAD TIN YELLOW Glair,LEAD TIN YELLOW GA,LEAD WHITE Glair,LEAD WHITE GA,MINIUM Glair,MINIUM GA,MALACHITE Glair,MALACHITE GA,YELLOW OCKER Glair,YELLOW OCKER GA,ORPIMENT Glair,ORPIMENT GA,SAFFRON GA,SMALT Glair,SMALT GA,VERDIGRIS Glair,VERDIGRIS GA
2500.354054,0.285848,0.0129887,0.312896,0.766112,0.337957,0.0532376,0.337474,0.5761,0.000966549,0.237833,0.264795,0.395762,0.284999,0.359406,0.353488,0.111854,0.252788,0.449947,0.209156,0.249131,0.0244273,0.191823,0.325573,0.188244,0.538608,0.409494,0.00197409,0.129565,0.112332,0.144909,0.221109,0.676907,0.67999
2501.51972,0.28239,0.0154092,0.309566,0.769367,0.333551,0.0516875,0.333953,0.574724,0.00413154,0.235119,0.274246,0.394361,0.284184,0.360428,0.352264,0.110561,0.256569,0.441495,0.210632,0.248648,0.0248547,0.193737,0.328773,0.187375,0.536206,0.403103,0.00963715,0.131537,0.107605,0.149468,0.217974,0.677951,0.681308
2502.686474,0.280035,0.0169274,0.307317,0.771977,0.334288,0.0527184,0.331142,0.572953,0.00656649,0.237839,0.27469,0.39414,0.283983,0.361701,0.351103,0.107474,0.259465,0.435073,0.209253,0.250663,0.0260034,0.193312,0.332575,0.186975,0.535704,0.39985,0.0160652,0.13328,0.104032,0.150696,0.214966,0.678152,0.678974
2503.854316,0.282196,0.0186693,0.308068,0.766282,0.329288,0.0549101,0.331127,0.57327,0.00409785,0.236066,0.268906,0.398313,0.284976,0.366581,0.353548,0.10451,0.256112,0.439818,0.201781,0.250407,0.0269765,0.191679,0.331211,0.185005,0.537088,0.392033,0.0139707,0.138605,0.102978,0.145593,0.213905,0.673054,0.666963
2505.023249,0.284114,0.018663,0.307748,0.768009,0.32064,0.0548776,0.328099,0.575313,0.00513458,0.234004,0.268631,0.40159,0.286807,0.36649,0.355363,0.102594,0.25363,0.440279,0.199566,0.250591,0.0263323,0.190649,0.329242,0.183225,0.537567,0.392497,0.00831106,0.136247,0.110571,0.140658,0.215006,0.667383,0.665508
2506.193274,0.285304,0.017118,0.310759,0.769941,0.323169,0.055968,0.329327,0.576597,0.00545268,0.230884,0.267514,0.401722,0.287891,0.365711,0.354701,0.100005,0.252319,0.440547,0.201743,0.249143,0.0260407,0.18929,0.328777,0.18417,0.53419,0.389892,0.00754981,0.134978,0.111424,0.133544,0.213196,0.666629,0.665856
2507.364393,0.285081,0.0173338,0.313995,0.772379,0.324687,0.0553523,0.331151,0.574747,0.00687101,0.231223,0.267527,0.400858,0.285872,0.367925,0.35456,0.101089,0.253294,0.442798,0.203114,0.250719,0.0259877,0.192343,0.328294,0.183416,0.531746,0.390935,0.00898628,0.134628,0.111455,0.13499,0.211606,0.665965,0.668597
2508.536606,0.285369,0.0176054,0.312984,0.774072,0.328593,0.0547593,0.331371,0.57198,0.00829373,0.232364,0.268211,0.399519,0.28296,0.365488,0.352649,0.103052,0.253708,0.447099,0.203995,0.248851,0.0287137,0.192494,0.327677,0.180922,0.5307,0.393705,0.0106182,0.135195,0.11121,0.136528,0.20991,0.667513,0.670723
2509.709916,0.286144,0.0175034,0.313636,0.775192,0.330476,0.0550051,0.331724,0.570851,0.00856283,0.233654,0.265913,0.399436,0.282056,0.364929,0.35289,0.103036,0.254164,0.447575,0.20403,0.24754,0.03111,0.192682,0.326773,0.179805,0.530508,0.396726,0.0112381,0.135252,0.111896,0.136632,0.208007,0.669244,0.671211
2510.884324,0.286235,0.0175354,0.313896,0.77539,0.330794,0.054716,0.330844,0.570546,0.00860421,0.232908,0.264491,0.398683,0.280158,0.362844,0.352678,0.103317,0.255353,0.445639,0.203181,0.245561,0.0327859,0.192513,0.325722,0.177692,0.528506,0.396822,0.0114711,0.134822,0.110835,0.136858,0.206648,0.66893,0.672912
2512.059831,0.286215,0.0181579,0.313571,0.776851,0.331809,0.0538924,0.332267,0.569958,0.00950864,0.233377,0.264965,0.398713,0.280109,0.360234,0.352126,0.103258,0.257639,0.44282,0.203037,0.244173,0.0344545,0.193908,0.325451,0.17645,0.526146,0.397343,0.0131193,0.134503,0.110665,0.136703,0.205577,0.670956,0.677906
2513.23644,0.286629,0.0189288,0.312445,0.777511,0.333131,0.0533484,0.332827,0.569692,0.00953245,0.23482,0.263486,0.399465,0.279428,0.35845,0.351157,0.102485,0.259006,0.440053,0.201161,0.242511,0.0355042,0.194979,0.325622,0.175522,0.525066,0.397312,0.0144996,0.133354,0.109831,0.135095,0.202587,0.674435,0.67948
2514.414152,0.288049,0.0199675,0.311876,0.776217,0.333258,0.0531731,0.333126,0.570265,0.00914648,0.235395,0.264358,0.401228,0.279106,0.358261,0.351691,0.101345,0.259851,0.43885,0.199798,0.241199,0.0370258,0.196119,0.325259,0.17513,0.525901,0.396799,0.0158389,0.133941,0.108597,0.133124,0.19955,0.679861,0.679983
2515.592968,0.290283,0.0214345,0.310373,0.77373,0.328806,0.0514963,0.332384,0.570502,0.00856188,0.234585,0.264371,0.403448,0.279913,0.356523,0.35281,0.0997335,0.260634,0.436576,0.198171,0.240152,0.0372509,0.196498,0.323849,0.174415,0.527138,0.393632,0.0153413,0.134536,0.107602,0.130229,0.197731,0.683431,0.68076
2516.772889,0.293159,0.0235127,0.308431,0.772973,0.32356,0.0504898,0.332482,0.571186,0.0083676,0.233767,0.262939,0.405669,0.281516,0.35423,0.354452,0.0973961,0.261088,0.434331,0.197687,0.241482,0.0366639,0.195603,0.322875,0.174287,0.528779,0.39118,0.013249,0.134112,0.108447,0.127411,0.197288,0.685297,0.683414
2517.953918,0.295787,0.0249368,0.307177,0.772112,0.318694,0.0517096,0.33135,0.571543,0.00727159,0.232175,0.260196,0.406377,0.280666,0.352051,0.356234,0.0946514,0.260959,0.431139,0.198142,0.243083,0.0355948,0.192958,0.322469,0.173382,0.529855,0.387096,0.0116179,0.132521,0.109507,0.124143,0.195224,0.685036,0.684592
2519.136056,0.299643,0.025233,0.30662,0.771715,0.314903,0.0538429,0.329489,0.572216,0.00639394,0.230338,0.259249,0.407275,0.28075,0.350812,0.357796,0.0927501,0.261709,0.428758,0.200724,0.2445,0.0348953,0.191413,0.322381,0.173306,0.531223,0.38284,0.0110374,0.130994,0.109969,0.12019,0.192153,0.686206,0.683914
2520.319305,0.302978,0.0252364,0.305047,0.771003,0.31015,0.0548811,0.327336,0.572353,0.00590597,0.228417,0.25702,0.408262,0.280817,0.349764,0.35825,0.091214,0.262282,0.425012,0.202389,0.245456,0.0343624,0.189944,0.32214,0.173198,0.532835,0.379299,0.00985442,0.128896,0.1096,0.116926,0.188345,0.685105,0.680749
2521.503665,0.305355,0.0262088,0.304635,0.771229,0.308912,0.0568472,0.325942,0.571259,0.00623681,0.228648,0.256324,0.408541,0.280893,0.35,0.358882,0.0916282,0.263143,0.423481,0.202748,0.246254,0.0334735,0.188818,0.321699,0.172516,0.53413,0.377914,0.00909704,0.127302,0.110146,0.116474,0.185175,0.682309,0.678993
2522.68914,0.3067,0.0270371,0.302839,0.771474,0.309488,0.0584365,0.32457,0.56975,0.0076599,0.22886,0.255765,0.407343,0.279423,0.348492,0.358692,0.0921493,0.264421,0.424007,0.202306,0.244679,0.0328769,0.186347,0.321411,0.170802,0.534943,0.375629,0.00834844,0.126061,0.10872,0.116028,0.182386,0.678595,0.676594
2523.875729,0.307743,0.0271188,0.299164,0.771294,0.311623,0.0591981,0.324175,0.568508,0.00975166,0.228997,0.25538,0.406072,0.27842,0.345836,0.358781,0.0917653,0.265785,0.425939,0.20298,0.241227,0.0342585,0.184193,0.321552,0.168159,0.53669,0.374577,0.00766848,0.126184,0.106366,0.116203,0.179914,0.674345,0.673403
2525.063435,0.307857,0.0263817,0.29488,0.769429,0.312787,0.0604625,0.323029,0.566673,0.0104933,0.229256,0.251994,0.405017,0.276957,0.342414,0.359643,0.0906054,0.266969,0.42626,0.203623,0.237293,0.0349104,0.182106,0.321404,0.166323,0.537553,0.374506,0.00776662,0.126844,0.103924,0.11621,0.176474,0.667148,0.665298
2526.25226,0.30732,0.0261811,0.293158,0.768752,0.31194,0.062766,0.32246,0.566,0.0106527,0.229829,0.248422,0.404157,0.27613,0.339418,0.360475,0.090641,0.268739,0.426348,0.204542,0.234807,0.0350891,0.181373,0.321352,0.165654,0.537446,0.376067,0.00866613,0.127836,0.101157,0.116793,0.175432,0.658038,0.656315
2527.442204,0.306155,0.0253783,0.290966,0.768724,0.310076,0.0647073,0.321123,0.565103,0.0105706,0.229293,0.24591,0.403205,0.273734,0.334806,0.359138,0.0904289,0.27009,0.425418,0.204129,0.231781,0.0345791,0.180845,0.320944,0.164338,0.535602,0.376788,0.00940429,0.127865,0.09634,0.115739,0.175655,0.645575,0.64557
2528.63327,0.304745,0.0245884,0.289377,0.769462,0.309111,0.0660744,0.321346,0.563376,0.0105738,0.22845,0.246063,0.403377,0.27145,0.331495,0.357471,0.08862,0.270386,0.424426,0.203286,0.22956,0.0338523,0.182119,0.320426,0.16388,0.533603,0.379893,0.0104323,0.127765,0.0942305,0.114193,0.175395,0.633783,0.633281
2529.82546,0.302384,0.0231239,0.287961,0.769471,0.307328,0.0666123,0.320604,0.561688,0.0101506,0.226863,0.246621,0.403783,0.268922,0.329126,0.356558,0.0863041,0.270193,0.42221,0.201629,0.227404,0.0325747,0.183297,0.319723,0.163331,0.53145,0.380843,0.0109823,0.127282,0.0926071,0.111812,0.173476,0.623499,0.620338
2531.018774,0.30017,0.0208888,0.287478,0.768996,0.306203,0.0669473,0.32122,0.560336,0.0104664,0.225476,0.246687,0.403826,0.26741,0.326635,0.356918,0.0842137,0.270348,0.420833,0.201979,0.225682,0.0322699,0.184421,0.319022,0.163179,0.529293,0.380746,0.0120555,0.127819,0.0908561,0.110427,0.171891,0.614339,0.609704
2532.213214,0.298562,0.0190057,0.288225,0.767706,0.302974,0.0661715,0.322151,0.557712,0.0100282,0.224225,0.242332,0.40301,0.264811,0.322819,0.356729,0.0815917,0.269643,0.418725,0.20248,0.223568,0.0311999,0.184028,0.318597,0.16217,0.526424,0.376498,0.0113851,0.12788,0.0881955,0.109126,0.170286,0.602989,0.598703
2533.408782,0.298142,0.0179371,0.288722,0.768105,0.300149,0.0660048,0.322685,0.555876,0.0088547,0.222832,0.236923,0.402111,0.260945,0.320687,0.356347,0.0801449,0.269332,0.417756,0.203236,0.223466,0.0299309,0.182851,0.319158,0.160281,0.523635,0.372743,0.0106608,0.126909,0.0870824,0.108918,0.169693,0.590763,0.587448
2534.605479,0.298027,0.0157284,0.28846,0.769231,0.297802,0.068092,0.320709,0.555426,0.00811675,0.221189,0.231068,0.401222,0.256343,0.318912,0.355917,0.0792914,0.270238,0.415653,0.203029,0.223456,0.0295639,0.18021,0.319903,0.158363,0.521084,0.370079,0.0104076,0.124724,0.0868067,0.108292,0.167477,0.578958,0.574658
2535.803308,0.298589,0.0128722,0.2876,0.77066,0.295897,0.0711374,0.318138,0.55603,0.00858134,0.220294,0.229114,0.401498,0.254117,0.318635,0.355798,0.0790612,0.271922,0.414588,0.202905,0.224307,0.0310022,0.179426,0.320589,0.158424,0.521422,0.36873,0.00942117,0.122332,0.0865477,0.106805,0.164232,0.570458,0.564935
2537.002269,0.298931,0.0108477,0.28553,0.771504,0.294482,0.0730518,0.314384,0.556287,0.00955589,0.220017,0.226405,0.401443,0.253591,0.318158,0.35607,0.0789322,0.274059,0.41376,0.201112,0.224906,0.0320441,0.178698,0.321151,0.159257,0.522145,0.365895,0.00820224,0.120197,0.0866214,0.105348,0.159833,0.562071,0.557528
2538.202365,0.298425,0.010028,0.283165,0.771774,0.29573,0.0753698,0.310938,0.556331,0.0109351,0.220581,0.223427,0.400991,0.25388,0.317748,0.357121,0.0787368,0.276022,0.41466,0.199323,0.225836,0.0325222,0.17661,0.321982,0.160314,0.521941,0.361494,0.00783482,0.119011,0.0859611,0.104758,0.157048,0.55454,0.553086
2539.403597,0.297248,0.00887759,0.279269,0.770263,0.295932,0.07571,0.308251,0.55635,0.0122061,0.220023,0.221674,0.400173,0.252212,0.317081,0.357475,0.0766714,0.276296,0.415223,0.196343,0.224417,0.0332028,0.17333,0.322639,0.159777,0.521738,0.355105,0.00649418,0.117557,0.0824415,0.102901,0.154314,0.545909,0.547833
2540.605966,0.29744,0.0078965,0.275626,0.768865,0.295595,0.07507,0.306656,0.55614,0.0122324,0.218888,0.222206,0.400226,0.25042,0.316515,0.358445,0.0742609,0.276065,0.416677,0.19369,0.221856,0.0344897,0.171389,0.322929,0.159505,0.522612,0.350734,0.00579575,0.116997,0.0805001,0.10075,0.150813,0.536879,0.542848
2541.809474,0.298227,0.00808418,0.272555,0.768316,0.293814,0.0755786,0.304726,0.555486,0.011206,0.217845,0.222275,0.400884,0.248821,0.313694,0.359419,0.0734919,0.276371,0.418056,0.193517,0.219689,0.0353059,0.169546,0.322908,0.159803,0.522729,0.348199,0.00662374,0.116265,0.0794906,0.0982421,0.147531,0.528572,0.537814
2543.014123,0.299,0.00905354,0.27095,0.769124,0.29067,0.0767429,0.303869,0.555121,0.0110097,0.217681,0.224797,0.401402,0.24924,0.309512,0.359762,0.0742071,0.276982,0.418673,0.19517,0.218337,0.036617,0.167646,0.322889,0.160242,0.522623,0.349575,0.00783952,0.115055,0.0770825,0.0967857,0.145461,0.522895,0.534609
2544.219915,0.29939,0.00985759,0.268413,0.769341,0.285926,0.0770266,0.301273,0.553212,0.0107117,0.215915,0.227036,0.401829,0.249592,0.305878,0.359045,0.073237,0.276447,0.415832,0.194829,0.216565,0.0366359,0.165157,0.322388,0.159492,0.522242,0.350527,0.00790727,0.113484,0.0732592,0.0948022,0.142673,0.517714,0.529091
2545.42685,0.299675,0.0110705,0.267488,0.769069,0.282171,0.078154,0.300497,0.550089,0.0108877,0.214348,0.228569,0.402628,0.249923,0.303085,0.359176,0.0707657,0.276346,0.411961,0.195164,0.216135,0.0362834,0.164254,0.321865,0.158816,0.521826,0.350827,0.00838557,0.112546,0.0723832,0.0934952,0.139447,0.513874,0.524281
2546.634931,0.299472,0.0119756,0.267619,0.768961,0.27919,0.078333,0.300658,0.546735,0.0113172,0.21341,0.227873,0.402275,0.250637,0.298692,0.359625,0.0687322,0.276693,0.40682,0.196543,0.214752,0.0361934,0.162551,0.321827,0.157068,0.520927,0.348594,0.00919805,0.110914,0.0710107,0.0917698,0.135361,0.511019,0.520393
2547.844159,0.300013,0.0127149,0.268002,0.769379,0.27781,0.0772593,0.30034,0.543887,0.0119666,0.212913,0.224872,0.401789,0.25128,0.294693,0.359651,0.0676286,0.276217,0.402563,0.198593,0.212001,0.0366598,0.161182,0.321912,0.154429,0.520035,0.346521,0.0102998,0.109952,0.0691099,0.0909421,0.131812,0.509096,0.51639
2549.054537,0.301192,0.0132131,0.268578,0.768753,0.275195,0.0741296,0.298478,0.541175,0.0110097,0.211584,0.218787,0.401734,0.250124,0.291464,0.358443,0.0667987,0.274706,0.397219,0.199029,0.208962,0.0351189,0.159067,0.322178,0.150831,0.516857,0.343822,0.00912562,0.109122,0.0662788,0.0895577,0.128425,0.506329,0.511116
2550.266065,0.30291,0.0144614,0.268795,0.769934,0.27386,0.0711322,0.29666,0.540344,0.0100094,0.210119,0.213611,0.40312,0.250432,0.289926,0.35743,0.0672454,0.274986,0.394035,0.199928,0.208772,0.0333451,0.156858,0.32276,0.148296,0.513771,0.343348,0.00818001,0.108585,0.0653004,0.0878661,0.126695,0.504417,0.50639
2551.478745,0.304663,0.0158156,0.268079,0.771829,0.272585,0.0692817,0.294524,0.540582,0.00964199,0.208532,0.209509,0.403993,0.250773,0.287922,0.356891,0.066843,0.276536,0.391792,0.200586,0.209616,0.0325081,0.1545,0.323145,0.147551,0.512008,0.342549,0.00778797,0.107959,0.0638513,0.0860012,0.123948,0.503709,0.501546
2552.692578,0.306585,0.0174129,0.266388,0.773156,0.272461,0.0675391,0.291626,0.540842,0.00992453,0.208079,0.207162,0.404633,0.250443,0.287097,0.358216,0.0656581,0.279161,0.392756,0.200914,0.211034,0.0322083,0.154763,0.323993,0.149044,0.514175,0.34234,0.00804864,0.108022,0.0639771,0.0864155,0.12111,0.503927,0.500462
2553.907568,0.308631,0.0185619,0.263634,0.774144,0.27303,0.064832,0.286023,0.540958,0.0108302,0.208203,0.202334,0.404541,0.249029,0.286484,0.360221,0.0642792,0.282574,0.39599,0.20094,0.211884,0.0319654,0.156475,0.325591,0.1511,0.516951,0.341511,0.0101437,0.108873,0.0649363,0.0879984,0.117417,0.502415,0.500657
2555.123714,0.310609,0.0187125,0.261237,0.775186,0.274259,0.0634195,0.281023,0.541226,0.0121904,0.20908,0.198698,0.404564,0.246485,0.286488,0.361846,0.0625462,0.285021,0.399903,0.202155,0.213413,0.0321363,0.158161,0.327031,0.152777,0.519003,0.339594,0.0129713,0.109893,0.0656884,0.0887697,0.115813,0.499732,0.50044
2556.341019,0.312336,0.017536,0.258639,0.773951,0.274479,0.0599289,0.276256,0.540685,0.0123726,0.209165,0.196018,0.404587,0.241323,0.287312,0.361781,0.0593901,0.28604,0.402234,0.202144,0.212173,0.0327123,0.159039,0.327266,0.153387,0.520081,0.334955,0.0134859,0.109963,0.0652696,0.0869937,0.114177,0.495042,0.498581
2557.559485,0.313928,0.0165394,0.256782,0.771629,0.27509,0.0548506,0.272235,0.539549,0.011123,0.207841,0.193711,0.404137,0.235993,0.287738,0.361716,0.0563024,0.286698,0.403529,0.201478,0.208629,0.0335797,0.159282,0.327459,0.154278,0.520481,0.331714,0.0134034,0.109401,0.065589,0.0854212,0.112309,0.490296,0.496606
2558.779113,0.314135,0.0167709,0.255208,0.770238,0.273789,0.0500294,0.269234,0.538321,0.009771,0.206402,0.19172,0.402393,0.232103,0.285153,0.361671,0.0542616,0.286717,0.401275,0.199941,0.20487,0.0333536,0.156804,0.327829,0.15322,0.518322,0.330241,0.0125593,0.10769,0.0643404,0.0832267,0.110248,0.485098,0.494914
2559.999905,0.314269,0.0180247,0.253936,0.767888,0.272237,0.0447577,0.2651,0.536924,0.0089073,0.204046,0.190791,0.40007,0.231336,0.282107,0.35948,0.0532529,0.284487,0.396584,0.197308,0.201362,0.0316995,0.151641,0.328124,0.15112,0.51521,0.331416,0.0101474,0.105659,0.0622243,0.0810491,0.108126,0.479406,0.49273
2561.221862,0.313826,0.0196634,0.252718,0.764512,0.270292,0.0384296,0.259531,0.534575,0.00700445,0.200376,0.18708,0.398116,0.23039,0.279732,0.355887,0.0516576,0.280744,0.390132,0.192473,0.197646,0.029423,0.145712,0.329099,0.148507,0.513043,0.329674,0.00652924,0.10367,0.0598987,0.0785784,0.105414,0.474441,0.489117
2562.444986,0.314611,0.0211763,0.253648,0.763929,0.269467,0.0347792,0.257093,0.532868,0.00631468,0.199147,0.184589,0.396795,0.230114,0.278334,0.354034,0.050644,0.279278,0.387061,0.190663,0.196178,0.0297859,0.143565,0.331078,0.147183,0.513194,0.325986,0.00574976,0.102653,0.0590041,0.0765977,0.103083,0.472786,0.487491
2563.669278,0.317314,0.0229945,0.254786,0.76574,0.268327,0.032407,0.254928,0.532071,0.00693241,0.198955,0.183422,0.395417,0.230601,0.275853,0.353692,0.0505452,0.27896,0.384398,0.19201,0.195283,0.0316252,0.142698,0.33289,0.145888,0.512824,0.322518,0.00647254,0.101548,0.0573074,0.0747885,0.100857,0.471973,0.485375
2564.894742,0.320995,0.0259789,0.25405,0.768187,0.268604,0.0299893,0.25289,0.531249,0.00687039,0.198319,0.181738,0.395771,0.231774,0.272664,0.353469,0.0507776,0.278155,0.381443,0.192557,0.194908,0.0321535,0.142758,0.333655,0.145132,0.510617,0.322173,0.00610061,0.101213,0.0545908,0.0732613,0.0993403,0.471183,0.48283
2566.121377,0.324624,0.0295777,0.252223,0.768574,0.266642,0.025915,0.251436,0.529391,0.00532566,0.196784,0.178708,0.396562,0.231681,0.269664,0.351986,0.0507806,0.276563,0.378322,0.190812,0.19395,0.0301566,0.14261,0.334686,0.145204,0.506638,0.322356,0.00374138,0.099792,0.051211,0.0702423,0.0974373,0.470792,0.478579
2567.349187,0.330463,0.03423,0.251444,0.770255,0.263896,0.0246459,0.251692,0.528531,0.00564563,0.196474,0.177998,0.398469,0.233124,0.267552,0.35254,0.0509537,0.277436,0.378942,0.191782,0.194393,0.0306929,0.144001,0.336351,0.146494,0.505751,0.323141,0.00375825,0.0997907,0.0506128,0.0689132,0.095302,0.473471,0.474628
2568.578171,0.337187,0.0391894,0.250024,0.772776,0.260177,0.0248861,0.25231,0.528357,0.00592116,0.196657,0.177009,0.400137,0.233142,0.265097,0.353687,0.049898,0.279757,0.379982,0.191296,0.195816,0.0330047,0.14437,0.337614,0.147637,0.506768,0.323836,0.00509927,0.100266,0.0485515,0.0699342,0.0915283,0.47461,0.471034
2569.808333,0.344604,0.0445854,0.248075,0.774304,0.259175,0.0250635,0.25225,0.527735,0.00577359,0.196712,0.175609,0.401946,0.232114,0.263148,0.353965,0.0484847,0.282235,0.381791,0.189224,0.195913,0.0342643,0.144903,0.338706,0.149136,0.508984,0.325234,0.00599714,0.100317,0.0471778,0.0722263,0.0879036,0.473844,0.469463
2571.039674,0.354162,0.0496438,0.246148,0.775102,0.259203,0.0264025,0.251685,0.527263,0.00700773,0.197742,0.17225,0.403757,0.231537,0.261212,0.35536,0.0475531,0.285682,0.385912,0.189378,0.195295,0.0370119,0.147404,0.339197,0.150469,0.51089,0.326049,0.00743236,0.100527,0.0466899,0.073351,0.0834589,0.474075,0.46876
2572.272196,0.363772,0.0548195,0.245246,0.774872,0.257738,0.0275897,0.251703,0.525699,0.00762711,0.20046,0.167894,0.405413,0.229955,0.260649,0.357751,0.046713,0.288399,0.390961,0.190688,0.19663,0.0398564,0.148858,0.33841,0.152057,0.512723,0.325739,0.00843489,0.100046,0.0454946,0.0734432,0.0801693,0.473745,0.467752
2573.505899,0.371696,0.0598821,0.244049,0.771308,0.254935,0.0245895,0.250153,0.522914,0.00600263,0.201164,0.163031,0.405465,0.225785,0.260645,0.35787,0.0443597,0.288741,0.391873,0.189403,0.195309,0.0405326,0.14618,0.337358,0.152735,0.513342,0.323461,0.00621814,0.0983304,0.0428206,0.0716043,0.0776792,0.470687,0.465079
2574.740787,0.379582,0.0670291,0.243225,0.768153,0.253321,0.0225505,0.249097,0.521016,0.00528511,0.200615,0.160412,0.404401,0.222293,0.259993,0.358096,0.0420038,0.288653,0.391092,0.188368,0.192647,0.0409774,0.143328,0.336853,0.153053,0.514323,0.324872,0.00478463,0.097515,0.0424266,0.0704519,0.0771518,0.4682,0.46385
2575.97686,0.386665,0.0754161,0.242641,0.76703,0.251529,0.0224853,0.248592,0.520444,0.00564119,0.200427,0.158253,0.4028,0.219023,0.258116,0.358561,0.0404632,0.287967,0.388546,0.187795,0.191275,0.0408142,0.141509,0.336126,0.151841,0.513623,0.326867,0.00451839,0.0962893,0.0442581,0.0683196,0.0758855,0.465586,0.463692
2577.214121,0.393976,0.0836014,0.241771,0.766889,0.252552,0.0216434,0.247548,0.520243,0.0054395,0.199568,0.158305,0.401622,0.217422,0.256764,0.357276,0.0393092,0.28664,0.385717,0.188481,0.191236,0.0402516,0.139658,0.335404,0.15,0.512204,0.326795,0.00502345,0.0953463,0.0474561,0.0660722,0.0745738,0.463505,0.463977
2578.452571,0.399894,0.0904477,0.241111,0.767801,0.254284,0.0206273,0.246433,0.519487,0.00527437,0.199518,0.159115,0.400966,0.216214,0.255726,0.357419,0.0373833,0.287005,0.383461,0.189927,0.191385,0.0400179,0.138682,0.335591,0.14811,0.512056,0.322353,0.00608443,0.0956176,0.0497824,0.0648776,0.0735336,0.463488,0.464508
2579.692211,0.40458,0.0961927,0.241463,0.768928,0.254998,0.0191477,0.246013,0.518488,0.00548322,0.199805,0.159059,0.399922,0.215575,0.256021,0.357982,0.0354105,0.287551,0.382816,0.191349,0.191805,0.0390453,0.139895,0.336192,0.14562,0.512075,0.315745,0.00654857,0.0964087,0.0504198,0.0631003,0.0727328,0.464418,0.465427
2580.933045,0.409011,0.101512,0.241095,0.769909,0.25387,0.0179848,0.244338,0.517579,0.0055555,0.198531,0.157941,0.398108,0.214581,0.255264,0.358584,0.0343354,0.287545,0.381735,0.193388,0.191637,0.0369582,0.139969,0.336436,0.141926,0.509668,0.311443,0.00619127,0.0968307,0.0487689,0.0611351,0.0725941,0.464162,0.465749
2582.175072,0.412569,0.105798,0.240179,0.770582,0.25387,0.0171454,0.24249,0.516816,0.00656691,0.197736,0.158212,0.3977,0.214039,0.254466,0.358524,0.0338106,0.288101,0.381182,0.195311,0.191466,0.034096,0.140124,0.336222,0.140119,0.507445,0.311694,0.0059393,0.0972925,0.0462049,0.0591328,0.072902,0.463902,0.465441
2583.418296,0.413251,0.106759,0.237999,0.768247,0.250877,0.0146954,0.24001,0.51592,0.0070696,0.195382,0.157917,0.396436,0.212357,0.254201,0.356732,0.0326645,0.287838,0.378922,0.193777,0.189109,0.0308771,0.138491,0.336481,0.138945,0.505909,0.310769,0.00497894,0.0967169,0.0444917,0.0559536,0.070555,0.462784,0.462898
2584.662717,0.413266,0.104785,0.236781,0.766881,0.248121,0.0143683,0.237862,0.516716,0.00791371,0.192985,0.157387,0.396396,0.211662,0.25379,0.356223,0.0317336,0.289094,0.377601,0.193543,0.187461,0.0304827,0.137657,0.337084,0.137341,0.506093,0.309655,0.0051806,0.0975198,0.0442622,0.0547538,0.0671169,0.462161,0.461034
2585.908337,0.411182,0.100725,0.235957,0.76581,0.245302,0.0136705,0.234477,0.517801,0.00724486,0.191102,0.155038,0.396671,0.210027,0.252452,0.354481,0.0304965,0.290243,0.376078,0.192897,0.186548,0.0307222,0.136107,0.33664,0.134901,0.50502,0.308269,0.0045801,0.0976939,0.0421844,0.0537067,0.0644377,0.459065,0.458423
2587.155159,0.408121,0.0960436,0.235803,0.765635,0.244233,0.0142745,0.231972,0.518267,0.0069617,0.190651,0.154607,0.39789,0.209595,0.251507,0.353818,0.0302598,0.291802,0.375893,0.193221,0.185566,0.0320301,0.136191,0.335682,0.133758,0.503766,0.308367,0.00429128,0.0973601,0.0412308,0.0525735,0.0631478,0.457574,0.455528
2588.403184,0.404404,0.0898157,0.235628,0.766678,0.243941,0.0180058,0.230753,0.518679,0.00994511,0.192377,0.151406,0.400408,0.210223,0.249967,0.357236,0.0300966,0.296033,0.377595,0.195453,0.185704,0.0363401,0.138141,0.334342,0.134697,0.504595,0.3098,0.0058969,0.097224,0.0406604,0.0519613,0.0601014,0.458612,0.453441
2589.652413,0.397093,0.0825215,0.234905,0.766501,0.244822,0.0202086,0.230519,0.517509,0.0123876,0.194522,0.145664,0.402359,0.208978,0.248778,0.359579,0.0296864,0.298984,0.37942,0.19643,0.187057,0.039838,0.138067,0.331861,0.135617,0.505056,0.312724,0.0071781,0.0960391,0.0391573,0.0524948,0.0570193,0.456769,0.452953
2590.902849,0.385805,0.0745719,0.232246,0.76208,0.245649,0.0153859,0.228027,0.51399,0.00938322,0.19272,0.142542,0.401469,0.2044,0.246551,0.35531,0.0281571,0.295865,0.373389,0.191198,0.182974,0.038367,0.133122,0.329503,0.132833,0.501125,0.312752,0.00400792,0.0918728,0.0362882,0.0499982,0.0551384,0.452043,0.450152
2592.154493,0.376721,0.0675106,0.231326,0.759736,0.245309,0.0112364,0.225192,0.511977,0.00702512,0.190085,0.142164,0.401235,0.201462,0.243154,0.350932,0.0276008,0.292399,0.366423,0.185962,0.176413,0.0369029,0.129899,0.328035,0.129874,0.498595,0.313365,0.00138639,0.0893616,0.0367418,0.0479988,0.0552516,0.449341,0.4497
2593.407346,0.369771,0.0615871,0.231299,0.760484,0.243886,0.00880601,0.2245,0.511311,0.00584692,0.188973,0.140121,0.401779,0.199329,0.239301,0.348845,0.0276806,0.290524,0.362032,0.182102,0.172385,0.0362362,0.128461,0.326786,0.12734,0.496118,0.313056,0.000300974,0.0876819,0.0384496,0.0470291,0.0545141,0.447637,0.450056
2594.661412,0.365806,0.0573005,0.231652,0.763699,0.243991,0.00795804,0.22727,0.510552,0.00547859,0.189933,0.141365,0.402531,0.200281,0.236786,0.349315,0.0277013,0.291428,0.360884,0.180731,0.172343,0.0367894,0.128163,0.326021,0.12546,0.495318,0.311457,0.00200187,0.0874879,0.0406752,0.0478649,0.0534754,0.447637,0.451037
2595.916691,0.363417,0.0538867,0.232506,0.767148,0.243526,0.00852768,0.229433,0.508959,0.00681318,0.191432,0.142414,0.402555,0.201576,0.234534,0.351627,0.0272171,0.293868,0.360893,0.180793,0.173424,0.0374597,0.129173,0.325165,0.124061,0.495926,0.307827,0.00384125,0.0880855,0.0414763,0.0498233,0.0525637,0.447786,0.451587
2597.173185,0.361553,0.0523515,0.233377,0.768816,0.242294,0.00836377,0.230255,0.507341,0.0082738,0.190973,0.138833,0.40219,0.202717,0.234057,0.353004,0.0274289,0.294762,0.362245,0.180103,0.174901,0.037159,0.130372,0.324126,0.12271,0.496191,0.306361,0.00469652,0.0888806,0.0413388,0.0499564,0.0513381,0.448029,0.451393
2598.430896,0.361698,0.0523541,0.233399,0.770433,0.240738,0.00938024,0.230966,0.507511,0.00973795,0.190462,0.134645,0.40238,0.204801,0.234743,0.354912,0.0286258,0.296319,0.364713,0.181936,0.176163,0.0371486,0.131054,0.323447,0.121455,0.497049,0.308102,0.00749749,0.0905412,0.0398486,0.0498686,0.0501899,0.44876,0.451448
2599.689825,0.364322,0.0531658,0.233348,0.771728,0.240059,0.0105372,0.232715,0.508073,0.011937,0.191486,0.134652,0.404421,0.206712,0.235994,0.356183,0.0296322,0.298642,0.367394,0.186333,0.177322,0.0375494,0.133577,0.322485,0.122679,0.49993,0.308972,0.0108073,0.0925499,0.0385479,0.0505105,0.0480837,0.44948,0.451521
2600.949976,0.365938,0.0539064,0.231263,0.769435,0.238811,0.00859085,0.231311,0.506022,0.0109434,0.189488,0.13488,0.405467,0.205437,0.235801,0.355186,0.0291491,0.298002,0.366906,0.187922,0.176134,0.0363979,0.132892,0.321329,0.123667,0.501533,0.305171,0.0107451,0.0923943,0.0369448,0.0481737,0.0435921,0.447114,0.448257
2602.211348,0.368418,0.0555576,0.229269,0.767717,0.238857,0.00709796,0.227925,0.504183,0.00873835,0.187506,0.136805,0.406668,0.203713,0.235967,0.354982,0.029284,0.296599,0.367769,0.189344,0.174904,0.0358749,0.131406,0.321321,0.123945,0.503091,0.301494,0.00966431,0.0928115,0.0357862,0.0450179,0.0412467,0.444804,0.444594
2603.473945,0.37166,0.057871,0.227844,0.767506,0.239262,0.00746666,0.225185,0.503885,0.00789723,0.187433,0.139737,0.407946,0.201873,0.236047,0.356644,0.0292113,0.296143,0.369869,0.191297,0.175332,0.0370713,0.131145,0.321134,0.124494,0.50419,0.298377,0.00940232,0.0946762,0.035181,0.0424202,0.0406674,0.443606,0.440577
2604.737767,0.374826,0.0607073,0.22714,0.770639,0.24053,0.010638,0.225381,0.504055,0.00894868,0.188542,0.143144,0.409753,0.201352,0.235938,0.360164,0.0283654,0.298368,0.372641,0.196119,0.178087,0.0394018,0.133127,0.321043,0.126802,0.505646,0.299106,0.0108419,0.0968706,0.035891,0.0416458,0.0397564,0.444886,0.437456
2606.002817,0.376462,0.0622463,0.224829,0.772966,0.242057,0.0139714,0.225358,0.504131,0.0112394,0.189302,0.142801,0.410808,0.199875,0.234468,0.362828,0.0266666,0.301586,0.374201,0.200606,0.179588,0.0412341,0.135471,0.320828,0.128487,0.506515,0.300389,0.0114964,0.0976143,0.0344385,0.0407176,0.0362564,0.445773,0.435392
2607.269096,0.376135,0.0631469,0.22147,0.772528,0.244978,0.0144813,0.226048,0.503969,0.0115552,0.189536,0.140952,0.410615,0.19794,0.233641,0.362223,0.0249603,0.302263,0.374565,0.201232,0.178888,0.0410837,0.13555,0.319633,0.127492,0.504923,0.300585,0.0103422,0.0965569,0.0317829,0.038909,0.0332989,0.444468,0.434635
2608.536607,0.374082,0.0632555,0.218378,0.769588,0.245076,0.00979312,0.223989,0.502253,0.0072705,0.187528,0.139027,0.40806,0.195416,0.232605,0.357574,0.0231254,0.298433,0.369016,0.195854,0.174766,0.0373386,0.131295,0.31913,0.124058,0.500505,0.297943,0.00539976,0.0929127,0.0276315,0.0347646,0.0324989,0.440919,0.431843
2609.80535,0.375766,0.0633515,0.218446,0.770456,0.243632,0.00917926,0.222423,0.503107,0.00671428,0.186467,0.13799,0.406695,0.196415,0.231332,0.355962,0.0230911,0.297834,0.365596,0.194079,0.172482,0.0365134,0.129386,0.320141,0.122135,0.500488,0.296678,0.00315002,0.092758,0.0261699,0.0335119,0.0331082,0.439949,0.431728
2611.075328,0.379448,0.0643116,0.218475,0.77398,0.241995,0.0137408,0.22416,0.505758,0.0100978,0.187917,0.13522,0.406415,0.198605,0.231197,0.358124,0.0231955,0.301712,0.368103,0.196915,0.174736,0.0391988,0.129757,0.321313,0.12125,0.50323,0.298058,0.00463963,0.0949978,0.0265138,0.0351504,0.032376,0.441314,0.433286
2612.346543,0.382401,0.0653372,0.218617,0.776043,0.240121,0.0175106,0.227802,0.50713,0.0134726,0.189949,0.132521,0.406116,0.200295,0.231819,0.359833,0.0224005,0.305052,0.371141,0.199493,0.178611,0.0420476,0.131222,0.322287,0.120744,0.504869,0.301063,0.00622067,0.0964152,0.0288407,0.0356909,0.0314223,0.442407,0.434221
2613.618996,0.383601,0.0652196,0.219219,0.776327,0.23841,0.0195886,0.229528,0.507141,0.0160692,0.190848,0.127575,0.405209,0.200128,0.231457,0.360213,0.0216992,0.306813,0.37206,0.200365,0.179986,0.0433944,0.132583,0.322224,0.120236,0.504692,0.303211,0.00747146,0.0976392,0.0307574,0.0344437,0.0316249,0.443094,0.433062
2614.89269,0.384263,0.0649585,0.219623,0.776304,0.239275,0.0219034,0.230922,0.507363,0.0186846,0.191983,0.120946,0.405027,0.200045,0.231675,0.360885,0.0218556,0.309031,0.374258,0.202192,0.1801,0.0445709,0.133528,0.322078,0.120868,0.505987,0.307658,0.0101686,0.10015,0.0330595,0.034416,0.0316663,0.445975,0.432994
2616.167625,0.38207,0.0643606,0.219853,0.773203,0.239772,0.02068,0.23114,0.506684,0.018393,0.192376,0.11462,0.404609,0.19825,0.2313,0.359441,0.0217378,0.308626,0.372737,0.202174,0.17722,0.0443403,0.13213,0.321916,0.120533,0.50583,0.309613,0.00997972,0.101018,0.0319283,0.0340692,0.0315385,0.447803,0.433498
2617.443805,0.379404,0.0628012,0.221219,0.769071,0.240785,0.017814,0.229721,0.504656,0.0166152,0.19177,0.113254,0.405154,0.195998,0.231015,0.357255,0.0225498,0.305985,0.369755,0.201134,0.173704,0.0444154,0.130587,0.321865,0.120738,0.504232,0.308098,0.00794402,0.1013,0.0304676,0.0334709,0.0325163,0.448264,0.434052
2618.72123,0.375965,0.0601318,0.222504,0.765419,0.242295,0.0150151,0.225925,0.501218,0.0143684,0.190013,0.112849,0.405605,0.193975,0.230471,0.355534,0.0238266,0.302693,0.366663,0.198701,0.170738,0.0446344,0.125593,0.322004,0.12085,0.501922,0.305125,0.00572285,0.101522,0.0291998,0.0307289,0.0322371,0.446543,0.433608
2619.999902,0.372991,0.0572125,0.224793,0.764963,0.24412,0.0141903,0.224009,0.500338,0.0140544,0.189851,0.114748,0.40694,0.193842,0.229961,0.356189,0.0252566,0.302113,0.367225,0.19789,0.169514,0.0458764,0.121514,0.322931,0.121767,0.502448,0.305018,0.00557934,0.102619,0.0295092,0.0295874,0.0327112,0.445469,0.435288
2621.279824,0.369753,0.0531036,0.227431,0.766166,0.24461,0.0142715,0.224145,0.500731,0.0144227,0.190677,0.117391,0.408606,0.193962,0.228612,0.358284,0.0255357,0.303296,0.369771,0.19865,0.169763,0.0468317,0.120232,0.323232,0.123559,0.504058,0.305773,0.00728323,0.103443,0.0302055,0.030461,0.0327589,0.445378,0.437099
2622.560997,0.364862,0.0477732,0.229425,0.76784,0.244371,0.0133964,0.225138,0.500611,0.0138841,0.190648,0.120026,0.408972,0.193773,0.22754,0.35913,0.0255463,0.304568,0.371626,0.200714,0.169951,0.0461014,0.120678,0.323472,0.125981,0.505421,0.307512,0.00880268,0.103588,0.030897,0.0310161,0.0319813,0.44661,0.438488
2623.843423,0.35933,0.0417818,0.229476,0.769471,0.243375,0.0128062,0.225916,0.501839,0.0149523,0.191226,0.122611,0.408678,0.193706,0.227046,0.361191,0.0261034,0.307524,0.373416,0.203675,0.169042,0.0465486,0.123028,0.323823,0.128734,0.507467,0.309418,0.0102873,0.103915,0.0308166,0.0311977,0.0308413,0.448348,0.438813
2625.127104,0.353376,0.0363608,0.229693,0.772497,0.243432,0.0136089,0.22815,0.503013,0.0177012,0.193179,0.125152,0.40888,0.195688,0.228158,0.364692,0.0266315,0.311033,0.374058,0.206722,0.170109,0.047466,0.125597,0.323998,0.131888,0.511613,0.31073,0.0126945,0.104131,0.0303672,0.0320077,0.0321492,0.450344,0.440602
2626.412041,0.346194,0.030144,0.22875,0.774857,0.241453,0.0128923,0.229057,0.501353,0.01743,0.193834,0.125345,0.407505,0.196206,0.22799,0.365126,0.0262019,0.311369,0.369821,0.205536,0.172156,0.045638,0.125429,0.323927,0.132256,0.513467,0.307716,0.0128253,0.102813,0.0283435,0.0307047,0.0323146,0.449992,0.441397
2627.698237,0.341175,0.0241707,0.227242,0.776821,0.24109,0.0143667,0.230657,0.501102,0.0171397,0.194205,0.12628,0.406948,0.196781,0.227367,0.365685,0.0257098,0.312707,0.367798,0.206359,0.175211,0.0460679,0.126768,0.324594,0.131549,0.515636,0.305384,0.0143724,0.103436,0.0282702,0.0301679,0.0304704,0.450114,0.442889
2628.985693,0.336133,0.0195079,0.22604,0.777171,0.24069,0.015149,0.23227,0.501087,0.0164399,0.193844,0.125298,0.406887,0.196475,0.227933,0.365383,0.0248176,0.314106,0.367661,0.206201,0.177205,0.0465862,0.127723,0.325481,0.129862,0.516971,0.305058,0.0144321,0.104331,0.0288849,0.0288045,0.0276313,0.449638,0.44388
2630.274412,0.330942,0.0162622,0.225546,0.775623,0.238962,0.0117805,0.233385,0.499622,0.01457,0.192874,0.122558,0.406346,0.196113,0.22943,0.362866,0.0235068,0.312705,0.365077,0.201233,0.176524,0.0440764,0.126269,0.326465,0.127696,0.51554,0.305099,0.0110337,0.104069,0.0297221,0.0247494,0.0264499,0.447991,0.443524
2631.564394,0.327564,0.0140393,0.224747,0.774928,0.23944,0.00962135,0.232961,0.498831,0.0138741,0.192667,0.119121,0.405678,0.195582,0.231048,0.362187,0.0231556,0.31244,0.363684,0.196841,0.173941,0.0417183,0.124519,0.327452,0.126005,0.513747,0.303732,0.00874771,0.104486,0.0309817,0.0218195,0.0259228,0.448254,0.444003
2632.855643,0.326307,0.0131812,0.224782,0.775785,0.242849,0.0103813,0.233005,0.499749,0.0146481,0.193714,0.117,0.406058,0.195323,0.232554,0.363576,0.0246352,0.314144,0.367274,0.195229,0.172518,0.0418789,0.124742,0.328184,0.125305,0.514361,0.303713,0.00841966,0.105575,0.0331127,0.0218507,0.0255208,0.451712,0.447821
2634.148159,0.324749,0.0130975,0.226022,0.775607,0.244241,0.00984593,0.233148,0.500934,0.0144061,0.193668,0.115454,0.406566,0.194948,0.232751,0.363591,0.0263682,0.3145,0.36917,0.192943,0.171272,0.0425349,0.125186,0.328007,0.124239,0.514364,0.303118,0.00654684,0.105223,0.0330838,0.020407,0.0248123,0.454756,0.450724
2635.441945,0.32562,0.0129243,0.227534,0.777958,0.24725,0.0116539,0.233598,0.502774,0.0157297,0.194732,0.116593,0.408699,0.197671,0.23369,0.365134,0.0286872,0.316588,0.37359,0.193492,0.171942,0.0454565,0.128444,0.328442,0.124023,0.515906,0.306268,0.0070584,0.106203,0.0344735,0.0195021,0.0245054,0.458319,0.454391
2636.737002,0.327449,0.0124152,0.228322,0.781505,0.249645,0.0156001,0.235577,0.504407,0.0194907,0.19711,0.116792,0.411789,0.201363,0.234598,0.367557,0.0306425,0.320529,0.380309,0.19631,0.174403,0.048769,0.13209,0.328662,0.124014,0.519469,0.309656,0.00980823,0.107734,0.0367162,0.0201626,0.0231294,0.461638,0.45858
2638.033333,0.329109,0.0118336,0.229128,0.784573,0.250778,0.0193874,0.239085,0.506772,0.0241738,0.199799,0.118019,0.416365,0.205334,0.235268,0.370081,0.031875,0.325319,0.387671,0.201398,0.177471,0.0515945,0.13651,0.328087,0.12494,0.524876,0.312428,0.0133708,0.108693,0.0388638,0.0232887,0.0220942,0.466027,0.462673
2639.330939,0.329863,0.0104742,0.228719,0.786021,0.251145,0.0221082,0.241059,0.5077,0.0272782,0.201887,0.120396,0.420388,0.207968,0.23605,0.372269,0.0331541,0.328807,0.392638,0.204754,0.179661,0.0534892,0.140077,0.327052,0.126117,0.528488,0.314569,0.016947,0.108974,0.0389093,0.0260008,0.0202979,0.470164,0.463346
2640.629823,0.329254,0.00927925,0.227756,0.786683,0.252796,0.0236375,0.241914,0.507196,0.0285516,0.20318,0.122413,0.421898,0.20967,0.237421,0.373753,0.0349691,0.330326,0.393327,0.206672,0.18122,0.0543411,0.142569,0.32644,0.127649,0.530469,0.31728,0.0193437,0.109735,0.039494,0.026961,0.0187759,0.473127,0.462108
2641.929985,0.327497,0.00874783,0.226717,0.786838,0.253883,0.0239086,0.241574,0.506637,0.0287981,0.203602,0.122,0.422273,0.209757,0.238396,0.374949,0.0364372,0.330668,0.390822,0.208726,0.182026,0.0547048,0.143861,0.326398,0.129115,0.531801,0.319852,0.0205168,0.110444,0.0403733,0.0276013,0.0180424,0.473986,0.460451
2643.231428,0.324849,0.00816098,0.226719,0.786773,0.253883,0.0234163,0.240973,0.504939,0.0281268,0.203701,0.121175,0.422682,0.208647,0.239223,0.374612,0.0370545,0.329434,0.385661,0.208056,0.182671,0.0540547,0.143782,0.326473,0.129589,0.533019,0.321894,0.020656,0.111362,0.0400129,0.0276881,0.0177471,0.473994,0.460574
2644.534155,0.321909,0.00624122,0.226709,0.785824,0.251256,0.0216225,0.239669,0.503064,0.0247418,0.202747,0.120249,0.422217,0.206582,0.238599,0.37196,0.03674,0.326659,0.379651,0.203595,0.182368,0.0522843,0.142377,0.326396,0.128202,0.530836,0.321155,0.0195242,0.112211,0.0391794,0.0255438,0.0148748,0.473061,0.459592
2645.838166,0.32027,0.00459184,0.227292,0.78591,0.250954,0.0219887,0.239617,0.503584,0.0228738,0.202636,0.120604,0.422427,0.207814,0.238876,0.37111,0.0366321,0.326712,0.377965,0.203718,0.182827,0.0540797,0.143044,0.327179,0.128994,0.529542,0.322334,0.020137,0.114459,0.0399371,0.0249226,0.0138331,0.472801,0.45912
2647.143463,0.317291,0.0035269,0.228496,0.7855,0.251575,0.0218958,0.239237,0.503568,0.0214541,0.201778,0.119097,0.421537,0.209583,0.240507,0.370459,0.036403,0.326814,0.375557,0.202736,0.181709,0.054689,0.142653,0.328457,0.129732,0.528859,0.324461,0.0194569,0.115984,0.0396585,0.0230987,0.0150672,0.471838,0.457818
2648.450049,0.314749,0.00314258,0.230124,0.784922,0.253447,0.021087,0.238349,0.502824,0.0199721,0.200873,0.117286,0.419449,0.210329,0.242993,0.369629,0.036384,0.326004,0.372566,0.199729,0.17938,0.053308,0.1392,0.330067,0.130154,0.527003,0.327076,0.016875,0.117161,0.039906,0.0204859,0.0183751,0.471005,0.456934
2649.757926,0.313762,0.003355,0.231702,0.785121,0.256158,0.0206,0.237491,0.502968,0.018948,0.201013,0.115845,0.416989,0.209515,0.245286,0.369195,0.0368791,0.326155,0.370975,0.198811,0.177257,0.0534846,0.136061,0.331366,0.131177,0.525172,0.328721,0.0146858,0.118285,0.0412702,0.0184608,0.020473,0.470607,0.457044
2651.067095,0.313317,0.00407939,0.234088,0.786318,0.258858,0.0194763,0.237773,0.504209,0.0177817,0.201302,0.115117,0.414971,0.20969,0.247406,0.368612,0.038072,0.326409,0.372839,0.198202,0.176265,0.0546904,0.13545,0.332243,0.132405,0.527404,0.330453,0.0134803,0.119064,0.043457,0.0171981,0.022283,0.471333,0.458011
2652.377558,0.313144,0.00445104,0.236002,0.788103,0.261423,0.0177921,0.23884,0.504993,0.0168091,0.200602,0.115392,0.413616,0.21201,0.248902,0.368215,0.0393428,0.326868,0.37513,0.19765,0.175662,0.0556943,0.135498,0.33296,0.133138,0.530842,0.332098,0.0120559,0.120204,0.0458298,0.0146709,0.0239569,0.472533,0.458231
2653.689317,0.313819,0.00416756,0.236755,0.790853,0.264661,0.0173642,0.242037,0.50522,0.0182066,0.201037,0.117756,0.413765,0.216841,0.250871,0.368827,0.040621,0.328111,0.378996,0.199329,0.176676,0.0571069,0.137606,0.334311,0.134797,0.534084,0.336424,0.0117038,0.122351,0.0491336,0.0130287,0.0252602,0.474853,0.460294
2655.002375,0.31437,0.00370428,0.237336,0.791666,0.266214,0.0159997,0.245105,0.505103,0.0197987,0.201818,0.119714,0.414483,0.219873,0.253091,0.369492,0.0414477,0.327901,0.380583,0.200446,0.177442,0.0567922,0.138727,0.334884,0.136264,0.536903,0.339398,0.0115375,0.123295,0.0507697,0.0128546,0.0251844,0.476113,0.461196
2656.316732,0.316036,0.00368492,0.240212,0.791535,0.26899,0.0144301,0.247433,0.505981,0.0207365,0.202852,0.121747,0.415441,0.221781,0.254874,0.370671,0.0422824,0.327222,0.381009,0.200175,0.177823,0.0567727,0.138158,0.334914,0.138256,0.541637,0.341696,0.011604,0.123687,0.0522972,0.013499,0.0253228,0.477443,0.460575
2657.632392,0.318537,0.00400214,0.242864,0.792013,0.271846,0.0146037,0.249133,0.507583,0.022064,0.205803,0.123121,0.416954,0.222995,0.256282,0.372307,0.0435102,0.327747,0.381108,0.198244,0.178615,0.0580346,0.137819,0.335437,0.141451,0.546246,0.344024,0.0125698,0.124452,0.0540869,0.0146281,0.0251754,0.479299,0.460772
2658.949356,0.320576,0.00519562,0.245087,0.793929,0.275486,0.016276,0.252612,0.509718,0.0233609,0.209763,0.124447,0.418483,0.225153,0.259048,0.375012,0.0460194,0.32923,0.381197,0.198314,0.181931,0.0595588,0.13965,0.337174,0.145888,0.551032,0.347679,0.0144714,0.126042,0.0579877,0.0166977,0.0255657,0.482376,0.465091
2660.267625,0.321046,0.00647368,0.247192,0.793919,0.278215,0.0160984,0.25387,0.511202,0.0226794,0.211097,0.125665,0.418223,0.226767,0.261161,0.376082,0.0484957,0.329398,0.380714,0.197545,0.184972,0.0599309,0.140918,0.338917,0.148451,0.554718,0.349355,0.0150727,0.127386,0.0598065,0.0169885,0.0250461,0.484242,0.470185
2661.587202,0.320918,0.00759242,0.250292,0.792271,0.279728,0.0145886,0.254125,0.512212,0.0214853,0.21042,0.129014,0.41765,0.227369,0.263074,0.376076,0.0497114,0.328114,0.380421,0.1941,0.18527,0.0591385,0.14171,0.340544,0.149766,0.557538,0.35249,0.0137885,0.128496,0.0597708,0.0158393,0.0249299,0.484463,0.473968
2662.908089,0.32079,0.00808373,0.253409,0.7921,0.279272,0.0125008,0.255614,0.512516,0.019638,0.209588,0.13074,0.416958,0.22689,0.265521,0.375576,0.050814,0.326183,0.37954,0.189528,0.183344,0.0576415,0.141858,0.342413,0.151164,0.559269,0.357233,0.0122508,0.129336,0.0594906,0.0148817,0.0251127,0.484266,0.474856
2664.230288,0.322235,0.00931223,0.256636,0.79495,0.280623,0.013315,0.260184,0.513774,0.019786,0.210564,0.132985,0.417455,0.229025,0.268652,0.376088,0.0526219,0.326544,0.381279,0.189727,0.182892,0.0587815,0.144096,0.344669,0.154053,0.563946,0.362551,0.0139765,0.130844,0.0603049,0.0164282,0.0266855,0.486345,0.476406
2665.5538,0.321072,0.0114996,0.259184,0.794362,0.280252,0.0112619,0.265238,0.513225,0.0172101,0.209811,0.134469,0.417128,0.227965,0.271557,0.373627,0.0534728,0.324177,0.37848,0.185476,0.181454,0.0579447,0.143789,0.34734,0.153383,0.566023,0.362897,0.0125935,0.130229,0.0597317,0.0162572,0.0273832,0.486944,0.477058
2666.878628,0.319175,0.0140596,0.261376,0.792289,0.27851,0.00562662,0.268179,0.511661,0.0120703,0.20706,0.136133,0.416071,0.226298,0.275545,0.369612,0.0550271,0.320388,0.373565,0.178029,0.178332,0.0560416,0.139712,0.350774,0.151239,0.565644,0.363756,0.00855574,0.129513,0.0591142,0.0143748,0.0294529,0.487703,0.478495
2668.204774,0.320469,0.016989,0.262925,0.793425,0.276667,0.001831,0.269787,0.513247,0.00993244,0.205696,0.137502,0.416126,0.228291,0.27968,0.368281,0.057847,0.319988,0.372159,0.175919,0.177069,0.0569802,0.137472,0.354485,0.151097,0.56906,0.365781,0.00805792,0.130467,0.0597079,0.0136708,0.0313278,0.489831,0.48239
2669.532239,0.324481,0.0202333,0.264989,0.798145,0.277829,0.00189853,0.273656,0.516656,0.012181,0.206811,0.139368,0.418288,0.233345,0.284188,0.370841,0.0605835,0.323221,0.37621,0.180555,0.179677,0.0598437,0.140204,0.358824,0.153158,0.577655,0.368639,0.0110833,0.133577,0.0633825,0.0148131,0.033254,0.495481,0.488546
2670.861025,0.329937,0.0230744,0.266233,0.803435,0.281174,0.00550029,0.278188,0.519278,0.0171583,0.20878,0.141231,0.422051,0.238162,0.288013,0.375818,0.0623298,0.329037,0.381619,0.188735,0.185576,0.0629331,0.145227,0.362678,0.156449,0.585299,0.371688,0.0156447,0.137674,0.0688958,0.0153131,0.0348991,0.50267,0.493787
2672.191135,0.335187,0.0264027,0.266419,0.807186,0.284452,0.00870909,0.280685,0.522269,0.0219018,0.211165,0.142333,0.426234,0.24281,0.290859,0.379481,0.063216,0.333515,0.385475,0.196794,0.192639,0.0650754,0.149684,0.365013,0.160813,0.590617,0.376979,0.0196261,0.140596,0.0733643,0.0160135,0.035919,0.509419,0.497939
2673.522571,0.339392,0.0303173,0.266077,0.809672,0.287295,0.00882705,0.279524,0.524765,0.0251599,0.213303,0.141751,0.429515,0.245598,0.292028,0.381907,0.0636659,0.335558,0.385694,0.200697,0.195482,0.0651252,0.150584,0.365565,0.163559,0.596275,0.383004,0.021836,0.142654,0.0758871,0.0163491,0.0366574,0.513861,0.499721
2674.855334,0.344772,0.0341973,0.268438,0.813255,0.291534,0.00980078,0.279052,0.527232,0.0284618,0.216225,0.141998,0.433044,0.249111,0.292759,0.385177,0.0646403,0.338623,0.386912,0.201986,0.196854,0.0661303,0.153008,0.365536,0.165854,0.605334,0.390433,0.024951,0.145555,0.0815166,0.0173833,0.0399478,0.518684,0.503135
2676.189426,0.350821,0.037117,0.270654,0.81842,0.29516,0.0146057,0.280849,0.530953,0.0334231,0.222266,0.143673,0.438074,0.254651,0.294144,0.390189,0.0662421,0.3456,0.391099,0.205195,0.199086,0.0700173,0.159022,0.366292,0.170084,0.614068,0.396782,0.0292726,0.149081,0.0878685,0.0210381,0.0432808,0.525288,0.509496
2677.52485,0.355985,0.0396856,0.272559,0.824461,0.300242,0.023085,0.284177,0.535652,0.0390933,0.229632,0.147217,0.442549,0.262607,0.297161,0.396992,0.0685625,0.354478,0.398441,0.213028,0.204793,0.0757819,0.167192,0.367893,0.176021,0.623952,0.405322,0.0344004,0.153234,0.09358,0.0263277,0.0459901,0.533455,0.518787
2678.861607,0.358979,0.0419273,0.274847,0.827126,0.305742,0.0291155,0.284673,0.53864,0.0423043,0.23388,0.150288,0.443922,0.268502,0.299465,0.40127,0.0696883,0.360213,0.404284,0.218431,0.209461,0.0794429,0.173263,0.368899,0.179764,0.632429,0.414922,0.0370976,0.156664,0.095737,0.0280254,0.0469579,0.538375,0.526357
2680.1997,0.360415,0.044511,0.278622,0.829059,0.311893,0.033243,0.287014,0.540151,0.0449694,0.237014,0.153501,0.44464,0.271215,0.303279,0.403898,0.0710743,0.363141,0.408414,0.220539,0.211511,0.0809592,0.179216,0.370103,0.182535,0.641913,0.428574,0.0375134,0.158362,0.0984033,0.0282901,0.0482156,0.541019,0.533182
2681.53913,0.361536,0.0465358,0.282976,0.831069,0.315762,0.0373979,0.292355,0.54095,0.0465771,0.241641,0.155313,0.444952,0.272466,0.308166,0.405402,0.0738468,0.365329,0.413652,0.22159,0.21209,0.0820713,0.185091,0.371678,0.185042,0.65264,0.441974,0.0376147,0.159139,0.102182,0.0289441,0.0478849,0.545176,0.53709
2682.8799,0.363317,0.0488031,0.287056,0.832879,0.318981,0.0416966,0.299385,0.542946,0.0481788,0.246894,0.159083,0.44615,0.274989,0.312317,0.406315,0.0769872,0.367464,0.420937,0.22372,0.213451,0.0845621,0.190736,0.373096,0.18911,0.663584,0.452308,0.039853,0.160669,0.105706,0.0304078,0.0474513,0.551941,0.540694
2684.222011,0.36238,0.0515314,0.290786,0.832649,0.319987,0.0418638,0.30467,0.543213,0.0474199,0.249438,0.16135,0.447298,0.27646,0.315813,0.404598,0.0790375,0.366041,0.422638,0.221317,0.213511,0.0852688,0.191932,0.374505,0.191222,0.67148,0.457539,0.0395846,0.162043,0.106153,0.029939,0.047429,0.556225,0.543907
2685.565465,0.363092,0.0547203,0.294987,0.834664,0.32291,0.042347,0.309847,0.545268,0.0478782,0.251104,0.163983,0.448574,0.281133,0.320585,0.404872,0.0828177,0.366294,0.426167,0.221499,0.213551,0.087448,0.192676,0.377555,0.194651,0.682519,0.466956,0.0402108,0.165477,0.108447,0.0297975,0.0503168,0.561547,0.550507
2686.910265,0.367972,0.0583927,0.299131,0.840401,0.330227,0.0482517,0.316875,0.551337,0.0526587,0.25462,0.166719,0.450809,0.286156,0.324817,0.40945,0.0882354,0.370971,0.434637,0.229835,0.217625,0.0924731,0.196696,0.381292,0.20098,0.698402,0.478504,0.0450238,0.170477,0.112813,0.0321441,0.0532541,0.570284,0.559519
2688.256413,0.373639,0.0617196,0.303302,0.846411,0.340594,0.054902,0.324946,0.556695,0.0579507,0.258636,0.170072,0.45401,0.290883,0.330159,0.414194,0.0929885,0.375696,0.441586,0.239628,0.224752,0.0967287,0.202594,0.384813,0.208259,0.716878,0.490741,0.0503609,0.174705,0.117827,0.0348002,0.0566855,0.580664,0.567005
2689.60391,0.376324,0.0642091,0.305498,0.848329,0.348835,0.0560578,0.328689,0.557925,0.0589148,0.259727,0.173695,0.45558,0.295001,0.33553,0.415062,0.096539,0.375123,0.442191,0.24123,0.228828,0.0970645,0.202826,0.387547,0.21241,0.73235,0.500943,0.0511914,0.176068,0.120621,0.0342094,0.0589495,0.586724,0.56995
2690.952758,0.377283,0.06862,0.307621,0.848542,0.355023,0.0515355,0.328866,0.558187,0.0553382,0.258122,0.175973,0.456257,0.301999,0.340218,0.412527,0.100225,0.369991,0.439136,0.237872,0.228353,0.0947436,0.196699,0.3897,0.213802,0.746983,0.513024,0.0482005,0.175854,0.120692,0.0315229,0.0621808,0.590928,0.570988
2692.30296,0.379931,0.0750389,0.311342,0.850105,0.359482,0.0457196,0.330145,0.558092,0.0522768,0.255935,0.178472,0.457447,0.312117,0.342442,0.410717,0.104483,0.365102,0.433576,0.233396,0.225055,0.0921286,0.190459,0.391558,0.213781,0.762987,0.525892,0.0450657,0.176756,0.121292,0.0297996,0.0669027,0.594219,0.572023
2693.654518,0.387238,0.083102,0.317306,0.855017,0.364721,0.0434625,0.335183,0.55887,0.051397,0.256291,0.184343,0.459631,0.324323,0.345747,0.412636,0.109525,0.363837,0.43184,0.230137,0.224424,0.092314,0.190171,0.394011,0.215417,0.781006,0.544632,0.0448271,0.178765,0.126368,0.0318456,0.0734374,0.599068,0.577023
2695.007433,0.397681,0.0923043,0.322111,0.86192,0.368277,0.0453856,0.342076,0.56204,0.0527215,0.259676,0.190437,0.462603,0.337642,0.350504,0.416943,0.114873,0.366501,0.435277,0.230182,0.226195,0.0953349,0.193314,0.397894,0.219938,0.798343,0.566367,0.0465765,0.181078,0.132498,0.0368176,0.0796212,0.605308,0.583046
2696.361708,0.408189,0.102956,0.328193,0.867967,0.371458,0.0489742,0.349194,0.566957,0.0544457,0.262883,0.197752,0.465442,0.352791,0.356895,0.420178,0.119643,0.369149,0.439744,0.23241,0.230343,0.0982102,0.19803,0.402196,0.225245,0.824037,0.59054,0.0484327,0.184711,0.139162,0.0423449,0.0864676,0.611816,0.589759
2697.717345,0.419009,0.114408,0.335596,0.87251,0.376323,0.0503882,0.354071,0.57149,0.0550191,0.264528,0.205381,0.467017,0.368122,0.364123,0.422118,0.123658,0.370244,0.441132,0.232193,0.233568,0.0988186,0.201615,0.405989,0.228409,0.854058,0.614025,0.0494512,0.188469,0.146886,0.0446186,0.0921577,0.616624,0.596238
2699.074346,0.432255,0.128171,0.342391,0.878218,0.382051,0.0522547,0.361071,0.576256,0.0571218,0.268734,0.213532,0.468587,0.384944,0.373084,0.425717,0.129514,0.371898,0.44392,0.232312,0.236568,0.0997561,0.207293,0.409821,0.231839,0.890098,0.641726,0.051223,0.191903,0.156517,0.0453098,0.097801,0.622572,0.605237
2700.432712,0.446696,0.14334,0.347608,0.883287,0.387277,0.05459,0.368803,0.582477,0.0592646,0.274809,0.220197,0.470287,0.400564,0.381726,0.429988,0.135035,0.374146,0.449227,0.233207,0.239261,0.10074,0.212195,0.41332,0.236047,0.92505,0.666861,0.0531179,0.195581,0.164872,0.046205,0.101548,0.629341,0.613555
2701.792447,0.462642,0.158434,0.352454,0.891145,0.395645,0.0585684,0.376539,0.590217,0.0634477,0.282016,0.226121,0.473874,0.415707,0.390996,0.435697,0.139766,0.37814,0.456796,0.236294,0.244942,0.10345,0.217268,0.415956,0.242815,0.961106,0.692027,0.0571233,0.202548,0.17517,0.0500862,0.107745,0.637874,0.623684
2703.153551,0.477796,0.172386,0.357025,0.900616,0.405308,0.0641625,0.383558,0.597918,0.0698976,0.2889,0.229851,0.478046,0.432135,0.401029,0.442123,0.143839,0.383715,0.464702,0.241899,0.252522,0.107233,0.223551,0.41868,0.248088,1.00166,0.716021,0.0620211,0.212029,0.186625,0.0551264,0.115306,0.646392,0.633828
2704.516028,0.491998,0.184982,0.362054,0.908987,0.417641,0.0700395,0.393237,0.607303,0.0759244,0.295012,0.235779,0.481255,0.449242,0.411701,0.447907,0.148726,0.390126,0.47422,0.249677,0.259767,0.111709,0.232071,0.422747,0.254203,1.0498,0.739323,0.0664105,0.221019,0.199468,0.060136,0.122456,0.65596,0.643585
2705.879879,0.50308,0.194161,0.366738,0.915585,0.430818,0.0732685,0.40204,0.616058,0.076944,0.298689,0.240696,0.48385,0.460835,0.420983,0.451262,0.155001,0.393313,0.48017,0.252293,0.264979,0.114233,0.237945,0.426137,0.260859,1.09421,0.754883,0.0682813,0.226524,0.208387,0.0627364,0.128494,0.663022,0.653242
2707.245106,0.509781,0.20091,0.372849,0.921521,0.445915,0.0721023,0.408472,0.62208,0.0739229,0.301429,0.247488,0.48676,0.474102,0.431482,0.451728,0.162183,0.392267,0.481659,0.24739,0.268492,0.114374,0.240165,0.429619,0.265635,1.13681,0.76355,0.0674157,0.229796,0.213433,0.06262,0.135691,0.669362,0.66415
2708.611711,0.511466,0.205867,0.379747,0.927044,0.460016,0.0685485,0.415528,0.625987,0.070256,0.304488,0.25556,0.489282,0.488252,0.44222,0.452321,0.170008,0.390058,0.481294,0.239732,0.270743,0.114445,0.240422,0.433244,0.268083,1.1743,0.773525,0.0648821,0.233012,0.215766,0.0611257,0.142116,0.678343,0.673345
2709.979697,0.511655,0.210305,0.388426,0.933921,0.47643,0.0672548,0.426706,0.631442,0.0687802,0.30901,0.264534,0.49364,0.501549,0.452883,0.456209,0.179999,0.390971,0.484751,0.237099,0.274865,0.116244,0.242608,0.436917,0.27222,1.20448,0.79458,0.0637803,0.237496,0.219471,0.0631465,0.150472,0.690698,0.682757
2711.349065,0.512988,0.213368,0.397741,0.94345,0.491436,0.0694319,0.439212,0.63865,0.0713639,0.31549,0.274399,0.499748,0.512444,0.463692,0.463484,0.192018,0.395048,0.490619,0.238164,0.281314,0.119703,0.24982,0.440664,0.278371,1.22016,0.812975,0.0649738,0.243458,0.228194,0.0696406,0.159169,0.702114,0.69051
2712.719818,0.515672,0.215982,0.406012,0.957494,0.508412,0.0749857,0.454075,0.64717,0.0771914,0.324397,0.286661,0.505748,0.522303,0.477947,0.473068,0.205329,0.401316,0.499914,0.241056,0.290234,0.125589,0.261859,0.445283,0.287086,1.22397,0.832049,0.0688798,0.25116,0.243235,0.0783999,0.168518,0.715565,0.700511
2714.091957,0.517059,0.217952,0.413225,0.970801,0.522765,0.0813212,0.470794,0.656218,0.0835953,0.332551,0.298929,0.511535,0.528529,0.493252,0.482418,0.217516,0.40837,0.509117,0.245757,0.298616,0.131897,0.274675,0.450377,0.296718,1.21791,0.849029,0.0744328,0.259004,0.258941,0.0869852,0.179639,0.728408,0.71179
2715.465486,0.516005,0.219787,0.425222,0.979804,0.534414,0.0838725,0.486827,0.664764,0.0860053,0.337859,0.312411,0.51595,0.533869,0.512355,0.48888,0.227656,0.410701,0.515043,0.248164,0.304873,0.13454,0.28563,0.454433,0.303195,1.21172,0.862549,0.0768749,0.265152,0.273288,0.0941268,0.194077,0.73872,0.721988
2716.840405,0.515629,0.222879,0.440278,0.987685,0.549244,0.084308,0.498387,0.673684,0.0863295,0.342119,0.326167,0.51851,0.541288,0.533799,0.494678,0.236814,0.410617,0.517442,0.248438,0.307093,0.13536,0.292749,0.458497,0.307101,1.20292,0.866504,0.0778772,0.269418,0.287,0.0988314,0.208518,0.747544,0.732609
2718.216717,0.520141,0.230599,0.456338,0.99879,0.56526,0.0877839,0.511315,0.685586,0.0906762,0.350384,0.340115,0.522722,0.551331,0.55551,0.503244,0.248483,0.414419,0.522912,0.253061,0.310415,0.139149,0.300266,0.464687,0.314657,1.20464,0.871087,0.0828004,0.275995,0.301329,0.106422,0.223151,0.758518,0.748186
2719.594424,0.527013,0.239777,0.467962,1.01074,0.576184,0.0909146,0.523858,0.698516,0.0954602,0.359524,0.351467,0.527776,0.559191,0.575089,0.511194,0.25902,0.418642,0.530113,0.256766,0.315205,0.142337,0.302825,0.470746,0.321742,1.19875,0.871884,0.0871951,0.282541,0.313073,0.115754,0.236296,0.768742,0.763191
2720.973529,0.536629,0.248398,0.478528,1.02567,0.585272,0.0943857,0.534768,0.711824,0.100954,0.368268,0.366613,0.533998,0.56878,0.59571,0.519206,0.269305,0.42301,0.53901,0.25896,0.321548,0.145771,0.306838,0.476773,0.327331,1.19475,0.867258,0.091423,0.291695,0.328904,0.128449,0.250785,0.781629,0.775434
2722.354033,0.549101,0.257935,0.489084,1.04056,0.592851,0.0988209,0.542119,0.725371,0.106886,0.375123,0.379264,0.539688,0.580931,0.617777,0.5271,0.280078,0.428249,0.548625,0.262046,0.326703,0.149882,0.313666,0.483154,0.333944,1.20179,0.857412,0.0965074,0.30394,0.343182,0.143172,0.264891,0.795361,0.78379
2723.735939,0.564684,0.269528,0.501066,1.0554,0.605467,0.103319,0.552751,0.739847,0.112401,0.382416,0.389474,0.545592,0.597431,0.640239,0.535041,0.292655,0.433394,0.559192,0.265991,0.331795,0.153924,0.321075,0.489732,0.345728,1.21894,0.848956,0.102396,0.315278,0.356221,0.158348,0.280501,0.811248,0.794863
2725.119248,0.580965,0.282553,0.512551,1.07307,0.617578,0.106979,0.565745,0.753722,0.116073,0.389979,0.400082,0.552595,0.614087,0.659104,0.54258,0.306411,0.437979,0.566883,0.266309,0.337796,0.157576,0.327702,0.495716,0.357797,1.23529,0.837132,0.108216,0.324876,0.370022,0.172959,0.298294,0.825655,0.809359
2726.503963,0.598185,0.299026,0.524477,1.09505,0.634632,0.11236,0.583574,0.768552,0.121588,0.40014,0.416878,0.561332,0.634724,0.679725,0.55226,0.322387,0.445394,0.57795,0.2689,0.346997,0.162755,0.33758,0.501782,0.370044,1.25845,0.835339,0.115461,0.336624,0.385892,0.189807,0.318711,0.845275,0.828913
2727.890086,0.615475,0.316692,0.537559,1.11656,0.656304,0.121031,0.604358,0.784891,0.12961,0.413948,0.432106,0.571592,0.655016,0.698767,0.566409,0.339774,0.455966,0.591967,0.277832,0.360473,0.1697,0.353436,0.507222,0.383094,1.28378,0.847497,0.124236,0.350881,0.399773,0.207979,0.336186,0.867206,0.846409
2729.277619,0.633934,0.335816,0.552992,1.1361,0.677319,0.13129,0.628414,0.801555,0.138961,0.429622,0.446029,0.58366,0.674087,0.718478,0.582205,0.358219,0.467494,0.608834,0.289601,0.376598,0.17646,0.371813,0.512836,0.396416,1.30421,0.862399,0.133231,0.366344,0.417415,0.226405,0.35217,0.886544,0.861899
2730.666565,0.651879,0.354883,0.566694,1.15609,0.692741,0.140472,0.649985,0.816743,0.148793,0.44474,0.458841,0.595204,0.69084,0.740769,0.596805,0.376524,0.477815,0.624824,0.298658,0.391831,0.182282,0.389948,0.519411,0.40861,1.30465,0.867242,0.141209,0.381775,0.437844,0.242599,0.369045,0.902431,0.876882
2732.056924,0.669404,0.374205,0.582348,1.1774,0.715012,0.152006,0.670117,0.832127,0.160367,0.461035,0.473847,0.606292,0.710287,0.765864,0.612491,0.393091,0.488578,0.64156,0.308228,0.407142,0.190133,0.411459,0.526414,0.423796,1.30414,0.875602,0.150687,0.400134,0.460402,0.260695,0.392112,0.920416,0.895978
2733.448701,0.685714,0.391623,0.599478,1.19536,0.739071,0.163246,0.690961,0.846656,0.169658,0.475492,0.488022,0.616126,0.723764,0.789419,0.62742,0.405372,0.49763,0.654884,0.319431,0.422635,0.197663,0.430817,0.531572,0.439928,1.30143,0.885145,0.159134,0.416876,0.470032,0.278346,0.418914,0.934655,0.91631
2734.841896,0.698743,0.408404,0.620419,1.2088,0.761033,0.166384,0.712762,0.85889,0.170919,0.486383,0.500679,0.623749,0.733499,0.814286,0.636178,0.418227,0.499219,0.663939,0.325371,0.436466,0.200364,0.444567,0.536758,0.452456,1.29723,0.894747,0.161098,0.4251,0.481137,0.290168,0.444537,0.943711,0.934122
2736.236512,0.709681,0.428083,0.64334,1.21795,0.780366,0.163795,0.724274,0.868229,0.167112,0.493833,0.509146,0.629882,0.739098,0.834059,0.639714,0.432663,0.496976,0.668541,0.323534,0.441878,0.199563,0.450962,0.543007,0.461299,1.28787,0.895094,0.159716,0.430212,0.502922,0.295573,0.461059,0.948051,0.944645
2737.632551,0.722337,0.448368,0.663304,1.22858,0.798732,0.16244,0.734939,0.881961,0.164985,0.502178,0.521114,0.637283,0.745092,0.852332,0.643065,0.446711,0.496274,0.673985,0.320671,0.444547,0.199452,0.453084,0.551416,0.468259,1.28385,0.895201,0.160506,0.438903,0.524594,0.30598,0.47625,0.953667,0.955772
2739.030015,0.733692,0.463045,0.673512,1.23974,0.802677,0.16017,0.743821,0.897524,0.163566,0.511127,0.531117,0.645195,0.750416,0.867832,0.645573,0.460243,0.494686,0.678971,0.317097,0.445839,0.19942,0.453355,0.559755,0.472264,1.27036,0.898217,0.161418,0.446121,0.537988,0.317779,0.489213,0.960706,0.965861
2740.428907,0.746397,0.475753,0.683186,1.25376,0.807904,0.160252,0.753038,0.912461,0.164923,0.521121,0.54018,0.654865,0.760424,0.881802,0.650273,0.477047,0.495409,0.687157,0.317439,0.449527,0.202236,0.462137,0.568937,0.482342,1.26273,0.90236,0.164354,0.457211,0.549819,0.334005,0.501998,0.973639,0.980487
2741.829228,0.760148,0.487111,0.693716,1.26521,0.824245,0.165185,0.760844,0.928154,0.170159,0.531404,0.542664,0.664732,0.771582,0.89718,0.659144,0.492783,0.500391,0.69909,0.321707,0.455232,0.208022,0.474718,0.578346,0.495481,1.26227,0.905044,0.170146,0.469442,0.560929,0.352519,0.515945,0.98585,0.998172
2743.230981,0.773006,0.497638,0.704068,1.27953,0.849828,0.172713,0.776968,0.946833,0.178904,0.544005,0.547369,0.675707,0.786275,0.917654,0.67203,0.508826,0.508786,0.713232,0.328296,0.46521,0.214498,0.488992,0.588459,0.510165,1.26245,0.911322,0.178645,0.483501,0.576078,0.371223,0.533653,1.00205,1.02088
2744.634169,0.785596,0.507486,0.713419,1.29909,0.870857,0.181325,0.797817,0.965745,0.187207,0.557912,0.554421,0.686836,0.800523,0.934797,0.685168,0.524356,0.518999,0.727599,0.335577,0.476276,0.221505,0.504439,0.598493,0.525055,1.25846,0.91617,0.188555,0.499271,0.591684,0.390613,0.549012,1.02301,1.04042
2746.038792,0.799943,0.519167,0.726675,1.31898,0.893672,0.190166,0.822028,0.986009,0.195635,0.574303,0.565235,0.69721,0.816581,0.961334,0.698017,0.539775,0.530195,0.745384,0.346819,0.488096,0.229156,0.521712,0.608724,0.540841,1.25715,0.929181,0.198652,0.515796,0.607305,0.413774,0.562451,1.04667,1.06126
2747.444854,0.814895,0.529975,0.740114,1.33684,0.914031,0.198401,0.846906,1.0069,0.205438,0.590219,0.574007,0.706322,0.830912,0.987268,0.710791,0.553297,0.541358,0.762974,0.359385,0.50039,0.235972,0.538579,0.619859,0.554854,1.25457,0.934619,0.208791,0.532743,0.615047,0.436948,0.571285,1.0643,1.07379
2748.852356,0.829327,0.539894,0.752824,1.35953,0.92916,0.208592,0.872629,1.02635,0.216817,0.605668,0.58323,0.715294,0.84873,1.01892,0.725852,0.570127,0.552909,0.782552,0.371359,0.514946,0.243074,0.556647,0.631468,0.570983,1.25681,0.930481,0.219517,0.54911,0.621762,0.456791,0.57911,1.08328,1.08488
2750.261302,0.839472,0.550313,0.760019,1.37776,0.936974,0.215496,0.881792,1.03923,0.224576,0.618468,0.595172,0.720294,0.866577,1.04389,0.740287,0.587299,0.559372,0.795709,0.377931,0.526109,0.247939,0.569417,0.640985,0.58555,1.24821,0.921079,0.227,0.562953,0.622088,0.470132,0.581476,1.10368,1.10166
2751.671692,0.852508,0.561715,0.766036,1.391,0.95675,0.222651,0.88474,1.05372,0.229624,0.62862,0.614067,0.7227,0.887437,1.06082,0.752873,0.60257,0.564273,0.804933,0.38266,0.534797,0.253164,0.577127,0.650627,0.60111,1.24209,0.913082,0.233147,0.580671,0.628146,0.484571,0.585091,1.12699,1.12658
2753.08353,0.865622,0.571214,0.770927,1.40097,0.974327,0.228617,0.891599,1.07042,0.232159,0.634724,0.627029,0.724963,0.900955,1.07508,0.762373,0.616309,0.570122,0.810714,0.387223,0.544872,0.257498,0.575684,0.659789,0.616595,1.22962,0.90134,0.236258,0.594398,0.633832,0.49337,0.591744,1.13862,1.14273
2754.496817,0.878419,0.584719,0.782757,1.41414,0.9804,0.229996,0.902451,1.08432,0.233103,0.640952,0.635999,0.729423,0.910626,1.09047,0.769593,0.632238,0.575292,0.816755,0.387624,0.557392,0.259455,0.574817,0.669522,0.630324,1.21612,0.893414,0.236445,0.602994,0.653385,0.499668,0.602777,1.14721,1.15459
2755.911556,0.891229,0.60089,0.801955,1.42899,0.977263,0.231343,0.912045,1.09581,0.233279,0.647158,0.643386,0.735796,0.910944,1.09721,0.776732,0.646001,0.579144,0.819945,0.382912,0.565599,0.259815,0.57691,0.678531,0.639807,1.20816,0.883107,0.236068,0.610025,0.679171,0.506914,0.613238,1.15959,1.15616
2757.327749,0.904155,0.614489,0.818746,1.44283,0.979533,0.235719,0.925895,1.11212,0.235439,0.654986,0.655385,0.74177,0.916442,1.09631,0.785558,0.657651,0.584056,0.823326,0.380982,0.574209,0.261305,0.581545,0.688606,0.645739,1.21686,0.877284,0.238379,0.618283,0.696189,0.519064,0.628688,1.17783,1.16533
2758.745398,0.91321,0.622573,0.82895,1.45054,0.972439,0.240689,0.93053,1.12733,0.237279,0.66562,0.659286,0.746321,0.922759,1.07992,0.793413,0.66853,0.589055,0.827211,0.381383,0.580714,0.263458,0.586534,0.700893,0.655239,1.23032,0.877471,0.242108,0.624441,0.698665,0.529227,0.639046,1.19681,1.18299
2760.164506,0.920918,0.632057,0.841601,1.46063,0.983622,0.24723,0.944111,1.14238,0.24059,0.67747,0.663215,0.751386,0.931629,1.06365,0.803228,0.680023,0.594765,0.83903,0.386676,0.591996,0.267527,0.597248,0.715824,0.673126,1.25034,0.874527,0.247432,0.630924,0.703153,0.54222,0.650717,1.21839,1.20667
2761.585074,0.926506,0.640269,0.852402,1.46778,0.999885,0.254301,0.960701,1.15588,0.245918,0.689635,0.667146,0.75714,0.938822,1.06093,0.813941,0.689065,0.601344,0.856411,0.393021,0.605607,0.271285,0.608668,0.729335,0.686694,1.2646,0.864514,0.253894,0.634808,0.709322,0.554811,0.664176,1.23664,1.22654
2763.007106,0.931697,0.648555,0.861627,1.48212,1.01444,0.261138,0.97842,1.17094,0.252232,0.706436,0.665551,0.764537,0.946405,1.07207,0.823207,0.697457,0.607641,0.874256,0.401447,0.618535,0.274254,0.622008,0.744,0.704727,1.27351,0.857909,0.260265,0.645473,0.713058,0.563473,0.680698,1.2576,1.24388
2764.430602,0.93652,0.6564,0.871825,1.4975,1.02526,0.267535,1.00042,1.18407,0.258143,0.722962,0.652906,0.771345,0.944231,1.08,0.829772,0.699801,0.613692,0.89023,0.411423,0.627909,0.277718,0.634647,0.760637,0.72407,1.28213,0.850433,0.267713,0.659841,0.718753,0.569534,0.688884,1.27425,1.24867
2765.855567,0.940667,0.665297,0.884611,1.51107,1.03205,0.273429,1.02226,1.19731,0.264846,0.737831,0.646649,0.776555,0.946723,1.10334,0.834247,0.702896,0.620194,0.90771,0.422538,0.635796,0.281598,0.651316,0.777299,0.741831,1.29006,0.853163,0.27574,0.674341,0.735637,0.580718,0.699391,1.28958,1.25078
2767.282001,0.942005,0.671187,0.891144,1.5233,1.02887,0.278322,1.03763,1.20928,0.270912,0.746001,0.646493,0.778793,0.951135,1.12229,0.839145,0.708474,0.625355,0.916738,0.430117,0.641515,0.284878,0.66416,0.791444,0.750371,1.28466,0.851182,0.281968,0.687165,0.739377,0.585706,0.707071,1.29908,1.23991
2768.709907,0.943098,0.676319,0.899641,1.53531,1.02745,0.285237,1.05303,1.21748,0.276718,0.755318,0.64806,0.780099,0.961408,1.13701,0.84725,0.717688,0.630153,0.923051,0.440089,0.648553,0.289006,0.672264,0.805091,0.758401,1.27793,0.854523,0.28959,0.699362,0.740368,0.587001,0.705573,1.31823,1.24277
2770.139287,0.942247,0.680761,0.902542,1.53562,1.02657,0.288358,1.05171,1.21905,0.279781,0.766,0.646908,0.779484,0.971771,1.14346,0.852016,0.724752,0.63227,0.92395,0.447894,0.652254,0.291312,0.67483,0.816467,0.768297,1.26418,0.860958,0.295954,0.70827,0.743287,0.586263,0.691516,1.33046,1.25381
2771.570144,0.945357,0.684837,0.902219,1.53929,1.03165,0.293367,1.05031,1.23113,0.283914,0.778247,0.650011,0.779416,0.984407,1.15342,0.855512,0.730347,0.636682,0.925554,0.453657,0.657959,0.295566,0.679437,0.827854,0.781676,1.24725,0.86697,0.301832,0.7172,0.752658,0.586585,0.683618,1.33353,1.26558
2773.00248,0.94805,0.685685,0.902143,1.54513,1.02299,0.300163,1.05214,1.25177,0.293111,0.787772,0.654047,0.782918,0.993902,1.17246,0.864404,0.737356,0.64561,0.928039,0.460469,0.664241,0.302066,0.684806,0.837002,0.79158,1.22257,0.869,0.30673,0.724264,0.758198,0.584179,0.681355,1.32415,1.26851
2774.436298,0.950922,0.686627,0.909307,1.55534,1.0202,0.306668,1.06428,1.26975,0.304397,0.799097,0.663803,0.789454,1.00029,1.18841,0.878664,0.749367,0.655443,0.935131,0.467908,0.673932,0.308423,0.698874,0.844392,0.802154,1.20308,0.879659,0.312014,0.73541,0.775009,0.59082,0.686903,1.33645,1.28098
2775.871598,0.949232,0.687598,0.922272,1.56768,1.02313,0.313204,1.08228,1.27916,0.312311,0.810275,0.667394,0.796021,0.999686,1.18465,0.890712,0.760206,0.662938,0.940611,0.473376,0.683563,0.312954,0.713984,0.849813,0.811493,1.19301,0.888255,0.316742,0.740927,0.788613,0.599651,0.687984,1.35809,1.29198
2777.308385,0.947997,0.690084,0.929907,1.58009,1.03144,0.318503,1.09455,1.28923,0.318337,0.822068,0.671088,0.799031,1.00441,1.18192,0.900882,0.774467,0.669141,0.949486,0.47894,0.691865,0.317198,0.726362,0.855057,0.815312,1.19275,0.898718,0.321636,0.746571,0.796537,0.601943,0.688092,1.39041,1.31132
2778.746659,0.945048,0.690502,0.932334,1.5845,1.03246,0.323982,1.08837,1.30368,0.323379,0.831114,0.679235,0.798575,1.00578,1.17617,0.909738,0.785866,0.673513,0.963251,0.484163,0.696966,0.321397,0.734282,0.86235,0.8168,1.18613,0.906071,0.326615,0.749873,0.798987,0.598344,0.684757,1.4195,1.33171
2780.186425,0.941234,0.693597,0.939838,1.59402,1.04471,0.331981,1.08978,1.32351,0.331331,0.838959,0.694974,0.798892,1.01227,1.17498,0.920949,0.794963,0.679842,0.987737,0.496989,0.707774,0.327845,0.745817,0.871237,0.825383,1.18006,0.911853,0.331961,0.753899,0.81135,0.603054,0.687204,1.45167,1.35579
2781.627682,0.937298,0.697675,0.948839,1.601,1.04192,0.336296,1.09048,1.3353,0.337625,0.841959,0.699387,0.800061,1.01108,1.18123,0.927957,0.802634,0.685919,1.00961,0.508396,0.716495,0.331709,0.753357,0.876046,0.839587,1.16848,0.916819,0.335338,0.755013,0.817991,0.609351,0.690547,1.46891,1.35851
2783.070435,0.936018,0.701265,0.957756,1.61615,1.04421,0.336776,1.10447,1.34648,0.341673,0.846905,0.690581,0.801665,1.01062,1.19048,0.930167,0.816198,0.689629,1.02056,0.51718,0.71939,0.333645,0.756119,0.881925,0.850349,1.1597,0.922505,0.336949,0.762453,0.829437,0.615779,0.693364,1.47578,1.36006
2784.514686,0.934306,0.701128,0.965216,1.63475,1.04713,0.337288,1.11275,1.36428,0.343882,0.847831,0.683014,0.802461,1.01574,1.18607,0.928468,0.82523,0.693872,1.01836,0.522004,0.720561,0.334779,0.754176,0.889316,0.848496,1.15261,0.91444,0.337135,0.777521,0.841662,0.617277,0.683548,1.4716,1.35678
2785.960436,0.933013,0.701549,0.974892,1.65475,1.03795,0.342309,1.11213,1.38771,0.344638,0.845491,0.692106,0.802377,1.03316,1.18512,0.92693,0.832385,0.699341,1.01622,0.52562,0.726702,0.337941,0.760099,0.89637,0.846663,1.14052,0.918476,0.337501,0.792386,0.849607,0.618289,0.699192,1.47924,1.3506
2787.407688,0.932183,0.699751,0.979416,1.66127,1.01617,0.349388,1.1199,1.40269,0.343363,0.842255,0.698918,0.799292,1.04446,1.17618,0.926707,0.834303,0.704278,1.01016,0.530462,0.73364,0.341351,0.763666,0.903015,0.842931,1.13113,0.923888,0.338616,0.800849,0.845755,0.616536,0.718368,1.48416,1.33898
2788.856445,0.934017,0.701182,0.99046,1.66215,1.0131,0.358625,1.13633,1.41954,0.344312,0.849897,0.702091,0.796453,1.05011,1.15842,0.928973,0.834548,0.711898,1.00709,0.549723,0.742836,0.345823,0.76511,0.913879,0.847351,1.14293,0.935747,0.344341,0.809748,0.845918,0.625349,0.733558,1.48958,1.33764
2790.306708,0.933855,0.704853,1.00123,1.65868,1.02209,0.366464,1.13382,1.43893,0.347079,0.865499,0.698283,0.792245,1.04862,1.14281,0.930899,0.8352,0.719338,1.0072,0.572627,0.750986,0.351265,0.763154,0.925116,0.864942,1.15908,0.950206,0.3513,0.815045,0.84087,0.631079,0.742834,1.47557,1.32383
2791.75848,0.932676,0.709026,1.00904,1.66283,1.02508,0.375646,1.13182,1.46101,0.351093,0.88754,0.695605,0.786444,1.04779,1.14518,0.935559,0.839595,0.724774,1.02236,0.592087,0.763246,0.358351,0.769698,0.933582,0.889834,1.16622,0.957041,0.358452,0.820043,0.825756,0.629765,0.750017,1.45954,1.31424
2793.211764,0.927284,0.707995,1.00706,1.66023,1.02323,0.382708,1.13555,1.47451,0.353915,0.902649,0.68719,0.781171,1.04692,1.15825,0.943424,0.844709,0.729435,1.03707,0.612978,0.770582,0.365055,0.778171,0.939151,0.904563,1.16483,0.952096,0.364795,0.824634,0.813969,0.624051,0.747404,1.44195,1.31352
2794.666562,0.920966,0.705791,1.01015,1.65296,1.04776,0.390008,1.14724,1.47684,0.357555,0.91858,0.676629,0.777852,1.04865,1.17277,0.952104,0.856003,0.736113,1.05436,0.639553,0.777262,0.371136,0.792952,0.94547,0.914308,1.17465,0.951907,0.372317,0.832706,0.817929,0.627589,0.751605,1.45182,1.32088
2796.122876,0.914724,0.703568,1.01753,1.6482,1.06952,0.397649,1.14179,1.46843,0.362015,0.934725,0.668827,0.774193,1.04163,1.17582,0.957489,0.860475,0.743101,1.06977,0.662519,0.783452,0.376738,0.801892,0.950395,0.922882,1.18575,0.947783,0.379843,0.836137,0.822206,0.627989,0.757375,1.46642,1.32294
2797.580709,0.914869,0.706279,1.02,1.64383,1.09274,0.402746,1.13245,1.46939,0.366673,0.951408,0.673597,0.769436,1.04383,1.18558,0.965696,0.864732,0.748678,1.08664,0.685955,0.790853,0.38361,0.807896,0.955852,0.933852,1.18781,0.949017,0.385918,0.839147,0.831387,0.620485,0.777585,1.4887,1.32685
2799.040062,0.915565,0.712293,1.01763,1.63199,1.10801,0.403323,1.12506,1.46624,0.37086,0.959807,0.687442,0.764854,1.04988,1.18701,0.971155,0.862052,0.752603,1.09857,0.703783,0.796202,0.388881,0.814201,0.960393,0.940925,1.17694,0.950774,0.388603,0.836001,0.835879,0.609837,0.790281,1.4972,1.31342
2800.500939,0.915995,0.720311,1.02248,1.62981,1.1289,0.404247,1.12655,1.4522,0.376197,0.965759,0.705127,0.764171,1.05881,1.18136,0.976886,0.859609,0.759608,1.11234,0.715326,0.80393,0.392656,0.822231,0.968981,0.954146,1.16884,0.955075,0.389414,0.834425,0.846069,0.607319,0.786524,1.50533,1.30634
2801.963342,0.915815,0.726359,1.02536,1.62907,1.13982,0.403314,1.12794,1.4268,0.382024,0.96632,0.708856,0.766204,1.0589,1.17661,0.97908,0.866859,0.765362,1.11558,0.721577,0.805342,0.394548,0.82402,0.976677,0.961553,1.16115,0.95338,0.390664,0.83069,0.849429,0.602985,0.767698,1.50013,1.29079
2803.427272,0.922,0.729785,1.02616,1.63744,1.14516,0.40283,1.14175,1.4103,0.388647,0.967083,0.707864,0.770967,1.07322,1.17602,0.97916,0.891,0.767933,1.11605,0.730025,0.801056,0.397452,0.823785,0.984931,0.948913,1.15112,0.943761,0.39147,0.831603,0.864435,0.603954,0.753323,1.50668,1.30022
2804.892734,0.930244,0.730613,1.02343,1.65319,1.13395,0.406004,1.13574,1.40923,0.394438,0.963829,0.716018,0.77465,1.10019,1.16522,0.977897,0.905703,0.772011,1.10449,0.734228,0.79642,0.400155,0.819398,0.995708,0.93252,1.13687,0.926604,0.389396,0.837575,0.879072,0.60278,0.737185,1.50134,1.30643
2806.359728,0.937469,0.73358,1.02194,1.66728,1.11748,0.412079,1.12353,1.41549,0.399895,0.95814,0.727621,0.778042,1.12058,1.15733,0.982849,0.910468,0.77962,1.09741,0.742927,0.800979,0.405243,0.824548,1.01057,0.936021,1.12823,0.925702,0.391414,0.844362,0.894468,0.603333,0.750849,1.5127,1.31573
2807.828257,0.942353,0.735593,1.01825,1.6687,1.10402,0.417559,1.13616,1.42339,0.402637,0.952577,0.723549,0.781507,1.11909,1.14413,0.989038,0.911935,0.786473,1.09173,0.750549,0.803039,0.408599,0.831295,1.02302,0.938233,1.13027,0.92968,0.396824,0.848888,0.907456,0.605496,0.756111,1.50957,1.34301
2809.298324,0.948911,0.741715,1.02751,1.68296,1.10491,0.422356,1.16159,1.44379,0.406938,0.954592,0.715646,0.784874,1.12292,1.12905,0.997075,0.916823,0.792155,1.08409,0.766094,0.802482,0.412404,0.837288,1.03529,0.940879,1.1411,0.943641,0.401799,0.858337,0.909467,0.611563,0.752916,1.49984,1.37039
2810.769932,0.950859,0.746764,1.04002,1.69839,1.09898,0.425445,1.16711,1.46037,0.411156,0.959133,0.697466,0.785792,1.12548,1.11321,1.00504,0.917054,0.796382,1.07489,0.782346,0.805696,0.417963,0.841921,1.04822,0.947606,1.14105,0.956592,0.405147,0.866373,0.892921,0.606088,0.744247,1.50117,1.38443
2812.243081,0.9499,0.751768,1.04676,1.71897,1.08436,0.434562,1.1752,1.47599,0.41529,0.971838,0.679969,0.78553,1.12335,1.11892,1.01387,0.91716,0.803521,1.08313,0.801997,0.818106,0.425389,0.862733,1.06551,0.955648,1.14565,0.962007,0.411391,0.876096,0.881257,0.599679,0.735723,1.52372,1.40677
2813.717776,0.94814,0.756273,1.04771,1.72785,1.0697,0.44346,1.18101,1.48902,0.416841,0.978519,0.662538,0.78375,1.11213,1.14063,1.01933,0.915796,0.811133,1.08802,0.825209,0.822528,0.430106,0.884503,1.08087,0.958009,1.15675,0.958661,0.417245,0.880558,0.884015,0.595481,0.721778,1.54666,1.42121
2815.194019,0.94881,0.76088,1.05766,1.726,1.06749,0.44972,1.18111,1.50147,0.420086,0.985247,0.653359,0.785209,1.10087,1.16318,1.02178,0.915931,0.819491,1.10006,0.844422,0.829247,0.434053,0.903425,1.09491,0.968324,1.17155,0.964826,0.421596,0.883595,0.898124,0.600033,0.724475,1.58167,1.42714
2816.671811,0.949643,0.761934,1.07028,1.72399,1.05847,0.451962,1.16368,1.51298,0.422566,0.995551,0.652135,0.786367,1.08165,1.17072,1.01953,0.903372,0.823512,1.11658,0.856573,0.840235,0.440271,0.905073,1.10839,0.982874,1.17651,0.967657,0.423797,0.887053,0.909558,0.603771,0.726644,1.59837,1.4146
2818.151155,0.953086,0.766026,1.08362,1.72472,1.06573,0.45334,1.16364,1.53431,0.422366,1.01084,0.656832,0.785718,1.07961,1.18003,1.0212,0.894365,0.824255,1.13154,0.870695,0.852858,0.44669,0.900629,1.11855,0.996405,1.17894,0.969664,0.426942,0.886629,0.911795,0.607311,0.726525,1.61545,1.39986
2819.632054,0.95679,0.773771,1.08991,1.71685,1.07222,0.453851,1.16637,1.53797,0.421552,1.01809,0.664839,0.784364,1.07918,1.18107,1.02348,0.886675,0.824334,1.13597,0.878507,0.862044,0.449876,0.896164,1.12138,1.00484,1.18083,0.968724,0.427409,0.880607,0.911299,0.603318,0.713296,1.6181,1.35955
2821.114511,0.962786,0.78409,1.09656,1.703,1.09099,0.456695,1.17855,1.53787,0.423319,1.02626,0.677124,0.784614,1.07909,1.18555,1.02847,0.897173,0.825665,1.15106,0.884305,0.872315,0.454086,0.899007,1.12813,1.01857,1.18602,0.972054,0.42701,0.886742,0.915913,0.602877,0.696715,1.61999,1.34174
2822.598527,0.970352,0.793321,1.09322,1.68582,1.10924,0.458996,1.18436,1.53419,0.427008,1.03523,0.684621,0.783813,1.07225,1.18709,1.03074,0.923378,0.824978,1.16459,0.886061,0.871714,0.459899,0.899223,1.13256,1.02473,1.18526,0.966758,0.427329,0.894688,0.907509,0.605175,0.685323,1.6326,1.34364
2824.084105,0.982221,0.80359,1.09099,1.67609,1.12944,0.459704,1.19194,1.53803,0.432821,1.04456,0.692983,0.784239,1.08119,1.19426,1.03428,0.958617,0.827014,1.17624,0.883991,0.867413,0.465402,0.894445,1.13515,1.0295,1.17694,0.963605,0.428547,0.898836,0.913897,0.61177,0.688365,1.65122,1.35621
2825.571248,0.991111,0.806615,1.08682,1.67112,1.14136,0.458862,1.18431,1.54279,0.438251,1.04718,0.701589,0.782919,1.0959,1.19757,1.03717,0.978648,0.831683,1.17421,0.879208,0.865842,0.466979,0.881605,1.13653,1.03747,1.16143,0.961184,0.430536,0.902104,0.924255,0.613797,0.687089,1.64009,1.35287
2827.059957,0.999094,0.807284,1.08482,1.6814,1.16113,0.458248,1.17391,1.54374,0.443188,1.0463,0.70486,0.783266,1.10201,1.20312,1.04473,0.992963,0.838697,1.17007,0.888017,0.873199,0.468295,0.880718,1.13756,1.049,1.15133,0.960882,0.4372,0.915794,0.927036,0.617809,0.691789,1.64152,1.3645
2828.550237,1.00872,0.810057,1.084,1.69398,1.17058,0.456108,1.17509,1.54567,0.446037,1.04685,0.701016,0.785766,1.09995,1.19468,1.05395,1.00555,0.844959,1.15816,0.886908,0.872625,0.467834,0.879363,1.137,1.04424,1.14702,0.956327,0.444716,0.925774,0.916365,0.61998,0.683116,1.62634,1.38905
2830.042088,1.01902,0.813627,1.081,1.71523,1.17853,0.458147,1.17521,1.55192,0.45044,1.05286,0.703227,0.788281,1.12201,1.176,1.06391,1.01853,0.850815,1.15284,0.889519,0.869482,0.468086,0.875657,1.14563,1.04683,1.15266,0.952163,0.449556,0.931786,0.899349,0.621013,0.676461,1.62314,1.40092
2831.535514,1.02119,0.812284,1.06653,1.7298,1.17234,0.462508,1.15913,1.54953,0.453639,1.05399,0.704262,0.790986,1.13762,1.15111,1.06757,1.01742,0.856749,1.14504,0.904278,0.870284,0.46907,0.875552,1.15676,1.04886,1.15523,0.939467,0.45214,0.936965,0.882942,0.613408,0.678266,1.6345,1.40425
2833.030517,1.02645,0.817378,1.06105,1.75358,1.15333,0.46963,1.14939,1.54845,0.456351,1.05384,0.713672,0.794748,1.14021,1.15534,1.06981,1.02047,0.86614,1.15068,0.929246,0.872921,0.472126,0.879431,1.17467,1.0487,1.16471,0.932337,0.458468,0.945831,0.885873,0.608867,0.684957,1.65589,1.41148
2834.527099,1.0327,0.823092,1.05844,1.76375,1.12478,0.473312,1.13801,1.53189,0.455985,1.0488,0.714963,0.798064,1.13495,1.16636,1.06988,1.01915,0.873891,1.15433,0.943885,0.864993,0.472912,0.875569,1.18713,1.05221,1.16824,0.928659,0.462975,0.947059,0.897697,0.607906,0.688086,1.66976,1.39933
2836.025264,1.03873,0.827632,1.0593,1.76572,1.11474,0.47533,1.12813,1.50745,0.458046,1.05589,0.709598,0.805584,1.13852,1.1722,1.06996,1.01088,0.878718,1.15188,0.952752,0.864519,0.475589,0.874635,1.19908,1.05628,1.16663,0.934382,0.466342,0.950083,0.914344,0.606592,0.706981,1.66483,1.38568
2837.525013,1.04303,0.830889,1.06628,1.76916,1.10133,0.480091,1.11879,1.49954,0.462236,1.06284,0.706314,0.810068,1.13823,1.1789,1.06628,0.996975,0.878552,1.15136,0.963216,0.862108,0.479955,0.87075,1.21646,1.04816,1.16341,0.928914,0.468872,0.955822,0.911532,0.59695,0.711024,1.65237,1.37329
2839.026349,1.04951,0.840664,1.08254,1.76839,1.08719,0.48912,1.12599,1.53314,0.466164,1.06327,0.705089,0.809087,1.14469,1.1862,1.06838,0.98044,0.879326,1.1563,0.974853,0.854767,0.482738,0.870387,1.23317,1.05158,1.16636,0.914087,0.475024,0.95509,0.914673,0.589823,0.709496,1.66665,1.3592
2840.529274,1.05459,0.853488,1.09346,1.74954,1.06692,0.495749,1.13501,1.56429,0.465801,1.05603,0.704076,0.808011,1.14273,1.18025,1.07007,0.960553,0.879931,1.15856,0.978056,0.850962,0.484759,0.879644,1.24431,1.05673,1.17457,0.901669,0.478971,0.951447,0.926273,0.579216,0.715193,1.65364,1.34196
2842.033792,1.06132,0.864727,1.10409,1.73047,1.06914,0.49845,1.16062,1.58808,0.464492,1.05429,0.709287,0.810525,1.14387,1.18717,1.07327,0.955823,0.881577,1.16731,0.968432,0.853468,0.490302,0.898792,1.25621,1.0558,1.18784,0.909928,0.480737,0.956799,0.928849,0.580261,0.725083,1.64244,1.35771
2843.539904,1.06807,0.871389,1.11256,1.71379,1.06948,0.495185,1.16633,1.59391,0.465833,1.055,0.709713,0.811274,1.1435,1.19528,1.07796,0.950547,0.883515,1.15768,0.9467,0.850937,0.494532,0.907167,1.26273,1.05988,1.18457,0.914198,0.482066,0.955841,0.913717,0.585817,0.72405,1.66244,1.37378
2845.047614,1.07891,0.877256,1.12386,1.71426,1.06868,0.495665,1.17438,1.6037,0.472717,1.05117,0.706578,0.812091,1.15097,1.20949,1.08487,0.955107,0.887827,1.15063,0.923313,0.851683,0.496273,0.909643,1.26815,1.084,1.17427,0.919685,0.485038,0.953876,0.907002,0.587221,0.720111,1.68031,1.37638
2846.556923,1.08901,0.87746,1.12916,1.7266,1.06284,0.498089,1.1923,1.61077,0.477842,1.03868,0.698864,0.812963,1.1429,1.21785,1.0881,0.960318,0.890036,1.14596,0.900614,0.855849,0.49549,0.906069,1.27074,1.11028,1.17446,0.925901,0.48844,0.954662,0.90084,0.594572,0.706106,1.66058,1.37076
2848.067834,1.10296,0.878455,1.12937,1.75215,1.06483,0.50061,1.21693,1.62044,0.480548,1.03715,0.694378,0.816375,1.13405,1.22042,1.09472,0.96648,0.892329,1.14321,0.881467,0.861822,0.49583,0.910109,1.27479,1.12768,1.18743,0.931927,0.493735,0.960239,0.893206,0.61311,0.684895,1.65118,1.38453
2849.58035,1.11812,0.876158,1.12149,1.76907,1.05733,0.504256,1.22959,1.6226,0.481832,1.04052,0.683628,0.819781,1.13486,1.20223,1.10125,0.968515,0.893325,1.13772,0.849041,0.86252,0.493457,0.908204,1.27605,1.13752,1.19678,0.927276,0.496709,0.95608,0.886269,0.624145,0.664135,1.64776,1.39337
2851.094474,1.13406,0.872341,1.10921,1.78044,1.0747,0.512125,1.23024,1.61608,0.483981,1.04165,0.67928,0.821327,1.14925,1.17606,1.10574,0.973861,0.896104,1.14491,0.824107,0.870047,0.4916,0.902425,1.27682,1.15415,1.20503,0.922739,0.496712,0.954834,0.887656,0.63402,0.652862,1.65626,1.39487
2852.610207,1.14795,0.868854,1.09677,1.78516,1.08859,0.514895,1.23062,1.59867,0.484028,1.0338,0.680707,0.822582,1.15175,1.16111,1.10588,0.983059,0.899087,1.14289,0.812629,0.877665,0.492637,0.893074,1.26841,1.15469,1.20089,0.919852,0.49605,0.961624,0.890239,0.636918,0.65,1.65885,1.3925
2854.127553,1.16691,0.874539,1.09629,1.79916,1.09693,0.515471,1.23915,1.58221,0.485511,1.03642,0.682527,0.825192,1.158,1.17549,1.11211,1.01979,0.902567,1.14604,0.80888,0.885768,0.497599,0.891709,1.27121,1.14797,1.19731,0.925423,0.499403,0.970205,0.900812,0.638809,0.657979,1.66636,1.3833
2855.646514,1.18763,0.878932,1.08437,1.78886,1.10909,0.517943,1.23401,1.55761,0.488318,1.05166,0.674496,0.826924,1.17244,1.19357,1.11467,1.04657,0.905048,1.14341,0.797346,0.884477,0.499643,0.89342,1.28226,1.12843,1.19988,0.929816,0.501453,0.972963,0.906634,0.640998,0.665986,1.66435,1.36215
2857.167092,1.20936,0.886877,1.07059,1.78126,1.13349,0.522659,1.22716,1.54842,0.49381,1.07154,0.666624,0.829756,1.19603,1.20974,1.11298,1.05979,0.906947,1.13951,0.790383,0.881283,0.499238,0.899225,1.29263,1.10846,1.20381,0.930391,0.504161,0.978524,0.906869,0.639702,0.692241,1.65405,1.37442
2858.689291,1.22633,0.896973,1.06074,1.78595,1.12618,0.527596,1.21616,1.56017,0.496,1.07583,0.658833,0.830367,1.20289,1.21831,1.10949,1.05839,0.90673,1.13651,0.783849,0.870558,0.49751,0.90562,1.30199,1.09635,1.2026,0.91953,0.505722,0.977048,0.89359,0.631508,0.704633,1.65255,1.40396
2860.213113,1.24404,0.906925,1.06089,1.78313,1.10895,0.531484,1.21052,1.59336,0.49616,1.08106,0.654012,0.830117,1.20096,1.21672,1.10861,1.04648,0.910023,1.1393,0.775328,0.861681,0.498449,0.91984,1.31864,1.09071,1.20464,0.905592,0.510083,0.968493,0.896295,0.627982,0.711165,1.66569,1.42349
2861.73856,1.25344,0.913174,1.06398,1.76174,1.10206,0.532435,1.19383,1.6068,0.495428,1.09101,0.647073,0.831554,1.19049,1.20681,1.10803,1.03904,0.914144,1.13883,0.762825,0.856207,0.501086,0.93163,1.33288,1.0648,1.2037,0.89542,0.513393,0.961102,0.897856,0.619329,0.721144,1.66216,1.43336
2863.265635,1.25805,0.919635,1.07023,1.75015,1.11845,0.532176,1.1769,1.59513,0.495585,1.10393,0.642492,0.836146,1.18865,1.20464,1.11589,1.04074,0.91949,1.14777,0.752522,0.848937,0.506771,0.937,1.34364,1.05274,1.20049,0.897349,0.515561,0.95915,0.905293,0.608223,0.729926,1.68179,1.4374
2864.79434,1.26257,0.922475,1.07727,1.74601,1.11758,0.52661,1.14908,1.59333,0.496497,1.10808,0.637493,0.839122,1.17839,1.19557,1.12318,1.03394,0.923832,1.1468,0.743038,0.834443,0.511836,0.934478,1.34888,1.06118,1.18599,0.884947,0.517871,0.954746,0.903245,0.594601,0.721533,1.7039,1.42928
2866.324679,1.27599,0.927055,1.08464,1.75941,1.11271,0.523946,1.14659,1.61502,0.499984,1.10451,0.639529,0.841274,1.16129,1.18612,1.12813,1.03241,0.928633,1.15914,0.7301,0.827708,0.517047,0.931025,1.35041,1.08243,1.17586,0.888986,0.519514,0.959317,0.8967,0.598952,0.710093,1.70698,1.4297
2867.856654,1.28111,0.930223,1.08291,1.7694,1.10648,0.523961,1.16469,1.62317,0.500273,1.10073,0.644338,0.843821,1.1322,1.17303,1.13007,1.03436,0.931263,1.17387,0.714423,0.828265,0.519953,0.924476,1.34342,1.09779,1.17502,0.904461,0.519388,0.962686,0.886912,0.613388,0.698488,1.67425,1.43372
2869.390267,1.27793,0.936316,1.07766,1.77701,1.10533,0.527356,1.18007,1.62418,0.499804,1.10439,0.651013,0.846333,1.1134,1.16229,1.13453,1.03505,0.933783,1.17762,0.704624,0.83448,0.521898,0.92618,1.34081,1.1089,1.17931,0.920701,0.521512,0.962722,0.891562,0.628268,0.692787,1.65646,1.43076
2870.925521,1.27245,0.939717,1.07886,1.7836,1.10441,0.533573,1.18364,1.61024,0.500083,1.09589,0.648777,0.845347,1.10915,1.13503,1.13806,1.02725,0.937627,1.16605,0.698789,0.839527,0.521854,0.921541,1.33637,1.11286,1.17817,0.926342,0.520661,0.958464,0.900939,0.632871,0.688382,1.64337,1.40174
2872.462419,1.28192,0.948919,1.08821,1.79276,1.11772,0.538166,1.17827,1.59593,0.502049,1.08807,0.65908,0.842815,1.10968,1.11321,1.1448,1.02543,0.94441,1.16183,0.697634,0.844416,0.522897,0.913318,1.34288,1.12069,1.18321,0.935396,0.520226,0.963093,0.912212,0.634551,0.68767,1.64397,1.38166
2874.000964,1.28943,0.959954,1.09312,1.79218,1.11403,0.539573,1.1738,1.58748,0.504871,1.08607,0.675701,0.840631,1.10003,1.11059,1.15006,1.03094,0.947783,1.16396,0.701088,0.845276,0.52312,0.912167,1.35321,1.11465,1.18847,0.94484,0.523754,0.965136,0.918972,0.630133,0.690684,1.63068,1.35998
2875.541157,1.28998,0.974312,1.09956,1.79238,1.10296,0.545031,1.17459,1.59815,0.513285,1.09577,0.686062,0.840812,1.09935,1.13131,1.15413,1.04623,0.947686,1.18262,0.712923,0.849337,0.523158,0.928184,1.37052,1.10237,1.20648,0.956354,0.529365,0.966127,0.929895,0.632254,0.699376,1.60852,1.33971
2877.083002,1.2873,0.985189,1.10351,1.78272,1.09184,0.551483,1.15096,1.60795,0.52079,1.1033,0.686896,0.841025,1.10727,1.14716,1.15332,1.04119,0.946599,1.19969,0.720807,0.849294,0.521503,0.937128,1.38237,1.08348,1.22413,0.96219,0.532842,0.965966,0.930973,0.636546,0.696299,1.58816,1.33266
2878.626502,1.29109,0.999579,1.10587,1.78159,1.07593,0.559129,1.13448,1.61721,0.525728,1.10296,0.684728,0.842019,1.11592,1.15541,1.15572,1.02794,0.949576,1.21749,0.726665,0.847379,0.520685,0.942173,1.38492,1.07917,1.23484,0.967448,0.536427,0.967364,0.925982,0.642531,0.695305,1.57717,1.35506
2880.171658,1.29296,1.00851,1.10318,1.7806,1.04554,0.564572,1.12623,1.61489,0.526497,1.09714,0.686973,0.842786,1.11089,1.16262,1.16064,1.01626,0.952221,1.21727,0.727661,0.841592,0.522121,0.946408,1.39064,1.07219,1.23578,0.969761,0.53845,0.968429,0.909919,0.642198,0.682097,1.56075,1.37173
2881.718474,1.29994,1.00938,1.10362,1.77039,1.02582,0.568533,1.13208,1.61654,0.529949,1.1043,0.693928,0.843499,1.10383,1.17167,1.16467,1.01553,0.955833,1.2112,0.729374,0.840339,0.526818,0.949637,1.41251,1.06427,1.2283,0.96642,0.541894,0.97194,0.894905,0.636971,0.674284,1.56776,1.37185
2883.266953,1.31095,1.00639,1.10283,1.74939,1.01836,0.571513,1.13446,1.60838,0.534759,1.11166,0.689468,0.844122,1.0946,1.17582,1.16625,1.01802,0.958274,1.20356,0.732068,0.835754,0.530627,0.945031,1.42819,1.06549,1.21414,0.952898,0.543725,0.976837,0.886381,0.621732,0.66982,1.58276,1.35141
2884.817096,1.32636,1.00534,1.09816,1.75404,1.02019,0.575212,1.13593,1.60087,0.535936,1.11472,0.687285,0.848181,1.0889,1.18913,1.16775,1.01899,0.961234,1.20962,0.734509,0.831472,0.535448,0.94795,1.43693,1.09034,1.2118,0.94616,0.545019,0.984378,0.892699,0.607155,0.664418,1.60247,1.34474
2886.368908,1.33835,1.00417,1.09052,1.76914,1.00535,0.572303,1.13851,1.61143,0.532982,1.11446,0.686936,0.850999,1.08233,1.19464,1.16231,1.0105,0.960726,1.20991,0.727668,0.829413,0.538475,0.947902,1.43425,1.09226,1.20894,0.936108,0.544322,0.990093,0.888773,0.6035,0.649811,1.60689,1.3407
2887.922389,1.34588,1.0107,1.08392,1.78528,0.997351,0.570521,1.1586,1.61751,0.530353,1.11496,0.681075,0.851907,1.08095,1.19728,1.15551,1.00303,0.960293,1.21108,0.718668,0.834272,0.537965,0.945716,1.43012,1.09106,1.206,0.939517,0.543219,1.00404,0.884517,0.622991,0.640034,1.627,1.33048
2889.477544,1.33496,1.01383,1.06831,1.78967,1.00302,0.573354,1.17453,1.60081,0.527121,1.10881,0.667637,0.85258,1.07555,1.1956,1.14656,1.00019,0.959025,1.20755,0.710496,0.841702,0.53395,0.942115,1.4264,1.10767,1.20465,0.933356,0.540596,1.01189,0.891791,0.634365,0.639108,1.63356,1.31583
2891.034375,1.32023,1.0148,1.05536,1.79404,1.02901,0.576728,1.17815,1.58871,0.527591,1.09845,0.65407,0.85388,1.07931,1.19567,1.14124,0.999973,0.961231,1.18748,0.70499,0.850746,0.534052,0.94023,1.42807,1.13695,1.21278,0.924538,0.541095,1.01016,0.913603,0.634912,0.646896,1.64013,1.30106
2892.592884,1.31747,1.00798,1.05478,1.7982,1.05497,0.57637,1.18175,1.58273,0.529636,1.08451,0.63664,0.855498,1.08954,1.17651,1.138,0.992589,0.966278,1.15431,0.699079,0.851968,0.535641,0.932382,1.42613,1.14959,1.21701,0.921718,0.543411,0.999091,0.927507,0.624034,0.653887,1.64803,1.29033
2894.153074,1.32935,1.00435,1.06219,1.80528,1.07411,0.576413,1.18761,1.57924,0.531762,1.08204,0.62665,0.858455,1.09631,1.15532,1.14062,0.995022,0.969551,1.13769,0.691887,0.851449,0.536703,0.928446,1.44066,1.16121,1.22555,0.924187,0.550778,0.991892,0.939249,0.613318,0.667213,1.66761,1.30211
2895.714948,1.33064,0.998416,1.06945,1.79966,1.07397,0.576949,1.18257,1.57527,0.531762,1.08841,0.621734,0.860664,1.08801,1.13086,1.14568,0.996184,0.968281,1.13675,0.689831,0.848365,0.537892,0.927764,1.44947,1.15623,1.23175,0.917277,0.559344,0.985159,0.944536,0.609888,0.668593,1.65463,1.30514
2897.278509,1.32378,0.995719,1.08088,1.79035,1.08427,0.578882,1.17408,1.58546,0.533621,1.09768,0.626062,0.864393,1.08555,1.11369,1.15362,0.991029,0.966916,1.15677,0.694067,0.847018,0.542828,0.93129,1.45232,1.13309,1.23603,0.910522,0.56579,0.981816,0.945204,0.616148,0.670712,1.64095,1.30759
2898.84376,1.31399,0.996253,1.08992,1.79071,1.10158,0.576551,1.16314,1.58982,0.534263,1.09558,0.629442,0.867155,1.08791,1.10291,1.16111,0.985979,0.968374,1.17576,0.693082,0.845192,0.549352,0.930508,1.4605,1.11692,1.23189,0.90373,0.568537,0.973229,0.938444,0.620769,0.672837,1.63169,1.31455
2900.410702,1.31465,1.0077,1.09644,1.79781,1.10613,0.573049,1.17105,1.58219,0.535675,1.09317,0.631995,0.868802,1.08987,1.10376,1.17047,0.993874,0.974212,1.19779,0.694042,0.844325,0.555526,0.933518,1.46816,1.12344,1.22905,0.905736,0.571618,0.967231,0.927203,0.630471,0.680048,1.62258,1.32772
2901.97934,1.31523,1.01638,1.09686,1.79409,1.08951,0.568838,1.17352,1.57157,0.535038,1.09135,0.636803,0.868121,1.08558,1.10509,1.1768,1.00379,0.978357,1.20099,0.700463,0.842628,0.560618,0.929838,1.47307,1.1156,1.22747,0.906981,0.574557,0.965247,0.900035,0.636039,0.680718,1.60635,1.33066
2903.549675,1.32918,1.02223,1.09657,1.80063,1.06678,0.567732,1.18275,1.58332,0.535515,1.09439,0.643592,0.866426,1.07794,1.1143,1.18305,1.01895,0.981441,1.18994,0.710166,0.84716,0.567496,0.928771,1.49572,1.12503,1.22973,0.905032,0.577891,0.969224,0.877769,0.639398,0.682612,1.61013,1.33661
2905.12171,1.35129,1.02693,1.09382,1.81719,1.04905,0.567308,1.18911,1.58747,0.538167,1.09885,0.647706,0.86393,1.07283,1.12561,1.18686,1.03577,0.983763,1.18533,0.715949,0.85287,0.571106,0.931114,1.51918,1.15145,1.23061,0.893727,0.577729,0.974108,0.866964,0.63657,0.681211,1.59808,1.33917
2906.695449,1.36501,1.03261,1.08731,1.8513,1.04422,0.57047,1.19722,1.5925,0.542567,1.10777,0.652187,0.863416,1.08082,1.1348,1.18869,1.04496,0.987333,1.19768,0.721672,0.857809,0.571015,0.933473,1.54276,1.16867,1.23666,0.8913,0.575797,0.981407,0.861106,0.63747,0.682657,1.58902,1.34866
2908.270894,1.36153,1.03148,1.07441,1.87603,1.03561,0.574444,1.2024,1.59908,0.545199,1.11471,0.651412,0.86101,1.09295,1.12569,1.18321,1.04685,0.9885,1.20005,0.72497,0.858385,0.56668,0.928352,1.5697,1.15284,1.24346,0.889755,0.57178,0.984203,0.846707,0.642438,0.677453,1.5826,1.33971
2909.848047,1.34672,1.0186,1.06363,1.89542,1.04335,0.580572,1.20702,1.60334,0.550733,1.11903,0.641614,0.858853,1.10841,1.12191,1.1759,1.05759,0.991528,1.20042,0.727034,0.859337,0.560826,0.931545,1.59646,1.14101,1.25144,0.889106,0.570414,0.989339,0.843829,0.651305,0.669219,1.58684,1.32039
2911.426912,1.31672,0.989288,1.05342,1.90326,1.06011,0.585499,1.20031,1.60094,0.5581,1.11176,0.631995,0.858389,1.11651,1.12708,1.167,1.06492,0.994681,1.19303,0.726187,0.861473,0.557263,0.933565,1.60255,1.14768,1.25221,0.880358,0.566202,0.985464,0.848904,0.646834,0.660346,1.57701,1.30366
2913.007491,1.28661,0.953665,1.04906,1.90579,1.08184,0.588287,1.18842,1.60151,0.565925,1.10509,0.63056,0.859239,1.11899,1.13795,1.16165,1.0745,0.999766,1.17919,0.723351,0.8642,0.558888,0.9352,1.60355,1.15652,1.24984,0.874547,0.563751,0.97333,0.852702,0.630062,0.658487,1.57891,1.29718
2914.589788,1.26157,0.909053,1.05093,1.89367,1.09161,0.590766,1.17755,1.59742,0.568984,1.10371,0.624892,0.86125,1.10766,1.13512,1.16341,1.08286,1.00454,1.16604,0.719777,0.864301,0.559094,0.932393,1.60361,1.15148,1.23987,0.880201,0.566375,0.960373,0.859854,0.606904,0.647327,1.59461,1.29169
2916.173804,1.24236,0.862635,1.05507,1.87415,1.09719,0.596773,1.16651,1.59847,0.567261,1.10651,0.621995,0.86478,1.09935,1.12485,1.17282,1.08702,1.00732,1.17575,0.722259,0.862527,0.56051,0.927141,1.6043,1.15301,1.22742,0.886717,0.571699,0.956994,0.873921,0.596124,0.633853,1.6195,1.2931
2917.759543,1.22423,0.820103,1.05309,1.84731,1.09712,0.599663,1.14369,1.6019,0.564188,1.11,0.624161,0.868087,1.09556,1.10989,1.18074,1.07416,1.0075,1.19537,0.727124,0.853953,0.56367,0.925085,1.59206,1.14276,1.21119,0.885659,0.572767,0.960653,0.873646,0.59277,0.614075,1.61795,1.28686
2919.347007,1.20766,0.792505,1.04897,1.8212,1.10401,0.601199,1.13067,1.60822,0.564221,1.11554,0.632502,0.873574,1.09268,1.10672,1.18623,1.05778,1.00884,1.21431,0.733019,0.84829,0.566854,0.933952,1.58739,1.13446,1.19874,0.886744,0.571613,0.961423,0.871115,0.595639,0.60676,1.62256,1.28085
2920.9362,1.18674,0.780859,1.04779,1.80061,1.0954,0.598486,1.13089,1.60258,0.563678,1.10871,0.636641,0.878236,1.0785,1.10905,1.18648,1.0389,1.00977,1.21868,0.735868,0.843515,0.569929,0.938082,1.59077,1.15992,1.19337,0.889933,0.572782,0.955828,0.8749,0.599437,0.613741,1.63103,1.27343
2922.527124,1.17883,0.784262,1.05377,1.78607,1.06923,0.598421,1.13655,1.59712,0.563179,1.10372,0.639862,0.88222,1.06118,1.113,1.1901,1.02845,1.01093,1.22241,0.740102,0.839175,0.573187,0.946874,1.58663,1.19301,1.19519,0.898313,0.580163,0.955392,0.875895,0.608283,0.624276,1.65681,1.28357
2924.119782,1.1807,0.794673,1.05675,1.76327,1.04188,0.59834,1.13619,1.60492,0.558736,1.10108,0.641117,0.885133,1.04298,1.11233,1.19753,1.02363,1.01415,1.21301,0.740922,0.831688,0.575651,0.953835,1.58379,1.19197,1.19982,0.898637,0.586845,0.958068,0.865216,0.614825,0.624195,1.67426,1.29574
2925.714176,1.19826,0.816217,1.06235,1.7567,1.02177,0.59869,1.13949,1.62749,0.556148,1.09734,0.642985,0.888929,1.03805,1.11574,1.20777,1.02684,1.01911,1.19743,0.738283,0.83168,0.579704,0.959947,1.59785,1.19456,1.20885,0.893508,0.590717,0.968229,0.862943,0.618966,0.626437,1.67784,1.31645
2927.31031,1.22195,0.835889,1.06652,1.76493,1.01271,0.599201,1.12974,1.6311,0.559559,1.09319,0.646601,0.891644,1.04373,1.11705,1.21383,1.02417,1.02256,1.18809,0.735251,0.836617,0.580228,0.958035,1.59902,1.20346,1.20892,0.884702,0.590986,0.970673,0.863669,0.617953,0.631011,1.65713,1.32827
2928.908187,1.2411,0.852769,1.067,1.7862,1.01878,0.605507,1.14115,1.62129,0.566819,1.0931,0.652221,0.894797,1.05513,1.11017,1.21739,1.00991,1.02619,1.18593,0.737933,0.841073,0.579839,0.953213,1.59096,1.19443,1.22098,0.891154,0.592456,0.965889,0.859871,0.620618,0.631749,1.64157,1.34429
2930.507809,1.25209,0.869799,1.066,1.80356,1.01499,0.611146,1.14928,1.60604,0.571467,1.09166,0.652031,0.894641,1.06251,1.0974,1.21465,1.00008,1.02809,1.1713,0.735927,0.840677,0.578493,0.946343,1.58398,1.16332,1.23622,0.898296,0.593208,0.961115,0.848775,0.625798,0.631798,1.62385,1.35236
2932.10918,1.25772,0.887137,1.06973,1.83147,1.00774,0.612749,1.16205,1.60048,0.575423,1.09436,0.648915,0.892926,1.07623,1.09249,1.21378,1.01051,1.03073,1.15899,0.730155,0.837234,0.578249,0.948676,1.56761,1.12746,1.24616,0.896119,0.595834,0.963447,0.848693,0.628175,0.638592,1.60603,1.34989
2933.712301,1.25794,0.898842,1.07025,1.85232,0.996966,0.613298,1.17663,1.58627,0.576399,1.08868,0.642659,0.891692,1.08287,1.08973,1.21425,1.013,1.03231,1.14418,0.724107,0.831201,0.57981,0.952958,1.53546,1.09341,1.24631,0.883813,0.594624,0.961412,0.847218,0.616214,0.635632,1.57962,1.34253
2935.317177,1.26217,0.90767,1.06984,1.86881,0.997303,0.615472,1.18669,1.57744,0.577616,1.08545,0.631889,0.891103,1.08031,1.08834,1.21774,1.00957,1.0338,1.14409,0.717873,0.831785,0.580316,0.95658,1.51272,1.06541,1.24599,0.87925,0.593705,0.95681,0.849048,0.60536,0.634318,1.57236,1.34003
2936.923809,1.26971,0.901891,1.07095,1.87181,1.00431,0.618157,1.18372,1.57869,0.57719,1.08394,0.615388,0.889419,1.07863,1.08397,1.22555,1.00392,1.03517,1.16136,0.713417,0.836371,0.579635,0.95435,1.48818,1.03763,1.24358,0.879822,0.595724,0.95006,0.853104,0.601432,0.630287,1.57052,1.33451
2938.532201,1.28447,0.892064,1.07142,1.87848,1.0219,0.619897,1.17808,1.59799,0.579286,1.07832,0.604878,0.888043,1.08761,1.08193,1.23321,1.00301,1.03713,1.18635,0.717701,0.840679,0.583991,0.943819,1.45307,1.01919,1.24535,0.881524,0.59942,0.94942,0.853773,0.610951,0.629467,1.57965,1.33133
2940.142356,1.2936,0.892739,1.06378,1.88663,1.03363,0.618688,1.16899,1.61078,0.584513,1.07002,0.597643,0.885741,1.08689,1.07775,1.2304,1.00168,1.0372,1.20258,0.720974,0.841435,0.588764,0.932946,1.42146,1.0075,1.24865,0.883244,0.598687,0.952978,0.843837,0.618757,0.619835,1.58257,1.31115
2941.754276,1.29919,0.89967,1.05941,1.89071,1.03974,0.622795,1.17055,1.60617,0.589133,1.06595,0.595352,0.88584,1.07789,1.08464,1.22465,1.0074,1.03621,1.21146,0.72372,0.842517,0.591606,0.92955,1.41543,1.01584,1.25639,0.886694,0.598158,0.953376,0.837488,0.628052,0.609306,1.60582,1.29201
2943.367964,1.29713,0.9015,1.05842,1.88329,1.03846,0.62823,1.17084,1.59238,0.588674,1.05527,0.600633,0.888336,1.06551,1.09274,1.21751,1.00423,1.03267,1.21377,0.72351,0.839174,0.594245,0.918254,1.41642,1.03068,1.26101,0.884954,0.600105,0.94938,0.828346,0.633737,0.601289,1.63398,1.28344
2944.983424,1.29887,0.899239,1.05641,1.87969,1.03664,0.636423,1.16129,1.59682,0.587601,1.05095,0.608132,0.892682,1.0535,1.10148,1.21362,1.00951,1.03437,1.22119,0.72254,0.833726,0.596532,0.910773,1.4198,1.0402,1.26169,0.883226,0.602054,0.947528,0.819688,0.642004,0.591674,1.65426,1.30137
2946.600658,1.29616,0.896914,1.05453,1.86937,1.0297,0.640331,1.1388,1.60223,0.585427,1.0517,0.605833,0.895319,1.04292,1.10729,1.20872,1.0236,1.03993,1.22095,0.720178,0.824378,0.59736,0.901693,1.42602,1.04001,1.25385,0.881551,0.599304,0.946313,0.814086,0.648005,0.581268,1.64514,1.3142
2948.21967,1.29269,0.897041,1.05467,1.859,1.01129,0.642409,1.11709,1.60745,0.587713,1.0522,0.607954,0.898397,1.04474,1.11698,1.20258,1.03201,1.04257,1.21317,0.722862,0.824955,0.599592,0.893899,1.43245,1.04602,1.2525,0.888299,0.594828,0.948675,0.818229,0.646435,0.573569,1.6308,1.32759
2949.840461,1.28798,0.894826,1.04698,1.85169,0.998092,0.644708,1.09458,1.60608,0.592419,1.05244,0.618855,0.900807,1.04013,1.12176,1.19673,1.02858,1.04043,1.19724,0.726929,0.830518,0.599262,0.889014,1.4265,1.0502,1.24866,0.89663,0.592336,0.946383,0.824876,0.63968,0.561979,1.62174,1.33395
2951.463036,1.2806,0.894859,1.03877,1.84988,1.00103,0.652122,1.09319,1.59588,0.596917,1.06174,0.628985,0.90355,1.03531,1.11994,1.19603,1.0211,1.03997,1.17795,0.7319,0.831301,0.59994,0.886543,1.42652,1.04675,1.25234,0.906552,0.595008,0.948539,0.829835,0.633845,0.550947,1.61477,1.34855
2953.087396,1.27255,0.896246,1.03185,1.83874,0.998406,0.657655,1.09136,1.58507,0.597127,1.0706,0.628298,0.903965,1.03529,1.11299,1.19461,1.01419,1.04188,1.15255,0.730345,0.823049,0.602157,0.877912,1.43234,1.03777,1.24959,0.904844,0.596816,0.956081,0.829772,0.626976,0.551298,1.6058,1.35013
2954.713546,1.26547,0.900268,1.02187,1.82129,0.990084,0.660552,1.10097,1.58664,0.595692,1.07644,0.624867,0.903512,1.04494,1.10849,1.19895,1.01565,1.04718,1.13432,0.731356,0.814979,0.60636,0.880589,1.43733,1.02568,1.24436,0.894457,0.599729,0.962787,0.832742,0.624699,0.562985,1.5903,1.3516
2956.341487,1.25689,0.902121,1.00651,1.79597,0.97986,0.661352,1.11345,1.57795,0.594862,1.07456,0.621388,0.902036,1.04929,1.10444,1.20494,1.00654,1.04939,1.11679,0.733897,0.813894,0.610739,0.888122,1.43754,1.0088,1.23786,0.884388,0.600855,0.962058,0.834578,0.62228,0.569727,1.55403,1.34729
2957.971223,1.25623,0.904726,1.00041,1.78788,0.978133,0.660269,1.12522,1.58233,0.595586,1.07543,0.619314,0.899851,1.0479,1.10453,1.21319,0.99744,1.0519,1.11229,0.73494,0.821402,0.613235,0.895403,1.44495,1.00124,1.24326,0.882836,0.602709,0.956274,0.841148,0.62501,0.583449,1.5305,1.33743
2959.602757,1.26162,0.901602,1.002,1.78746,0.973482,0.657805,1.12886,1.58874,0.594578,1.07006,0.615679,0.896669,1.04991,1.10453,1.22192,1.00103,1.05752,1.11393,0.733969,0.825489,0.616202,0.903222,1.44958,0.998855,1.24713,0.873968,0.604251,0.943912,0.838572,0.629519,0.590463,1.52028,1.32354
2961.236092,1.27121,0.902002,1.00867,1.8062,0.976361,0.657364,1.12787,1.59892,0.596481,1.0611,0.615499,0.89563,1.04794,1.10927,1.22918,1.01271,1.06424,1.11582,0.73748,0.827509,0.622137,0.910656,1.45083,1.00167,1.24837,0.864446,0.609443,0.936308,0.833539,0.639407,0.590954,1.53095,1.30809
2962.871231,1.27578,0.910338,1.01275,1.82551,0.982853,0.656353,1.12375,1.59901,0.59924,1.05408,0.610387,0.895233,1.03227,1.10881,1.23047,1.01691,1.06752,1.12349,0.737464,0.8271,0.624632,0.916274,1.45412,0.996952,1.24664,0.863791,0.614898,0.932102,0.830139,0.64653,0.586166,1.54585,1.28094
2964.508176,1.28465,0.919017,1.02071,1.83387,0.996391,0.657589,1.13016,1.58166,0.603257,1.05324,0.606018,0.897556,1.02827,1.10947,1.23183,1.02334,1.06979,1.13935,0.738274,0.827148,0.624497,0.923996,1.46422,1.00107,1.25017,0.867212,0.620723,0.930098,0.828695,0.651924,0.582988,1.56685,1.26271
2966.146931,1.29267,0.919483,1.0255,1.83424,1.00429,0.655103,1.12855,1.55706,0.604486,1.0527,0.604678,0.900763,1.02934,1.10221,1.23127,1.02612,1.06948,1.15489,0.740503,0.82397,0.623812,0.922698,1.46484,1.01372,1.25401,0.864577,0.624515,0.927389,0.824444,0.650791,0.577535,1.58105,1.25112
2967.787499,1.29839,0.922781,1.03057,1.85464,0.997858,0.651668,1.12105,1.54505,0.606833,1.05591,0.599124,0.903323,1.03567,1.09117,1.22911,1.02985,1.06962,1.17432,0.744667,0.820444,0.62427,0.923972,1.46949,1.03924,1.25207,0.864205,0.624475,0.928202,0.827496,0.652718,0.573518,1.58816,1.24794
2969.429883,1.30003,0.930142,1.03906,1.87068,0.984502,0.648675,1.11385,1.53791,0.610315,1.05592,0.588309,0.903549,1.04733,1.07209,1.22325,1.03103,1.06918,1.1796,0.748557,0.814418,0.624387,0.922069,1.47256,1.05961,1.24354,0.86292,0.623665,0.929559,0.828892,0.649681,0.571419,1.5939,1.24257
2971.074086,1.3038,0.940174,1.04357,1.88333,0.984795,0.647943,1.112,1.55292,0.615318,1.05519,0.588796,0.904527,1.05981,1.05413,1.22283,1.03087,1.06848,1.17113,0.752007,0.815973,0.624523,0.916903,1.47287,1.06538,1.23742,0.862522,0.625029,0.932788,0.824953,0.640006,0.568622,1.60215,1.24458
2972.72011,1.30774,0.946403,1.04099,1.89034,1.00167,0.650352,1.09955,1.56985,0.619761,1.05032,0.591897,0.90617,1.06541,1.0355,1.22855,1.02609,1.06632,1.15112,0.748112,0.817903,0.62298,0.904052,1.47106,1.04654,1.23273,0.854587,0.627316,0.935984,0.818512,0.630976,0.560674,1.60109,1.24237
2974.36796,1.31449,0.946014,1.04251,1.89178,1.03217,0.65914,1.08854,1.57797,0.624543,1.04738,0.591413,0.907172,1.0743,1.0324,1.23453,1.02058,1.07041,1.13051,0.743596,0.813255,0.625919,0.892936,1.47418,1.03299,1.23492,0.843876,0.63036,0.939235,0.817642,0.632856,0.558889,1.60702,1.24727
2976.017637,1.3166,0.941242,1.04147,1.88361,1.04811,0.664634,1.08497,1.58434,0.624897,1.04725,0.585315,0.905391,1.07975,1.03439,1.23423,1.012,1.07608,1.11742,0.738196,0.806777,0.631283,0.883404,1.47193,1.02814,1.23495,0.828897,0.630052,0.935074,0.811655,0.637593,0.564153,1.61007,1.24476
2977.669145,1.31623,0.942181,1.03638,1.86661,1.05278,0.666958,1.09748,1.58564,0.622711,1.04727,0.583427,0.904576,1.08463,1.03793,1.23704,1.00202,1.08195,1.11323,0.740032,0.806415,0.636425,0.883405,1.46556,1.02156,1.24367,0.81951,0.630084,0.92802,0.807358,0.651204,0.578229,1.60399,1.2493
2979.322487,1.3194,0.942291,1.03274,1.85073,1.04777,0.667404,1.10897,1.57717,0.618841,1.04331,0.588351,0.903331,1.07642,1.04123,1.2398,0.990341,1.08612,1.1042,0.745097,0.807066,0.639567,0.884245,1.45546,1.01345,1.25301,0.815309,0.626527,0.922788,0.810583,0.663453,0.585674,1.58426,1.25144
2980.977666,1.32696,0.940282,1.03409,1.85682,1.03465,0.671742,1.12558,1.57493,0.61584,1.04176,0.59076,0.903884,1.05972,1.05468,1.24479,0.986605,1.09189,1.11182,0.748719,0.80738,0.642195,0.890991,1.45432,1.01931,1.26933,0.81416,0.622333,0.915846,0.821217,0.666657,0.594173,1.57859,1.24852
2982.634685,1.32521,0.934464,1.034,1.86445,1.01648,0.675431,1.13459,1.57151,0.614296,1.03741,0.584958,0.906459,1.04597,1.06441,1.24572,0.985448,1.09706,1.12043,0.745504,0.804689,0.643843,0.900318,1.45983,1.02479,1.27546,0.811449,0.621692,0.904904,0.825274,0.66751,0.594502,1.5668,1.24133
2984.293548,1.32169,0.928258,1.03397,1.86764,1.01736,0.676823,1.13623,1.57656,0.614971,1.03815,0.580959,0.911788,1.03279,1.07822,1.24866,0.983522,1.10049,1.12531,0.743264,0.805561,0.645643,0.910579,1.46747,1.02864,1.27395,0.814308,0.628295,0.90136,0.834077,0.675059,0.597086,1.55072,1.23414
2985.954257,1.31794,0.92262,1.03245,1.85795,1.02603,0.673227,1.14276,1.57294,0.615484,1.0431,0.580475,0.916597,1.01945,1.09219,1.25444,0.976999,1.10012,1.13464,0.742593,0.806089,0.64774,0.915436,1.47113,1.0262,1.27261,0.825689,0.635551,0.904607,0.843301,0.677426,0.603195,1.54587,1.22549
2987.616815,1.31449,0.919653,1.03167,1.8472,1.03069,0.670276,1.15708,1.5566,0.619925,1.04844,0.583795,0.920974,1.01859,1.10028,1.25811,0.97569,1.10101,1.15628,0.747983,0.806857,0.650753,0.917312,1.47623,1.03906,1.27414,0.843631,0.641503,0.910737,0.850401,0.675053,0.606165,1.55703,1.22485
2989.281225,1.30856,0.915631,1.02794,1.84445,1.02489,0.666721,1.15992,1.53216,0.623855,1.04648,0.585362,0.924801,1.02574,1.0941,1.25618,0.970525,1.09976,1.18437,0.752546,0.804462,0.650754,0.915292,1.47573,1.05104,1.27082,0.857148,0.643649,0.916036,0.851754,0.667973,0.597333,1.55798,1.22631
2990.947491,1.29936,0.914915,1.02786,1.85661,1.01203,0.665794,1.16461,1.51365,0.624969,1.04471,0.588303,0.927495,1.04262,1.08162,1.25507,0.967158,1.09701,1.19918,0.755877,0.803766,0.64977,0.916193,1.47863,1.05874,1.26385,0.865385,0.644211,0.922934,0.849313,0.659881,0.589366,1.5572,1.23292
2992.615616,1.2896,0.913338,1.02681,1.85506,0.999014,0.668587,1.15687,1.50492,0.623592,1.04208,0.591269,0.927702,1.0544,1.06061,1.25406,0.970796,1.09527,1.19162,0.756119,0.802123,0.647759,0.909831,1.47453,1.05342,1.25547,0.862569,0.646283,0.925389,0.835888,0.645439,0.582963,1.55451,1.24318
2994.285602,1.28377,0.914059,1.02411,1.85715,0.996657,0.674446,1.14555,1.51187,0.624138,1.0391,0.597636,0.925999,1.05792,1.04941,1.25851,0.97981,1.09689,1.18357,0.752002,0.80504,0.645992,0.897992,1.4686,1.03821,1.25109,0.854563,0.649213,0.925631,0.820929,0.633846,0.57471,1.54556,1.25463
2995.957453,1.2746,0.913529,1.02275,1.85632,0.997956,0.679724,1.13293,1.5125,0.626547,1.03213,0.60016,0.923807,1.05514,1.04383,1.26329,0.980158,1.09746,1.17806,0.746651,0.80865,0.645797,0.886821,1.46235,1.01823,1.24896,0.844018,0.650965,0.925238,0.813316,0.625772,0.566529,1.53033,1.25711
2997.631173,1.2722,0.914618,1.02474,1.85224,0.999661,0.6858,1.11765,1.51492,0.629017,1.0282,0.598785,0.922013,1.04906,1.04378,1.265,0.978354,1.10107,1.1761,0.74852,0.810789,0.650735,0.88539,1.45755,1.01837,1.24885,0.839311,0.653726,0.925477,0.81546,0.627087,0.562404,1.53201,1.25909
2999.306763,1.27377,0.915921,1.02181,1.84561,0.99,0.688065,1.10766,1.52195,0.627736,1.02822,0.594332,0.919521,1.03657,1.03743,1.26297,0.978194,1.10435,1.17366,0.753477,0.810694,0.654893,0.879197,1.44897,1.02404,1.25095,0.834301,0.653175,0.920719,0.807729,0.629207,0.554617,1.53031,1.25709
3000.984228,1.28073,0.916988,1.01591,1.83694,0.983645,0.688442,1.1082,1.52617,0.62778,1.02789,0.590651,0.918782,1.02993,1.03042,1.26309,0.979518,1.10781,1.17436,0.765426,0.809378,0.658733,0.870602,1.43502,1.02002,1.25874,0.831503,0.65269,0.916092,0.799082,0.64233,0.547466,1.52561,1.25671
3002.66357,1.28908,0.915105,1.01259,1.82856,0.978397,0.688855,1.10068,1.52492,0.630247,1.02644,0.582968,0.918207,1.02103,1.03047,1.26192,0.983443,1.11008,1.171,0.776496,0.807795,0.661315,0.863395,1.42064,1.00923,1.26143,0.827856,0.65087,0.911396,0.80248,0.652663,0.542593,1.51416,1.25167
3004.344792,1.29408,0.91393,1.01415,1.83943,0.97336,0.692159,1.09516,1.52639,0.636754,1.02817,0.573302,0.918027,1.01114,1.04025,1.26227,0.985974,1.11179,1.17076,0.780073,0.808405,0.664216,0.862435,1.42295,1.00493,1.27116,0.829462,0.652663,0.904314,0.810511,0.652012,0.550009,1.50723,1.24145
3006.027899,1.29097,0.908501,1.01407,1.84972,0.971389,0.691738,1.08896,1.52352,0.644041,1.02737,0.561438,0.917344,1.00465,1.04175,1.26265,0.982696,1.11155,1.15694,0.777634,0.807068,0.665281,0.8611,1.42722,0.99556,1.27691,0.83236,0.65711,0.899811,0.811692,0.648301,0.547207,1.49486,1.23565
3007.712892,1.29033,0.900221,1.01726,1.86008,0.977653,0.691286,1.0846,1.52626,0.64955,1.0266,0.552038,0.918465,0.99995,1.04636,1.26885,0.991518,1.11321,1.13721,0.777488,0.806316,0.668006,0.864055,1.4228,0.987035,1.27708,0.835963,0.660211,0.902881,0.81505,0.650862,0.538679,1.49137,1.23482
3009.399775,1.28663,0.892433,1.02287,1.86936,0.977084,0.691536,1.07751,1.53778,0.653035,1.02276,0.547027,0.919593,0.999898,1.0493,1.27384,0.996781,1.11714,1.12339,0.779738,0.802993,0.673374,0.865472,1.41518,0.980311,1.27005,0.841143,0.659195,0.904691,0.813522,0.652092,0.533987,1.49584,1.22882
3011.088552,1.27873,0.891208,1.02666,1.87757,0.974769,0.694274,1.07155,1.54851,0.65911,1.01896,0.545463,0.922229,1.01581,1.04351,1.27331,0.997838,1.12518,1.12265,0.783142,0.800224,0.677633,0.865347,1.41756,0.976711,1.26246,0.845806,0.659755,0.90859,0.807963,0.653101,0.532503,1.49828,1.22781
3012.779225,1.27019,0.88973,1.02613,1.87427,0.972732,0.695077,1.06497,1.54532,0.663998,1.0138,0.545737,0.926177,1.03407,1.02913,1.26948,1.00387,1.12981,1.12668,0.782769,0.795766,0.676818,0.868118,1.42152,0.965443,1.25862,0.841839,0.6611,0.913298,0.798213,0.652152,0.526458,1.48651,1.22293
3014.471797,1.26669,0.891498,1.02622,1.86655,0.966396,0.699455,1.06343,1.54529,0.664604,1.01335,0.553768,0.928414,1.045,1.01821,1.27364,1.02236,1.13091,1.12819,0.782759,0.793863,0.675548,0.878359,1.42449,0.952549,1.26324,0.831736,0.664721,0.914809,0.787062,0.64782,0.527766,1.48079,1.21484
3016.166273,1.26274,0.895714,1.02021,1.85277,0.954641,0.70762,1.05596,1.55346,0.662394,1.0137,0.562484,0.930668,1.04134,1.00978,1.28084,1.03834,1.13144,1.12436,0.778021,0.791274,0.674648,0.887273,1.41995,0.930146,1.26227,0.81881,0.666652,0.910369,0.769261,0.638347,0.532125,1.47733,1.20924
3017.862654,1.25714,0.903359,1.01577,1.84523,0.947239,0.715351,1.06222,1.5599,0.662535,1.01189,0.570047,0.933895,1.03513,1.01095,1.28818,1.04261,1.13602,1.1267,0.772517,0.790366,0.67612,0.895261,1.41704,0.914215,1.26004,0.812212,0.667327,0.904981,0.756072,0.639738,0.535778,1.48048,1.20406
3019.560945,1.24924,0.909954,1.01373,1.83603,0.94251,0.7178,1.06832,1.56078,0.661104,1.00737,0.576715,0.936203,1.02673,1.01709,1.2956,1.03699,1.14052,1.13373,0.769222,0.788528,0.680832,0.901001,1.41382,0.912904,1.25423,0.812799,0.667215,0.903114,0.748145,0.645434,0.537839,1.48364,1.18797
3021.261148,1.25025,0.917984,1.01014,1.82422,0.942078,0.721753,1.06972,1.56689,0.657815,1.00516,0.587571,0.938143,1.02297,1.02303,1.30629,1.03562,1.14569,1.14196,0.76937,0.785713,0.688477,0.907079,1.41451,0.926387,1.2499,0.82209,0.668322,0.903303,0.748397,0.655378,0.54112,1.49387,1.17317
3022.963267,1.25164,0.922906,1.00305,1.81207,0.943026,0.72409,1.07088,1.56279,0.652983,1.0041,0.596946,0.937894,1.024,1.02514,1.31237,1.03507,1.14728,1.13963,0.771442,0.78161,0.693724,0.907633,1.40989,0.934692,1.24842,0.824618,0.666218,0.899404,0.747887,0.662966,0.542868,1.4967,1.16686
3024.667305,1.25252,0.922557,0.998663,1.80366,0.949768,0.725744,1.07314,1.55025,0.65146,1.00606,0.602764,0.937104,1.03164,1.03013,1.31431,1.02911,1.14666,1.14389,0.774809,0.779087,0.696955,0.906124,1.40291,0.930037,1.24813,0.827958,0.66408,0.898277,0.750991,0.669007,0.541659,1.49843,1.16776
3026.373265,1.25221,0.917299,0.997669,1.80126,0.955455,0.725428,1.07448,1.53301,0.651134,1.009,0.599893,0.935592,1.03301,1.03667,1.3134,1.01583,1.14488,1.14457,0.771554,0.778444,0.697819,0.903869,1.39835,0.917804,1.24634,0.835209,0.662366,0.897451,0.756578,0.668445,0.536881,1.49767,1.16939
3028.081151,1.25039,0.909679,1.00467,1.81848,0.95738,0.727178,1.08388,1.51144,0.653367,1.0105,0.592571,0.934373,1.02563,1.04631,1.31209,1.00213,1.14402,1.13886,0.766802,0.778501,0.70101,0.901492,1.3943,0.918084,1.25077,0.843373,0.661239,0.898714,0.762251,0.667207,0.535237,1.49916,1.17637
3029.790965,1.24278,0.897188,1.01228,1.83528,0.95603,0.729438,1.09109,1.48351,0.656123,1.00791,0.581425,0.933683,1.01661,1.04725,1.30815,0.990018,1.14445,1.12351,0.764692,0.776639,0.702774,0.893095,1.38019,0.919098,1.25107,0.845673,0.661077,0.902865,0.764302,0.667209,0.524242,1.49247,1.1871
3031.502711,1.23876,0.881552,1.01977,1.84993,0.958244,0.731678,1.09372,1.46458,0.658038,1.00525,0.572198,0.934191,1.01743,1.04953,1.30289,0.987025,1.14837,1.11218,0.76681,0.778741,0.70404,0.884422,1.36441,0.914405,1.2506,0.848924,0.66455,0.906389,0.765627,0.67003,0.51328,1.47817,1.19956
3033.216393,1.23783,0.866153,1.02514,1.84904,0.956789,0.731503,1.09202,1.45496,0.659965,0.999893,0.562659,0.935391,1.02318,1.05434,1.29272,0.975978,1.15286,1.10544,0.771154,0.78094,0.705659,0.873305,1.35216,0.910836,1.24532,0.847419,0.667076,0.90685,0.76492,0.669256,0.506301,1.46165,1.20726
3034.932013,1.23672,0.859396,1.02641,1.84194,0.961671,0.730693,1.09631,1.4466,0.665453,0.998622,0.557065,0.938272,1.03391,1.06137,1.2824,0.966202,1.15682,1.10443,0.775247,0.781968,0.706137,0.869465,1.35199,0.917863,1.24211,0.840547,0.671226,0.910271,0.764027,0.668639,0.510192,1.4505,1.21445
3036.649575,1.23441,0.856369,1.02147,1.83444,0.966601,0.728986,1.09454,1.44487,0.671988,0.998506,0.555061,0.940709,1.03556,1.06161,1.27204,0.971503,1.15581,1.10927,0.779212,0.781085,0.704979,0.867279,1.35214,0.920397,1.24003,0.829782,0.676217,0.910116,0.759033,0.664834,0.513185,1.43617,1.22122
3038.369082,1.23751,0.85675,1.01405,1.83557,0.967361,0.732356,1.08936,1.46421,0.675253,1.00071,0.556951,0.942782,1.02566,1.05993,1.27177,0.979871,1.15504,1.12039,0.785575,0.779878,0.702669,0.866317,1.34306,0.918421,1.24497,0.820411,0.681893,0.905599,0.754881,0.659162,0.514209,1.42306,1.22653
3040.090538,1.23916,0.854929,1.00594,1.83323,0.961525,0.731923,1.08734,1.4822,0.673798,1.0036,0.558352,0.94607,1.00953,1.05436,1.27823,0.977427,1.15807,1.11568,0.78859,0.776849,0.698341,0.866575,1.32741,0.912652,1.24752,0.816087,0.686097,0.898026,0.750814,0.654459,0.514725,1.41393,1.22427
3041.813945,1.24095,0.855096,1.00538,1.83099,0.954671,0.727688,1.09203,1.49275,0.673107,1.00898,0.560631,0.948133,1.00185,1.04923,1.28411,0.976867,1.16479,1.10851,0.790734,0.773856,0.696859,0.868739,1.32095,0.917518,1.25331,0.813877,0.689676,0.891804,0.749994,0.660736,0.521316,1.42585,1.22126
3043.539307,1.24401,0.859603,1.00535,1.82509,0.952316,0.725849,1.08873,1.50315,0.671684,1.01297,0.56475,0.946583,0.99955,1.04392,1.2886,0.97902,1.16943,1.10492,0.792505,0.769347,0.697293,0.871285,1.31644,0.925021,1.25979,0.810828,0.690205,0.886943,0.750559,0.664322,0.530364,1.43783,1.21152
3045.266628,1.24804,0.867208,1.00481,1.83245,0.953913,0.730097,1.08416,1.51457,0.669593,1.01587,0.571825,0.94433,0.999938,1.03617,1.29427,0.983257,1.17205,1.09935,0.794469,0.766781,0.69827,0.874721,1.31627,0.930326,1.26683,0.813424,0.68984,0.883282,0.757728,0.664625,0.53951,1.44733,1.20877
3046.995911,1.24816,0.871823,1.00206,1.8451,0.948997,0.733103,1.07617,1.51788,0.666445,1.01653,0.576891,0.940622,0.99858,1.0297,1.29535,0.984494,1.17216,1.09557,0.793084,0.764888,0.697179,0.874671,1.31565,0.935889,1.27297,0.810565,0.687913,0.880664,0.762721,0.655317,0.541037,1.4585,1.21196
3048.727158,1.24793,0.875354,0.997969,1.85308,0.946474,0.73294,1.06959,1.51974,0.665116,1.01849,0.580763,0.936951,0.997904,1.02486,1.29825,0.987218,1.17336,1.10784,0.789909,0.762656,0.694705,0.871982,1.31922,0.935002,1.2762,0.808448,0.68551,0.880635,0.765981,0.642762,0.537342,1.48302,1.2194
3050.460375,1.24176,0.874824,0.991476,1.86079,0.94304,0.729319,1.06092,1.51894,0.663447,1.01742,0.578784,0.933236,0.988796,1.01691,1.29966,0.984351,1.17147,1.11196,0.784428,0.758777,0.692127,0.865411,1.32352,0.927895,1.27007,0.805536,0.682657,0.879563,0.764789,0.637788,0.529006,1.50317,1.22734
3052.195562,1.23077,0.874944,0.98916,1.87076,0.938561,0.729889,1.05928,1.51388,0.664513,1.01561,0.571622,0.930996,0.982174,1.01015,1.29824,0.980035,1.16936,1.11161,0.780237,0.758079,0.693014,0.861871,1.32754,0.927465,1.26095,0.80491,0.679782,0.88117,0.765202,0.643266,0.524451,1.5155,1.22998
3053.932726,1.2208,0.875705,0.988879,1.86796,0.940697,0.728084,1.05588,1.50261,0.664397,1.0141,0.561192,0.929826,0.985709,0.999239,1.29235,0.976913,1.16669,1.10531,0.776728,0.758307,0.691744,0.855376,1.33124,0.917794,1.24891,0.804533,0.678404,0.883553,0.766612,0.644722,0.51542,1.51822,1.22851
3055.671867,1.21342,0.872655,0.989201,1.86624,0.950997,0.725183,1.0544,1.49535,0.663314,1.01031,0.557371,0.929081,0.994635,0.994706,1.28607,0.979781,1.16189,1.10469,0.776711,0.76058,0.689405,0.848108,1.33224,0.895881,1.2412,0.805558,0.678383,0.885867,0.765807,0.639913,0.506188,1.51491,1.23511
3057.412991,1.20434,0.866916,0.987532,1.85534,0.953646,0.721438,1.05597,1.49022,0.664591,1.00574,0.556379,0.927954,0.999246,0.998756,1.27672,0.978347,1.15504,1.11252,0.776038,0.760668,0.688629,0.841881,1.32618,0.885641,1.23389,0.807227,0.674786,0.888194,0.762265,0.627892,0.498941,1.51273,1.23971
3059.1561,1.19487,0.865171,0.986764,1.84027,0.955404,0.71673,1.06155,1.4856,0.667719,1.0067,0.558673,0.926504,1.00399,1.00868,1.26974,0.978905,1.15138,1.12078,0.772882,0.762656,0.688185,0.847815,1.3246,0.901659,1.22648,0.81101,0.670924,0.892951,0.76194,0.614821,0.501872,1.52037,1.2364
3060.901197,1.1832,0.861991,0.987605,1.82212,0.953941,0.7119,1.06159,1.4872,0.666701,1.00614,0.560263,0.924124,1.00208,1.01295,1.26601,0.980737,1.14678,1.12408,0.767556,0.765276,0.686419,0.850116,1.31521,0.913911,1.22202,0.810176,0.667093,0.89448,0.756969,0.602065,0.501578,1.51668,1.22938
3062.648287,1.17745,0.857608,0.989314,1.80413,0.953581,0.707063,1.0668,1.49721,0.661781,1.00462,0.558985,0.922968,0.997213,1.01392,1.26749,0.981167,1.14328,1.1237,0.762693,0.767085,0.683755,0.85133,1.29613,0.919715,1.2277,0.806881,0.664284,0.893502,0.753255,0.597625,0.499671,1.50699,1.21582
3064.397372,1.17386,0.852838,0.991273,1.77967,0.950428,0.698854,1.07367,1.49906,0.656767,1.00135,0.555182,0.920462,0.994292,1.01053,1.26844,0.976047,1.14093,1.11594,0.759265,0.768622,0.680891,0.851938,1.28081,0.928553,1.22549,0.805665,0.66066,0.88928,0.752767,0.596105,0.498356,1.48963,1.19235
3066.148456,1.17208,0.850784,0.994043,1.7556,0.947069,0.695252,1.08425,1.49738,0.654373,1.00093,0.553803,0.916494,0.995808,1.00984,1.26669,0.971181,1.13704,1.11401,0.758584,0.771591,0.67992,0.851841,1.27417,0.936376,1.22609,0.804359,0.655994,0.886434,0.749717,0.604342,0.498957,1.49125,1.17419
3067.901543,1.17078,0.846541,0.993775,1.74053,0.941019,0.695085,1.09313,1.49289,0.650547,0.99696,0.55181,0.912676,0.997622,1.00772,1.26434,0.966178,1.12966,1.11157,0.755874,0.772727,0.678898,0.854047,1.26674,0.931826,1.2315,0.803595,0.648793,0.882299,0.738389,0.614888,0.49294,1.49245,1.15916
3069.656635,1.1681,0.841794,0.993179,1.74535,0.935765,0.69436,1.10171,1.48488,0.646761,0.994159,0.549181,0.910282,0.999877,1.00655,1.2672,0.961255,1.12301,1.10698,0.753135,0.773705,0.678265,0.853496,1.26233,0.934649,1.2409,0.806016,0.644624,0.878811,0.731249,0.62133,0.485528,1.49526,1.15447
3071.413737,1.16339,0.83676,0.989244,1.74558,0.93419,0.69214,1.10139,1.47779,0.644639,0.993663,0.548051,0.907387,1.00043,1.00971,1.26954,0.953967,1.11847,1.10489,0.752615,0.77323,0.675893,0.8529,1.25771,0.944922,1.24704,0.808044,0.641321,0.873377,0.729019,0.620271,0.479602,1.50305,1.14745
3073.172852,1.15913,0.832218,0.98688,1.74892,0.940878,0.688614,1.0997,1.47514,0.643663,0.992879,0.546775,0.905743,0.999878,1.01283,1.2708,0.946447,1.11649,1.10515,0.756108,0.774282,0.674141,0.85874,1.25611,0.946508,1.24618,0.81172,0.638257,0.867803,0.728624,0.624448,0.480734,1.50875,1.14295
3074.933982,1.15294,0.824511,0.983608,1.7553,0.944755,0.684681,1.10005,1.46625,0.640124,0.989054,0.543661,0.90562,0.995178,1.00952,1.26567,0.935358,1.1123,1.09809,0.757042,0.775018,0.672532,0.862344,1.25506,0.939433,1.23785,0.81195,0.635168,0.863756,0.723343,0.630918,0.481323,1.4974,1.14341
3076.697132,1.14901,0.82077,0.979844,1.75909,0.94404,0.681583,1.10265,1.45787,0.636471,0.989153,0.540789,0.906971,0.992736,0.999555,1.26066,0.929176,1.10822,1.0897,0.755255,0.774781,0.670627,0.863513,1.25449,0.928775,1.23395,0.813027,0.633078,0.86307,0.722912,0.63956,0.482492,1.48733,1.14389
3078.462306,1.14572,0.820314,0.97686,1.76246,0.942566,0.674607,1.09434,1.45269,0.631407,0.992076,0.538757,0.90759,0.990474,0.987761,1.25705,0.935002,1.10123,1.07372,0.752597,0.771525,0.666218,0.859881,1.25269,0.913929,1.23807,0.808542,0.630358,0.861857,0.725295,0.643838,0.483768,1.48081,1.14982
3080.229506,1.14316,0.818446,0.976396,1.77323,0.940871,0.667451,1.08283,1.45539,0.626726,0.994181,0.543573,0.906262,0.987921,0.983617,1.25344,0.950756,1.09274,1.07054,0.753424,0.768128,0.661949,0.85826,1.24943,0.90352,1.24903,0.800536,0.627214,0.861698,0.725067,0.640302,0.483438,1.47258,1.16583
3081.998736,1.13931,0.815994,0.973455,1.7776,0.937013,0.659023,1.07267,1.45689,0.624193,0.995054,0.546115,0.903458,0.989281,0.985051,1.24452,0.958724,1.08534,1.07437,0.753853,0.766847,0.657409,0.857085,1.24511,0.902343,1.25562,0.797648,0.624287,0.860127,0.727451,0.627867,0.48401,1.47068,1.1778
3083.769999,1.13473,0.818638,0.973455,1.77401,0.936452,0.651519,1.07042,1.45311,0.623518,0.995878,0.547167,0.901727,0.990249,0.989287,1.23721,0.96725,1.08284,1.07332,0.75065,0.769597,0.653567,0.861013,1.24363,0.906458,1.25915,0.7992,0.624219,0.859793,0.734816,0.612421,0.4885,1.47688,1.1862
3085.5433,1.12691,0.82114,0.973801,1.76586,0.928671,0.646907,1.07078,1.44831,0.621585,0.991848,0.546314,0.899245,0.985714,0.985772,1.23256,0.97851,1.08111,1.06987,0.742425,0.769354,0.649375,0.858322,1.23732,0.901292,1.26124,0.795405,0.623826,0.859049,0.736995,0.596333,0.492661,1.4654,1.19087
3087.318641,1.11967,0.82297,0.972121,1.76508,0.921287,0.645462,1.07239,1.45022,0.620479,0.985728,0.547861,0.895548,0.984227,0.981201,1.22586,0.989789,1.07968,1.06886,0.737448,0.765909,0.645883,0.853436,1.23454,0.890483,1.26164,0.793184,0.623116,0.860185,0.738033,0.584706,0.500417,1.45425,1.19952
3089.096027,1.11133,0.823201,0.969727,1.76107,0.915888,0.643076,1.06516,1.44922,0.619392,0.979993,0.550555,0.88942,0.983263,0.981958,1.21795,0.993146,1.07893,1.06739,0.738694,0.763915,0.642998,0.84813,1.23792,0.88492,1.26056,0.792079,0.621311,0.860545,0.739443,0.575485,0.503103,1.43987,1.20177
3090.87546,1.10492,0.822536,0.965339,1.75483,0.91361,0.641498,1.06238,1.44586,0.617736,0.978383,0.553197,0.883671,0.983481,0.987287,1.21583,0.98867,1.07919,1.06695,0.739442,0.763782,0.639768,0.844361,1.24133,0.884063,1.26479,0.789095,0.619508,0.862898,0.737533,0.575894,0.500881,1.43397,1.19895
3092.656945,1.09834,0.820219,0.959753,1.74934,0.908395,0.640391,1.06402,1.43819,0.614679,0.975039,0.552422,0.878956,0.980656,0.987649,1.21176,0.977445,1.07608,1.06854,0.733732,0.763114,0.636293,0.840582,1.24345,0.877546,1.26971,0.78231,0.617852,0.864889,0.729406,0.576117,0.493463,1.4244,1.19013
3094.440484,1.08892,0.818597,0.958328,1.75145,0.910803,0.640666,1.06839,1.43116,0.613094,0.973138,0.54881,0.876069,0.981339,0.988123,1.20616,0.961706,1.07378,1.07509,0.73135,0.760647,0.634693,0.834877,1.24547,0.881301,1.27323,0.776614,0.617027,0.866176,0.728549,0.57806,0.485628,1.42426,1.1849
3096.226081,1.07968,0.813623,0.957909,1.7578,0.920743,0.642222,1.06999,1.43094,0.610918,0.972102,0.542327,0.874076,0.9847,0.987051,1.19872,0.942129,1.07532,1.07989,0.730163,0.755804,0.633265,0.828656,1.24044,0.887232,1.26363,0.775088,0.613863,0.867508,0.732316,0.584041,0.47876,1.42765,1.17481
3098.013741,1.07398,0.808373,0.961265,1.76455,0.934073,0.645373,1.07442,1.43443,0.607028,0.969778,0.538564,0.872656,0.984189,0.986656,1.19125,0.928587,1.07919,1.08691,0.728066,0.754258,0.633885,0.831772,1.23565,0.886289,1.25032,0.777898,0.610835,0.870004,0.734859,0.5915,0.477074,1.42984,1.16158
3099.803465,1.06959,0.804141,0.962136,1.75826,0.94178,0.645391,1.08201,1.42714,0.600122,0.966932,0.537813,0.871917,0.978249,0.984844,1.18276,0.918977,1.07951,1.09107,0.724903,0.752088,0.633672,0.837578,1.22955,0.880398,1.23663,0.778256,0.607436,0.870875,0.732808,0.595483,0.475763,1.42397,1.14995
3101.595259,1.06948,0.803204,0.961313,1.74483,0.945999,0.644574,1.08403,1.42176,0.594232,0.969783,0.537356,0.871982,0.972777,0.981793,1.17981,0.909995,1.07766,1.08951,0.722615,0.749102,0.632215,0.839528,1.22223,0.87075,1.22769,0.776798,0.604928,0.872305,0.730033,0.606237,0.474747,1.42634,1.14735
3103.389126,1.0696,0.803515,0.959868,1.73327,0.949537,0.642585,1.07952,1.42432,0.589461,0.97494,0.533672,0.871577,0.96746,0.978633,1.17865,0.903316,1.07388,1.08602,0.720319,0.746457,0.62955,0.839988,1.21775,0.864576,1.22746,0.772042,0.600804,0.871347,0.722763,0.619312,0.471224,1.43363,1.14996
3105.185069,1.07087,0.803271,0.960127,1.72901,0.955802,0.639193,1.07987,1.43333,0.58548,0.979287,0.526647,0.871812,0.965065,0.981207,1.17463,0.903979,1.06896,1.09116,0.719018,0.74581,0.62668,0.843297,1.21747,0.865675,1.23199,0.766076,0.596046,0.868945,0.717615,0.62448,0.463426,1.43553,1.1561
3106.983091,1.07144,0.801857,0.956013,1.72493,0.960807,0.634221,1.07856,1.43552,0.583735,0.979874,0.517952,0.873374,0.961625,0.985871,1.16881,0.90439,1.06266,1.08787,0.715748,0.744275,0.623405,0.842265,1.2148,0.864264,1.22987,0.760163,0.592803,0.865769,0.713764,0.622037,0.458159,1.43461,1.16064
3108.783197,1.07225,0.802587,0.950695,1.72247,0.963358,0.628288,1.07873,1.4349,0.584887,0.980542,0.517699,0.877978,0.958776,0.989774,1.16783,0.910008,1.05861,1.09104,0.711907,0.742011,0.621282,0.841796,1.21505,0.864518,1.22948,0.760111,0.591512,0.866793,0.707889,0.615066,0.459967,1.43121,1.16624
3110.585391,1.07106,0.800892,0.949997,1.72833,0.95777,0.622425,1.08214,1.43,0.585286,0.979288,0.521629,0.882626,0.958311,0.989532,1.16799,0.918435,1.05603,1.09908,0.706491,0.739004,0.618511,0.84059,1.219,0.864027,1.23165,0.762645,0.58884,0.870223,0.704809,0.602577,0.464515,1.41251,1.17088
3112.389674,1.0676,0.798166,0.954502,1.74258,0.950119,0.621004,1.08869,1.42876,0.586366,0.976462,0.529092,0.885737,0.962371,0.990995,1.1681,0.923381,1.05336,1.10373,0.70455,0.736538,0.616064,0.840342,1.22093,0.861527,1.23884,0.767818,0.586884,0.873247,0.705518,0.594774,0.471396,1.399,1.18048
3114.196053,1.06273,0.794934,0.957258,1.74931,0.944236,0.618276,1.08674,1.43013,0.587917,0.972263,0.533842,0.887196,0.965148,0.993026,1.16703,0.921879,1.05231,1.09878,0.705056,0.73555,0.613869,0.837971,1.21585,0.866188,1.24686,0.771531,0.58599,0.873204,0.70451,0.587563,0.473248,1.38626,1.18072
3116.004529,1.05764,0.793102,0.956352,1.75304,0.946586,0.616089,1.0838,1.43327,0.590972,0.969126,0.537836,0.887579,0.966743,0.995187,1.16555,0.917336,1.05201,1.08982,0.703265,0.735694,0.611,0.838052,1.21147,0.878127,1.25219,0.7734,0.585973,0.872337,0.706125,0.58335,0.477576,1.37835,1.1761
3117.815107,1.05247,0.790231,0.954396,1.75259,0.946244,0.613397,1.0798,1.43259,0.591686,0.964583,0.541182,0.88719,0.964471,0.996386,1.16026,0.912552,1.04679,1.08872,0.698566,0.734421,0.606447,0.836116,1.20673,0.879541,1.25761,0.773074,0.586497,0.86974,0.709582,0.583456,0.476816,1.37669,1.16688
3119.62779,1.04728,0.78652,0.954874,1.75441,0.946388,0.6096,1.07492,1.43181,0.591315,0.959642,0.540296,0.886007,0.966261,1.0002,1.15686,0.913085,1.04197,1.09324,0.697183,0.732483,0.602663,0.834632,1.20194,0.879943,1.25758,0.776351,0.58785,0.867635,0.715765,0.590846,0.468611,1.38431,1.16028
3121.442582,1.04041,0.779234,0.9563,1.75645,0.948009,0.60883,1.06413,1.43152,0.58996,0.95453,0.536181,0.882516,0.970535,1.00043,1.15397,0.913024,1.0385,1.08861,0.695099,0.732241,0.600299,0.830521,1.19644,0.876164,1.24689,0.782239,0.587578,0.864747,0.724671,0.595417,0.465007,1.3853,1.14751
3123.259487,1.03479,0.77375,0.960319,1.75225,0.952705,0.610958,1.05648,1.42551,0.588447,0.954991,0.535933,0.877811,0.976118,1.00123,1.1514,0.917561,1.03556,1.08526,0.694764,0.732917,0.600316,0.832896,1.19187,0.867253,1.24397,0.791119,0.586849,0.858982,0.73605,0.595192,0.468146,1.38284,1.13411
3125.078508,1.03059,0.771932,0.958199,1.74023,0.953161,0.610406,1.05744,1.41136,0.585157,0.95921,0.533588,0.873447,0.977924,0.997118,1.14562,0.920714,1.0321,1.08241,0.69545,0.730906,0.599241,0.837346,1.18409,0.858487,1.2405,0.797393,0.586365,0.854505,0.74148,0.594157,0.471242,1.37838,1.12856
3126.89965,1.0293,0.772194,0.953639,1.72726,0.949031,0.609383,1.05628,1.4036,0.581621,0.963916,0.529378,0.870619,0.977228,0.988928,1.14126,0.92086,1.03046,1.07457,0.698712,0.731085,0.597893,0.837511,1.17513,0.850405,1.2333,0.799701,0.586989,0.853242,0.740908,0.596556,0.473781,1.38417,1.13243
3128.722915,1.02814,0.772401,0.950184,1.71723,0.940286,0.605964,1.05168,1.39943,0.578318,0.966495,0.526118,0.868641,0.970059,0.977933,1.13675,0.920511,1.02799,1.06392,0.700447,0.731861,0.596655,0.834955,1.17001,0.8493,1.23059,0.796681,0.586479,0.849836,0.737658,0.596607,0.47188,1.39002,1.13431
3130.548307,1.02835,0.771097,0.948282,1.71691,0.931333,0.599437,1.05312,1.39604,0.575717,0.968899,0.525553,0.867408,0.960135,0.97336,1.13345,0.922173,1.02478,1.05686,0.698254,0.732179,0.594893,0.834334,1.16989,0.856219,1.22793,0.791171,0.585303,0.847106,0.738683,0.592809,0.469985,1.39294,1.13797
3132.375831,1.02905,0.768146,0.944544,1.71134,0.920303,0.590733,1.05152,1.38962,0.572456,0.968399,0.527969,0.867108,0.951511,0.975679,1.13149,0.919169,1.02299,1.05123,0.693813,0.72937,0.593444,0.831189,1.16859,0.861781,1.22298,0.786252,0.582828,0.844244,0.734649,0.587679,0.46852,1.39745,1.14099
3134.20549,1.02973,0.766798,0.942919,1.70433,0.911328,0.582632,1.056,1.38477,0.568873,0.9689,0.53072,0.868179,0.950364,0.979162,1.1317,0.911668,1.02357,1.05546,0.69265,0.728678,0.593289,0.829128,1.16927,0.87075,1.22328,0.786069,0.579518,0.844787,0.726675,0.583866,0.466392,1.39548,1.14367
3136.037287,1.02735,0.764406,0.94577,1.70427,0.902009,0.578242,1.0694,1.3755,0.564917,0.969356,0.528902,0.868082,0.950399,0.980442,1.13065,0.903395,1.0227,1.05389,0.690792,0.729749,0.592217,0.826303,1.16625,0.875122,1.22381,0.783553,0.575105,0.84648,0.717628,0.579757,0.463711,1.38054,1.14206
3137.871227,1.0234,0.76254,0.950722,1.70585,0.894951,0.5773,1.08107,1.36943,0.564281,0.969889,0.52656,0.86659,0.953551,0.979005,1.12919,0.897375,1.02053,1.04525,0.690266,0.730505,0.590309,0.823725,1.15853,0.874016,1.22267,0.781823,0.572703,0.846635,0.70892,0.58068,0.464803,1.37189,1.13696
3139.707313,1.01864,0.759645,0.95313,1.70144,0.893303,0.572536,1.0787,1.36883,0.564709,0.967748,0.525877,0.864203,0.955907,0.971332,1.12574,0.892844,1.01938,1.03661,0.690436,0.727908,0.587508,0.821869,1.15072,0.872408,1.21532,0.780362,0.571994,0.844212,0.698504,0.579496,0.464752,1.36696,1.12577
3141.54555,1.01667,0.759304,0.952649,1.69673,0.900598,0.567097,1.07479,1.36943,0.564029,0.964121,0.530807,0.860514,0.958653,0.969792,1.12079,0.888319,1.01871,1.02819,0.690466,0.725798,0.585619,0.826315,1.14523,0.872144,1.21178,0.777769,0.572005,0.839957,0.694348,0.580578,0.467532,1.36981,1.1173
3143.385939,1.0167,0.75944,0.949569,1.68991,0.908618,0.562149,1.06958,1.36766,0.561851,0.956995,0.532614,0.856273,0.958388,0.97687,1.11594,0.88253,1.0161,1.02162,0.689462,0.724425,0.583094,0.831731,1.14086,0.864331,1.2118,0.773398,0.571671,0.833722,0.694065,0.581803,0.463649,1.37062,1.11216
3145.228487,1.01488,0.758231,0.949094,1.68546,0.919372,0.558791,1.06176,1.36772,0.561012,0.950835,0.526821,0.852707,0.956933,0.984932,1.11364,0.881413,1.01401,1.02498,0.688541,0.726688,0.580534,0.834751,1.13709,0.854702,1.20909,0.770384,0.571507,0.832505,0.692058,0.578778,0.454871,1.36395,1.10937
3147.073196,1.01051,0.752836,0.952425,1.68249,0.930415,0.560442,1.04797,1.37054,0.559947,0.947128,0.520136,0.848417,0.958962,0.986182,1.10858,0.881477,1.0117,1.02908,0.685343,0.729802,0.577909,0.828709,1.12988,0.843026,1.20559,0.766198,0.568706,0.832213,0.692256,0.567774,0.448002,1.35543,1.10869
3148.92007,1.0064,0.749298,0.955437,1.67838,0.938412,0.563763,1.03976,1.37008,0.559196,0.946589,0.515429,0.845522,0.967056,0.982432,1.10427,0.88827,1.01059,1.03523,0.682581,0.728376,0.574407,0.824295,1.12155,0.833491,1.20666,0.761274,0.56509,0.832268,0.697899,0.559673,0.445965,1.35416,1.11677
3150.769113,1.00127,0.74866,0.953072,1.67455,0.937424,0.565882,1.03833,1.36554,0.557206,0.943764,0.510893,0.843208,0.965021,0.972518,1.09903,0.893084,1.00814,1.04085,0.679374,0.7237,0.56993,0.821931,1.11361,0.830206,1.20593,0.754785,0.56178,0.836166,0.700593,0.553849,0.446888,1.35566,1.12438
3152.620328,0.995215,0.747662,0.951941,1.67925,0.93057,0.566498,1.04134,1.36561,0.555435,0.941407,0.513061,0.841297,0.953786,0.967829,1.09399,0.894321,1.00412,1.04513,0.680048,0.722579,0.567516,0.817611,1.10916,0.828864,1.20921,0.750406,0.558404,0.838861,0.702066,0.549561,0.449419,1.36115,1.12763
3154.473721,0.987592,0.743238,0.949979,1.68284,0.924586,0.562567,1.04545,1.36847,0.553827,0.942061,0.517466,0.840196,0.939993,0.96807,1.08718,0.890441,0.999333,1.04893,0.678753,0.721086,0.566059,0.811239,1.1072,0.827837,1.2139,0.749738,0.553589,0.835837,0.70541,0.547017,0.448353,1.36148,1.13155
3156.329293,0.980935,0.738787,0.949079,1.68735,0.92643,0.555998,1.05239,1.37338,0.551402,0.942869,0.521314,0.839619,0.932138,0.970366,1.08068,0.883945,0.996081,1.05741,0.673568,0.720257,0.565014,0.810094,1.10729,0.828716,1.21664,0.752997,0.549005,0.832891,0.711291,0.548771,0.447177,1.35947,1.13975
3158.18705,0.974414,0.735902,0.946667,1.68745,0.926866,0.549914,1.05664,1.37563,0.546651,0.940855,0.523563,0.837498,0.930405,0.972667,1.07599,0.874857,0.993914,1.06707,0.669698,0.7181,0.564328,0.810646,1.1024,0.834063,1.22252,0.753678,0.544451,0.830543,0.708607,0.548044,0.45012,1.35414,1.14409
3160.046996,0.968881,0.732844,0.9417,1.68181,0.9283,0.546442,1.06353,1.37264,0.542516,0.942097,0.52383,0.834042,0.928483,0.976966,1.07416,0.865821,0.99168,1.07366,0.670882,0.7157,0.564842,0.810751,1.09658,0.846864,1.22751,0.750755,0.541713,0.832227,0.700231,0.54748,0.453844,1.34235,1.14482
3161.909133,0.961608,0.726737,0.936746,1.68133,0.929357,0.542377,1.06199,1.36401,0.539466,0.942409,0.523394,0.830846,0.922586,0.980228,1.07055,0.862729,0.987831,1.0692,0.671029,0.714639,0.563405,0.80722,1.0938,0.851666,1.22376,0.74553,0.539557,0.831474,0.689722,0.551244,0.457364,1.32357,1.13966
3163.773466,0.953983,0.71997,0.933996,1.68425,0.927516,0.536171,1.05852,1.35397,0.537665,0.941571,0.524762,0.829157,0.922162,0.978773,1.06711,0.866134,0.985116,1.06357,0.669328,0.715767,0.561507,0.805892,1.09419,0.846389,1.22137,0.746712,0.538413,0.830784,0.683647,0.558316,0.463574,1.31087,1.13271
3165.639999,0.949081,0.714203,0.932426,1.67845,0.922386,0.527927,1.05705,1.34008,0.534109,0.938898,0.526618,0.827541,0.92309,0.971586,1.06417,0.86667,0.983053,1.06199,0.667181,0.715247,0.55967,0.804928,1.09434,0.839862,1.21708,0.748851,0.537983,0.830504,0.677748,0.564302,0.464523,1.30504,1.12362
3167.508736,0.948301,0.714285,0.930958,1.67371,0.917934,0.521802,1.06341,1.3262,0.530408,0.9333,0.528313,0.826093,0.923195,0.968051,1.06021,0.863462,0.980469,1.05711,0.665006,0.715569,0.558394,0.804712,1.09376,0.842388,1.21241,0.75284,0.537475,0.829905,0.675813,0.573531,0.461928,1.31263,1.11702
3169.37968,0.948393,0.715435,0.928736,1.67048,0.914299,0.517566,1.06813,1.31539,0.526811,0.926577,0.527027,0.825103,0.920803,0.964226,1.05541,0.86148,0.976425,1.05069,0.659645,0.716128,0.555852,0.80285,1.09191,0.841859,1.20876,0.755034,0.534626,0.828732,0.677207,0.576508,0.456295,1.31852,1.11436
3171.252836,0.948411,0.714448,0.928213,1.66858,0.919139,0.514753,1.06534,1.31019,0.523351,0.923281,0.525381,0.82569,0.922735,0.9598,1.05298,0.865302,0.974312,1.05206,0.653266,0.716385,0.551633,0.798513,1.08536,0.836301,1.21019,0.759872,0.53107,0.830193,0.676849,0.572789,0.449828,1.32103,1.1155
3173.128207,0.94633,0.711265,0.928736,1.66378,0.924594,0.514058,1.0591,1.30667,0.520709,0.919146,0.524093,0.826092,0.926479,0.957168,1.04957,0.869586,0.971998,1.04626,0.648046,0.714452,0.545958,0.790912,1.07648,0.828254,1.21061,0.762839,0.525926,0.830968,0.674554,0.565462,0.442258,1.31954,1.11856
3175.005798,0.942534,0.70991,0.928987,1.6565,0.925685,0.513341,1.06023,1.30166,0.519277,0.915141,0.520389,0.827859,0.929546,0.951576,1.04885,0.874133,0.968758,1.03655,0.645161,0.711695,0.541176,0.788595,1.07041,0.824939,1.21045,0.761828,0.520316,0.831067,0.675281,0.56335,0.436923,1.31525,1.11954
3176.885612,0.938782,0.707989,0.928329,1.64643,0.923203,0.511991,1.06204,1.2962,0.517222,0.912124,0.515243,0.829682,0.927255,0.944946,1.04655,0.874176,0.965258,1.03256,0.642759,0.706959,0.537483,0.788304,1.06385,0.825197,1.21112,0.759674,0.515969,0.828643,0.677111,0.559547,0.434919,1.30775,1.11396
3178.767653,0.93614,0.706517,0.928524,1.63794,0.92215,0.510283,1.06421,1.29495,0.51538,0.915233,0.515488,0.830618,0.927531,0.948836,1.04155,0.871791,0.962233,1.03022,0.644067,0.703905,0.534748,0.785399,1.05746,0.823367,1.21702,0.763924,0.511891,0.825222,0.680229,0.552805,0.432425,1.30906,1.10934
3180.651926,0.933185,0.703979,0.928044,1.62257,0.921464,0.506164,1.06466,1.29789,0.513213,0.921782,0.515066,0.83123,0.93086,0.953568,1.03448,0.866519,0.95942,1.02356,0.64553,0.702716,0.53205,0.783149,1.05329,0.818132,1.21909,0.770657,0.507075,0.821437,0.681411,0.545921,0.422531,1.31208,1.10861
3182.538433,0.930153,0.700997,0.929102,1.60861,0.922849,0.500536,1.06752,1.3037,0.511515,0.923301,0.515083,0.830373,0.937903,0.955321,1.02903,0.859992,0.956749,1.02242,0.645866,0.704732,0.531327,0.787832,1.05085,0.819042,1.2157,0.772598,0.504788,0.821564,0.679068,0.538704,0.416051,1.30823,1.10569
3184.42718,0.924836,0.697607,0.928188,1.59963,0.921154,0.495598,1.06724,1.30867,0.509393,0.917711,0.516625,0.826795,0.943364,0.956234,1.02646,0.853507,0.953624,1.02514,0.646117,0.705518,0.531282,0.792682,1.04605,0.823683,1.21196,0.769521,0.504713,0.822289,0.673318,0.525702,0.419592,1.30438,1.09733
3186.31817,0.919113,0.693349,0.92538,1.5919,0.92195,0.494298,1.06544,1.31221,0.507771,0.915256,0.517825,0.823582,0.945615,0.962842,1.02501,0.851274,0.952979,1.02973,0.646566,0.705645,0.53132,0.79543,1.04446,0.827685,1.20813,0.766806,0.506412,0.823129,0.670056,0.516774,0.425266,1.30902,1.09087
3188.211407,0.914265,0.686795,0.923698,1.58874,0.922343,0.493161,1.06164,1.31159,0.505241,0.914935,0.519593,0.821257,0.944578,0.969818,1.02185,0.850852,0.952979,1.02976,0.644716,0.707375,0.530004,0.794639,1.04422,0.824557,1.202,0.763612,0.506359,0.823265,0.669372,0.51489,0.426768,1.30953,1.08698
3190.106896,0.91113,0.681223,0.92453,1.59076,0.922204,0.491296,1.06264,1.3082,0.503393,0.915407,0.522365,0.819555,0.94373,0.972188,1.02017,0.851842,0.952777,1.03011,0.641733,0.710067,0.529435,0.79402,1.0428,0.818163,1.2027,0.761799,0.5052,0.82694,0.669381,0.516756,0.428964,1.31112,1.08698
3192.004639,0.907988,0.679174,0.926131,1.58996,0.921909,0.488764,1.0626,1.3024,0.501775,0.914137,0.524171,0.817398,0.937651,0.968016,1.0176,0.848942,0.950549,1.03173,0.638559,0.710929,0.52861,0.791479,1.04077,0.814922,1.20147,0.75906,0.505192,0.830425,0.66659,0.518539,0.428645,1.31332,1.08278
3193.904642,0.904291,0.679307,0.926147,1.59331,0.917912,0.485796,1.06655,1.29714,0.500891,0.911651,0.52589,0.815052,0.933835,0.965293,1.01376,0.845142,0.947066,1.03403,0.635926,0.709806,0.527704,0.786873,1.03845,0.818052,1.19875,0.760583,0.505292,0.831245,0.666028,0.521671,0.426527,1.31791,1.07707
3195.806908,0.900612,0.6776,0.922622,1.59914,0.911271,0.482385,1.06843,1.29424,0.498508,0.911799,0.529134,0.811707,0.935571,0.964255,1.00946,0.842922,0.943988,1.03129,0.631269,0.704447,0.528096,0.778757,1.03411,0.813517,1.19863,0.761345,0.503898,0.82733,0.664645,0.5213,0.425709,1.31488,1.07457
3197.711441,0.89795,0.676684,0.917625,1.60574,0.913702,0.480563,1.06704,1.29614,0.496595,0.915242,0.532053,0.809066,0.93589,0.966622,1.00581,0.843266,0.943553,1.02424,0.628928,0.698127,0.528639,0.772416,1.02998,0.804284,1.20305,0.761674,0.502602,0.82225,0.663344,0.520095,0.426741,1.30423,1.07706
3199.618246,0.894083,0.676116,0.913429,1.61218,0.914814,0.480156,1.06506,1.29427,0.495536,0.915767,0.527862,0.807601,0.929786,0.967643,1.00254,0.843006,0.943268,1.01108,0.628298,0.693269,0.528053,0.767936,1.02442,0.793439,1.2045,0.758133,0.500719,0.816678,0.662019,0.517203,0.424315,1.29065,1.08119
3201.527326,0.89109,0.675181,0.911898,1.61843,0.91337,0.479534,1.06462,1.28712,0.495056,0.914726,0.520096,0.806396,0.925928,0.964862,1.00035,0.843538,0.942946,1.00429,0.629192,0.689113,0.527694,0.768575,1.01702,0.785531,1.20848,0.750009,0.499623,0.810682,0.662242,0.518214,0.421804,1.27972,1.08525
3203.438686,0.888749,0.672885,0.911559,1.61812,0.909064,0.477022,1.05863,1.27993,0.494532,0.911822,0.514525,0.804232,0.926404,0.963842,0.997452,0.843367,0.94271,1.00308,0.63051,0.683085,0.526289,0.767813,1.00797,0.78309,1.2086,0.740019,0.498368,0.803835,0.66232,0.518347,0.415133,1.27155,1.08926
3205.352329,0.88728,0.670186,0.912352,1.61415,0.904886,0.474067,1.05191,1.27537,0.49353,0.909505,0.514983,0.802788,0.931726,0.96824,0.994976,0.841095,0.942236,0.998676,0.633155,0.680217,0.525264,0.762564,1.00104,0.783777,1.20543,0.735503,0.49622,0.801627,0.662148,0.51702,0.404876,1.27223,1.095
3207.26826,0.886197,0.666544,0.914901,1.60754,0.900497,0.469722,1.04536,1.2707,0.492318,0.904891,0.515747,0.802329,0.933079,0.972312,0.992218,0.835068,0.940634,0.99329,0.633296,0.682555,0.523941,0.757266,0.99921,0.782437,1.19739,0.730824,0.493138,0.80182,0.659978,0.518942,0.393589,1.26819,1.09431
3209.186482,0.88483,0.663334,0.919552,1.60198,0.897557,0.464726,1.04417,1.27029,0.492079,0.895291,0.515427,0.800782,0.929611,0.976407,0.990262,0.830133,0.939105,0.993172,0.632496,0.686683,0.522813,0.757357,0.998892,0.781548,1.18767,0.724589,0.492056,0.800674,0.657331,0.521436,0.391283,1.25681,1.09228
3211.107001,0.883082,0.660223,0.922706,1.5955,0.890598,0.461002,1.04363,1.26991,0.490969,0.884848,0.512665,0.799321,0.924877,0.97588,0.988619,0.826912,0.937123,0.994063,0.632147,0.688848,0.521267,0.757145,0.997347,0.777166,1.18243,0.718034,0.492184,0.79685,0.655965,0.520924,0.39765,1.25914,1.09399
3213.029819,0.884206,0.658136,0.922951,1.58859,0.888868,0.459832,1.04316,1.26984,0.489247,0.881604,0.511616,0.800147,0.922391,0.973859,0.98755,0.822709,0.936486,0.997317,0.632934,0.691171,0.519923,0.75745,0.997943,0.772999,1.18127,0.713137,0.491389,0.795649,0.653348,0.51923,0.404941,1.27201,1.0964
3214.954942,0.885939,0.656372,0.921381,1.57958,0.891001,0.45808,1.042,1.26921,0.487274,0.880628,0.513533,0.801655,0.917426,0.972784,0.984701,0.815632,0.935994,0.994947,0.633771,0.691118,0.518616,0.757823,0.996422,0.770078,1.17897,0.708998,0.48804,0.79506,0.646641,0.514109,0.40436,1.2729,1.09581
3216.882373,0.885188,0.654733,0.919142,1.57545,0.897006,0.456289,1.04134,1.26822,0.48785,0.877359,0.514795,0.803081,0.914979,0.969915,0.981961,0.81055,0.935241,0.991728,0.633301,0.691064,0.517797,0.760334,0.993837,0.770041,1.17937,0.708676,0.486529,0.795432,0.640745,0.511511,0.402068,1.2721,1.0983
3218.812117,0.88135,0.652678,0.912971,1.5702,0.898473,0.454445,1.04122,1.26598,0.488587,0.873039,0.51646,0.803685,0.912502,0.963252,0.978767,0.80561,0.933622,0.989089,0.631785,0.690766,0.516245,0.761702,0.99055,0.768954,1.1759,0.708749,0.487386,0.79648,0.635242,0.508059,0.398851,1.27407,1.09587
3220.744177,0.877324,0.649182,0.907957,1.56221,0.893011,0.453816,1.0403,1.26349,0.488929,0.872397,0.51822,0.805022,0.914544,0.962292,0.977087,0.80146,0.932615,0.984837,0.633073,0.687876,0.515163,0.759687,0.985747,0.772205,1.16772,0.712889,0.488844,0.795964,0.632172,0.504996,0.396788,1.27294,1.09055
3222.678558,0.873868,0.643455,0.904353,1.55531,0.88762,0.454073,1.03418,1.26199,0.488642,0.874356,0.52003,0.806307,0.91444,0.962679,0.974896,0.798315,0.931459,0.975316,0.633631,0.681635,0.515756,0.75558,0.980232,0.773309,1.16199,0.720271,0.490042,0.792185,0.633163,0.504238,0.398905,1.26522,1.0892
3224.615264,0.870982,0.638622,0.901439,1.55558,0.888638,0.456117,1.0327,1.26267,0.48873,0.876747,0.520957,0.806989,0.907192,0.963851,0.972301,0.797463,0.931716,0.966258,0.63395,0.676335,0.51611,0.753799,0.977171,0.769514,1.16488,0.726337,0.491062,0.789185,0.638005,0.503772,0.402782,1.26002,1.09087
3226.554299,0.868345,0.631937,0.900438,1.56237,0.891083,0.459607,1.03156,1.25613,0.487454,0.877138,0.518507,0.806257,0.900589,0.963175,0.971638,0.797271,0.932637,0.956186,0.633443,0.671248,0.515241,0.754336,0.974457,0.761004,1.16962,0.730437,0.491638,0.785728,0.641998,0.499793,0.40357,1.25274,1.09111
3228.495667,0.868099,0.624565,0.899505,1.56867,0.894109,0.462529,1.02781,1.24663,0.486508,0.877107,0.519981,0.803952,0.902504,0.962724,0.973491,0.800594,0.933659,0.953843,0.633952,0.666183,0.514741,0.759156,0.970757,0.758303,1.17569,0.731772,0.492599,0.783638,0.645098,0.499207,0.405208,1.24254,1.09186
3230.439373,0.8676,0.61811,0.897182,1.56869,0.893212,0.461864,1.02237,1.24356,0.48583,0.874476,0.523346,0.800923,0.904703,0.963517,0.976052,0.804338,0.933257,0.954787,0.632674,0.6636,0.513804,0.759659,0.966338,0.759909,1.17551,0.731734,0.491703,0.781694,0.647054,0.499884,0.401413,1.23612,1.09211
3232.385421,0.867953,0.612259,0.897386,1.56999,0.895004,0.461095,1.01458,1.24507,0.484905,0.870759,0.52751,0.799252,0.90501,0.966692,0.977964,0.805949,0.932523,0.955361,0.630719,0.664016,0.51343,0.757624,0.963776,0.759821,1.17414,0.736453,0.490348,0.780695,0.650274,0.504318,0.397808,1.23584,1.09135
3234.333815,0.869572,0.60639,0.900198,1.57489,0.899064,0.461047,1.00455,1.24317,0.484355,0.865413,0.528931,0.797392,0.899247,0.969118,0.977226,0.806409,0.931317,0.953606,0.629042,0.663839,0.513387,0.75598,0.962205,0.754804,1.17021,0.74056,0.489571,0.780969,0.652028,0.512382,0.395146,1.23222,1.08561
3236.284559,0.871302,0.601223,0.903475,1.57953,0.899875,0.461924,1.00628,1.24176,0.485936,0.861222,0.527271,0.79465,0.888433,0.969473,0.975232,0.809127,0.929216,0.950791,0.628919,0.66383,0.514351,0.757843,0.959923,0.749733,1.16703,0.743519,0.489946,0.781055,0.654459,0.518628,0.398678,1.23075,1.08478
3238.237657,0.872703,0.597727,0.903037,1.57692,0.89658,0.462768,1.01345,1.24007,0.487581,0.857984,0.522838,0.79283,0.881605,0.965772,0.972515,0.807346,0.925839,0.95011,0.628774,0.663374,0.515943,0.757389,0.958423,0.743794,1.16422,0.744721,0.489993,0.78008,0.654523,0.516856,0.406805,1.24006,1.08809
3240.193115,0.874604,0.598633,0.900713,1.57221,0.89684,0.465185,1.02263,1.24014,0.48912,0.856182,0.520701,0.79257,0.882402,0.962144,0.972395,0.800282,0.924259,0.956604,0.62748,0.662203,0.517729,0.753369,0.959951,0.73691,1.15833,0.746255,0.48893,0.779342,0.648778,0.508581,0.412674,1.25167,1.09024
3242.150936,0.874576,0.600183,0.897721,1.56899,0.895973,0.466644,1.03502,1.2398,0.491608,0.852909,0.518982,0.792639,0.883535,0.959948,0.972839,0.792381,0.924916,0.960931,0.624396,0.659243,0.518859,0.746301,0.9602,0.730238,1.15051,0.747796,0.486966,0.77826,0.640424,0.498948,0.410209,1.25849,1.08967
3244.111124,0.873031,0.59937,0.891994,1.56752,0.896231,0.466733,1.04712,1.23773,0.494451,0.848137,0.518281,0.793121,0.886854,0.959187,0.972455,0.786384,0.926045,0.965798,0.622437,0.657239,0.519464,0.742122,0.957724,0.727644,1.14969,0.750392,0.48703,0.778501,0.638321,0.495127,0.403854,1.26654,1.08889
3246.073683,0.871619,0.59831,0.883421,1.56065,0.895341,0.465075,1.05208,1.23254,0.495481,0.843987,0.518718,0.794559,0.887774,0.955108,0.971219,0.780153,0.92671,0.968286,0.622277,0.655033,0.519374,0.739839,0.952806,0.726096,1.14907,0.746877,0.487422,0.776161,0.637671,0.493387,0.399289,1.26995,1.08284
3248.038619,0.871571,0.598458,0.880532,1.55443,0.89653,0.462677,1.05166,1.229,0.495298,0.840694,0.516879,0.796975,0.889517,0.954281,0.972531,0.774257,0.927616,0.969259,0.622823,0.652536,0.519792,0.738853,0.946963,0.729757,1.14502,0.742456,0.488512,0.772488,0.636614,0.496678,0.403168,1.26604,1.07817
3250.005935,0.870057,0.597014,0.881502,1.54944,0.898477,0.460742,1.04938,1.22576,0.493972,0.837185,0.514304,0.798744,0.8886,0.957801,0.972959,0.768532,0.92705,0.968872,0.621616,0.649157,0.519102,0.738296,0.941398,0.733531,1.14064,0.737676,0.490048,0.76906,0.635038,0.49751,0.408034,1.25961,1.07724
3251.975635,0.867007,0.595164,0.881572,1.54809,0.900826,0.461443,1.0503,1.22485,0.493287,0.836491,0.514035,0.800309,0.885643,0.965404,0.973415,0.762962,0.927496,0.969108,0.620054,0.647445,0.518124,0.735528,0.939277,0.736494,1.13872,0.728448,0.491431,0.766042,0.629987,0.493494,0.408737,1.25801,1.0784
3253.947725,0.86481,0.593554,0.878931,1.54898,0.901401,0.462478,1.04643,1.22292,0.492352,0.835012,0.515162,0.801256,0.885331,0.967506,0.97404,0.757938,0.928722,0.967822,0.620435,0.64605,0.517023,0.73029,0.939545,0.738658,1.134,0.719895,0.492641,0.762079,0.623488,0.489805,0.406356,1.25359,1.07609
3255.922208,0.864823,0.594133,0.874021,1.54607,0.899029,0.462063,1.03667,1.22322,0.491476,0.832626,0.518229,0.801692,0.88729,0.967332,0.974108,0.754306,0.929712,0.965251,0.622442,0.646644,0.515437,0.727439,0.94035,0.744171,1.1347,0.71607,0.493136,0.758066,0.622124,0.493008,0.405278,1.2501,1.07301
3257.899088,0.864372,0.593504,0.869511,1.54068,0.894201,0.459555,1.02766,1.22559,0.490527,0.830455,0.51796,0.801146,0.885081,0.969026,0.974727,0.749615,0.929283,0.958155,0.622354,0.648597,0.513103,0.722911,0.939712,0.747285,1.14057,0.716013,0.490929,0.754359,0.620029,0.497717,0.398441,1.2477,1.07148
3259.878371,0.864552,0.589686,0.869074,1.53788,0.893689,0.458953,1.01838,1.22533,0.489545,0.828974,0.517783,0.800367,0.882528,0.972545,0.975232,0.745091,0.928206,0.952248,0.62242,0.648615,0.512551,0.7201,0.93807,0.748589,1.146,0.720013,0.489618,0.753703,0.617498,0.502331,0.387883,1.24282,1.06784
3261.86006,0.864342,0.583814,0.870567,1.53664,0.894659,0.459827,1.01215,1.21874,0.488544,0.826064,0.517086,0.798741,0.876566,0.973247,0.97243,0.741634,0.927022,0.945584,0.621714,0.64668,0.513437,0.719144,0.935373,0.747714,1.14603,0.72198,0.489065,0.75477,0.613275,0.504086,0.378215,1.23488,1.06217
3263.84416,0.863029,0.57877,0.872604,1.53485,0.890867,0.460309,1.01359,1.21519,0.488626,0.824941,0.513901,0.796572,0.869651,0.969813,0.968589,0.739695,0.926332,0.940567,0.620242,0.646259,0.513997,0.721549,0.933128,0.745626,1.14773,0.723153,0.487574,0.756272,0.612013,0.505323,0.375048,1.23457,1.06027
3265.830675,0.861561,0.575288,0.873497,1.52733,0.885075,0.460774,1.0124,1.21643,0.487679,0.82418,0.509193,0.794704,0.86824,0.962267,0.965186,0.734558,0.925867,0.936625,0.619301,0.643769,0.514281,0.722196,0.931272,0.73869,1.14637,0.725523,0.485339,0.755308,0.611539,0.500146,0.373038,1.23725,1.05964
3267.819609,0.860979,0.572492,0.874303,1.5226,0.882467,0.462888,1.01245,1.21479,0.486678,0.823864,0.507091,0.793033,0.872882,0.96051,0.964462,0.72756,0.927898,0.932905,0.619302,0.640337,0.514155,0.720636,0.929907,0.73069,1.14037,0.732,0.482877,0.752594,0.609236,0.492596,0.368022,1.24007,1.0627
3269.810968,0.860283,0.568789,0.87407,1.52275,0.8779,0.462905,1.01317,1.20811,0.48604,0.82274,0.505998,0.789738,0.875262,0.960662,0.962635,0.72409,0.930288,0.925818,0.6193,0.637836,0.513816,0.718119,0.927,0.723936,1.13841,0.73903,0.479688,0.749524,0.606085,0.488471,0.358495,1.23855,1.06312
3271.804755,0.860704,0.56522,0.872459,1.52332,0.874521,0.461748,1.01383,1.20357,0.484237,0.820377,0.505156,0.786305,0.878168,0.958565,0.957998,0.72576,0.930948,0.921163,0.619902,0.634995,0.513544,0.719516,0.921954,0.72034,1.14384,0.743913,0.477553,0.746103,0.609527,0.486584,0.350914,1.23158,1.05889
3273.800975,0.861478,0.562819,0.870603,1.52277,0.870954,0.459999,1.01368,1.19974,0.481861,0.817809,0.502585,0.784782,0.8815,0.952674,0.953217,0.726108,0.930037,0.919274,0.618535,0.630416,0.511952,0.722627,0.915223,0.715588,1.14259,0.744091,0.475731,0.741622,0.614494,0.482863,0.350493,1.2246,1.05236
3275.799633,0.861413,0.561937,0.87144,1.52125,0.869588,0.457703,1.01179,1.19771,0.480312,0.816073,0.502849,0.784229,0.88385,0.949959,0.95053,0.725674,0.928807,0.920481,0.616073,0.626082,0.510009,0.72389,0.908528,0.711565,1.13289,0.742266,0.475565,0.739965,0.615906,0.482409,0.355318,1.22356,1.04951
3277.800732,0.858895,0.560188,0.871008,1.51511,0.86908,0.456173,1.00657,1.19619,0.479401,0.814278,0.503489,0.784037,0.882391,0.947736,0.946459,0.726431,0.926839,0.922017,0.615449,0.622842,0.507364,0.719487,0.902281,0.711099,1.11952,0.737667,0.475915,0.738769,0.613778,0.480094,0.353305,1.22387,1.04974
3279.804278,0.855471,0.557386,0.868963,1.51274,0.868631,0.455984,1.00319,1.19688,0.479886,0.81298,0.503757,0.784844,0.881469,0.945429,0.942631,0.726447,0.92482,0.924738,0.617548,0.621761,0.504422,0.713228,0.898164,0.712451,1.11003,0.733037,0.476058,0.737034,0.609863,0.48016,0.349159,1.22583,1.05285
3281.810274,0.852095,0.554741,0.865555,1.51235,0.867943,0.453775,0.997594,1.1969,0.479061,0.809509,0.50844,0.785189,0.881909,0.938439,0.939086,0.72216,0.921665,0.926552,0.619826,0.619167,0.500679,0.707422,0.895727,0.70831,1.10393,0.732272,0.475388,0.734276,0.606039,0.481175,0.349957,1.2248,1.05087
3283.818726,0.851486,0.552961,0.862732,1.50921,0.868745,0.450935,0.994698,1.19669,0.47715,0.806572,0.515568,0.785233,0.88142,0.930724,0.937107,0.716858,0.917026,0.925407,0.620139,0.61779,0.497467,0.70139,0.893333,0.701761,1.10539,0.735714,0.473453,0.731796,0.605427,0.48162,0.354111,1.21955,1.04689
3285.829638,0.851772,0.549282,0.860435,1.50111,0.870281,0.448821,0.998859,1.19396,0.475827,0.80275,0.519635,0.78502,0.879374,0.930613,0.936504,0.714264,0.911433,0.922094,0.617397,0.617051,0.495634,0.695709,0.888682,0.694704,1.10631,0.737422,0.470928,0.731406,0.603965,0.483234,0.351915,1.21028,1.04545
3287.843014,0.850988,0.54479,0.859843,1.49225,0.875218,0.447851,1.00436,1.19105,0.474397,0.79702,0.522013,0.784734,0.87772,0.936209,0.935663,0.71387,0.90744,0.924669,0.613914,0.615614,0.494958,0.694102,0.884162,0.690328,1.10433,0.738081,0.469611,0.732078,0.603454,0.486263,0.349593,1.20561,1.04407
3289.858859,0.848214,0.541209,0.860444,1.48599,0.877853,0.446696,1.00676,1.18871,0.471662,0.791882,0.521825,0.784024,0.87388,0.938864,0.933969,0.711931,0.905085,0.928765,0.609772,0.615617,0.493433,0.693158,0.881434,0.686983,1.105,0.734349,0.467409,0.730913,0.599708,0.486421,0.352158,1.2037,1.04041
3291.877177,0.846563,0.53808,0.860199,1.47989,0.877305,0.444958,1.00512,1.18728,0.468869,0.789515,0.519399,0.783305,0.869824,0.942556,0.932335,0.70944,0.90375,0.930738,0.608314,0.61667,0.491403,0.6925,0.879253,0.686671,1.10628,0.729366,0.464724,0.730136,0.598067,0.484241,0.356011,1.2043,1.03941
3293.897973,0.845705,0.534497,0.857304,1.47296,0.873503,0.442794,0.999553,1.18369,0.465527,0.786601,0.515223,0.78157,0.866146,0.946716,0.929595,0.70413,0.902273,0.926436,0.608701,0.616234,0.489448,0.690704,0.876382,0.684828,1.10094,0.725423,0.462004,0.729696,0.599991,0.480115,0.358627,1.20325,1.04048
3295.921252,0.845127,0.532454,0.854533,1.47167,0.867449,0.441411,1.00057,1.17869,0.462308,0.784265,0.513996,0.779023,0.864645,0.958317,0.92713,0.697626,0.901592,0.918384,0.609539,0.616475,0.48779,0.690897,0.873436,0.684525,1.09598,0.7234,0.459296,0.72924,0.598753,0.477462,0.361651,1.20411,1.04467
3297.947018,0.843604,0.532816,0.855263,1.47195,0.859808,0.438749,1.00354,1.17266,0.459448,0.781456,0.513494,0.775125,0.862316,0.971567,0.924443,0.69325,0.900001,0.913451,0.607529,0.616009,0.486263,0.690696,0.869939,0.68649,1.09354,0.722725,0.456093,0.728073,0.596804,0.475454,0.362763,1.20319,1.04922
3299.975276,0.842154,0.534733,0.857708,1.47246,0.855677,0.436122,1.00391,1.17017,0.457391,0.777844,0.511863,0.772257,0.860028,0.979746,0.921549,0.688132,0.897273,0.915385,0.602621,0.615075,0.484805,0.688698,0.86615,0.689877,1.09048,0.721543,0.45449,0.726873,0.599416,0.473329,0.366479,1.20582,1.05239
3302.00603,0.840773,0.535384,0.855758,1.47214,0.851543,0.434569,0.998794,1.16884,0.454921,0.773578,0.509873,0.771211,0.854836,0.981417,0.917391,0.680559,0.89431,0.917493,0.598286,0.612997,0.482061,0.683928,0.861887,0.689918,1.08334,0.719729,0.453898,0.724774,0.598779,0.467167,0.368129,1.21435,1.05048
3304.039285,0.839382,0.535287,0.851744,1.47013,0.851715,0.43308,0.990901,1.166,0.45206,0.771211,0.50837,0.769709,0.849357,0.978013,0.913848,0.676778,0.893217,0.91683,0.59854,0.610453,0.479962,0.675327,0.85742,0.688242,1.07809,0.718187,0.453489,0.724173,0.595248,0.461044,0.36765,1.22274,1.05086
3306.075045,0.836972,0.533826,0.848294,1.46813,0.853207,0.430414,0.984719,1.16196,0.448937,0.769929,0.503421,0.766755,0.844114,0.967387,0.911047,0.674949,0.892215,0.91108,0.600972,0.607885,0.478009,0.66707,0.852995,0.686513,1.073,0.717113,0.452165,0.723581,0.590074,0.456511,0.3667,1.22308,1.05396
3308.113316,0.834226,0.531286,0.848814,1.46972,0.854895,0.429444,0.986847,1.15908,0.446122,0.769529,0.500653,0.763218,0.841265,0.960014,0.908612,0.672482,0.890256,0.906634,0.602494,0.606107,0.475136,0.66556,0.850002,0.681469,1.07337,0.718364,0.450245,0.721904,0.583208,0.45622,0.369869,1.22234,1.05959
3310.154101,0.831345,0.529675,0.848387,1.46816,0.857909,0.429544,0.988096,1.15716,0.443467,0.76819,0.504783,0.760873,0.836692,0.954638,0.904926,0.669551,0.88699,0.902957,0.600993,0.603757,0.472232,0.662799,0.84547,0.671194,1.0732,0.720519,0.447685,0.718794,0.579118,0.454348,0.373497,1.22242,1.06361
3312.197406,0.830352,0.529697,0.846891,1.46473,0.861712,0.430501,0.991114,1.15816,0.442771,0.766221,0.507472,0.760468,0.831647,0.950188,0.900265,0.669861,0.883568,0.898681,0.598985,0.602516,0.471035,0.657517,0.839499,0.663189,1.06946,0.724027,0.445924,0.716681,0.578728,0.454439,0.37561,1.22106,1.06489
3314.243236,0.829404,0.52991,0.846247,1.46048,0.864264,0.431803,0.992595,1.15807,0.442945,0.763191,0.504939,0.759609,0.828027,0.95083,0.893505,0.672405,0.881051,0.894587,0.597022,0.599691,0.470186,0.656168,0.833627,0.658779,1.06373,0.726084,0.444323,0.716562,0.577582,0.456552,0.374714,1.21532,1.06511
3316.291593,0.827448,0.530002,0.847364,1.45678,0.867621,0.432465,0.98831,1.1588,0.442946,0.762191,0.503611,0.75805,0.82615,0.954323,0.887326,0.674188,0.879576,0.893398,0.595585,0.597875,0.468904,0.658329,0.830461,0.65789,1.06314,0.729333,0.441628,0.716607,0.578376,0.460062,0.372935,1.21072,1.06565
3318.342485,0.825902,0.528639,0.847848,1.45376,0.86826,0.431995,0.979569,1.16061,0.442116,0.763314,0.504003,0.757228,0.826494,0.953777,0.882222,0.672973,0.876707,0.89046,0.593967,0.598068,0.467017,0.659533,0.827399,0.658407,1.06303,0.728232,0.437637,0.715498,0.579908,0.460227,0.371329,1.20391,1.06133
3320.395915,0.827535,0.527787,0.84586,1.44994,0.869328,0.432294,0.975061,1.15998,0.441647,0.763006,0.504727,0.757032,0.828966,0.951895,0.878118,0.671782,0.873051,0.882722,0.592807,0.596362,0.465784,0.662523,0.82395,0.661131,1.05995,0.724212,0.433809,0.715256,0.581232,0.458049,0.372389,1.19521,1.05953
3322.451887,0.829333,0.528412,0.842686,1.443,0.864348,0.43191,0.977028,1.15822,0.441302,0.759301,0.504232,0.7561,0.830484,0.948152,0.874786,0.666873,0.868621,0.873928,0.591168,0.593424,0.465244,0.665099,0.821146,0.661674,1.05662,0.719183,0.430408,0.71452,0.582869,0.458156,0.370679,1.18887,1.05774
3324.510408,0.831331,0.529595,0.841506,1.43595,0.856178,0.431107,0.981864,1.15792,0.440545,0.756554,0.506805,0.755474,0.834539,0.949778,0.873552,0.659749,0.864628,0.869102,0.590606,0.592747,0.465073,0.665594,0.818735,0.66343,1.05718,0.717204,0.428061,0.713752,0.583668,0.458746,0.365281,1.18991,1.0563
3326.571481,0.832886,0.530979,0.841858,1.42898,0.8503,0.429446,0.979399,1.15331,0.439303,0.754596,0.507789,0.754545,0.838473,0.953048,0.872808,0.654646,0.860724,0.869717,0.58844,0.591718,0.463295,0.664355,0.816565,0.666019,1.0564,0.719065,0.426284,0.71369,0.586939,0.45706,0.357539,1.18923,1.05412
3328.635111,0.835908,0.532619,0.840682,1.4251,0.843949,0.429979,0.974586,1.15045,0.437983,0.751971,0.505914,0.753754,0.841218,0.953396,0.870829,0.651265,0.857307,0.872076,0.583829,0.590364,0.460597,0.662403,0.814395,0.666226,1.05374,0.720456,0.425908,0.712845,0.590905,0.454733,0.352835,1.18747,1.0482
3330.701302,0.840458,0.5329,0.836163,1.42304,0.836057,0.434662,0.973242,1.15065,0.434953,0.747627,0.506027,0.752503,0.842696,0.946594,0.867612,0.648401,0.856093,0.869592,0.578526,0.58787,0.45813,0.658618,0.81184,0.661423,1.04742,0.719536,0.42549,0.708743,0.589773,0.447308,0.350295,1.18792,1.04075
3332.770061,0.844905,0.535291,0.833252,1.42231,0.834464,0.441212,0.978382,1.14939,0.431884,0.746735,0.508645,0.750614,0.844947,0.936998,0.866099,0.64692,0.856981,0.865602,0.575399,0.586351,0.457631,0.655301,0.809653,0.657498,1.0432,0.718539,0.424664,0.704808,0.587063,0.439028,0.351979,1.19194,1.03928
3334.841391,0.847196,0.538809,0.833957,1.42129,0.834553,0.449298,0.985521,1.14644,0.428919,0.748564,0.511144,0.748813,0.843191,0.93031,0.865698,0.645085,0.857219,0.862244,0.572857,0.584956,0.45756,0.655312,0.808112,0.654047,1.0406,0.715685,0.423298,0.702442,0.582672,0.431824,0.353073,1.19683,1.04187
3336.915297,0.849124,0.542586,0.835813,1.42145,0.831967,0.462273,0.996853,1.14456,0.426537,0.749243,0.515516,0.747951,0.840115,0.934403,0.865159,0.644739,0.858141,0.866748,0.569821,0.584791,0.457063,0.655208,0.807241,0.649269,1.03971,0.715297,0.422466,0.700773,0.577687,0.430857,0.352817,1.20687,1.04853
3338.991785,0.851334,0.546653,0.834387,1.4186,0.829549,0.479138,1.00292,1.14358,0.425209,0.74693,0.518695,0.749274,0.835316,0.940353,0.863957,0.64629,0.859147,0.871284,0.567413,0.586154,0.455554,0.651339,0.804628,0.642878,1.03398,0.716565,0.422768,0.700467,0.575655,0.4307,0.349574,1.21675,1.05595
3341.070858,0.8544,0.550531,0.835286,1.41846,0.833663,0.499161,1.00652,1.14453,0.425064,0.745117,0.519639,0.751788,0.833583,0.944932,0.863085,0.648003,0.860115,0.874801,0.568698,0.588776,0.454443,0.648919,0.803014,0.636325,1.02779,0.721441,0.424278,0.701496,0.574307,0.429253,0.349754,1.2279,1.0627
3343.152522,0.858043,0.553645,0.839648,1.42298,0.837197,0.522225,1.00783,1.14285,0.425703,0.744947,0.522259,0.752582,0.834127,0.949231,0.861935,0.646431,0.86222,0.876289,0.57179,0.590465,0.454181,0.649347,0.802366,0.633682,1.02509,0.728773,0.424714,0.703273,0.569788,0.428038,0.353296,1.23769,1.0692
3345.236782,0.861979,0.555858,0.844211,1.42689,0.838715,0.546475,1.00765,1.1419,0.427177,0.746982,0.52699,0.7526,0.837799,0.958032,0.861904,0.646171,0.864734,0.876316,0.57639,0.594487,0.455185,0.650588,0.802469,0.636847,1.02531,0.735187,0.424128,0.706284,0.571193,0.431729,0.3548,1.24593,1.07952
3347.323642,0.865731,0.557649,0.848416,1.42789,0.841277,0.570868,1.00562,1.14432,0.427669,0.748575,0.529256,0.753817,0.841895,0.965271,0.863252,0.647733,0.866465,0.875584,0.580864,0.597093,0.456761,0.651889,0.802457,0.637168,1.02228,0.735038,0.424559,0.708514,0.576885,0.433323,0.356224,1.24986,1.08818
3349.413107,0.870687,0.562218,0.851975,1.42865,0.848127,0.596827,1.00771,1.14469,0.429218,0.749338,0.531059,0.755944,0.845512,0.967679,0.866394,0.649878,0.86887,0.876529,0.584485,0.597199,0.459409,0.655429,0.802819,0.635491,1.02326,0.731455,0.426837,0.71065,0.581565,0.437376,0.361255,1.24928,1.09331
3351.505183,0.875677,0.567026,0.85412,1.42665,0.852734,0.62042,1.01289,1.14095,0.432262,0.750427,0.530128,0.757421,0.848141,0.969569,0.87007,0.650537,0.871648,0.87848,0.588141,0.599526,0.463614,0.656154,0.804134,0.635303,1.03161,0.72847,0.43023,0.710834,0.588176,0.445857,0.35968,1.24833,1.09421
3353.599874,0.881703,0.569451,0.855957,1.42643,0.852372,0.641756,1.01664,1.13626,0.436421,0.753997,0.525134,0.758707,0.851594,0.973823,0.874704,0.653765,0.874546,0.880407,0.593662,0.604747,0.4685,0.656853,0.806423,0.636663,1.04174,0.727582,0.435084,0.712133,0.59893,0.451202,0.355383,1.24967,1.09351
3355.697185,0.888823,0.57109,0.858027,1.42796,0.847862,0.658702,1.01795,1.13076,0.441038,0.757725,0.516783,0.759806,0.851732,0.974744,0.87741,0.660075,0.877643,0.884621,0.597874,0.606998,0.473087,0.661187,0.808078,0.636159,1.04664,0.725659,0.439896,0.715335,0.609495,0.453758,0.352318,1.24306,1.0852
3357.79712,0.897111,0.574067,0.860726,1.43327,0.841271,0.671609,1.02147,1.12996,0.44637,0.760067,0.509706,0.76114,0.853485,0.971409,0.879786,0.666125,0.882554,0.890088,0.59825,0.607692,0.478887,0.666284,0.808399,0.636929,1.04756,0.722873,0.444491,0.717275,0.615171,0.456934,0.354321,1.23328,1.07306
3359.899686,0.903869,0.57732,0.864003,1.44017,0.835406,0.68224,1.02205,1.13442,0.451635,0.761801,0.503634,0.762252,0.856753,0.963445,0.884222,0.669568,0.887656,0.889941,0.596934,0.609165,0.485542,0.670982,0.807327,0.639683,1.04409,0.717144,0.449656,0.716792,0.615769,0.456997,0.3592,1.22392,1.06589
3362.004886,0.908834,0.58094,0.868081,1.44577,0.836346,0.692093,1.025,1.14077,0.456437,0.766264,0.500495,0.764048,0.860066,0.957065,0.890459,0.672468,0.891772,0.885598,0.597614,0.612498,0.492688,0.678494,0.807133,0.645729,1.0441,0.711846,0.455886,0.717568,0.618979,0.452857,0.36048,1.21818,1.06187
3364.112726,0.913884,0.583785,0.869777,1.4488,0.835703,0.698742,1.02791,1.14549,0.459773,0.769659,0.50181,0.766512,0.860148,0.955603,0.896981,0.674967,0.896604,0.8813,0.597641,0.614859,0.498695,0.687092,0.807036,0.64902,1.04474,0.70651,0.461662,0.720043,0.621386,0.443276,0.356778,1.21548,1.05627
3366.223211,0.921575,0.586922,0.870283,1.45042,0.834376,0.703105,1.03029,1.15049,0.463473,0.77173,0.506444,0.770428,0.857654,0.958438,0.904444,0.676701,0.903378,0.881058,0.598578,0.618268,0.503337,0.692692,0.805393,0.649889,1.04291,0.706922,0.467261,0.723114,0.620735,0.43779,0.3527,1.21631,1.05254
3368.336345,0.930053,0.588957,0.870063,1.44969,0.839048,0.705004,1.03243,1.15751,0.467366,0.773538,0.509155,0.775752,0.855974,0.957263,0.91218,0.675951,0.90972,0.881998,0.602537,0.622331,0.506707,0.694438,0.803815,0.649119,1.0399,0.711321,0.470687,0.725536,0.621257,0.43812,0.346895,1.21738,1.04977
3370.452135,0.937972,0.589727,0.871514,1.45042,0.850339,0.706263,1.03539,1.16687,0.471252,0.777179,0.513195,0.781108,0.859601,0.954537,0.920036,0.673698,0.916459,0.885494,0.608483,0.62583,0.510703,0.696635,0.805141,0.648141,1.03638,0.716147,0.473524,0.728717,0.624471,0.441052,0.344369,1.21877,1.04629
3372.570583,0.943844,0.590396,0.873979,1.45132,0.857277,0.708043,1.03567,1.17375,0.475215,0.782241,0.517765,0.785148,0.865989,0.95052,0.926425,0.670096,0.923004,0.886319,0.613865,0.627646,0.514592,0.698141,0.807493,0.648876,1.03012,0.721023,0.476625,0.732582,0.625146,0.443908,0.346247,1.21551,1.04694
3374.691697,0.947899,0.592788,0.875618,1.45106,0.861047,0.708272,1.03915,1.17879,0.478874,0.786768,0.52014,0.788207,0.873814,0.947823,0.932275,0.669411,0.928558,0.889872,0.620193,0.629585,0.517361,0.697472,0.810509,0.651859,1.02869,0.724077,0.480446,0.737184,0.630197,0.446986,0.34923,1.2119,1.05306
3376.81548,0.949954,0.596207,0.876316,1.44778,0.865686,0.705858,1.04166,1.18228,0.481077,0.79079,0.521308,0.790584,0.877319,0.945398,0.936994,0.672193,0.932261,0.895451,0.62624,0.628345,0.519271,0.695578,0.81384,0.64965,1.03095,0.720984,0.484984,0.738932,0.6384,0.447717,0.349198,1.20627,1.05525
3378.941938,0.951256,0.600939,0.876563,1.44323,0.871084,0.704718,1.04393,1.18172,0.483339,0.795792,0.524813,0.793332,0.880482,0.943654,0.939806,0.678653,0.934622,0.901064,0.632223,0.628024,0.520847,0.697609,0.816436,0.645972,1.03578,0.716903,0.489254,0.739051,0.646719,0.453897,0.346884,1.20053,1.05325
3381.071076,0.950665,0.605068,0.876892,1.43702,0.872935,0.70232,1.04791,1.17756,0.486724,0.800365,0.524936,0.795468,0.884801,0.943219,0.940347,0.685398,0.936266,0.906604,0.636385,0.630655,0.522773,0.701195,0.818409,0.644148,1.0411,0.713583,0.491607,0.738097,0.654511,0.460602,0.343598,1.19833,1.04998
3383.202899,0.948839,0.60768,0.879387,1.43356,0.872589,0.698933,1.05521,1.17489,0.490535,0.805389,0.523236,0.7968,0.888668,0.944481,0.939422,0.691011,0.936861,0.91395,0.640687,0.633345,0.525168,0.707565,0.820587,0.641837,1.04397,0.712516,0.492154,0.738804,0.660207,0.459453,0.344139,1.20254,1.05109
3385.337412,0.946635,0.608239,0.882933,1.43149,0.870642,0.691867,1.05787,1.17347,0.49263,0.809443,0.519922,0.796704,0.891693,0.944959,0.93547,0.697379,0.935847,0.920922,0.64334,0.633885,0.525309,0.713426,0.819946,0.64087,1.04001,0.712862,0.490581,0.742102,0.65878,0.455452,0.34429,1.20449,1.05196
3387.47462,0.943224,0.608794,0.887873,1.43182,0.868723,0.683468,1.05336,1.17396,0.492893,0.811863,0.515642,0.794557,0.902181,0.943709,0.931889,0.704554,0.933417,0.926306,0.642449,0.63633,0.523429,0.717252,0.816299,0.645711,1.03355,0.714104,0.489236,0.746519,0.656226,0.453812,0.350615,1.20504,1.0525
3389.614528,0.937427,0.608551,0.89294,1.4291,0.867593,0.676896,1.0411,1.17712,0.490937,0.812988,0.51112,0.790684,0.911612,0.942652,0.929088,0.709762,0.927636,0.931446,0.640586,0.641273,0.520366,0.720568,0.812172,0.650884,1.02739,0.715603,0.4883,0.749919,0.658599,0.448044,0.35744,1.20412,1.0546
3391.757142,0.932546,0.608333,0.894814,1.42335,0.871804,0.673573,1.03575,1.18333,0.488066,0.815245,0.512956,0.787178,0.912693,0.943913,0.924888,0.712824,0.922505,0.935602,0.639666,0.649097,0.517681,0.72337,0.809134,0.654908,1.02211,0.719158,0.486179,0.75464,0.667456,0.440085,0.35996,1.20866,1.05643
3393.902466,0.929096,0.609322,0.892684,1.41843,0.874156,0.668848,1.03482,1.18556,0.484702,0.81809,0.514707,0.783992,0.907249,0.94628,0.91952,0.715104,0.919646,0.936143,0.638734,0.656117,0.514257,0.724814,0.804677,0.657587,1.01688,0.721685,0.481689,0.758646,0.671059,0.432028,0.361557,1.21925,1.05396
3396.050505,0.926067,0.611998,0.893592,1.41639,0.876662,0.664946,1.03359,1.18573,0.481752,0.82349,0.510008,0.782129,0.901374,0.947561,0.915825,0.718668,0.916643,0.938597,0.639494,0.661841,0.509683,0.726023,0.79966,0.662167,1.01354,0.725555,0.476639,0.760605,0.669253,0.430234,0.364917,1.23285,1.05489
3398.201265,0.921461,0.614777,0.896806,1.41496,0.880446,0.66266,1.03436,1.18791,0.478069,0.82827,0.50204,0.781304,0.898695,0.943345,0.912948,0.721204,0.913654,0.941411,0.640279,0.665283,0.506142,0.725156,0.796624,0.666055,1.00988,0.726332,0.471491,0.760661,0.667491,0.431409,0.366629,1.24282,1.05728
3400.354752,0.918143,0.617817,0.901041,1.41267,0.885123,0.66146,1.03734,1.19243,0.475542,0.831965,0.49541,0.780461,0.901072,0.937685,0.911372,0.725102,0.913082,0.941996,0.639162,0.668064,0.505119,0.724608,0.796445,0.668833,1.00405,0.723441,0.468642,0.761616,0.668703,0.432199,0.367074,1.25032,1.06059
3402.510969,0.916011,0.621308,0.902645,1.40906,0.883766,0.659859,1.04438,1.19862,0.474492,0.836454,0.490547,0.779423,0.904125,0.932732,0.91019,0.728657,0.912511,0.940496,0.63749,0.669898,0.504212,0.72327,0.796871,0.668924,1.00117,0.724456,0.468094,0.762957,0.668085,0.431814,0.369794,1.2551,1.06737
3404.669923,0.915409,0.625928,0.899855,1.40583,0.876249,0.657176,1.05621,1.20455,0.47378,0.841872,0.489695,0.778534,0.906419,0.9301,0.908832,0.73256,0.912547,0.941621,0.637397,0.669142,0.504376,0.722368,0.79658,0.668384,1.01071,0.726696,0.469496,0.765657,0.66856,0.429668,0.376152,1.25717,1.07375
3406.831618,0.915431,0.630898,0.894884,1.40194,0.866995,0.654127,1.0608,1.20664,0.472827,0.846391,0.49036,0.778271,0.905146,0.928369,0.907501,0.738824,0.913238,0.940543,0.637044,0.665098,0.50659,0.721721,0.795515,0.664838,1.01755,0.720889,0.472262,0.768309,0.667914,0.427973,0.376703,1.25454,1.07357
3408.99606,0.916276,0.636388,0.891145,1.3994,0.859176,0.652637,1.05949,1.206,0.473359,0.850779,0.494105,0.779988,0.901598,0.928816,0.907121,0.744525,0.914731,0.940813,0.637565,0.661218,0.508774,0.723868,0.795057,0.661054,1.01649,0.715068,0.475683,0.770607,0.66642,0.429771,0.371301,1.25005,1.07142
3411.163254,0.916837,0.641303,0.887403,1.39878,0.854051,0.649213,1.05937,1.2033,0.474956,0.854192,0.495866,0.782621,0.898537,0.929428,0.906986,0.746449,0.916464,0.942498,0.638111,0.65736,0.510089,0.726857,0.795322,0.658212,1.01499,0.713493,0.476322,0.769907,0.66403,0.427198,0.365832,1.24399,1.06976
3413.333205,0.917638,0.645363,0.883356,1.4016,0.855003,0.645806,1.06487,1.20249,0.476394,0.857234,0.496314,0.785404,0.899369,0.929538,0.906522,0.747033,0.917269,0.941741,0.638967,0.65545,0.511305,0.732268,0.795459,0.655928,1.01499,0.716879,0.475415,0.76878,0.659495,0.420086,0.363248,1.23899,1.07041
3415.505919,0.919738,0.647693,0.881537,1.40182,0.857674,0.641487,1.06446,1.2029,0.476876,0.856479,0.496588,0.787297,0.900141,0.927957,0.904905,0.747846,0.915534,0.93987,0.637102,0.656114,0.510676,0.735713,0.793552,0.655584,1.00908,0.719428,0.475903,0.769866,0.65377,0.413642,0.361735,1.2246,1.06964
3417.6814,0.921607,0.650091,0.882924,1.40025,0.862032,0.638233,1.05997,1.20262,0.476248,0.852754,0.498003,0.787218,0.902774,0.926736,0.903012,0.747873,0.911896,0.943943,0.635654,0.658168,0.509298,0.736608,0.791201,0.658165,1.00201,0.719027,0.4774,0.771869,0.65323,0.409582,0.363002,1.20806,1.06537
3419.859655,0.922467,0.65228,0.882176,1.39723,0.868395,0.637137,1.05607,1.19994,0.474171,0.849608,0.502516,0.786526,0.900964,0.924236,0.899896,0.743775,0.907415,0.94863,0.637418,0.659852,0.508104,0.737068,0.789421,0.659217,0.995376,0.719318,0.475995,0.772506,0.65747,0.404868,0.358327,1.19758,1.05621
3422.040688,0.924118,0.654316,0.88027,1.39519,0.878584,0.638038,1.05764,1.19635,0.472315,0.848073,0.510575,0.786575,0.893341,0.92074,0.894912,0.738484,0.903733,0.946165,0.642746,0.662618,0.507368,0.739373,0.789277,0.658767,0.9878,0.720196,0.471995,0.772954,0.663245,0.403592,0.349613,1.18931,1.04579
3424.224504,0.923222,0.655841,0.879571,1.3936,0.887007,0.638223,1.05887,1.19176,0.470012,0.847051,0.510021,0.786072,0.887674,0.916109,0.888481,0.736759,0.898728,0.93756,0.649021,0.664106,0.505158,0.74122,0.788891,0.658911,0.981541,0.717131,0.467726,0.770381,0.663448,0.402996,0.341727,1.18147,1.03422
3426.41111,0.920477,0.655779,0.884891,1.39123,0.89597,0.638015,1.05984,1.18788,0.467551,0.847075,0.502562,0.785742,0.888735,0.910965,0.882721,0.739181,0.892438,0.935837,0.654695,0.666528,0.501939,0.742905,0.788333,0.659651,0.979202,0.714115,0.463309,0.76558,0.661041,0.402803,0.337018,1.1786,1.02708
3428.60051,0.917573,0.654288,0.893574,1.38719,0.900547,0.636529,1.05619,1.18574,0.464184,0.844855,0.496926,0.784915,0.890643,0.907111,0.87793,0.740793,0.887805,0.938129,0.661103,0.669708,0.499539,0.741521,0.787459,0.658844,0.977936,0.71171,0.458368,0.761259,0.663682,0.400078,0.330289,1.17585,1.02179
3430.79271,0.917518,0.653201,0.900377,1.38164,0.898497,0.634592,1.05278,1.18646,0.461341,0.842635,0.492714,0.783661,0.893045,0.907567,0.873276,0.741348,0.885885,0.9411,0.667753,0.673317,0.497837,0.738596,0.786793,0.660991,0.974263,0.710765,0.454442,0.758855,0.672449,0.398121,0.326144,1.17319,1.01713
3432.987715,0.918077,0.651127,0.900514,1.37426,0.889406,0.632617,1.05447,1.18599,0.459014,0.844269,0.491171,0.781247,0.896159,0.90966,0.86798,0.738897,0.88286,0.943,0.672242,0.675838,0.495512,0.736427,0.785704,0.662393,0.972484,0.712337,0.451314,0.7594,0.677259,0.396905,0.327561,1.16552,1.01146
3435.18553,0.917903,0.649525,0.899378,1.36767,0.879133,0.629969,1.0542,1.18269,0.456036,0.846961,0.493389,0.778229,0.903005,0.913382,0.861755,0.736977,0.878444,0.944644,0.673554,0.677114,0.493953,0.737249,0.784053,0.661534,0.979716,0.713196,0.448565,0.761941,0.679375,0.397352,0.329387,1.15728,1.00696
3437.386161,0.916865,0.649757,0.898525,1.36177,0.872972,0.626918,1.04491,1.17337,0.451932,0.846285,0.492516,0.775704,0.907103,0.914685,0.855721,0.736379,0.873233,0.945837,0.671689,0.675992,0.492189,0.736552,0.782204,0.659988,0.984107,0.709976,0.445651,0.76276,0.680235,0.400956,0.323821,1.14979,1.0013
3439.589614,0.91529,0.650011,0.897018,1.35669,0.868574,0.624348,1.03177,1.15948,0.448966,0.844799,0.490405,0.773362,0.90536,0.917958,0.850355,0.735557,0.867779,0.948176,0.669951,0.672283,0.488732,0.734436,0.781521,0.657778,0.984014,0.709727,0.443046,0.762126,0.68081,0.405931,0.319127,1.13879,0.995171
3441.795894,0.911811,0.649453,0.893834,1.35182,0.862849,0.619413,1.02487,1.14663,0.445947,0.841668,0.485599,0.770996,0.901773,0.921487,0.844968,0.735889,0.862142,0.947096,0.665882,0.669708,0.484103,0.732727,0.780922,0.654911,0.98377,0.710611,0.438687,0.759062,0.677301,0.40594,0.319061,1.12425,0.98886
3444.005005,0.907511,0.649337,0.890376,1.34834,0.859291,0.615985,1.02468,1.13871,0.44283,0.836006,0.479629,0.768542,0.899298,0.922327,0.84082,0.737049,0.85637,0.943261,0.658894,0.670916,0.480403,0.731419,0.778989,0.655177,0.983272,0.711127,0.434221,0.756025,0.670299,0.403498,0.324256,1.11476,0.983781
3446.216954,0.903068,0.64736,0.889048,1.34287,0.857231,0.613982,1.02232,1.13307,0.4392,0.828983,0.475598,0.765051,0.893252,0.919507,0.836337,0.735258,0.85094,0.93843,0.649748,0.671782,0.476652,0.727368,0.774994,0.65546,0.978486,0.71079,0.430837,0.754933,0.663194,0.399819,0.328828,1.10825,0.98178
3448.431747,0.898268,0.64365,0.888839,1.33783,0.859643,0.613257,1.02234,1.12666,0.435202,0.824964,0.47289,0.760818,0.88941,0.917961,0.830518,0.732375,0.846767,0.934501,0.643036,0.66973,0.472424,0.725616,0.770527,0.655988,0.972602,0.708766,0.427259,0.755324,0.65977,0.398568,0.330064,1.1088,0.984577
3450.649388,0.89377,0.639268,0.886723,1.33326,0.864316,0.612895,1.02083,1.11964,0.430941,0.823201,0.471592,0.75656,0.886102,0.917573,0.823962,0.72887,0.84347,0.928106,0.638273,0.664642,0.46885,0.725449,0.766054,0.654609,0.966863,0.704777,0.422103,0.754,0.656678,0.39816,0.327098,1.11152,0.984109
3452.869883,0.890553,0.636848,0.887257,1.32694,0.868297,0.613392,1.02124,1.11818,0.427303,0.823631,0.470767,0.752758,0.882031,0.916045,0.817734,0.727168,0.840282,0.922844,0.63307,0.659335,0.466448,0.725127,0.762497,0.651184,0.961428,0.701753,0.417226,0.750709,0.651683,0.39676,0.32475,1.10676,0.97853
3455.093238,0.885407,0.634996,0.889075,1.32088,0.868863,0.614034,1.02833,1.12164,0.423517,0.824632,0.466814,0.749231,0.877699,0.912239,0.811392,0.726188,0.836733,0.919027,0.625003,0.654592,0.46345,0.722136,0.757602,0.646047,0.95509,0.698492,0.413867,0.748396,0.647975,0.393289,0.323475,1.09703,0.971677
3457.319457,0.880794,0.631547,0.8913,1.31636,0.867664,0.61315,1.03983,1.1239,0.420103,0.824413,0.464474,0.746725,0.874767,0.912227,0.806197,0.724147,0.834472,0.920759,0.617491,0.652065,0.460978,0.720301,0.751029,0.640681,0.952369,0.698024,0.410506,0.748428,0.649519,0.387705,0.323918,1.09056,0.971126
3459.548548,0.879079,0.629028,0.893033,1.31121,0.861895,0.612668,1.04411,1.12564,0.416993,0.822389,0.462499,0.744806,0.87102,0.914486,0.802574,0.717842,0.833759,0.926789,0.612495,0.650683,0.459131,0.719167,0.744713,0.635481,0.95185,0.699145,0.407851,0.749067,0.65433,0.380703,0.323041,1.08304,0.971323
3461.780515,0.880183,0.629187,0.892979,1.30614,0.856576,0.616079,1.04725,1.12777,0.415039,0.82198,0.459348,0.743836,0.869395,0.914674,0.799919,0.709829,0.833495,0.931534,0.607262,0.649973,0.457928,0.716811,0.739924,0.633642,0.948528,0.699319,0.407147,0.74949,0.659696,0.377809,0.323643,1.07464,0.969258
3464.015363,0.881809,0.628284,0.889924,1.30185,0.851524,0.621544,1.0504,1.12709,0.41317,0.823209,0.460377,0.742957,0.873913,0.91076,0.79781,0.703088,0.83212,0.931161,0.600958,0.648459,0.456606,0.715313,0.735261,0.631686,0.944985,0.697725,0.40645,0.749963,0.664586,0.379394,0.324197,1.06636,0.967502
3466.253099,0.883443,0.626919,0.888644,1.30088,0.844582,0.632322,1.05219,1.12579,0.41115,0.823806,0.465725,0.743336,0.879819,0.909392,0.796016,0.70099,0.829975,0.934053,0.59484,0.648267,0.455365,0.716438,0.731024,0.629378,0.947096,0.696187,0.405717,0.747957,0.671035,0.382693,0.323757,1.0597,0.967609
3468.493728,0.883102,0.627017,0.887058,1.29936,0.839299,0.647487,1.04929,1.12109,0.409576,0.822381,0.468848,0.744402,0.877048,0.908205,0.79479,0.700076,0.827952,0.938892,0.588786,0.64565,0.454483,0.717311,0.727669,0.627425,0.948832,0.693828,0.405458,0.743636,0.675116,0.382981,0.318948,1.05238,0.964626
3470.737256,0.881504,0.627181,0.884627,1.29724,0.840072,0.663473,1.0449,1.11655,0.410171,0.821512,0.47151,0.745557,0.870199,0.907726,0.794884,0.699866,0.827034,0.940937,0.585798,0.641038,0.45432,0.717934,0.726386,0.626237,0.95142,0.694704,0.406154,0.741068,0.675569,0.383427,0.313878,1.04456,0.960276
3472.983688,0.878895,0.625174,0.881504,1.29658,0.840865,0.679818,1.04261,1.11356,0.411092,0.81983,0.472415,0.746931,0.864767,0.908869,0.796888,0.699662,0.826923,0.938757,0.585144,0.639348,0.454134,0.71549,0.725848,0.627795,0.955343,0.697243,0.406147,0.738412,0.670885,0.383021,0.311001,1.03934,0.957438
3475.23303,0.875649,0.621902,0.87793,1.29794,0.841509,0.700996,1.04033,1.11073,0.411373,0.81583,0.471644,0.747308,0.862155,0.909326,0.800815,0.69907,0.82703,0.93508,0.586731,0.640821,0.454988,0.711594,0.726314,0.63061,0.957424,0.700877,0.405515,0.734715,0.664809,0.38135,0.310536,1.04057,0.956868
3477.485287,0.871297,0.617789,0.874059,1.29931,0.845898,0.722917,1.03177,1.10715,0.411519,0.811113,0.471675,0.745611,0.859681,0.906034,0.803159,0.697912,0.827075,0.928813,0.587524,0.642079,0.456041,0.707907,0.72664,0.629168,0.95404,0.702344,0.40482,0.730598,0.658599,0.378354,0.307665,1.04338,0.957799
3479.740466,0.866636,0.612871,0.872186,1.29887,0.852858,0.743564,1.02339,1.10322,0.412367,0.808342,0.472367,0.743837,0.85895,0.904992,0.803686,0.699113,0.827178,0.922074,0.590138,0.641578,0.45624,0.705721,0.726549,0.626855,0.948827,0.699978,0.404835,0.727177,0.654005,0.379926,0.305495,1.04684,0.961666
3481.998571,0.860679,0.607893,0.869652,1.29325,0.854071,0.760025,1.01869,1.10018,0.412573,0.805054,0.470267,0.742215,0.855189,0.905095,0.803463,0.699222,0.826775,0.915559,0.59525,0.63914,0.455804,0.702042,0.726478,0.625618,0.944618,0.695674,0.405127,0.723782,0.645036,0.382609,0.30589,1.04733,0.962052
3484.259609,0.852637,0.603935,0.866794,1.28663,0.850717,0.771077,1.02319,1.09961,0.411748,0.802335,0.467016,0.740476,0.850695,0.90323,0.802574,0.696224,0.826281,0.909734,0.599294,0.635971,0.45542,0.69833,0.726376,0.62418,0.939975,0.692981,0.405146,0.721856,0.6353,0.38255,0.309183,1.04356,0.957278
3486.523585,0.842114,0.597734,0.864087,1.28399,0.848733,0.777825,1.03389,1.09664,0.410235,0.797872,0.466412,0.738193,0.849359,0.902136,0.799808,0.689304,0.8255,0.90316,0.600042,0.632707,0.454681,0.693857,0.72487,0.619127,0.934394,0.691192,0.403773,0.721927,0.631986,0.379382,0.309169,1.03705,0.952795
3488.790506,0.832072,0.589857,0.861569,1.28072,0.849832,0.780539,1.03864,1.0926,0.409254,0.792076,0.468953,0.736232,0.852932,0.90458,0.795298,0.68147,0.824336,0.898799,0.601328,0.632286,0.453724,0.691199,0.722007,0.612655,0.932803,0.690452,0.401152,0.722479,0.631236,0.375948,0.307637,1.03263,0.953714
3491.060376,0.8234,0.581765,0.859089,1.27448,0.851096,0.778316,1.03467,1.08898,0.407166,0.787652,0.468173,0.734587,0.858143,0.904341,0.788851,0.674067,0.822527,0.894941,0.602179,0.632475,0.45173,0.687442,0.718514,0.606384,0.931132,0.688267,0.397597,0.723251,0.628094,0.377893,0.306821,1.03018,0.94984
3493.333202,0.8153,0.572862,0.856577,1.27106,0.852468,0.771681,1.03275,1.08637,0.403662,0.784546,0.465957,0.732645,0.866032,0.902747,0.78202,0.667132,0.820476,0.888428,0.602919,0.631568,0.448976,0.683004,0.715284,0.600866,0.925739,0.686899,0.393017,0.723558,0.628517,0.385579,0.30583,1.02926,0.941946
3495.608989,0.807565,0.562558,0.853893,1.26886,0.849003,0.760845,1.02741,1.08632,0.398235,0.77965,0.46634,0.730702,0.873566,0.900984,0.774827,0.65954,0.817544,0.880325,0.604072,0.630203,0.445272,0.682324,0.711744,0.592686,0.917969,0.685592,0.38817,0.721194,0.631996,0.390707,0.302839,1.02481,0.936415
3497.887743,0.800613,0.552799,0.854073,1.26646,0.842602,0.749586,1.02315,1.08925,0.39289,0.773967,0.466649,0.729403,0.875208,0.901549,0.767987,0.651253,0.812876,0.87773,0.604057,0.630084,0.442101,0.685061,0.709234,0.588615,0.912472,0.686315,0.383452,0.716472,0.63279,0.388195,0.298799,1.017,0.933044
3500.16947,0.792979,0.5456,0.855424,1.26315,0.837388,0.736038,1.02114,1.09423,0.38825,0.768542,0.462483,0.727499,0.87215,0.902012,0.761935,0.643702,0.80679,0.87987,0.602122,0.627988,0.439657,0.688744,0.707375,0.589697,0.909844,0.686999,0.378125,0.712396,0.629988,0.378925,0.291451,1.00845,0.928841
3502.454176,0.786471,0.540228,0.858157,1.25932,0.833975,0.719215,1.0227,1.10189,0.384284,0.765052,0.458517,0.726002,0.870869,0.900301,0.756181,0.637889,0.80093,0.88142,0.602046,0.625428,0.437353,0.690223,0.705629,0.591928,0.910471,0.686966,0.373324,0.709251,0.629429,0.369395,0.284784,0.997301,0.924932
3504.741867,0.780846,0.535118,0.860527,1.25632,0.825143,0.701666,1.02175,1.10461,0.380347,0.761504,0.45702,0.724288,0.869722,0.899937,0.750156,0.631917,0.795172,0.880625,0.603388,0.624672,0.435126,0.687373,0.703294,0.591696,0.909045,0.685978,0.368397,0.704581,0.629389,0.360555,0.281685,0.984071,0.920324
3507.032548,0.776376,0.532592,0.861918,1.25463,0.819656,0.68636,1.0161,1.10232,0.376293,0.756311,0.458977,0.720869,0.866278,0.900479,0.744141,0.627447,0.789385,0.88129,0.605326,0.625884,0.433213,0.685912,0.701293,0.588764,0.905167,0.686945,0.363053,0.70005,0.627374,0.350994,0.282201,0.973484,0.916178
3509.326225,0.772516,0.531416,0.860209,1.25131,0.821643,0.670527,1.00796,1.09774,0.372606,0.750741,0.460341,0.715738,0.859371,0.897119,0.73727,0.621902,0.783615,0.880702,0.606376,0.627418,0.43054,0.68457,0.698532,0.586592,0.900257,0.686537,0.35832,0.695285,0.62419,0.341483,0.283005,0.964283,0.910893
3511.622904,0.770049,0.529042,0.858095,1.24512,0.821244,0.65678,1.00792,1.09162,0.369895,0.747646,0.46129,0.711337,0.852807,0.893425,0.730632,0.618091,0.778219,0.877494,0.609819,0.627602,0.427165,0.680619,0.694756,0.586438,0.897189,0.68451,0.355839,0.690847,0.621764,0.338489,0.28565,0.956842,0.904592
3513.922592,0.767431,0.526295,0.855275,1.23763,0.81552,0.642535,1.01263,1.08174,0.366373,0.743258,0.460808,0.70795,0.846076,0.890037,0.724268,0.615259,0.772944,0.872578,0.613707,0.627155,0.423879,0.674467,0.691282,0.585709,0.894269,0.6818,0.354267,0.687053,0.616612,0.338348,0.290662,0.947332,0.895942
3516.225293,0.764135,0.523656,0.852208,1.23378,0.811378,0.626913,1.01689,1.07117,0.362238,0.737917,0.460243,0.704626,0.840719,0.887386,0.717662,0.610514,0.769425,0.867574,0.615513,0.626536,0.421207,0.668868,0.688299,0.58234,0.890177,0.678582,0.35242,0.684751,0.611866,0.338333,0.294338,0.936209,0.885568
3518.531015,0.761057,0.520637,0.848858,1.23134,0.81162,0.612788,1.01655,1.05998,0.35876,0.734236,0.45994,0.701023,0.837044,0.885145,0.710712,0.605471,0.7666,0.862349,0.615155,0.624954,0.417896,0.66439,0.684626,0.576462,0.888941,0.675703,0.349239,0.682263,0.60884,0.337601,0.291156,0.925426,0.876835
3520.839762,0.758713,0.518961,0.843474,1.22654,0.81399,0.59857,1.01174,1.04875,0.356282,0.732213,0.460158,0.698496,0.83314,0.883637,0.704264,0.603954,0.763373,0.857577,0.615688,0.623831,0.413724,0.661352,0.679882,0.572442,0.891881,0.673213,0.345655,0.680383,0.606227,0.339749,0.289635,0.917296,0.870206
3523.151542,0.757098,0.517413,0.835291,1.22158,0.813306,0.580127,1.00767,1.03677,0.35269,0.729694,0.459162,0.695775,0.828947,0.881935,0.698397,0.603369,0.760315,0.851644,0.614684,0.62012,0.409232,0.656586,0.67487,0.570711,0.891642,0.669344,0.342609,0.679527,0.60337,0.346406,0.289922,0.910445,0.859534
3525.466359,0.75688,0.51671,0.828315,1.21826,0.813294,0.55915,1.00736,1.02607,0.348184,0.726544,0.45785,0.692488,0.826462,0.879358,0.693855,0.601831,0.75799,0.849583,0.611673,0.615091,0.404494,0.653753,0.67093,0.566804,0.889316,0.669434,0.339721,0.677345,0.602334,0.35196,0.288605,0.904044,0.849407
3527.784219,0.758256,0.517969,0.823858,1.2128,0.812735,0.53684,0.99853,1.0159,0.343269,0.722039,0.455586,0.689781,0.820557,0.875659,0.689966,0.597875,0.754988,0.847059,0.60662,0.609205,0.399941,0.654362,0.667888,0.558977,0.886742,0.670412,0.33669,0.672481,0.600336,0.350515,0.283799,0.894748,0.845183
3530.10513,0.761008,0.520292,0.82116,1.20671,0.809204,0.514124,0.987419,1.00974,0.338802,0.717852,0.452342,0.687596,0.814313,0.872892,0.686747,0.590888,0.751218,0.843056,0.600574,0.602517,0.396925,0.655279,0.665196,0.557239,0.884824,0.670355,0.333333,0.6684,0.595531,0.344183,0.279065,0.885736,0.845173
3532.429097,0.763549,0.522504,0.817632,1.20029,0.801982,0.489916,0.977808,1.00661,0.334306,0.71433,0.449716,0.685212,0.809162,0.86927,0.684226,0.584076,0.74752,0.840846,0.594167,0.596257,0.394415,0.651976,0.661986,0.556771,0.88236,0.666496,0.329995,0.666646,0.588239,0.337094,0.27732,0.878792,0.844173
3534.756125,0.766046,0.523402,0.814283,1.19332,0.794756,0.463702,0.967299,1.00439,0.330741,0.712129,0.450245,0.683217,0.804759,0.865969,0.682375,0.578148,0.744677,0.83808,0.588866,0.590054,0.391845,0.645058,0.659264,0.55232,0.879478,0.662058,0.327421,0.664322,0.582474,0.333,0.276319,0.871153,0.838802
3537.086221,0.767637,0.522369,0.810753,1.1876,0.787408,0.437554,0.951917,1.00211,0.328393,0.709495,0.450336,0.680522,0.80064,0.863487,0.680309,0.570512,0.741286,0.833499,0.584393,0.58308,0.389556,0.636913,0.657621,0.546881,0.874544,0.662091,0.324266,0.66105,0.575987,0.330583,0.272777,0.864019,0.831773
3539.419392,0.766841,0.519621,0.808309,1.18457,0.783884,0.41492,0.935977,1.0004,0.326271,0.706326,0.448853,0.67773,0.79576,0.863055,0.677907,0.563006,0.737685,0.830623,0.580513,0.577845,0.38764,0.630001,0.656498,0.545746,0.869234,0.664132,0.321157,0.660249,0.566334,0.326097,0.273179,0.860512,0.827775
3541.755642,0.762196,0.512233,0.805939,1.18161,0.782542,0.395423,0.925547,0.998798,0.324468,0.70379,0.447146,0.67518,0.790625,0.861718,0.674889,0.555758,0.734842,0.82401,0.576352,0.573936,0.385942,0.623457,0.655531,0.545912,0.865842,0.662916,0.319129,0.659864,0.55711,0.320449,0.277024,0.855437,0.823496
3544.094979,0.754731,0.501483,0.804635,1.17883,0.780953,0.380255,0.922519,0.996932,0.323325,0.701776,0.447707,0.672763,0.788589,0.85903,0.672077,0.55168,0.732188,0.814719,0.574217,0.570602,0.385256,0.615623,0.655419,0.541531,0.863507,0.662184,0.318055,0.658023,0.550944,0.3185,0.279073,0.848169,0.820033
3546.437408,0.744011,0.489334,0.805018,1.17822,0.780061,0.366948,0.918618,0.994585,0.321451,0.69737,0.446322,0.670561,0.784771,0.857392,0.669078,0.549008,0.730118,0.804869,0.57136,0.569034,0.385165,0.608347,0.655164,0.534915,0.859351,0.662781,0.316585,0.655339,0.545559,0.317079,0.276187,0.838827,0.816325
3548.782935,0.730304,0.476024,0.80481,1.17906,0.780072,0.353479,0.913817,0.99308,0.319789,0.692059,0.442506,0.668743,0.77781,0.859959,0.66562,0.54465,0.729976,0.799115,0.568352,0.5692,0.384096,0.603792,0.653929,0.530294,0.856625,0.665785,0.315492,0.653885,0.541491,0.315797,0.273122,0.82992,0.812571
3551.131567,0.714373,0.462488,0.800879,1.17781,0.779101,0.341341,0.908175,0.990321,0.319296,0.687305,0.438335,0.666666,0.768986,0.864209,0.662608,0.540719,0.729706,0.795652,0.567309,0.569002,0.382013,0.5995,0.651899,0.527758,0.858564,0.668142,0.314101,0.650915,0.539517,0.312846,0.271245,0.823169,0.809715
3553.48331,0.697256,0.449218,0.796094,1.17533,0.776618,0.331639,0.905025,0.984866,0.319704,0.681267,0.436694,0.664483,0.761226,0.866856,0.660391,0.538381,0.728921,0.793509,0.568688,0.568265,0.380368,0.595413,0.650037,0.527864,0.86134,0.665945,0.312189,0.646895,0.539638,0.310691,0.272821,0.817595,0.806047
3555.83817,0.679952,0.435941,0.792745,1.17355,0.771093,0.323138,0.901306,0.976968,0.318962,0.674582,0.437069,0.661401,0.758321,0.865971,0.658119,0.536366,0.728047,0.794356,0.568454,0.566242,0.378333,0.591121,0.648876,0.528093,0.860075,0.661747,0.310283,0.643517,0.538985,0.309712,0.272881,0.811712,0.799498
3558.196152,0.66372,0.424009,0.791476,1.17072,0.767602,0.316631,0.895045,0.967702,0.316923,0.670177,0.437857,0.65877,0.756431,0.862352,0.655466,0.534876,0.727131,0.797378,0.566766,0.565096,0.375388,0.587408,0.64745,0.52852,0.857452,0.662782,0.308501,0.639758,0.539121,0.309877,0.270334,0.807936,0.794615
3560.557265,0.649204,0.413271,0.790145,1.1653,0.764213,0.311786,0.885109,0.957166,0.314503,0.666317,0.437715,0.657234,0.75231,0.861615,0.652745,0.531361,0.725734,0.794615,0.565613,0.563833,0.373401,0.585174,0.645461,0.530122,0.853939,0.664459,0.306641,0.635134,0.540232,0.308705,0.26604,0.8038,0.792981
3562.921512,0.636923,0.403376,0.786524,1.15981,0.758961,0.306787,0.878518,0.95075,0.311817,0.663194,0.438014,0.655747,0.751358,0.865465,0.650645,0.524905,0.724483,0.789577,0.565406,0.563274,0.372594,0.583814,0.644095,0.532041,0.849915,0.664751,0.305082,0.6326,0.540427,0.308314,0.262326,0.800715,0.792224
3565.288902,0.626298,0.394527,0.781234,1.15339,0.754667,0.301239,0.8752,0.945759,0.308766,0.660307,0.439107,0.654185,0.751384,0.866955,0.64873,0.51818,0.7229,0.785808,0.564328,0.562781,0.371172,0.579833,0.643636,0.531399,0.845169,0.663572,0.303409,0.630528,0.537377,0.310435,0.259792,0.800689,0.789672
3567.65944,0.617455,0.386614,0.778185,1.14836,0.752975,0.297578,0.874392,0.941657,0.307331,0.65793,0.440816,0.652909,0.753267,0.865934,0.64751,0.512889,0.720419,0.782159,0.563239,0.559615,0.369356,0.576028,0.644302,0.528359,0.840077,0.662349,0.301792,0.626737,0.53423,0.314395,0.257165,0.801596,0.785678
3570.033132,0.609797,0.379533,0.775231,1.14515,0.749358,0.295151,0.873573,0.940411,0.30673,0.655464,0.439865,0.65138,0.754111,0.862054,0.645746,0.507098,0.717135,0.776809,0.561343,0.553682,0.367119,0.574844,0.644931,0.523836,0.833763,0.660966,0.300215,0.622592,0.530317,0.316265,0.252045,0.801885,0.78264
3572.409985,0.602317,0.373719,0.771739,1.14299,0.748024,0.292999,0.873846,0.940128,0.30589,0.654024,0.43755,0.650925,0.750878,0.859069,0.642634,0.503364,0.714569,0.772747,0.559257,0.54869,0.365608,0.577126,0.64415,0.521677,0.829407,0.656484,0.299378,0.620697,0.526379,0.315417,0.250082,0.802218,0.781778
3574.790005,0.594821,0.367654,0.76683,1.13958,0.74781,0.291005,0.875613,0.939137,0.305239,0.653295,0.435288,0.65051,0.747734,0.855058,0.638916,0.501763,0.712466,0.76966,0.557281,0.545053,0.364557,0.578878,0.642655,0.518834,0.827766,0.651014,0.29855,0.619364,0.524108,0.314683,0.248796,0.800546,0.77998
3577.173198,0.58813,0.362319,0.761634,1.13538,0.746268,0.289035,0.878577,0.93938,0.304793,0.65259,0.433975,0.649603,0.745743,0.850854,0.636066,0.500297,0.710529,0.769008,0.557789,0.542347,0.363564,0.576945,0.641017,0.514033,0.825452,0.648901,0.296432,0.617157,0.522855,0.312951,0.244894,0.799026,0.779112
3579.559572,0.582156,0.357953,0.758813,1.13242,0.74586,0.286388,0.877863,0.939148,0.303918,0.650687,0.43202,0.648909,0.739827,0.849956,0.633172,0.499021,0.708914,0.769532,0.557498,0.540561,0.362899,0.573242,0.637951,0.510044,0.820936,0.646755,0.293489,0.615166,0.520153,0.307506,0.239143,0.797575,0.777087
3581.949131,0.577094,0.354155,0.757466,1.13064,0.745203,0.282722,0.876783,0.937302,0.303158,0.64774,0.42917,0.648194,0.734657,0.851828,0.630119,0.497272,0.707374,0.771775,0.555685,0.539183,0.362409,0.569754,0.633124,0.505464,0.818314,0.647626,0.291201,0.614038,0.51655,0.300302,0.237164,0.796564,0.77387
3584.341882,0.572219,0.350287,0.755355,1.12817,0.739895,0.277747,0.875399,0.935189,0.302075,0.644072,0.426686,0.64712,0.730592,0.850698,0.627682,0.494492,0.705221,0.770961,0.555281,0.537696,0.362045,0.565246,0.627543,0.498866,0.818783,0.647003,0.289033,0.612658,0.511475,0.293322,0.236174,0.796376,0.772319
3586.737833,0.567691,0.345798,0.754929,1.12641,0.733856,0.272253,0.871013,0.933963,0.299958,0.639871,0.427386,0.646053,0.726771,0.846129,0.625345,0.491786,0.703362,0.76865,0.556717,0.53674,0.362231,0.56113,0.622786,0.493292,0.819307,0.641736,0.286888,0.612186,0.507131,0.290678,0.236539,0.795763,0.771756
3589.136988,0.564036,0.341157,0.75527,1.12595,0.728395,0.266416,0.862777,0.93201,0.296999,0.635678,0.42882,0.644509,0.725611,0.841701,0.622939,0.488831,0.701052,0.768641,0.556853,0.536137,0.361415,0.55715,0.618249,0.488835,0.817728,0.64002,0.285423,0.61211,0.504094,0.28999,0.239081,0.794709,0.771073
3591.539356,0.560996,0.336252,0.754827,1.12491,0.723555,0.261323,0.854678,0.930755,0.294334,0.632525,0.429858,0.642998,0.725829,0.838957,0.621022,0.486455,0.698336,0.767563,0.5557,0.536509,0.35987,0.553267,0.612344,0.48778,0.81586,0.642466,0.284847,0.611368,0.504737,0.290744,0.242329,0.796229,0.772223
3593.944942,0.557429,0.330953,0.754654,1.1226,0.717173,0.256327,0.851166,0.930942,0.291967,0.630207,0.429633,0.641509,0.724485,0.839498,0.619428,0.48536,0.69606,0.761547,0.554926,0.536179,0.359576,0.55122,0.606197,0.486807,0.813652,0.641779,0.283915,0.609699,0.506676,0.287843,0.247664,0.797029,0.773967
3596.353752,0.55347,0.32652,0.755049,1.12068,0.712169,0.249841,0.850571,0.931279,0.289622,0.629072,0.428225,0.640184,0.724613,0.843141,0.618014,0.483919,0.694634,0.754987,0.554801,0.534634,0.359641,0.551679,0.601789,0.482713,0.812524,0.640057,0.282451,0.607503,0.505637,0.282679,0.254155,0.797059,0.774015
3598.765793,0.549029,0.322868,0.755083,1.11836,0.708473,0.243778,0.847391,0.928853,0.287109,0.627215,0.426614,0.638578,0.72542,0.842977,0.616052,0.481064,0.692855,0.748837,0.553622,0.531926,0.358382,0.552596,0.598217,0.478188,0.811658,0.640364,0.280871,0.603663,0.501291,0.279801,0.257408,0.796935,0.772617
3601.181072,0.544597,0.319304,0.755092,1.116,0.706981,0.239519,0.844433,0.924244,0.285795,0.625018,0.425947,0.636461,0.724707,0.840679,0.614075,0.478757,0.691151,0.744682,0.552608,0.528873,0.356462,0.554697,0.595479,0.473471,0.810692,0.642453,0.280142,0.599055,0.500442,0.278168,0.259983,0.796707,0.772789
3603.599595,0.540538,0.315823,0.753067,1.11328,0.707362,0.235516,0.839273,0.920354,0.284677,0.622892,0.423965,0.63417,0.720662,0.837972,0.611205,0.476061,0.690265,0.740065,0.549667,0.525465,0.353811,0.557424,0.592119,0.468632,0.810081,0.643165,0.278898,0.594399,0.501669,0.277012,0.259891,0.794783,0.772834
3606.021369,0.536435,0.313835,0.750966,1.10983,0.709531,0.232196,0.834007,0.918477,0.283573,0.621484,0.424266,0.63232,0.716432,0.835412,0.607875,0.473673,0.689517,0.736806,0.545042,0.522897,0.351661,0.560537,0.58847,0.467609,0.810216,0.641965,0.276838,0.591013,0.502143,0.278844,0.257855,0.7926,0.772518
3608.446401,0.532052,0.312471,0.748638,1.10393,0.708382,0.229221,0.82907,0.916516,0.282411,0.619743,0.425891,0.63067,0.712535,0.83224,0.605232,0.470952,0.687951,0.736133,0.540765,0.521266,0.349827,0.55992,0.586028,0.468081,0.809344,0.638753,0.274476,0.587886,0.501419,0.280783,0.253758,0.792918,0.77051
3610.874696,0.528559,0.310685,0.747547,1.09773,0.705501,0.226324,0.826882,0.916177,0.281155,0.618019,0.426769,0.629886,0.70932,0.831218,0.603068,0.466701,0.686421,0.735239,0.53785,0.519628,0.347889,0.554836,0.584369,0.468021,0.806908,0.634996,0.272225,0.58542,0.498954,0.279567,0.252156,0.795067,0.769501
3613.306261,0.525635,0.308648,0.748239,1.09227,0.705897,0.223449,0.826223,0.915269,0.280099,0.615586,0.42743,0.629312,0.70714,0.83173,0.600641,0.462448,0.684376,0.734208,0.53425,0.517296,0.347073,0.548736,0.582039,0.465833,0.803831,0.630899,0.269863,0.584151,0.494862,0.277805,0.249557,0.796206,0.770101
3615.741104,0.523209,0.307105,0.749864,1.08736,0.709684,0.220542,0.826976,0.912592,0.27939,0.612473,0.428463,0.628655,0.706613,0.834075,0.598805,0.458638,0.682126,0.735241,0.531543,0.515702,0.347388,0.542677,0.578608,0.460921,0.801994,0.632465,0.267965,0.583876,0.490773,0.277358,0.244566,0.796929,0.771543
3618.17923,0.520873,0.305293,0.750029,1.08344,0.711969,0.216871,0.826026,0.909517,0.278091,0.609617,0.428337,0.628459,0.705255,0.834946,0.596823,0.454356,0.680155,0.734902,0.530947,0.515471,0.347049,0.536617,0.574106,0.455671,0.799936,0.635094,0.266915,0.584207,0.486436,0.277241,0.239976,0.795674,0.77356
3620.620646,0.51922,0.303242,0.748998,1.08125,0.713887,0.213903,0.823146,0.907276,0.276508,0.607755,0.430741,0.628155,0.703379,0.833665,0.594682,0.450692,0.678892,0.734312,0.532517,0.516058,0.346126,0.532917,0.570145,0.451749,0.796871,0.635025,0.266528,0.584525,0.484387,0.279066,0.239497,0.791766,0.774335
3623.06536,0.518592,0.3011,0.74732,1.07997,0.713971,0.211868,0.820471,0.905816,0.275341,0.606122,0.433018,0.626889,0.702817,0.831219,0.592953,0.448776,0.677047,0.734456,0.53387,0.515402,0.344597,0.529319,0.567342,0.447787,0.792935,0.634192,0.265822,0.583585,0.483566,0.279543,0.240775,0.786468,0.773189
3625.513377,0.517355,0.299474,0.745738,1.07906,0.713315,0.210402,0.820475,0.906264,0.274179,0.605404,0.433189,0.626068,0.704774,0.827844,0.591464,0.45002,0.674571,0.733136,0.534494,0.514031,0.342996,0.52554,0.564805,0.444799,0.788265,0.632273,0.264373,0.582821,0.484017,0.277711,0.241238,0.779755,0.769674
3627.964704,0.515007,0.298179,0.744231,1.0788,0.71102,0.208463,0.822511,0.905925,0.272536,0.605146,0.427778,0.625112,0.706572,0.824932,0.589634,0.451473,0.672481,0.730328,0.534384,0.511746,0.341721,0.523796,0.56236,0.44114,0.782618,0.628851,0.262983,0.581643,0.482592,0.271325,0.240937,0.769375,0.762138
3630.419349,0.512821,0.296754,0.741792,1.08017,0.707397,0.206128,0.821177,0.903574,0.270808,0.60451,0.420972,0.623487,0.70952,0.820915,0.587759,0.451948,0.671113,0.73039,0.53435,0.509301,0.340493,0.525658,0.559704,0.438631,0.778294,0.628405,0.262677,0.580233,0.479176,0.264472,0.241404,0.755488,0.751269
3632.877317,0.510602,0.295304,0.738257,1.08072,0.702459,0.204376,0.814481,0.899354,0.268906,0.602665,0.41837,0.6216,0.711236,0.812742,0.58539,0.451807,0.669783,0.731953,0.534195,0.507025,0.338537,0.526627,0.556965,0.437301,0.774701,0.628491,0.262329,0.579008,0.476911,0.260301,0.240638,0.73962,0.738521
3635.338616,0.50851,0.294009,0.734783,1.07876,0.699988,0.203113,0.808959,0.895175,0.267168,0.600881,0.418898,0.619663,0.709151,0.805846,0.582737,0.450755,0.668227,0.731201,0.53369,0.505159,0.336369,0.526527,0.555327,0.436218,0.772574,0.626578,0.261296,0.5769,0.477271,0.257112,0.240736,0.724042,0.726891
3637.803253,0.50639,0.29225,0.731887,1.07567,0.700105,0.201274,0.80355,0.893855,0.265055,0.599679,0.419666,0.617783,0.705091,0.798587,0.579803,0.448542,0.666488,0.727021,0.530504,0.503331,0.334219,0.526312,0.553893,0.435882,0.771861,0.624119,0.259063,0.574707,0.476423,0.256679,0.238496,0.707363,0.714817
3640.271233,0.504235,0.290383,0.731742,1.07267,0.699536,0.199023,0.798131,0.893939,0.262638,0.599224,0.422618,0.616247,0.700802,0.791028,0.576852,0.445986,0.665146,0.723985,0.526492,0.501668,0.332484,0.526413,0.553169,0.436138,0.771063,0.622809,0.256558,0.573988,0.4737,0.258572,0.235667,0.691546,0.702444
3642.742565,0.502463,0.288413,0.732454,1.06855,0.695067,0.196752,0.796884,0.893942,0.26018,0.59792,0.424492,0.61492,0.694503,0.785051,0.574231,0.44133,0.663926,0.722138,0.522269,0.501162,0.331156,0.524142,0.552517,0.435858,0.770277,0.619203,0.254607,0.571787,0.469787,0.257358,0.234371,0.67954,0.69052
3645.217254,0.500887,0.286457,0.732766,1.06509,0.691796,0.194955,0.79977,0.895841,0.258559,0.595635,0.426264,0.614102,0.689047,0.781747,0.571893,0.435844,0.6634,0.720766,0.517449,0.501445,0.33024,0.52031,0.550928,0.435028,0.770546,0.615805,0.253092,0.569064,0.466963,0.256228,0.235642,0.669913,0.681616
3647.695308,0.498644,0.284982,0.732427,1.06195,0.694257,0.193226,0.80147,0.89568,0.2579,0.592287,0.429172,0.613206,0.685406,0.782663,0.569939,0.432303,0.662396,0.719776,0.513031,0.500926,0.329728,0.517851,0.549013,0.431989,0.770662,0.615465,0.250833,0.567304,0.466194,0.257256,0.235058,0.661141,0.675387
3650.176733,0.496282,0.28367,0.732137,1.05898,0.699573,0.191431,0.802356,0.892411,0.257479,0.589304,0.43057,0.611951,0.681394,0.788232,0.568381,0.430004,0.66049,0.720216,0.509769,0.501563,0.329914,0.516409,0.547468,0.428417,0.769297,0.618628,0.248396,0.566078,0.466109,0.257598,0.232445,0.654176,0.670564
3652.661537,0.49379,0.281183,0.731409,1.0563,0.701173,0.189672,0.80228,0.889047,0.25667,0.587701,0.429693,0.610514,0.676804,0.791447,0.566239,0.426457,0.658674,0.720521,0.505197,0.503184,0.330159,0.515705,0.545975,0.425024,0.766847,0.620911,0.246624,0.564576,0.465548,0.255489,0.228345,0.647668,0.666842
3655.149726,0.491099,0.278105,0.730678,1.05435,0.701446,0.188036,0.802033,0.886962,0.256215,0.587246,0.431504,0.609393,0.672618,0.793771,0.564169,0.422979,0.657526,0.721297,0.502425,0.504819,0.329956,0.51687,0.545241,0.420354,0.765829,0.621416,0.245199,0.56313,0.46611,0.253841,0.222905,0.641873,0.663997
3657.641307,0.488378,0.275457,0.729624,1.05219,0.701042,0.186066,0.800417,0.886098,0.256131,0.58645,0.431544,0.608579,0.668541,0.796956,0.562284,0.420634,0.655991,0.719674,0.501248,0.504939,0.328914,0.516411,0.544437,0.416117,0.764695,0.621909,0.243384,0.561683,0.467706,0.251795,0.217304,0.637049,0.660994
3660.136288,0.485556,0.27386,0.729111,1.05079,0.700901,0.184033,0.800042,0.886827,0.255959,0.585915,0.426888,0.608722,0.665599,0.800234,0.560269,0.41932,0.65364,0.71645,0.49869,0.504517,0.327981,0.515333,0.542756,0.415011,0.762055,0.624152,0.241797,0.560468,0.47005,0.251054,0.214725,0.632299,0.659321
3662.634674,0.483211,0.272462,0.728492,1.05036,0.700509,0.181879,0.800767,0.886363,0.255378,0.585687,0.419555,0.608029,0.66333,0.800874,0.558045,0.417453,0.650991,0.715162,0.493573,0.503282,0.327312,0.514085,0.540481,0.41409,0.759216,0.625368,0.240856,0.559179,0.469633,0.250494,0.21478,0.62717,0.658759
3665.136474,0.481767,0.271203,0.726792,1.04951,0.698048,0.179949,0.8004,0.884697,0.25449,0.585584,0.417635,0.6061,0.662629,0.798654,0.556224,0.416071,0.648439,0.715624,0.489648,0.501132,0.326454,0.512893,0.537951,0.41377,0.757636,0.625237,0.240624,0.558915,0.467922,0.250659,0.216643,0.622322,0.657198
3667.641693,0.480215,0.270515,0.724878,1.04622,0.692698,0.177909,0.796507,0.88207,0.253216,0.584208,0.420276,0.604169,0.661072,0.794481,0.554038,0.414378,0.645594,0.713965,0.487905,0.498007,0.324245,0.509082,0.535641,0.413666,0.755202,0.621387,0.240026,0.558737,0.466148,0.251739,0.216395,0.618733,0.654515
3670.15034,0.479071,0.269961,0.722089,1.04163,0.688314,0.175747,0.793367,0.879605,0.25182,0.582336,0.419726,0.602194,0.65942,0.790695,0.55134,0.4119,0.642359,0.709451,0.486671,0.494611,0.321665,0.504568,0.533933,0.414284,0.752192,0.616738,0.238811,0.558335,0.462943,0.252601,0.21803,0.616299,0.653089
3672.662421,0.478119,0.268774,0.719109,1.03733,0.682989,0.173424,0.792596,0.877729,0.250132,0.580465,0.41481,0.600614,0.658518,0.78478,0.548185,0.41038,0.639295,0.705968,0.484734,0.490978,0.319591,0.500761,0.532379,0.415855,0.749312,0.616085,0.237223,0.558427,0.458574,0.251916,0.220874,0.612786,0.651895
3675.177944,0.477114,0.267386,0.719104,1.03422,0.675923,0.171828,0.793807,0.87576,0.247877,0.578246,0.411133,0.599091,0.657497,0.779981,0.544485,0.409271,0.637585,0.704111,0.483862,0.488245,0.318352,0.496934,0.530529,0.416617,0.746737,0.616946,0.235257,0.558319,0.454425,0.248997,0.223763,0.609248,0.650299
3677.696914,0.475817,0.266256,0.719037,1.03146,0.670758,0.170757,0.794076,0.874042,0.245404,0.575718,0.409816,0.596812,0.655056,0.778231,0.540978,0.406857,0.636412,0.702288,0.481828,0.486889,0.31744,0.493046,0.528317,0.41628,0.744359,0.61353,0.23324,0.555767,0.450051,0.243177,0.224744,0.606604,0.648876
3680.21934,0.473769,0.26541,0.716209,1.0287,0.669656,0.170009,0.790222,0.8733,0.243329,0.572798,0.409485,0.594637,0.653944,0.777526,0.53811,0.405541,0.635212,0.702186,0.478914,0.484827,0.31625,0.491162,0.527085,0.415718,0.741065,0.610239,0.231885,0.552835,0.448216,0.239931,0.224398,0.605377,0.647905
3682.745228,0.471587,0.264516,0.712242,1.02592,0.669452,0.16968,0.785262,0.872329,0.241204,0.56942,0.407143,0.59255,0.654903,0.776188,0.535458,0.405096,0.633421,0.701531,0.475616,0.481806,0.314507,0.490291,0.526572,0.414208,0.736247,0.607524,0.230417,0.550658,0.447576,0.238315,0.222644,0.604071,0.64616
3685.274586,0.469744,0.262808,0.709917,1.02302,0.668209,0.169887,0.783136,0.871258,0.238923,0.566908,0.405034,0.590213,0.656324,0.774884,0.533164,0.403919,0.63127,0.700685,0.471061,0.481159,0.313582,0.489732,0.525915,0.41374,0.73333,0.604239,0.228467,0.548008,0.445614,0.235765,0.21927,0.602454,0.643977
3687.807421,0.467701,0.259941,0.707084,1.01975,0.665366,0.169792,0.780701,0.868988,0.236853,0.564964,0.405773,0.587846,0.655588,0.772771,0.531035,0.401536,0.629762,0.699875,0.464835,0.481348,0.313111,0.489479,0.524536,0.412851,0.732915,0.602538,0.226852,0.545341,0.442792,0.231696,0.214268,0.60112,0.641952
3690.34374,0.465612,0.257626,0.703084,1.01684,0.664001,0.169074,0.776705,0.866207,0.235383,0.563949,0.408634,0.58647,0.654746,0.772713,0.529048,0.398538,0.6291,0.697718,0.460949,0.481133,0.311798,0.489416,0.522478,0.411422,0.73276,0.603471,0.225778,0.544092,0.440631,0.227649,0.209949,0.600029,0.639263
3692.88355,0.463313,0.25584,0.700286,1.01381,0.662643,0.168377,0.769893,0.864934,0.233815,0.562593,0.409252,0.586015,0.653032,0.773659,0.527382,0.396351,0.628244,0.693169,0.459248,0.479566,0.309775,0.488657,0.520216,0.410827,0.73188,0.604927,0.224395,0.543184,0.437753,0.224839,0.205233,0.598702,0.635294
3695.426858,0.461273,0.254139,0.700814,1.01151,0.660992,0.167784,0.765067,0.86565,0.231713,0.561386,0.409993,0.586327,0.649264,0.772117,0.52638,0.396011,0.626744,0.691291,0.456641,0.477792,0.308086,0.488912,0.519069,0.409834,0.730158,0.606953,0.222708,0.541755,0.434108,0.225409,0.201166,0.598189,0.634206
3697.973672,0.459633,0.252735,0.701661,1.00911,0.66036,0.166758,0.763123,0.864548,0.229261,0.5605,0.412522,0.58646,0.646071,0.766362,0.525852,0.395261,0.624465,0.691673,0.451711,0.476576,0.306165,0.488583,0.518467,0.407087,0.726067,0.607079,0.220857,0.540009,0.43046,0.225665,0.198282,0.599835,0.634769
3700.523998,0.458284,0.251914,0.701468,1.00625,0.660159,0.165847,0.762226,0.862918,0.227726,0.558901,0.414868,0.585906,0.64448,0.762913,0.525871,0.393027,0.622067,0.692604,0.448461,0.475432,0.303904,0.486775,0.517101,0.404324,0.723255,0.605425,0.219857,0.538835,0.429326,0.226289,0.19593,0.605483,0.635866
3703.077845,0.457336,0.25068,0.701254,1.00336,0.657807,0.164924,0.760153,0.863136,0.227401,0.555916,0.418737,0.584783,0.641744,0.76126,0.525658,0.389723,0.620105,0.693312,0.448023,0.474121,0.301896,0.484155,0.514963,0.400757,0.721323,0.603433,0.218476,0.537956,0.428248,0.226676,0.19468,0.613892,0.639057
3705.635219,0.456671,0.249257,0.700299,1.00034,0.654963,0.162896,0.758642,0.862468,0.227681,0.552874,0.42284,0.584438,0.638169,0.758775,0.524516,0.387146,0.618287,0.693051,0.446627,0.473154,0.300775,0.480998,0.513352,0.39784,0.716791,0.600044,0.216431,0.537276,0.424075,0.221668,0.197826,0.621912,0.641767
3708.196128,0.454671,0.24823,0.698414,0.997214,0.649731,0.159701,0.758478,0.859173,0.227734,0.550607,0.42265,0.584584,0.632907,0.755502,0.522053,0.384824,0.615978,0.689862,0.443132,0.470849,0.299887,0.477027,0.513279,0.395113,0.710254,0.594676,0.215858,0.535852,0.417308,0.213019,0.201367,0.627547,0.643536
3710.760579,0.451832,0.247352,0.698058,0.995132,0.646719,0.157447,0.756016,0.856142,0.226891,0.548717,0.41947,0.583045,0.627169,0.754537,0.518582,0.381699,0.613904,0.685935,0.441658,0.468049,0.2989,0.475285,0.513764,0.3919,0.704838,0.591898,0.216371,0.534077,0.412873,0.208412,0.208017,0.63119,0.648184
3713.32858,0.449227,0.246393,0.696808,0.993299,0.650181,0.156159,0.749125,0.854727,0.225151,0.545593,0.414031,0.579674,0.622022,0.755914,0.51544,0.379974,0.61229,0.684641,0.442083,0.465584,0.297626,0.47338,0.512573,0.387407,0.700828,0.590133,0.216196,0.531619,0.411169,0.20762,0.217203,0.633026,0.651518
3715.900137,0.447334,0.246551,0.693919,0.991857,0.653043,0.155472,0.745033,0.853882,0.223319,0.54212,0.408473,0.57633,0.6194,0.757171,0.512818,0.379443,0.610768,0.684705,0.443076,0.46262,0.296356,0.466752,0.510508,0.384921,0.698593,0.589515,0.21532,0.528978,0.411686,0.210039,0.222619,0.632261,0.650125
3718.475258,0.446681,0.246759,0.6908,0.990247,0.651897,0.155555,0.745131,0.852426,0.221484,0.539466,0.404971,0.573402,0.617013,0.754615,0.50976,0.376989,0.609408,0.683154,0.442472,0.459559,0.295586,0.457204,0.507781,0.38647,0.698199,0.589157,0.213624,0.526568,0.411977,0.211578,0.222311,0.626235,0.644261
3721.053951,0.447112,0.245781,0.687801,0.987659,0.649943,0.156042,0.74581,0.851065,0.220259,0.538244,0.402636,0.570189,0.613765,0.751008,0.507376,0.374133,0.608005,0.680329,0.441225,0.457606,0.295652,0.450429,0.504292,0.389176,0.701362,0.588001,0.21156,0.524699,0.410556,0.211109,0.21871,0.616274,0.635673
3723.636223,0.448239,0.244456,0.682576,0.98481,0.645881,0.156046,0.743498,0.848192,0.21948,0.53775,0.399288,0.566904,0.610038,0.748326,0.506212,0.371503,0.606721,0.675897,0.440207,0.454591,0.295574,0.44529,0.500427,0.390291,0.704929,0.584949,0.209598,0.524144,0.408617,0.210523,0.212838,0.604026,0.624646
3726.222082,0.449944,0.243712,0.676195,0.982895,0.642012,0.156153,0.740832,0.844268,0.218626,0.537321,0.395262,0.565307,0.607157,0.748889,0.505551,0.368405,0.606203,0.673605,0.440002,0.4512,0.295086,0.441248,0.497537,0.390446,0.7066,0.581441,0.208223,0.523915,0.406924,0.211059,0.205897,0.589791,0.61261
3728.811534,0.451403,0.242388,0.671222,0.981734,0.638169,0.157031,0.737003,0.839985,0.21757,0.535911,0.390703,0.564973,0.602594,0.749434,0.504795,0.365602,0.605909,0.672304,0.440609,0.448639,0.294353,0.440132,0.496351,0.388554,0.708517,0.57871,0.206846,0.522244,0.404323,0.210368,0.197263,0.574561,0.601271
3731.404588,0.452642,0.240954,0.668282,0.981446,0.633892,0.157998,0.73358,0.835379,0.216599,0.535349,0.38882,0.565004,0.598616,0.748324,0.503959,0.36318,0.605294,0.670826,0.439972,0.447048,0.293383,0.441449,0.496172,0.384713,0.710309,0.576936,0.205624,0.519871,0.402899,0.208555,0.190355,0.560477,0.592446
3734.001251,0.454027,0.239536,0.66551,0.981026,0.630419,0.158967,0.730224,0.83115,0.216041,0.535165,0.388168,0.565637,0.596619,0.74684,0.503137,0.359704,0.603949,0.668195,0.436045,0.444785,0.292436,0.441697,0.495387,0.380859,0.709357,0.573456,0.204463,0.516828,0.403519,0.206141,0.185032,0.549237,0.584694
3736.60153,0.456101,0.238464,0.662775,0.979686,0.627111,0.160206,0.726351,0.829201,0.216627,0.534169,0.388811,0.566148,0.594743,0.748177,0.502398,0.35636,0.602738,0.664903,0.43292,0.442008,0.291647,0.441302,0.494778,0.376933,0.708192,0.568566,0.203243,0.513719,0.403523,0.205486,0.182356,0.541652,0.577695
3739.205434,0.45887,0.238105,0.659898,0.9772,0.62158,0.160311,0.721145,0.828145,0.217561,0.532644,0.393839,0.565676,0.591738,0.748573,0.501523,0.353453,0.601813,0.662056,0.430951,0.440058,0.290719,0.44116,0.495019,0.371766,0.704343,0.563259,0.201636,0.510402,0.400473,0.202478,0.182961,0.534893,0.572073
3741.812969,0.460945,0.238348,0.657856,0.97399,0.615932,0.159223,0.715557,0.825429,0.217927,0.530947,0.398744,0.565674,0.587306,0.746201,0.499693,0.350914,0.600174,0.658227,0.426879,0.439477,0.289489,0.440755,0.495675,0.367682,0.695287,0.556959,0.20086,0.507351,0.395775,0.195636,0.185997,0.527723,0.567849
3744.424143,0.461432,0.239194,0.655962,0.970647,0.611487,0.158197,0.709828,0.822,0.217241,0.52931,0.398755,0.565628,0.583525,0.742325,0.496798,0.34805,0.597681,0.652286,0.42181,0.437964,0.287724,0.441938,0.49675,0.363616,0.684338,0.552739,0.201544,0.505585,0.390568,0.189738,0.191101,0.522744,0.566728
3747.038965,0.462011,0.240679,0.654826,0.96763,0.610117,0.158411,0.704722,0.820091,0.215746,0.526951,0.398616,0.56474,0.582582,0.740075,0.494183,0.345272,0.595523,0.648686,0.42014,0.435929,0.285735,0.445789,0.497037,0.359111,0.677205,0.554518,0.202071,0.504142,0.3873,0.189008,0.200689,0.520389,0.568881
3749.657441,0.463869,0.242611,0.654246,0.964859,0.610263,0.15925,0.703159,0.819603,0.213648,0.52283,0.399894,0.563541,0.582749,0.738184,0.492124,0.343936,0.594089,0.646789,0.419988,0.434721,0.283826,0.445878,0.495001,0.355214,0.673659,0.558495,0.201088,0.502377,0.385931,0.189607,0.207013,0.518261,0.568427
3752.279579,0.466787,0.244889,0.654789,0.962692,0.609496,0.159689,0.70608,0.819447,0.211698,0.518865,0.402387,0.562657,0.582965,0.735259,0.490039,0.342455,0.592591,0.643856,0.418642,0.43356,0.282656,0.440541,0.492345,0.354674,0.671692,0.563286,0.199944,0.501365,0.385796,0.188745,0.204159,0.515332,0.566032
3754.905387,0.469642,0.246207,0.655175,0.960064,0.608175,0.159502,0.707831,0.819287,0.210438,0.515072,0.404342,0.561817,0.581313,0.729417,0.487929,0.339893,0.59085,0.640512,0.416611,0.432322,0.282263,0.434886,0.489081,0.355819,0.67018,0.565804,0.19935,0.500284,0.385647,0.185417,0.197564,0.511948,0.562792
3757.534872,0.472467,0.246958,0.653735,0.957026,0.607695,0.159213,0.70641,0.820794,0.209836,0.511967,0.403734,0.560613,0.577763,0.723915,0.486805,0.337537,0.589385,0.639236,0.415726,0.432524,0.282011,0.432345,0.484663,0.354386,0.670086,0.566127,0.198705,0.498815,0.385241,0.182503,0.192167,0.509066,0.559163
3760.168043,0.475343,0.247682,0.65085,0.954698,0.60734,0.15888,0.703045,0.821031,0.209248,0.509474,0.402838,0.559587,0.574876,0.721074,0.486208,0.333787,0.588614,0.638156,0.413758,0.432718,0.281775,0.430195,0.480281,0.351779,0.669969,0.56565,0.197523,0.497012,0.385131,0.180813,0.185034,0.506516,0.556838
3762.804907,0.477797,0.248416,0.648101,0.953151,0.607386,0.158907,0.702723,0.819958,0.208793,0.506854,0.401789,0.559234,0.572808,0.722033,0.485323,0.329767,0.588504,0.637326,0.411105,0.432603,0.281878,0.427856,0.476667,0.3501,0.67026,0.56619,0.196701,0.494532,0.384225,0.179702,0.177719,0.504399,0.555822
3765.445472,0.479837,0.249091,0.646447,0.951663,0.607096,0.159394,0.701991,0.818678,0.208064,0.504568,0.399089,0.558792,0.570633,0.723518,0.483967,0.32627,0.588497,0.63465,0.408785,0.432175,0.28141,0.425879,0.474131,0.347633,0.670968,0.56723,0.195932,0.491707,0.380807,0.178155,0.171288,0.502709,0.555054
3768.089745,0.481582,0.249692,0.645859,0.950063,0.606092,0.159886,0.699768,0.817414,0.206582,0.502961,0.397564,0.558439,0.56967,0.724183,0.482407,0.322929,0.588197,0.63099,0.406078,0.430266,0.280514,0.424706,0.472528,0.344982,0.670537,0.566333,0.195524,0.489084,0.377871,0.177068,0.168544,0.500024,0.554739
3770.737735,0.483502,0.249333,0.643573,0.94803,0.602739,0.160117,0.696094,0.8162,0.205133,0.501223,0.396352,0.557885,0.568763,0.722593,0.480772,0.319875,0.587209,0.627359,0.402458,0.42613,0.279366,0.423138,0.470602,0.343587,0.667972,0.562881,0.195229,0.486752,0.375939,0.176956,0.166538,0.496427,0.554061
3773.38945,0.486004,0.24958,0.640427,0.945997,0.597654,0.160419,0.6914,0.814695,0.204306,0.499709,0.395532,0.556411,0.568629,0.719675,0.479336,0.316754,0.586396,0.623233,0.400174,0.422993,0.277781,0.420388,0.468953,0.34331,0.664331,0.558292,0.194452,0.484972,0.373088,0.178307,0.167442,0.493544,0.553142
3776.044896,0.48857,0.250872,0.638399,0.943657,0.592972,0.160406,0.687795,0.812276,0.203117,0.497934,0.394595,0.554458,0.56738,0.716629,0.477992,0.312679,0.585306,0.620883,0.398417,0.421138,0.276307,0.416419,0.467951,0.343284,0.660395,0.552104,0.193274,0.482819,0.369441,0.17847,0.170322,0.490647,0.552425
3778.704083,0.490902,0.251651,0.637236,0.941498,0.589757,0.160785,0.687099,0.810727,0.20194,0.495281,0.393652,0.55288,0.564919,0.715544,0.47653,0.309001,0.583486,0.619385,0.396524,0.419023,0.275395,0.413598,0.466957,0.3436,0.657184,0.545929,0.192298,0.480481,0.365806,0.177482,0.173421,0.488808,0.55236
3781.367017,0.492873,0.252245,0.635774,0.939432,0.586375,0.162074,0.686244,0.809672,0.200931,0.49274,0.392012,0.551884,0.563953,0.715914,0.474751,0.305956,0.581591,0.616197,0.394378,0.416191,0.274746,0.412648,0.46693,0.342956,0.654078,0.540085,0.191722,0.479015,0.361674,0.17391,0.176412,0.48835,0.550614
3784.033708,0.49482,0.253115,0.635449,0.937339,0.580427,0.164627,0.684224,0.807958,0.200542,0.490956,0.392685,0.552149,0.563997,0.715659,0.473288,0.302624,0.57971,0.613701,0.392981,0.413535,0.273977,0.410926,0.468283,0.343095,0.651826,0.534402,0.191715,0.477433,0.35741,0.17079,0.177342,0.487488,0.547
3786.704162,0.497072,0.254082,0.635681,0.935384,0.573903,0.168441,0.681788,0.805703,0.200614,0.487904,0.393674,0.552754,0.563403,0.712735,0.471838,0.299505,0.57749,0.611884,0.391754,0.410927,0.272724,0.408021,0.469163,0.343526,0.649023,0.529992,0.191196,0.474804,0.354252,0.169029,0.175156,0.485165,0.542835
3789.378388,0.499758,0.25509,0.63537,0.934092,0.570908,0.172833,0.680102,0.802722,0.200825,0.483562,0.393073,0.552819,0.561853,0.710099,0.470107,0.296707,0.57524,0.610364,0.390372,0.408818,0.271942,0.405609,0.46872,0.342422,0.645249,0.526844,0.190757,0.471951,0.352568,0.165765,0.172803,0.482699,0.53822
3792.056394,0.502169,0.25624,0.632727,0.933124,0.568782,0.177983,0.678447,0.798916,0.200937,0.479806,0.389938,0.552177,0.559558,0.707655,0.46848,0.29358,0.57325,0.608547,0.38933,0.407554,0.271504,0.402757,0.467299,0.341417,0.642292,0.52321,0.190582,0.468114,0.351523,0.160992,0.171618,0.480675,0.532665
3794.738188,0.50485,0.257885,0.628506,0.931853,0.566621,0.185891,0.676364,0.79679,0.200945,0.477541,0.386223,0.551567,0.557271,0.705294,0.467307,0.290132,0.571375,0.607396,0.388549,0.406956,0.270994,0.401022,0.466032,0.340766,0.641138,0.52144,0.189495,0.463895,0.350835,0.157818,0.172083,0.479404,0.527551
3797.423777,0.507954,0.259285,0.624978,0.930442,0.564101,0.19691,0.672083,0.795498,0.2006,0.475327,0.385305,0.551368,0.554329,0.702849,0.466182,0.285915,0.569643,0.605059,0.387545,0.405215,0.269934,0.400084,0.465343,0.339732,0.640764,0.520948,0.187939,0.459926,0.349196,0.154804,0.168614,0.47846,0.523713
3800.113171,0.511262,0.260493,0.622715,0.929374,0.5626,0.209837,0.669995,0.795287,0.200038,0.472644,0.384807,0.550994,0.550858,0.700637,0.465219,0.282312,0.568632,0.601063,0.387386,0.403008,0.268688,0.399244,0.464384,0.338347,0.640256,0.520005,0.187329,0.456083,0.346818,0.153529,0.162675,0.476909,0.520879
3802.806377,0.515142,0.262067,0.619941,0.927515,0.563193,0.223261,0.670811,0.795178,0.199117,0.469849,0.382846,0.550276,0.547098,0.699078,0.464442,0.279067,0.568166,0.597431,0.387116,0.399571,0.267304,0.39871,0.463585,0.335667,0.637735,0.518464,0.187026,0.452729,0.345207,0.154481,0.157433,0.475227,0.518978
3805.503402,0.519153,0.263749,0.616565,0.924669,0.563518,0.237467,0.671608,0.794168,0.198228,0.466963,0.380957,0.549205,0.54272,0.69688,0.463753,0.275274,0.567682,0.595097,0.386459,0.395169,0.265912,0.398248,0.463464,0.333508,0.634703,0.517474,0.186607,0.449774,0.345165,0.154828,0.155263,0.47289,0.518102
3808.204256,0.522711,0.264738,0.612466,0.922489,0.560425,0.252518,0.671858,0.793486,0.197535,0.464182,0.379513,0.547573,0.539059,0.692498,0.463067,0.271077,0.567168,0.592075,0.384671,0.39157,0.264636,0.396694,0.462722,0.331547,0.632453,0.517258,0.185878,0.448014,0.344585,0.153427,0.15212,0.469912,0.518145
3810.908947,0.52609,0.266633,0.609286,0.921227,0.55669,0.268122,0.674562,0.794339,0.196542,0.462053,0.380621,0.546082,0.537803,0.688728,0.462449,0.266289,0.566997,0.588503,0.382054,0.389431,0.263519,0.394198,0.462414,0.328873,0.630675,0.517491,0.184661,0.446977,0.343028,0.152208,0.147596,0.467849,0.519142
3813.617482,0.529539,0.269295,0.607625,0.919316,0.553789,0.283669,0.681041,0.794852,0.195238,0.45971,0.382587,0.544584,0.535714,0.688069,0.461671,0.261695,0.566489,0.58644,0.379208,0.387396,0.262517,0.39157,0.463546,0.32661,0.629314,0.515191,0.183179,0.445291,0.340693,0.149956,0.140573,0.466787,0.519742
3816.32987,0.53353,0.271343,0.606759,0.916966,0.551447,0.299027,0.688566,0.793819,0.194706,0.456903,0.385451,0.542655,0.532367,0.689597,0.460701,0.258624,0.565851,0.585336,0.378125,0.385327,0.262141,0.389605,0.464788,0.325479,0.627647,0.513398,0.182099,0.44347,0.338706,0.146437,0.134327,0.466236,0.51932
3819.046119,0.537426,0.273765,0.605713,0.914607,0.548509,0.314309,0.69301,0.792365,0.19443,0.454683,0.3883,0.540881,0.529269,0.689353,0.459303,0.255933,0.565081,0.584036,0.377543,0.384064,0.262096,0.386943,0.466344,0.324527,0.624459,0.513205,0.181341,0.441774,0.33767,0.143579,0.131005,0.465007,0.51759
3821.766237,0.540848,0.277401,0.603796,0.912367,0.543272,0.330953,0.69656,0.790433,0.194059,0.453913,0.390682,0.539863,0.526578,0.68587,0.457975,0.253482,0.563799,0.583862,0.376719,0.383606,0.261328,0.383009,0.468287,0.325456,0.621542,0.51401,0.180717,0.439466,0.336371,0.144911,0.128173,0.464291,0.515576
3824.490233,0.544978,0.281669,0.601088,0.90977,0.537933,0.34865,0.700221,0.786902,0.193256,0.452354,0.390984,0.538691,0.523651,0.68033,0.456738,0.251552,0.561866,0.583333,0.375897,0.383242,0.259781,0.379064,0.46871,0.326829,0.619451,0.51435,0.179652,0.436091,0.335246,0.147786,0.124938,0.464055,0.512909
3827.218115,0.550797,0.286576,0.598876,0.907378,0.534954,0.366875,0.704008,0.782972,0.191883,0.450075,0.389793,0.53696,0.520698,0.676805,0.455483,0.249286,0.55989,0.582544,0.375392,0.383633,0.258852,0.376267,0.468517,0.327789,0.618284,0.51439,0.178428,0.4326,0.333604,0.148615,0.124279,0.46396,0.509977
3829.949891,0.557799,0.291667,0.596294,0.905346,0.531943,0.385498,0.706122,0.780128,0.190461,0.448572,0.385686,0.535254,0.518089,0.674129,0.454288,0.246863,0.557962,0.580669,0.375035,0.383552,0.258278,0.373774,0.468911,0.329508,0.617607,0.513746,0.177164,0.428719,0.330617,0.147722,0.126715,0.464183,0.507462
3832.685569,0.56571,0.297664,0.593629,0.903199,0.529485,0.404212,0.707156,0.779438,0.189187,0.447255,0.382587,0.534388,0.515025,0.670217,0.45331,0.245091,0.556085,0.578066,0.37503,0.382331,0.257538,0.371698,0.469366,0.330704,0.617649,0.511604,0.175947,0.425231,0.327047,0.146038,0.131553,0.464731,0.505373
3835.425159,0.573694,0.304038,0.591354,0.9009,0.527412,0.422633,0.708677,0.778872,0.187546,0.444988,0.382939,0.533895,0.510136,0.665463,0.452388,0.243706,0.55452,0.575261,0.374887,0.380376,0.256601,0.370087,0.469484,0.330038,0.616988,0.508756,0.174962,0.422018,0.322389,0.141746,0.134865,0.465089,0.504299
3838.168668,0.581096,0.309596,0.59073,0.899669,0.527034,0.440642,0.711708,0.7774,0.186062,0.44245,0.382691,0.533252,0.505306,0.662447,0.451287,0.242928,0.553606,0.572677,0.373762,0.378846,0.256145,0.370137,0.469299,0.329188,0.613964,0.506785,0.174494,0.418626,0.318605,0.138512,0.137656,0.465284,0.503781
3840.916104,0.588094,0.315241,0.590413,0.898069,0.526867,0.457585,0.715654,0.775,0.184886,0.439758,0.380955,0.532282,0.501397,0.662019,0.450056,0.241625,0.552655,0.570171,0.3716,0.376833,0.255821,0.370116,0.469531,0.32878,0.609905,0.504542,0.173825,0.415727,0.316239,0.136039,0.139448,0.465271,0.503001
3843.667476,0.595302,0.321534,0.590146,0.896066,0.524839,0.472406,0.71906,0.772649,0.183868,0.436892,0.380263,0.530843,0.49737,0.662108,0.449116,0.239021,0.551245,0.567699,0.369641,0.375351,0.255098,0.368855,0.471269,0.328811,0.606887,0.502528,0.172744,0.413524,0.313873,0.131092,0.141225,0.465213,0.503415
3846.422794,0.602586,0.327152,0.589578,0.894158,0.523119,0.484378,0.722438,0.771917,0.182519,0.43387,0.380895,0.5295,0.493481,0.66031,0.448146,0.236265,0.549936,0.563973,0.367305,0.373885,0.253896,0.366607,0.473424,0.328486,0.603651,0.50112,0.171708,0.412248,0.310765,0.124218,0.141062,0.465387,0.50488
3849.182064,0.609891,0.33219,0.588303,0.89213,0.523481,0.494677,0.727913,0.77136,0.181513,0.431217,0.382689,0.528807,0.491841,0.659715,0.447168,0.233546,0.548959,0.561821,0.364128,0.371773,0.2529,0.36414,0.475503,0.328964,0.601306,0.499052,0.171094,0.411512,0.307783,0.117946,0.138083,0.465868,0.505939
3851.945296,0.617041,0.33637,0.585905,0.889941,0.522715,0.503125,0.733511,0.76788,0.181311,0.428876,0.382518,0.528269,0.489947,0.661732,0.446088,0.230612,0.547871,0.561015,0.360877,0.370312,0.252185,0.361846,0.477241,0.330041,0.59968,0.49451,0.17027,0.41104,0.304441,0.113205,0.13274,0.466471,0.505587
3854.712498,0.62356,0.339544,0.58269,0.887615,0.520187,0.5102,0.73848,0.762752,0.181431,0.426788,0.383672,0.52799,0.487447,0.662797,0.444455,0.228285,0.546647,0.559009,0.359087,0.369151,0.251695,0.360334,0.478588,0.330881,0.597269,0.490214,0.169135,0.410684,0.302022,0.111375,0.128869,0.466832,0.504254
3857.483679,0.628293,0.342514,0.577893,0.885627,0.515542,0.516257,0.74192,0.759533,0.181228,0.425659,0.384306,0.527946,0.485655,0.659675,0.442479,0.226056,0.54484,0.556571,0.358273,0.367905,0.251045,0.357885,0.480722,0.33019,0.594858,0.486972,0.16791,0.409699,0.300868,0.111766,0.127458,0.467471,0.503028
3860.258847,0.631236,0.345071,0.573486,0.884319,0.510433,0.522128,0.745019,0.757623,0.180814,0.425554,0.381885,0.527554,0.484265,0.654406,0.440826,0.223869,0.542766,0.554917,0.357357,0.367107,0.249733,0.35439,0.483274,0.329756,0.593985,0.484743,0.166942,0.408928,0.300511,0.113452,0.125445,0.470048,0.501922
3863.038011,0.632938,0.346091,0.571405,0.88289,0.506989,0.52717,0.746255,0.755233,0.180316,0.424525,0.379583,0.526776,0.482524,0.64948,0.439453,0.221373,0.540804,0.554025,0.35598,0.366394,0.247906,0.351634,0.484773,0.33091,0.593284,0.482646,0.165717,0.408324,0.300688,0.114359,0.121717,0.47364,0.500305
3865.821179,0.633751,0.346324,0.570678,0.881527,0.504817,0.530854,0.745314,0.753444,0.180093,0.42296,0.378318,0.525981,0.481044,0.646343,0.438228,0.219066,0.539366,0.554123,0.355758,0.365878,0.246237,0.350513,0.486507,0.3325,0.592088,0.479557,0.164285,0.407133,0.301422,0.114118,0.119137,0.478114,0.500942
3868.608361,0.633358,0.345784,0.569083,0.880248,0.502348,0.532404,0.743373,0.752434,0.180328,0.421944,0.37617,0.525086,0.479463,0.642908,0.436566,0.217308,0.538401,0.552947,0.355238,0.364796,0.244826,0.350177,0.488845,0.334062,0.589984,0.47517,0.163177,0.405109,0.302139,0.113053,0.117922,0.484556,0.504643
3871.399565,0.631166,0.344598,0.566984,0.878545,0.501109,0.533623,0.74362,0.751423,0.180394,0.421338,0.375946,0.524284,0.477103,0.639052,0.434719,0.216246,0.537654,0.551725,0.354888,0.362332,0.244077,0.349565,0.490699,0.335816,0.587566,0.471524,0.162288,0.403034,0.302184,0.112465,0.117134,0.493789,0.511352
3874.194799,0.627634,0.34265,0.564912,0.876452,0.499419,0.535411,0.744633,0.748182,0.179902,0.420214,0.376964,0.52385,0.473648,0.6348,0.433168,0.216216,0.537048,0.551323,0.355539,0.359817,0.244073,0.348903,0.492191,0.338863,0.585122,0.470657,0.161118,0.400902,0.301749,0.112443,0.115505,0.506511,0.520141
3876.994073,0.624284,0.340458,0.564137,0.874917,0.497488,0.538587,0.743235,0.744955,0.179215,0.419026,0.375914,0.523127,0.470897,0.630409,0.431801,0.216352,0.536571,0.551263,0.355891,0.358378,0.24436,0.349319,0.494212,0.343923,0.582121,0.471591,0.160295,0.398755,0.301327,0.112217,0.114079,0.521423,0.531078
3879.797395,0.622725,0.339394,0.563212,0.873059,0.49391,0.541894,0.740886,0.744644,0.17803,0.41779,0.373466,0.52146,0.469714,0.626313,0.430718,0.215125,0.535728,0.550646,0.355603,0.356468,0.244359,0.348596,0.496906,0.348392,0.579527,0.471809,0.159522,0.396449,0.299512,0.110444,0.111983,0.536559,0.543892
3882.604774,0.62369,0.340236,0.561418,0.871043,0.489981,0.543592,0.739487,0.746711,0.176651,0.416346,0.37332,0.519537,0.468602,0.623368,0.430145,0.213259,0.534651,0.550187,0.355558,0.353984,0.243858,0.34614,0.500327,0.351828,0.577909,0.470959,0.158346,0.394488,0.297521,0.106885,0.110607,0.551879,0.557329
3885.416218,0.6272,0.342497,0.559453,0.868826,0.48981,0.544395,0.739094,0.748954,0.175556,0.414991,0.374617,0.517507,0.46647,0.621078,0.430001,0.211639,0.533623,0.549501,0.354873,0.351123,0.242806,0.342452,0.503265,0.355019,0.57671,0.468334,0.157145,0.392422,0.296143,0.102324,0.109715,0.56598,0.568813
3888.231737,0.633914,0.347326,0.557143,0.867282,0.490053,0.546365,0.739232,0.750109,0.175097,0.413798,0.374527,0.515815,0.464986,0.621231,0.430378,0.208977,0.532669,0.550051,0.35292,0.349665,0.242059,0.339017,0.505561,0.357669,0.577212,0.464558,0.156297,0.390504,0.294135,0.0981223,0.108246,0.576918,0.577006
3891.051339,0.643031,0.355085,0.554227,0.866358,0.487393,0.549422,0.737102,0.75005,0.174976,0.412403,0.372603,0.514833,0.463198,0.622068,0.430776,0.206046,0.531224,0.549302,0.350456,0.34992,0.241363,0.337571,0.507534,0.358101,0.577368,0.461407,0.15538,0.389209,0.291641,0.0950826,0.105572,0.583947,0.582577
3893.875034,0.654313,0.366068,0.551828,0.865222,0.484716,0.55344,0.734086,0.748935,0.17448,0.410496,0.373344,0.514435,0.46212,0.621399,0.430979,0.204143,0.529619,0.546844,0.349041,0.350271,0.240397,0.337351,0.510261,0.357177,0.576559,0.458762,0.154536,0.387955,0.289766,0.0923493,0.105,0.587562,0.586515
3896.70283,0.667708,0.379867,0.550147,0.864229,0.482669,0.555787,0.731148,0.747048,0.173608,0.408237,0.374343,0.513916,0.461811,0.619146,0.431549,0.202466,0.527816,0.544359,0.348376,0.350608,0.238987,0.336384,0.514357,0.35551,0.575743,0.457324,0.153869,0.386603,0.287669,0.0881698,0.10741,0.588967,0.587694
3899.534736,0.683049,0.394122,0.550128,0.863766,0.482792,0.556232,0.729613,0.745068,0.173042,0.406122,0.373159,0.513267,0.460729,0.617581,0.432599,0.201397,0.525941,0.541097,0.346284,0.350382,0.237175,0.336166,0.518443,0.354808,0.575279,0.457534,0.153144,0.38602,0.287205,0.0856802,0.110725,0.589083,0.585933
3902.370761,0.699161,0.407841,0.551171,0.862845,0.483875,0.556731,0.72942,0.742992,0.172608,0.40373,0.37332,0.513029,0.458608,0.61695,0.433433,0.200513,0.524389,0.537685,0.34367,0.349692,0.235039,0.336836,0.521311,0.35663,0.573769,0.456801,0.152366,0.385847,0.28825,0.084718,0.111329,0.587475,0.582092
3905.210915,0.715326,0.422651,0.551809,0.861742,0.484333,0.55807,0.731558,0.740725,0.172334,0.401414,0.375646,0.513397,0.456896,0.617484,0.434199,0.199506,0.523164,0.535658,0.342798,0.350717,0.233186,0.336803,0.523766,0.359833,0.571665,0.453997,0.15188,0.38566,0.288129,0.0835909,0.110624,0.585486,0.579558
3908.055205,0.730871,0.437786,0.550789,0.860511,0.483364,0.55988,0.735157,0.737834,0.172538,0.39976,0.377871,0.514165,0.455445,0.618383,0.434403,0.199091,0.521815,0.534342,0.341974,0.351343,0.232328,0.336025,0.526788,0.362655,0.570068,0.451824,0.151272,0.384844,0.285296,0.08193,0.110768,0.584487,0.577691
3910.903642,0.744695,0.451397,0.549204,0.858707,0.482351,0.563458,0.736327,0.733414,0.173242,0.397982,0.379839,0.51565,0.454128,0.619034,0.434243,0.199494,0.52045,0.534024,0.342248,0.349994,0.232181,0.335365,0.530295,0.36574,0.569436,0.453617,0.150192,0.383848,0.281486,0.0817025,0.11164,0.584477,0.574756
3913.756234,0.756298,0.462381,0.547538,0.856173,0.481297,0.568038,0.733964,0.727592,0.173668,0.395535,0.37841,0.517521,0.453162,0.616333,0.434273,0.199924,0.519494,0.533427,0.343822,0.348433,0.232347,0.335145,0.534259,0.369777,0.570051,0.456651,0.149153,0.382765,0.27937,0.0823675,0.11089,0.585095,0.572914
3916.612991,0.765392,0.470219,0.545474,0.853865,0.480564,0.57321,0.732643,0.725193,0.173665,0.394,0.374183,0.518629,0.453527,0.610899,0.433955,0.199453,0.518667,0.532627,0.34459,0.34665,0.232921,0.335479,0.538226,0.373193,0.570457,0.45848,0.148745,0.380847,0.278689,0.0816126,0.109366,0.586046,0.574413
3919.47392,0.770733,0.474253,0.54297,0.852056,0.477891,0.577745,0.733296,0.726024,0.173505,0.393587,0.369748,0.519019,0.454826,0.606169,0.432763,0.197877,0.517642,0.532349,0.344333,0.344329,0.233337,0.335002,0.541305,0.374172,0.569427,0.4585,0.148131,0.378181,0.27779,0.0796363,0.108614,0.58622,0.575618
3922.339033,0.772431,0.474533,0.541362,0.850643,0.474789,0.582159,0.735192,0.72616,0.173276,0.394033,0.367365,0.519757,0.455722,0.603112,0.431151,0.195918,0.517008,0.533133,0.344186,0.343514,0.233458,0.333635,0.544325,0.375472,0.568509,0.456295,0.147295,0.376088,0.278337,0.0772985,0.107067,0.584691,0.574299
3925.208337,0.770816,0.471619,0.540818,0.84938,0.473437,0.586412,0.737884,0.725132,0.173107,0.394727,0.365336,0.519724,0.456023,0.60157,0.429481,0.193582,0.516385,0.534263,0.344099,0.343661,0.233391,0.331691,0.547393,0.377769,0.568197,0.452767,0.147032,0.374297,0.280375,0.0744467,0.104055,0.581246,0.571993
3928.081843,0.766445,0.467095,0.540471,0.848489,0.471767,0.590934,0.741773,0.725658,0.172812,0.394654,0.362078,0.519122,0.456468,0.600856,0.427656,0.190606,0.515525,0.534958,0.34431,0.344531,0.233221,0.33057,0.549862,0.379394,0.568196,0.45086,0.147335,0.372651,0.282122,0.0711033,0.101128,0.57576,0.568387
3930.959558,0.759332,0.461217,0.540215,0.847406,0.469425,0.596014,0.746201,0.725936,0.172354,0.394012,0.357799,0.518719,0.456148,0.59884,0.425323,0.187895,0.514719,0.533257,0.344464,0.345756,0.23267,0.330264,0.55121,0.380801,0.567338,0.449702,0.147613,0.371286,0.282877,0.0680279,0.0976788,0.567828,0.562927
3933.841493,0.750905,0.454459,0.540214,0.846085,0.468543,0.602758,0.749778,0.724009,0.171878,0.393533,0.352961,0.518194,0.455687,0.597635,0.422651,0.185931,0.514293,0.53099,0.34466,0.346688,0.232024,0.329345,0.552533,0.382776,0.565264,0.44768,0.147608,0.370095,0.282629,0.0658486,0.0956408,0.557803,0.557221
3936.727657,0.742398,0.446804,0.540247,0.844774,0.467899,0.611199,0.754243,0.722295,0.171238,0.392779,0.346942,0.517327,0.454031,0.596318,0.420298,0.18429,0.513633,0.528316,0.345169,0.347597,0.231407,0.327948,0.553214,0.384142,0.56231,0.4469,0.147175,0.368783,0.28206,0.0645204,0.0942999,0.547332,0.549883
3939.618059,0.734934,0.43866,0.540195,0.843986,0.467303,0.621183,0.762539,0.722133,0.170545,0.391906,0.341073,0.51651,0.449862,0.594982,0.41836,0.182603,0.512468,0.524609,0.345733,0.347974,0.230699,0.327034,0.551402,0.385221,0.559679,0.447198,0.14657,0.367338,0.282974,0.0656082,0.0930936,0.537153,0.540432
3942.512709,0.72879,0.432271,0.539789,0.843671,0.466684,0.63268,0.773917,0.721956,0.17,0.3905,0.337415,0.515721,0.445638,0.594645,0.416598,0.18001,0.511074,0.521966,0.346713,0.348142,0.229861,0.326289,0.547489,0.386709,0.556759,0.447122,0.145806,0.366199,0.283722,0.0662709,0.0905449,0.525995,0.531107
3945.411615,0.725054,0.429199,0.53907,0.843736,0.465438,0.64808,0.787037,0.720615,0.170067,0.389012,0.337589,0.51498,0.443626,0.595982,0.414952,0.177163,0.509757,0.520726,0.347764,0.348467,0.229163,0.325944,0.544154,0.38719,0.55385,0.447684,0.144871,0.365698,0.281824,0.065741,0.0888724,0.515118,0.524189
3948.314788,0.724256,0.428448,0.537221,0.843396,0.462389,0.668452,0.800988,0.717669,0.170507,0.387778,0.340137,0.514483,0.44264,0.596197,0.41308,0.175262,0.508102,0.51843,0.347947,0.347486,0.228445,0.325644,0.542194,0.384011,0.552177,0.449225,0.143899,0.364803,0.278172,0.0641143,0.0888201,0.505749,0.517657
3951.222236,0.724481,0.429073,0.534804,0.842637,0.460262,0.693462,0.815149,0.714561,0.170993,0.38583,0.343164,0.514907,0.441236,0.594948,0.411493,0.174018,0.506244,0.515808,0.348941,0.34612,0.227563,0.325704,0.540957,0.379482,0.551602,0.451529,0.142898,0.363619,0.275832,0.0624299,0.0885296,0.496951,0.511315
3954.13397,0.725113,0.430608,0.532223,0.842472,0.459005,0.720547,0.828212,0.711655,0.171106,0.38356,0.344004,0.515943,0.439007,0.592674,0.409961,0.172566,0.504796,0.514021,0.350731,0.344472,0.227236,0.326447,0.539366,0.37666,0.551336,0.451291,0.14198,0.362094,0.275676,0.0612311,0.0868072,0.488808,0.507183
3957.049998,0.727797,0.433134,0.529304,0.8433,0.458255,0.751193,0.84078,0.709668,0.171087,0.382412,0.345164,0.516466,0.436748,0.58982,0.408023,0.171156,0.50392,0.513326,0.352263,0.342202,0.227114,0.327086,0.536456,0.374549,0.551188,0.44925,0.141457,0.360196,0.275434,0.0595896,0.0851869,0.483015,0.504408
3959.97033,0.731585,0.435978,0.527087,0.84415,0.457985,0.784994,0.851631,0.708038,0.17113,0.381892,0.34879,0.516735,0.435822,0.586353,0.406126,0.169556,0.503353,0.513673,0.353066,0.340391,0.226637,0.326783,0.533069,0.371076,0.550952,0.446477,0.140905,0.358458,0.275312,0.0577365,0.0851092,0.478465,0.501046
3962.894976,0.735722,0.439643,0.525181,0.844606,0.45842,0.816326,0.862672,0.707019,0.171084,0.381294,0.352628,0.517416,0.436415,0.583548,0.405031,0.168253,0.502823,0.514861,0.354113,0.339885,0.22645,0.32605,0.530479,0.368274,0.55182,0.44322,0.140489,0.357139,0.276784,0.0568083,0.0850901,0.474549,0.497469
3965.823945,0.739542,0.444058,0.52329,0.844532,0.458502,0.840648,0.87253,0.706552,0.170437,0.379981,0.354687,0.517494,0.436524,0.582634,0.404422,0.167769,0.501829,0.51583,0.356351,0.339738,0.22638,0.324788,0.528016,0.365952,0.553,0.439745,0.140297,0.355775,0.278024,0.0552489,0.0832655,0.471764,0.494901
3968.757246,0.743983,0.448647,0.522075,0.844305,0.458175,0.861399,0.884506,0.706336,0.169222,0.37855,0.356737,0.517358,0.435499,0.581783,0.403802,0.167235,0.500721,0.516011,0.359843,0.340079,0.226265,0.323203,0.525334,0.362184,0.553793,0.436877,0.13978,0.354302,0.27827,0.0522646,0.0807393,0.469622,0.492496
3971.69489,0.749101,0.452829,0.520988,0.844016,0.458001,0.883949,0.896941,0.704004,0.16794,0.377888,0.3552,0.516988,0.433915,0.580195,0.403027,0.166296,0.499871,0.514942,0.363357,0.340354,0.226004,0.320123,0.52242,0.357414,0.553689,0.432997,0.13896,0.352923,0.277419,0.0496546,0.0774659,0.467755,0.489651
3974.636887,0.754923,0.457145,0.520003,0.8437,0.457747,0.907535,0.904127,0.700024,0.16676,0.377608,0.350544,0.516413,0.431995,0.580113,0.402361,0.16565,0.499269,0.513093,0.36653,0.340616,0.225601,0.316522,0.519324,0.351942,0.552018,0.429811,0.138275,0.351866,0.276096,0.0475752,0.0753493,0.466486,0.488014
3977.583245,0.762083,0.462083,0.518657,0.842816,0.455658,0.926058,0.907667,0.697803,0.165094,0.376585,0.346442,0.515437,0.428238,0.579945,0.402101,0.164774,0.498266,0.51035,0.369277,0.341046,0.225321,0.313696,0.514739,0.346037,0.550148,0.429427,0.137431,0.35096,0.274811,0.0450364,0.0733991,0.46579,0.487414
3980.533974,0.769465,0.468113,0.51736,0.841501,0.452753,0.937382,0.911644,0.696952,0.162839,0.375069,0.343858,0.513203,0.42434,0.579616,0.402123,0.163325,0.49684,0.507716,0.370896,0.340985,0.22483,0.312472,0.508331,0.340737,0.549441,0.429613,0.136482,0.349927,0.273628,0.0436823,0.072143,0.465217,0.487689
3983.489085,0.776379,0.475279,0.516216,0.839452,0.450432,0.941978,0.915536,0.694802,0.160438,0.373395,0.341436,0.509887,0.422769,0.578977,0.401728,0.161636,0.495515,0.505285,0.37101,0.340404,0.224076,0.312847,0.501774,0.335555,0.547654,0.428852,0.135221,0.348806,0.271827,0.0424984,0.0715201,0.464744,0.489679
3986.448586,0.784679,0.482957,0.515154,0.836911,0.448352,0.944218,0.917673,0.691322,0.158253,0.371937,0.340456,0.506021,0.422268,0.577317,0.400642,0.160034,0.49438,0.502813,0.370996,0.340251,0.223634,0.312915,0.496117,0.330239,0.544603,0.426895,0.133865,0.347933,0.269869,0.0410615,0.0717469,0.465478,0.492508
3989.412488,0.794261,0.49059,0.513119,0.834092,0.445415,0.944401,0.919328,0.688208,0.156119,0.370261,0.341128,0.502006,0.42104,0.574612,0.399413,0.158135,0.49296,0.500649,0.371604,0.340044,0.223087,0.311319,0.490718,0.324336,0.541674,0.423319,0.13321,0.347076,0.267221,0.0391812,0.0720711,0.46771,0.494711
3992.380801,0.804204,0.498687,0.509568,0.831132,0.442667,0.939516,0.91829,0.686645,0.153959,0.368063,0.34127,0.499247,0.419659,0.571831,0.398151,0.155971,0.491582,0.500186,0.373043,0.339043,0.222318,0.310124,0.485491,0.318955,0.539676,0.420076,0.133005,0.345659,0.263926,0.037912,0.0728322,0.470881,0.498149
3995.353535,0.814267,0.507062,0.505468,0.828376,0.440129,0.928493,0.911135,0.685261,0.151901,0.365801,0.339664,0.497155,0.418269,0.569262,0.396627,0.153589,0.49076,0.500527,0.37392,0.337118,0.221469,0.308918,0.47965,0.315318,0.539046,0.418288,0.132587,0.34368,0.260124,0.0377164,0.0720979,0.475567,0.502201
3998.330698,0.823947,0.515106,0.502398,0.826051,0.43808,0.914624,0.899364,0.684391,0.150124,0.364118,0.338906,0.494332,0.416514,0.566193,0.395118,0.150749,0.490343,0.500942,0.374457,0.335016,0.220028,0.307263,0.473348,0.312136,0.538653,0.417812,0.131912,0.341434,0.255696,0.0374362,0.0693336,0.48271,0.5055
4001.312302,0.83106,0.521632,0.500345,0.823688,0.435768,0.893432,0.881844,0.68447,0.148645,0.362225,0.33965,0.491572,0.415331,0.561344,0.393464,0.1472,0.489933,0.501372,0.374651,0.332732,0.218366,0.30572,0.468074,0.30823,0.537306,0.417594,0.131219,0.338677,0.252041,0.0358678,0.0673887,0.491316,0.509251
4004.298356,0.833946,0.526004,0.49783,0.821378,0.433432,0.860643,0.861279,0.685484,0.147619,0.360491,0.338297,0.489552,0.415142,0.556848,0.391634,0.143871,0.489315,0.500734,0.375085,0.330884,0.2173,0.30424,0.464563,0.305328,0.535267,0.416433,0.131084,0.335529,0.249251,0.0336225,0.0667344,0.500677,0.513787
4007.28887,0.832258,0.525849,0.495222,0.819318,0.43086,0.821008,0.83871,0.684998,0.14637,0.358824,0.335221,0.487553,0.41391,0.553164,0.389684,0.141131,0.488515,0.499054,0.376765,0.330219,0.216211,0.302355,0.462064,0.303622,0.53281,0.414109,0.130808,0.332277,0.246652,0.0315122,0.0645388,0.510499,0.518712
4010.283854,0.825089,0.519293,0.492583,0.818001,0.427691,0.781277,0.816964,0.682522,0.144696,0.356756,0.334782,0.48544,0.411419,0.549565,0.387341,0.138407,0.487538,0.497818,0.378812,0.329165,0.215203,0.299087,0.460129,0.30175,0.531021,0.412288,0.129995,0.329066,0.244549,0.0298458,0.0617845,0.520951,0.524947
4013.283318,0.811025,0.506089,0.489225,0.817092,0.423814,0.743472,0.793915,0.678285,0.14288,0.354231,0.332064,0.48303,0.408107,0.546479,0.384751,0.135682,0.48629,0.495333,0.37957,0.326585,0.214118,0.29397,0.458225,0.297919,0.529467,0.410594,0.12909,0.32622,0.241863,0.029458,0.0606858,0.533301,0.532254
4016.287273,0.791161,0.487679,0.485831,0.816041,0.419426,0.70493,0.76806,0.673524,0.140868,0.351618,0.327864,0.481017,0.404205,0.543758,0.382464,0.133077,0.485048,0.490694,0.379917,0.324547,0.212553,0.2895,0.456332,0.294083,0.527353,0.409808,0.128221,0.324886,0.238802,0.0291964,0.0605598,0.548676,0.540832
4019.295728,0.766078,0.4649,0.482418,0.814511,0.414837,0.66358,0.740644,0.670442,0.138508,0.34903,0.325612,0.479137,0.399897,0.540439,0.380344,0.130265,0.48342,0.485992,0.380299,0.322866,0.211052,0.286122,0.454334,0.292773,0.524924,0.408974,0.127123,0.32458,0.235561,0.0268292,0.0586171,0.565699,0.550837
4022.308693,0.735903,0.43866,0.480159,0.812822,0.410126,0.62235,0.715173,0.668323,0.136175,0.346575,0.323337,0.476528,0.396709,0.536847,0.378303,0.127477,0.481647,0.482768,0.380635,0.320885,0.209495,0.283381,0.452139,0.292556,0.522922,0.406684,0.125745,0.323801,0.232333,0.0256642,0.0567598,0.583647,0.563022
4025.326179,0.703597,0.409937,0.477763,0.811,0.406049,0.583426,0.69239,0.665184,0.134263,0.344378,0.318737,0.473445,0.393889,0.532286,0.376105,0.12485,0.480318,0.47998,0.381954,0.319658,0.208087,0.28113,0.449458,0.292223,0.519813,0.402382,0.123878,0.322266,0.229026,0.0265078,0.0559649,0.602513,0.577702
4028.348196,0.671804,0.380096,0.474118,0.809199,0.403802,0.549027,0.670693,0.66219,0.13267,0.34261,0.315025,0.470465,0.390642,0.528266,0.373845,0.12233,0.479185,0.479117,0.384885,0.319798,0.207378,0.278609,0.447021,0.291963,0.515972,0.397245,0.121933,0.321234,0.227256,0.026511,0.0555152,0.623492,0.595906
4031.374753,0.640765,0.350605,0.469813,0.807266,0.4019,0.517624,0.651667,0.659687,0.130922,0.340976,0.314081,0.468244,0.388136,0.525617,0.371941,0.119318,0.477855,0.478871,0.387699,0.319838,0.206248,0.275735,0.445944,0.290398,0.513245,0.39338,0.120562,0.320426,0.225216,0.0265437,0.0552368,0.647662,0.616257
4034.405862,0.612132,0.323345,0.466077,0.805128,0.400496,0.487636,0.635453,0.656444,0.129229,0.339048,0.313348,0.467339,0.386548,0.522706,0.370243,0.116041,0.476501,0.477631,0.390514,0.31946,0.204696,0.274263,0.445271,0.287136,0.511817,0.391679,0.119479,0.318992,0.222904,0.0271907,0.0561088,0.674135,0.637052
4037.441533,0.586905,0.29947,0.46413,0.802787,0.399511,0.459338,0.620974,0.652502,0.128003,0.337112,0.311693,0.466386,0.384245,0.520884,0.368594,0.1131,0.47525,0.476094,0.392597,0.319406,0.203171,0.273601,0.443874,0.284093,0.510231,0.391054,0.118153,0.31722,0.221614,0.0260743,0.0552561,0.701676,0.657767
4040.481775,0.565145,0.279554,0.46366,0.800606,0.397518,0.4329,0.607098,0.648374,0.127163,0.335894,0.309643,0.464982,0.381323,0.520431,0.366869,0.110313,0.474331,0.474841,0.394051,0.319551,0.201703,0.27314,0.442688,0.281725,0.507859,0.389861,0.116802,0.31531,0.219947,0.0240813,0.0529246,0.729064,0.678414
4043.526599,0.546636,0.263024,0.462979,0.798339,0.395145,0.406493,0.592425,0.643765,0.126313,0.334555,0.307269,0.463869,0.37951,0.518105,0.364954,0.107352,0.473778,0.472834,0.395717,0.319071,0.200504,0.271788,0.442195,0.279908,0.505409,0.387698,0.115768,0.313529,0.21748,0.0217952,0.0517719,0.754143,0.69657
4046.576016,0.530991,0.24922,0.461419,0.796508,0.394592,0.380314,0.57857,0.639792,0.125568,0.333438,0.305964,0.462933,0.378393,0.515119,0.363383,0.10495,0.47336,0.469813,0.397755,0.318603,0.199842,0.269458,0.442332,0.27951,0.503202,0.385225,0.115258,0.311617,0.215591,0.0204006,0.0517169,0.775966,0.711251
4049.630035,0.517233,0.237285,0.458796,0.794788,0.394493,0.355054,0.565894,0.636478,0.124709,0.332197,0.306648,0.461593,0.375336,0.51287,0.362058,0.103574,0.472448,0.467227,0.400294,0.318274,0.19926,0.267221,0.44258,0.280623,0.501731,0.382151,0.114618,0.309332,0.214048,0.0197046,0.0504713,0.792406,0.722651
4052.688668,0.503485,0.22618,0.456382,0.793058,0.392519,0.330931,0.553845,0.633451,0.123374,0.330248,0.308375,0.460008,0.371157,0.511266,0.360593,0.10258,0.47078,0.465789,0.402434,0.317208,0.198715,0.264889,0.442505,0.282352,0.50085,0.379058,0.113808,0.307284,0.212304,0.0181917,0.0483236,0.80359,0.729729
4055.751925,0.489914,0.215453,0.454627,0.791714,0.389278,0.308419,0.541413,0.630067,0.122044,0.328103,0.307317,0.457918,0.36696,0.509283,0.359419,0.101521,0.468886,0.463614,0.403531,0.315773,0.198054,0.262486,0.442566,0.282067,0.499147,0.377056,0.113334,0.30553,0.209855,0.0172558,0.0465729,0.811211,0.731614
4058.819816,0.477974,0.205507,0.452587,0.790188,0.386772,0.287656,0.529525,0.627857,0.120904,0.326237,0.30544,0.45559,0.363548,0.506211,0.358832,0.100474,0.467103,0.46065,0.404498,0.315147,0.197279,0.261192,0.443239,0.282198,0.496517,0.375982,0.113368,0.304023,0.207502,0.0170248,0.0450972,0.814093,0.728965
4061.892352,0.466998,0.195824,0.450153,0.788184,0.384777,0.267366,0.518299,0.626847,0.119718,0.324209,0.304434,0.453602,0.361389,0.502397,0.358191,0.0990794,0.465339,0.457758,0.405193,0.314432,0.1961,0.259802,0.443893,0.284068,0.494071,0.375543,0.113205,0.302071,0.205614,0.0155447,0.0433379,0.810334,0.722648
4064.969543,0.457134,0.186167,0.44785,0.786647,0.382329,0.248521,0.508072,0.625879,0.118819,0.321839,0.302278,0.451811,0.35983,0.499246,0.35759,0.0969073,0.463913,0.456292,0.405612,0.313335,0.194653,0.257765,0.444241,0.285176,0.492817,0.37548,0.112641,0.299605,0.203466,0.014811,0.0413224,0.801198,0.715612
4068.0514,0.447982,0.176569,0.444168,0.785357,0.379693,0.232979,0.498364,0.625232,0.118187,0.319714,0.298717,0.450105,0.357293,0.496045,0.356924,0.094597,0.463143,0.455795,0.406028,0.312284,0.193744,0.256088,0.444853,0.285513,0.491191,0.374269,0.111983,0.297048,0.200817,0.0149885,0.0373805,0.787141,0.708987
4071.137934,0.438731,0.167894,0.439527,0.783806,0.377989,0.22024,0.490386,0.625843,0.117479,0.318008,0.29648,0.448634,0.354181,0.493219,0.356026,0.0927042,0.462715,0.45655,0.405747,0.311594,0.193094,0.254572,0.446775,0.2863,0.488825,0.373508,0.111102,0.294877,0.1987,0.0148343,0.0335111,0.771597,0.70171
4074.229155,0.429314,0.159628,0.435859,0.782611,0.375945,0.208831,0.485418,0.62584,0.116466,0.316053,0.294816,0.447418,0.35156,0.490586,0.355248,0.0903276,0.462377,0.455698,0.405492,0.311428,0.192159,0.253323,0.449158,0.287191,0.48693,0.373958,0.109772,0.29287,0.196905,0.0151953,0.0325667,0.758058,0.692409
4077.325073,0.42075,0.151309,0.433882,0.781697,0.374227,0.199193,0.48153,0.62387,0.11554,0.313789,0.291661,0.446296,0.349247,0.487991,0.354472,0.0878994,0.462038,0.453193,0.407291,0.311506,0.191622,0.253196,0.450414,0.287243,0.485346,0.373978,0.108584,0.291284,0.196242,0.0151964,0.0314377,0.74668,0.68251
4080.425701,0.413504,0.143551,0.432009,0.780458,0.373529,0.190949,0.477964,0.621027,0.114857,0.311588,0.286721,0.444937,0.34714,0.486089,0.353232,0.0857359,0.461552,0.451473,0.408742,0.311215,0.191351,0.252946,0.45162,0.286786,0.483772,0.372535,0.107659,0.289981,0.196102,0.0138435,0.0289873,0.736418,0.673491
4083.531048,0.406894,0.136608,0.42887,0.779109,0.372622,0.183531,0.475971,0.618401,0.114386,0.309784,0.28238,0.444101,0.346145,0.483739,0.351779,0.0835679,0.461202,0.449842,0.409721,0.310573,0.191056,0.251575,0.453637,0.287013,0.483401,0.370496,0.106835,0.288924,0.194515,0.0137653,0.028644,0.727119,0.665988
4086.641125,0.400601,0.130417,0.425863,0.777661,0.370993,0.176609,0.474432,0.615288,0.113639,0.308168,0.281011,0.443654,0.345572,0.479195,0.350557,0.081455,0.460926,0.447444,0.411726,0.309603,0.190552,0.248603,0.455662,0.288295,0.48329,0.368464,0.105778,0.288237,0.191143,0.0149326,0.0307631,0.719578,0.659351
4089.755943,0.395202,0.125189,0.424205,0.77684,0.369665,0.169526,0.47224,0.612046,0.112554,0.306759,0.281791,0.443057,0.343432,0.474065,0.349499,0.0795631,0.460588,0.444787,0.414696,0.308796,0.189992,0.245124,0.457744,0.290596,0.48346,0.366664,0.104405,0.287464,0.188071,0.0166839,0.0333632,0.713719,0.653688
4092.875512,0.390082,0.120638,0.422507,0.775915,0.368084,0.162463,0.469096,0.609124,0.111486,0.305534,0.280969,0.442761,0.340263,0.469361,0.348425,0.0779943,0.459874,0.44264,0.417582,0.308351,0.189586,0.24247,0.460025,0.29187,0.483439,0.363839,0.103102,0.286276,0.185806,0.0175597,0.0341069,0.70766,0.648241
4095.999845,0.384847,0.116562,0.420951,0.774664,0.364658,0.156138,0.464402,0.605869,0.110467,0.30462,0.27855,0.44269,0.338539,0.464482,0.347449,0.0763304,0.458719,0.44103,0.420266,0.308682,0.189193,0.240593,0.462352,0.29252,0.481918,0.360821,0.102027,0.284998,0.184501,0.0177264,0.0336919,0.702437,0.642624
4099.128951,0.380297,0.11307,0.419566,0.773707,0.361041,0.150293,0.458295,0.602025,0.109603,0.303587,0.276068,0.442016,0.337065,0.459283,0.346486,0.0748301,0.45735,0.43842,0.423123,0.30839,0.188771,0.238484,0.46527,0.294024,0.479456,0.358953,0.101112,0.283304,0.183131,0.018638,0.0338737,0.697889,0.636962
4102.262841,0.376859,0.109848,0.417903,0.772776,0.359008,0.144769,0.453583,0.598839,0.108814,0.302137,0.274032,0.441179,0.33593,0.454821,0.345408,0.0736205,0.4561,0.436278,0.426044,0.307333,0.188313,0.236126,0.468715,0.297702,0.477503,0.357411,0.10048,0.281313,0.181836,0.0199372,0.036647,0.691658,0.63038
4105.401528,0.373935,0.106723,0.416027,0.771689,0.356162,0.139624,0.450262,0.596026,0.107772,0.30021,0.272022,0.440789,0.335449,0.451269,0.344232,0.0715851,0.454744,0.435319,0.429083,0.306225,0.18751,0.233713,0.471709,0.302174,0.476293,0.355377,0.0999647,0.279355,0.180981,0.0199884,0.0402457,0.683583,0.623579
4108.54502,0.37124,0.10438,0.413794,0.770722,0.351847,0.134793,0.446888,0.593813,0.106913,0.29811,0.270012,0.440278,0.333953,0.448945,0.34317,0.0686691,0.453195,0.435167,0.4321,0.304582,0.186459,0.232015,0.474671,0.30598,0.475033,0.352677,0.0996716,0.277709,0.180137,0.0194328,0.0415726,0.674114,0.617323
4111.693331,0.368708,0.102738,0.411248,0.769141,0.346622,0.129895,0.44294,0.591606,0.106315,0.296304,0.267381,0.439316,0.330411,0.447224,0.341704,0.0659673,0.451637,0.434635,0.434361,0.302765,0.185208,0.230605,0.478198,0.310113,0.472367,0.350603,0.0995254,0.275741,0.179573,0.0190122,0.0396596,0.662354,0.609769
4114.84647,0.366706,0.101341,0.40878,0.767523,0.342294,0.125049,0.439489,0.589939,0.105836,0.294916,0.265012,0.438067,0.326048,0.445793,0.340008,0.063952,0.44996,0.434473,0.437495,0.302665,0.184042,0.229683,0.481275,0.314789,0.468915,0.35002,0.0991312,0.273426,0.179533,0.0195233,0.0385619,0.651408,0.601344
4118.004449,0.36484,0.0993525,0.406114,0.766788,0.340334,0.120447,0.436735,0.589334,0.105249,0.293474,0.264307,0.436478,0.32238,0.444957,0.338823,0.0620657,0.448372,0.433727,0.443404,0.303376,0.183178,0.229859,0.482977,0.318623,0.466123,0.348868,0.0982088,0.271099,0.179106,0.0192738,0.0380749,0.643981,0.593995
4121.167278,0.362812,0.096751,0.403873,0.766215,0.339941,0.116503,0.43402,0.588755,0.104552,0.292078,0.264459,0.434893,0.319789,0.444898,0.337804,0.0602544,0.447004,0.431921,0.449846,0.302962,0.182483,0.229704,0.484254,0.320681,0.464864,0.346447,0.097382,0.268849,0.177695,0.0168384,0.0347102,0.637039,0.586622
4124.33497,0.360709,0.0941313,0.401947,0.765342,0.340089,0.112814,0.433102,0.587668,0.104079,0.29073,0.263208,0.433026,0.31802,0.44387,0.336496,0.0587325,0.445708,0.430484,0.452976,0.302394,0.181684,0.228452,0.485902,0.321448,0.464216,0.343353,0.0967196,0.266795,0.175645,0.0136387,0.0310171,0.6288,0.577713
4127.507536,0.358344,0.091618,0.400105,0.764309,0.33975,0.108736,0.43376,0.58684,0.104102,0.289707,0.262026,0.43088,0.316278,0.441777,0.335499,0.0576825,0.444696,0.428842,0.455687,0.302869,0.180659,0.22727,0.486999,0.321821,0.463414,0.340299,0.0960754,0.26488,0.173086,0.0119617,0.0283325,0.6209,0.569888
4130.684986,0.355503,0.0889263,0.398945,0.762887,0.338359,0.104263,0.432882,0.585604,0.103935,0.289099,0.261265,0.428933,0.313211,0.439187,0.334631,0.0564751,0.443667,0.426213,0.459218,0.30327,0.179455,0.225494,0.487097,0.320646,0.462446,0.337824,0.0952914,0.262794,0.17031,0.0112104,0.0266238,0.613989,0.563885
4133.867332,0.352514,0.0858692,0.39821,0.761821,0.337416,0.0995639,0.430679,0.584393,0.103329,0.288268,0.25936,0.427342,0.309511,0.436505,0.333724,0.0549619,0.442644,0.424108,0.462824,0.303714,0.17836,0.223296,0.486772,0.318459,0.461876,0.335385,0.0943493,0.26071,0.169041,0.0105519,0.0261201,0.60876,0.557718
4137.054585,0.349215,0.082456,0.396283,0.761019,0.336915,0.0952154,0.427605,0.582922,0.102801,0.286993,0.255743,0.426043,0.307115,0.433636,0.33305,0.0536257,0.442002,0.422427,0.466783,0.304839,0.177308,0.221592,0.485652,0.314841,0.46121,0.331872,0.093616,0.258858,0.169052,0.0100324,0.024878,0.605235,0.55156
4140.246757,0.345699,0.0790693,0.393136,0.760238,0.33576,0.091442,0.423683,0.579944,0.102487,0.285679,0.252296,0.424989,0.306367,0.430659,0.332169,0.0524985,0.441467,0.420392,0.470542,0.305839,0.176287,0.219913,0.483613,0.311635,0.460748,0.32942,0.0930135,0.257393,0.169441,0.0103556,0.0237492,0.602638,0.548342
4143.443858,0.342109,0.0757479,0.389976,0.759649,0.334329,0.0880619,0.419856,0.576316,0.101984,0.284196,0.249788,0.424028,0.305942,0.42735,0.330958,0.0518148,0.44068,0.417895,0.47311,0.30535,0.175592,0.217178,0.481365,0.310395,0.461012,0.32857,0.0921748,0.256246,0.168387,0.0114959,0.0242704,0.601246,0.547788
4146.645902,0.338502,0.0721264,0.386862,0.759437,0.332804,0.0850935,0.417001,0.573162,0.101271,0.282572,0.246884,0.42318,0.305895,0.423436,0.32981,0.051208,0.439719,0.416624,0.475251,0.304909,0.175186,0.214111,0.478968,0.310099,0.461286,0.328225,0.0913849,0.255916,0.166465,0.0139283,0.0267429,0.602358,0.548557
4149.852898,0.335018,0.06892,0.383105,0.759204,0.330113,0.0822976,0.414624,0.57028,0.100308,0.280854,0.243284,0.422636,0.305325,0.419044,0.328778,0.0499032,0.438181,0.416371,0.477333,0.304865,0.174402,0.212038,0.476006,0.308811,0.460434,0.327175,0.0906202,0.255914,0.164716,0.0172096,0.028307,0.606007,0.552132
4153.064858,0.331654,0.066584,0.379187,0.759002,0.326831,0.0795188,0.41222,0.566918,0.0993588,0.279044,0.240706,0.422272,0.303937,0.415324,0.327787,0.0486273,0.436256,0.415836,0.479221,0.30428,0.173101,0.210971,0.472885,0.305848,0.458597,0.326342,0.089565,0.255735,0.162808,0.0208649,0.0277428,0.611598,0.558772
4156.281794,0.328761,0.0644946,0.376083,0.75878,0.323116,0.0766386,0.40865,0.562632,0.0984742,0.277201,0.238822,0.421765,0.302712,0.412556,0.326567,0.0475464,0.434491,0.415566,0.480587,0.303304,0.17187,0.209765,0.4699,0.302506,0.456402,0.326491,0.0886978,0.25504,0.16094,0.0238189,0.0253068,0.618993,0.566894
4159.503718,0.326513,0.0623605,0.373756,0.758736,0.320348,0.0740122,0.404875,0.559665,0.09748,0.275822,0.237889,0.421369,0.301989,0.41019,0.325598,0.0464136,0.432758,0.416765,0.481615,0.302613,0.171075,0.208876,0.466297,0.299512,0.454719,0.327087,0.0883567,0.253876,0.158651,0.0258386,0.0232872,0.62931,0.577062
4162.730641,0.324456,0.0601413,0.37145,0.758752,0.319808,0.0717801,0.402552,0.558226,0.0964457,0.274589,0.237906,0.421318,0.301507,0.40797,0.325177,0.0455013,0.431133,0.417108,0.48178,0.300882,0.170288,0.208415,0.461535,0.295488,0.453228,0.327333,0.0877921,0.25242,0.155346,0.0264165,0.0219549,0.641603,0.587603
4165.962575,0.32232,0.0580148,0.369719,0.758503,0.319754,0.0699572,0.401052,0.556611,0.0953395,0.273269,0.237197,0.421395,0.301158,0.4061,0.324561,0.0448419,0.429964,0.416111,0.479011,0.297927,0.169195,0.20788,0.456598,0.289852,0.451593,0.327168,0.0871615,0.250688,0.152188,0.0254899,0.0205417,0.652807,0.596572
4169.199531,0.320208,0.0559786,0.368545,0.758025,0.318781,0.0680048,0.400591,0.554492,0.0941257,0.27226,0.234885,0.421212,0.300214,0.404136,0.323622,0.0442179,0.428946,0.414864,0.472557,0.295571,0.167935,0.20714,0.451947,0.282961,0.449345,0.326592,0.0865444,0.248754,0.149965,0.024431,0.0180812,0.663597,0.604824
4172.441521,0.318377,0.0540492,0.367448,0.756841,0.317498,0.0659155,0.400697,0.553821,0.0932976,0.271625,0.232952,0.421023,0.298399,0.402135,0.322796,0.043034,0.427924,0.413364,0.465563,0.29357,0.166831,0.206742,0.44713,0.276311,0.446469,0.325253,0.0859194,0.246843,0.148438,0.0239431,0.0167183,0.674284,0.612773
4175.688558,0.316379,0.0521938,0.36622,0.754673,0.315354,0.0640002,0.399043,0.554391,0.0927794,0.270863,0.231994,0.420908,0.295759,0.400238,0.321865,0.0410954,0.426966,0.41137,0.45808,0.290289,0.165578,0.207158,0.441739,0.27062,0.443775,0.323512,0.0856061,0.24526,0.147104,0.0232803,0.0179036,0.683163,0.618665
4178.940651,0.314304,0.0504811,0.364795,0.752464,0.313383,0.062323,0.396655,0.554663,0.0924163,0.269516,0.231251,0.420334,0.293161,0.399176,0.321112,0.039196,0.426568,0.409728,0.450731,0.286787,0.164245,0.207621,0.435742,0.26607,0.442166,0.321101,0.0855329,0.244394,0.146747,0.0231241,0.0210826,0.691806,0.622911
4182.197815,0.312305,0.0488339,0.362892,0.750857,0.312781,0.0605167,0.394626,0.553883,0.0921176,0.267889,0.229469,0.419195,0.291072,0.398098,0.320235,0.0374564,0.426578,0.407781,0.443621,0.283298,0.163231,0.207206,0.428528,0.260673,0.441415,0.318353,0.0852381,0.243946,0.147426,0.023403,0.0241506,0.69989,0.627671
4185.46006,0.310125,0.0471743,0.36107,0.749429,0.313164,0.0583977,0.392615,0.551208,0.0919319,0.266758,0.226552,0.417989,0.289282,0.395891,0.318944,0.03579,0.42623,0.405278,0.434608,0.27941,0.162291,0.205902,0.420557,0.254307,0.441436,0.317015,0.0845777,0.242931,0.147701,0.0242874,0.0249543,0.706707,0.634132
4188.727398,0.307664,0.045374,0.359491,0.747552,0.31317,0.0565334,0.390821,0.547254,0.0915355,0.266022,0.223542,0.416472,0.287617,0.391795,0.317741,0.0343959,0.425283,0.402392,0.424206,0.276321,0.161083,0.203476,0.412744,0.247974,0.442096,0.315117,0.0835642,0.241359,0.146034,0.0262201,0.0234928,0.713897,0.640765
4191.999841,0.30514,0.04323,0.357465,0.745802,0.31263,0.0547924,0.389586,0.543509,0.0908279,0.264817,0.220838,0.414556,0.286149,0.386912,0.31672,0.0330537,0.423709,0.399436,0.413961,0.274479,0.159642,0.20044,0.405475,0.241329,0.44212,0.312474,0.0820995,0.240154,0.142821,0.0288616,0.0230299,0.721776,0.647348
4195.277401,0.303026,0.0411449,0.354934,0.744488,0.311258,0.0520332,0.388161,0.539622,0.0894347,0.262779,0.216788,0.412322,0.284114,0.382262,0.315285,0.0316603,0.421428,0.396315,0.403521,0.271228,0.157639,0.197669,0.398217,0.233732,0.440798,0.310006,0.0799917,0.238961,0.139613,0.031188,0.0234988,0.730155,0.654325
4198.560091,0.300574,0.0396292,0.35223,0.744294,0.308653,0.0482609,0.384659,0.535254,0.0872341,0.260451,0.21191,0.409511,0.282176,0.378244,0.313555,0.0305142,0.418374,0.393602,0.394118,0.265577,0.15529,0.194309,0.390847,0.226146,0.43893,0.307533,0.0772602,0.237782,0.137148,0.0321761,0.0242349,0.738255,0.66195
4201.847922,0.297229,0.0383493,0.349492,0.74419,0.305129,0.043813,0.379501,0.530872,0.0844254,0.257837,0.207967,0.405872,0.280138,0.374441,0.311536,0.0292993,0.41458,0.391055,0.385536,0.259335,0.153135,0.18955,0.384174,0.218781,0.43645,0.305107,0.0740156,0.236677,0.13519,0.0320632,0.0244559,0.745373,0.669727
4205.140906,0.293828,0.0369261,0.34673,0.742699,0.301958,0.0389878,0.375034,0.52688,0.0811328,0.254794,0.204117,0.40206,0.276983,0.371386,0.309088,0.0284432,0.410277,0.387124,0.376958,0.253884,0.151406,0.184528,0.377863,0.211488,0.433609,0.302469,0.0702837,0.235464,0.133014,0.0323929,0.0242966,0.752904,0.676582
4208.439056,0.290473,0.035469,0.344203,0.740649,0.30015,0.0340177,0.369978,0.525007,0.0776877,0.251724,0.201108,0.399014,0.273263,0.369837,0.306321,0.0282544,0.405755,0.381705,0.367474,0.247979,0.149306,0.178506,0.371216,0.204238,0.42986,0.298347,0.0661948,0.233285,0.13104,0.031359,0.0233034,0.756789,0.68051
4211.742383,0.287442,0.0337446,0.342604,0.739221,0.300435,0.0287658,0.364267,0.525104,0.0741807,0.248178,0.20134,0.396831,0.27071,0.368747,0.303132,0.0278853,0.401533,0.377599,0.356559,0.241447,0.146801,0.172072,0.365376,0.196166,0.424371,0.295229,0.0626438,0.230572,0.129051,0.0284495,0.0214041,0.759251,0.683774
4215.050901,0.285272,0.0319309,0.341453,0.737713,0.299845,0.02334,0.359652,0.523516,0.0708568,0.244601,0.204753,0.394835,0.269126,0.36774,0.300211,0.0270639,0.397836,0.373992,0.34568,0.235443,0.144963,0.16701,0.360273,0.188063,0.418257,0.296223,0.0597727,0.229317,0.126459,0.0261942,0.0157314,0.766164,0.686135
4218.36462,0.283945,0.0304287,0.341181,0.735865,0.297272,0.0186661,0.355729,0.52116,0.0688224,0.241977,0.209905,0.392653,0.267316,0.366774,0.298206,0.0265287,0.395147,0.369952,0.335714,0.230276,0.143813,0.164642,0.354075,0.182658,0.413665,0.29852,0.0572059,0.230234,0.125221,0.0247331,0.0098021,0.773238,0.685116
4221.683553,0.283263,0.0291432,0.341566,0.733013,0.295092,0.0151239,0.350567,0.519656,0.0683057,0.239931,0.215222,0.390656,0.264798,0.36547,0.297001,0.0264922,0.393578,0.367059,0.325796,0.225701,0.143007,0.164565,0.346858,0.178208,0.410085,0.298706,0.055284,0.232395,0.124077,0.0225685,0.00748336,0.775059,0.679632
4225.007714,0.282996,0.0280978,0.341697,0.729868,0.29514,0.0129915,0.345978,0.518989,0.068482,0.238801,0.218752,0.389627,0.262172,0.364601,0.296545,0.0265957,0.393133,0.364977,0.317897,0.223155,0.142922,0.164481,0.340267,0.173118,0.407706,0.297309,0.0545082,0.234994,0.121729,0.0206093,0.00951344,0.775694,0.674001
4228.337113,0.282718,0.0265634,0.341706,0.728133,0.296971,0.0123022,0.343127,0.520269,0.0692321,0.239157,0.218846,0.389877,0.259777,0.363329,0.296805,0.0262096,0.393965,0.364022,0.312235,0.222178,0.143529,0.164776,0.334253,0.167396,0.406656,0.295561,0.0542675,0.237209,0.119965,0.0167431,0.0117931,0.777381,0.673384
4231.671764,0.282995,0.0247196,0.342624,0.727585,0.299204,0.0136648,0.34246,0.521278,0.0710642,0.239887,0.218136,0.391319,0.257591,0.361503,0.298211,0.0254449,0.39571,0.3659,0.30797,0.223131,0.144762,0.166991,0.329212,0.161881,0.405841,0.294405,0.0552364,0.239028,0.11892,0.0128145,0.012013,0.777594,0.676154
4235.011678,0.284069,0.0231938,0.343776,0.727354,0.299885,0.0168722,0.34446,0.520204,0.0736514,0.240679,0.218612,0.39306,0.255341,0.359812,0.30107,0.0246401,0.398437,0.368868,0.304959,0.226094,0.14665,0.169772,0.324866,0.157258,0.406296,0.294576,0.0582744,0.241419,0.117825,0.0110018,0.014531,0.779135,0.678046
4238.356869,0.285864,0.0214071,0.34395,0.728128,0.300098,0.0215812,0.347718,0.519238,0.0775657,0.243056,0.21863,0.395405,0.255186,0.357657,0.305749,0.0242392,0.403,0.374028,0.303287,0.229578,0.149712,0.173467,0.320578,0.154166,0.409022,0.298181,0.0630943,0.244626,0.117691,0.0117654,0.0208498,0.783774,0.680085
4241.707349,0.288249,0.0189087,0.343006,0.731752,0.299818,0.0283582,0.351752,0.51923,0.0831868,0.246829,0.215192,0.398865,0.256766,0.354723,0.311985,0.0240247,0.409618,0.381998,0.304245,0.232361,0.15388,0.179204,0.316162,0.152653,0.413359,0.304304,0.0695904,0.247962,0.119692,0.0134897,0.0272447,0.788943,0.683202
4245.06313,0.289912,0.0166124,0.341403,0.737259,0.298636,0.0363712,0.356207,0.519426,0.0892886,0.250554,0.209383,0.402662,0.25855,0.35222,0.318786,0.0236595,0.41681,0.391488,0.308352,0.234646,0.157796,0.185433,0.31183,0.152653,0.418926,0.309814,0.0766471,0.250663,0.122448,0.0154011,0.0325413,0.791447,0.685879
4248.424225,0.289885,0.0153064,0.338904,0.739957,0.297109,0.0431893,0.36034,0.518763,0.0940955,0.252681,0.203797,0.405611,0.259837,0.350787,0.324424,0.0237951,0.422428,0.398864,0.312011,0.237487,0.160523,0.190779,0.307937,0.151579,0.423741,0.312067,0.0817955,0.25145,0.124111,0.0198926,0.0360616,0.789836,0.687622
4251.790647,0.288664,0.0142267,0.336096,0.739918,0.295782,0.0475696,0.36425,0.517268,0.0969719,0.252614,0.199181,0.407457,0.260388,0.350717,0.327707,0.024614,0.425302,0.402245,0.314626,0.239627,0.161903,0.194694,0.303823,0.148353,0.426927,0.310981,0.0845644,0.250045,0.124997,0.0275952,0.0367349,0.78411,0.686898
4255.162408,0.286495,0.0123629,0.333812,0.740523,0.295671,0.0491653,0.365419,0.516391,0.0975544,0.251415,0.198004,0.408529,0.260272,0.350556,0.328377,0.0248664,0.425392,0.40335,0.315307,0.238724,0.161263,0.194685,0.29892,0.144495,0.428663,0.308826,0.0856772,0.246647,0.124666,0.03403,0.0347998,0.77219,0.68233
4258.539521,0.284123,0.0102033,0.330898,0.741749,0.296895,0.0482086,0.363492,0.514442,0.096229,0.249307,0.19938,0.408913,0.260264,0.349018,0.32726,0.0240986,0.423577,0.404009,0.313095,0.235937,0.159795,0.192261,0.293716,0.139643,0.428601,0.308909,0.0855187,0.242795,0.123375,0.0374649,0.0311978,0.760034,0.677953
4261.921999,0.281372,0.0088532,0.327166,0.742265,0.296548,0.0452389,0.360439,0.508972,0.0941741,0.246758,0.200248,0.407637,0.260555,0.347444,0.325158,0.0232044,0.420614,0.402016,0.309184,0.231911,0.15759,0.189865,0.288596,0.133989,0.427235,0.310375,0.0839009,0.240239,0.122568,0.0397692,0.0241767,0.750115,0.670514
4265.309854,0.277834,0.00785032,0.325392,0.74151,0.294778,0.041428,0.358603,0.503817,0.0921323,0.244426,0.202414,0.405116,0.260506,0.34591,0.322113,0.0231275,0.416979,0.397627,0.302935,0.226579,0.153708,0.187912,0.283383,0.129092,0.425902,0.308227,0.0804128,0.238369,0.1233,0.0414591,0.0174426,0.737387,0.656763
4268.7031,0.274138,0.00691947,0.323998,0.73918,0.293588,0.0377972,0.357152,0.501426,0.0895233,0.241963,0.204951,0.402403,0.259136,0.343752,0.318259,0.0231381,0.412576,0.393549,0.294827,0.220465,0.149259,0.18514,0.279012,0.123446,0.423623,0.301679,0.0760662,0.235695,0.123047,0.0426002,0.0157863,0.721927,0.639687
4272.101749,0.270526,0.00632656,0.321859,0.73707,0.292292,0.0344091,0.355645,0.499556,0.085793,0.239557,0.204739,0.399833,0.257001,0.342269,0.314008,0.0226491,0.407902,0.388641,0.287622,0.215184,0.14522,0.181127,0.276753,0.117557,0.421021,0.295528,0.0720764,0.233098,0.121252,0.0423973,0.01781,0.708652,0.624589
4275.505814,0.267376,0.00554955,0.320533,0.735533,0.290663,0.0310206,0.353423,0.497236,0.0816154,0.237184,0.201704,0.397623,0.254966,0.34164,0.310228,0.0214216,0.403457,0.38366,0.28077,0.211178,0.141789,0.177645,0.275839,0.112832,0.417826,0.291256,0.0678055,0.231612,0.12039,0.039641,0.0186272,0.697139,0.614361
4278.915308,0.265928,0.00519046,0.320445,0.734475,0.289599,0.0284301,0.349935,0.493759,0.0784125,0.234798,0.199852,0.39568,0.252172,0.342066,0.307738,0.0200545,0.39997,0.380498,0.274066,0.208299,0.139729,0.175623,0.275729,0.109831,0.413228,0.288714,0.0643393,0.231087,0.120542,0.0407149,0.0190766,0.685898,0.607488
4282.330244,0.26604,0.00538787,0.319861,0.734105,0.289359,0.0273176,0.347077,0.489872,0.0767874,0.23352,0.19953,0.393826,0.248953,0.342854,0.306861,0.0192573,0.398641,0.377924,0.269286,0.205426,0.138959,0.174414,0.275838,0.108689,0.410444,0.288558,0.0629977,0.232064,0.120695,0.0443325,0.021624,0.67919,0.600641
4285.750636,0.266994,0.00553453,0.318424,0.734227,0.290359,0.0288586,0.346475,0.488713,0.0777048,0.234747,0.198562,0.393464,0.248881,0.342799,0.308303,0.0189642,0.399876,0.379378,0.267295,0.203973,0.139576,0.174492,0.275604,0.109465,0.411551,0.291086,0.0636638,0.234601,0.121797,0.0461945,0.0243324,0.67706,0.596637
4289.176496,0.268373,0.00555712,0.317565,0.735379,0.291999,0.0325497,0.348029,0.489194,0.0807062,0.237279,0.197414,0.394814,0.251061,0.341986,0.311196,0.0192282,0.40283,0.384968,0.267029,0.20543,0.141187,0.176417,0.27509,0.110565,0.414271,0.295284,0.0659684,0.236768,0.123224,0.0465624,0.025039,0.677104,0.595559
4292.607837,0.269598,0.00635251,0.317828,0.736753,0.293244,0.0362073,0.350623,0.488893,0.0835357,0.239537,0.196607,0.396515,0.253786,0.342062,0.313881,0.0199545,0.405541,0.390705,0.266771,0.208303,0.142566,0.1805,0.274422,0.111184,0.41743,0.298783,0.0686097,0.237747,0.123674,0.0468848,0.0251797,0.678864,0.593817
4296.044673,0.270265,0.00829089,0.318109,0.736617,0.292949,0.0386513,0.352275,0.487749,0.0851522,0.240431,0.19485,0.397732,0.256498,0.342379,0.315716,0.0205522,0.406649,0.393048,0.265577,0.21162,0.143171,0.185037,0.273348,0.111224,0.41989,0.299195,0.0700353,0.237917,0.123248,0.0478961,0.0236459,0.680017,0.591721
4299.487016,0.27093,0.00994945,0.318208,0.736632,0.292664,0.0398048,0.352265,0.486296,0.0862991,0.240348,0.192808,0.398323,0.258292,0.342481,0.316792,0.0208611,0.406647,0.393227,0.265122,0.214809,0.143791,0.187515,0.271571,0.111234,0.421422,0.300463,0.070836,0.237947,0.122445,0.0502899,0.0208169,0.68079,0.591917
4302.934881,0.271652,0.0107161,0.318292,0.737951,0.293419,0.0403655,0.349935,0.485199,0.087055,0.24079,0.190983,0.398528,0.259233,0.342063,0.31723,0.0208904,0.406594,0.394016,0.265839,0.217145,0.145019,0.187768,0.268735,0.111632,0.423345,0.30344,0.071725,0.237793,0.121676,0.050887,0.0197802,0.680743,0.593408
4306.388279,0.272172,0.0115262,0.317673,0.73958,0.293591,0.0414232,0.347322,0.485217,0.0878803,0.242074,0.189168,0.398899,0.259824,0.341004,0.317481,0.0211269,0.407269,0.395895,0.266492,0.218662,0.146631,0.187659,0.266119,0.111791,0.42506,0.304612,0.0728777,0.237032,0.12198,0.0480055,0.0191574,0.680056,0.596547
4309.847226,0.272119,0.0125311,0.316626,0.740919,0.29255,0.0423742,0.347825,0.485838,0.089351,0.243281,0.18772,0.399085,0.260536,0.340529,0.317583,0.0217638,0.408165,0.396797,0.267125,0.218596,0.147342,0.187355,0.26481,0.111116,0.425482,0.30454,0.0741531,0.235812,0.122863,0.0443228,0.0162825,0.680691,0.598762
4313.311733,0.27169,0.0134549,0.316374,0.741554,0.290769,0.0435195,0.35159,0.487273,0.0909718,0.243811,0.187353,0.399091,0.261319,0.340414,0.317708,0.0230757,0.408613,0.397149,0.267432,0.217431,0.147454,0.18717,0.263927,0.111289,0.425687,0.304233,0.0752098,0.234565,0.124253,0.0420783,0.0143358,0.682729,0.598633
4316.781815,0.271492,0.0143071,0.316306,0.742118,0.287618,0.0451886,0.355285,0.488753,0.0918047,0.243845,0.18577,0.398925,0.260678,0.339115,0.317728,0.0244737,0.40871,0.396991,0.266542,0.215868,0.147589,0.186657,0.263246,0.112386,0.426583,0.304536,0.0761031,0.232801,0.125549,0.0411966,0.0165705,0.685334,0.598762
4320.257485,0.271415,0.0149087,0.316324,0.742671,0.284558,0.0462887,0.357518,0.48889,0.091795,0.243936,0.182197,0.398722,0.259411,0.337512,0.317455,0.0254234,0.408192,0.395201,0.264563,0.214728,0.147742,0.185529,0.263201,0.112989,0.428411,0.307016,0.0767989,0.231244,0.125977,0.0399187,0.0223595,0.688775,0.600308
4323.738756,0.271306,0.0148782,0.315859,0.742266,0.28339,0.0469282,0.357349,0.487847,0.0911381,0.243924,0.17767,0.398646,0.257992,0.336275,0.317498,0.0261161,0.406836,0.392928,0.261466,0.214504,0.147587,0.184403,0.263357,0.113043,0.429012,0.309564,0.076705,0.230593,0.126249,0.0400718,0.0264991,0.691281,0.603027
4327.225642,0.271409,0.014623,0.314828,0.741937,0.283857,0.0477971,0.355659,0.486674,0.0904382,0.243424,0.174072,0.398311,0.25489,0.334873,0.317561,0.0268407,0.405555,0.391096,0.258898,0.213486,0.147086,0.183294,0.263443,0.113111,0.428307,0.31032,0.0762739,0.230138,0.126491,0.0441608,0.0277421,0.692617,0.607301
4330.718157,0.271434,0.0148012,0.313365,0.741308,0.285778,0.0485582,0.355541,0.485922,0.089666,0.242222,0.171383,0.397894,0.251039,0.333143,0.316934,0.0274936,0.40392,0.389652,0.258019,0.211587,0.14609,0.182029,0.263849,0.112683,0.427814,0.309288,0.0756647,0.230035,0.125896,0.0476289,0.0300938,0.693657,0.611653
4334.216314,0.270881,0.015533,0.311996,0.73963,0.288803,0.0488974,0.356859,0.485557,0.088788,0.241362,0.169483,0.397821,0.249284,0.3314,0.316247,0.0281047,0.401538,0.389648,0.257384,0.210993,0.144577,0.1809,0.26432,0.111364,0.427766,0.30789,0.0744192,0.229995,0.125849,0.0491903,0.0331583,0.696209,0.616227
4337.720126,0.270203,0.0163502,0.310998,0.738137,0.292023,0.0488458,0.358508,0.483851,0.0877862,0.241373,0.169046,0.39771,0.249206,0.329054,0.31542,0.0292167,0.398985,0.390377,0.255247,0.211601,0.142862,0.180518,0.264253,0.10869,0.427191,0.306914,0.0730162,0.229078,0.126079,0.0504627,0.0334298,0.701636,0.62147
4341.229609,0.269978,0.0175982,0.310408,0.737873,0.293509,0.0488319,0.360608,0.480703,0.0864332,0.241501,0.168417,0.397651,0.249377,0.327206,0.314475,0.0300573,0.396645,0.389049,0.252073,0.212095,0.141393,0.181344,0.263939,0.10614,0.427036,0.306151,0.0721727,0.228509,0.12631,0.0508706,0.032786,0.708274,0.62667
4344.744774,0.270211,0.0191466,0.310149,0.738313,0.292638,0.0486275,0.361476,0.478051,0.0848041,0.241029,0.166113,0.397365,0.249392,0.326278,0.31373,0.0301629,0.394831,0.386164,0.248522,0.212245,0.140105,0.181296,0.263623,0.105411,0.427396,0.304976,0.0716963,0.228461,0.126886,0.0500522,0.0327616,0.713627,0.63052
4348.265637,0.27074,0.0204725,0.309927,0.738536,0.292385,0.0478608,0.360485,0.476274,0.0832945,0.240582,0.163487,0.396611,0.249937,0.326374,0.312959,0.0305439,0.393795,0.386075,0.245407,0.212762,0.13942,0.179665,0.263183,0.106387,0.427055,0.304485,0.0712587,0.227867,0.127227,0.050382,0.0332716,0.718474,0.634415
4351.792211,0.271151,0.0216347,0.309895,0.738428,0.293231,0.0470293,0.360035,0.474674,0.082142,0.240281,0.162416,0.396104,0.250745,0.326529,0.312081,0.0311204,0.393572,0.387532,0.244717,0.213357,0.139659,0.178297,0.262204,0.106822,0.426024,0.303059,0.070766,0.226799,0.127568,0.0519708,0.0340077,0.721506,0.637016
4355.32451,0.271502,0.0229871,0.309538,0.738673,0.293604,0.0462526,0.36168,0.473833,0.081375,0.240179,0.163451,0.396132,0.251034,0.326361,0.311116,0.0314852,0.393889,0.388042,0.245229,0.213164,0.139824,0.17765,0.26164,0.106324,0.425004,0.300183,0.0701082,0.225723,0.12763,0.0537066,0.0344921,0.722487,0.638949
4358.862548,0.272219,0.0247588,0.308333,0.738516,0.293265,0.0445172,0.364321,0.473586,0.0810535,0.240152,0.163795,0.395856,0.251254,0.327117,0.310108,0.0319527,0.393627,0.38786,0.24469,0.21238,0.139278,0.176834,0.261515,0.106492,0.424043,0.297903,0.069072,0.224619,0.127314,0.054419,0.0349475,0.722909,0.641223
4362.406338,0.273433,0.0268766,0.307434,0.737659,0.29219,0.0425836,0.366725,0.47343,0.0810332,0.239786,0.16328,0.394955,0.251784,0.328399,0.30939,0.0328218,0.393017,0.387903,0.243032,0.211892,0.138947,0.176217,0.261067,0.107519,0.423175,0.29666,0.0681472,0.223721,0.127051,0.0548192,0.0365105,0.723716,0.643018
4365.955896,0.27513,0.0287378,0.307505,0.737071,0.290222,0.0411612,0.368278,0.473707,0.0806412,0.239553,0.162536,0.39403,0.252205,0.32844,0.308875,0.0335099,0.39285,0.387646,0.240459,0.211105,0.138828,0.175682,0.260268,0.108111,0.423474,0.297544,0.067662,0.222679,0.127023,0.0556309,0.0383518,0.724885,0.644649
4369.511235,0.276737,0.0302368,0.307593,0.736821,0.289266,0.0399314,0.36864,0.473847,0.0798232,0.240065,0.160911,0.393509,0.252505,0.327778,0.308627,0.0340481,0.392451,0.38705,0.237723,0.209752,0.138627,0.175352,0.259301,0.107701,0.425182,0.299947,0.0674108,0.221744,0.127804,0.0549575,0.0409831,0.725429,0.646399
4373.072368,0.277818,0.0315388,0.307042,0.736484,0.289639,0.0391087,0.36748,0.472487,0.0788845,0.240675,0.159157,0.392931,0.252118,0.326966,0.308688,0.0350816,0.391569,0.386693,0.235272,0.208589,0.138231,0.175416,0.259056,0.10731,0.426005,0.300668,0.0669232,0.221724,0.129182,0.0536454,0.041639,0.724635,0.646772
4376.639312,0.278772,0.0327681,0.307002,0.736536,0.290726,0.0386763,0.367605,0.470809,0.0783011,0.2408,0.15784,0.3921,0.251099,0.325973,0.308501,0.0363472,0.390405,0.386563,0.233291,0.208163,0.137722,0.175394,0.259642,0.108476,0.425823,0.299904,0.0665331,0.222027,0.129795,0.0528682,0.0397138,0.723477,0.645765
4380.212078,0.279488,0.0339203,0.307548,0.736428,0.292613,0.0383394,0.368978,0.469473,0.077961,0.24075,0.156516,0.3914,0.250347,0.32596,0.307935,0.0374105,0.38888,0.386299,0.232165,0.208548,0.136933,0.175614,0.260207,0.110404,0.425579,0.299778,0.0662322,0.222134,0.129791,0.0529163,0.0400882,0.721775,0.644927
4383.790683,0.279932,0.0349763,0.307404,0.736106,0.294548,0.0382561,0.369494,0.467673,0.077557,0.241107,0.155699,0.390797,0.250418,0.326636,0.307755,0.0386387,0.38728,0.385627,0.231908,0.209089,0.13593,0.176736,0.260439,0.112252,0.42555,0.299673,0.0657119,0.222367,0.131113,0.0540475,0.0419912,0.719397,0.645318
4387.37514,0.280242,0.0362027,0.306722,0.735809,0.295456,0.0384964,0.370063,0.465172,0.0770335,0.241799,0.154995,0.390108,0.250713,0.326371,0.308111,0.0401156,0.38572,0.385157,0.231373,0.209064,0.135433,0.177533,0.260453,0.113127,0.425829,0.29944,0.06544,0.222775,0.132608,0.0534874,0.0423893,0.716894,0.646408
4390.965463,0.280289,0.037454,0.306128,0.735591,0.295765,0.0387993,0.370443,0.462704,0.0764074,0.2424,0.154217,0.389853,0.25097,0.325705,0.308536,0.0414115,0.384637,0.384612,0.230313,0.208991,0.135511,0.177346,0.260511,0.11323,0.426593,0.300988,0.065622,0.223279,0.133696,0.051692,0.0426304,0.714127,0.646634
4394.561668,0.280145,0.0382138,0.305424,0.735821,0.295735,0.0389607,0.369751,0.461423,0.0757945,0.242808,0.154316,0.390056,0.251344,0.325674,0.308699,0.042879,0.383836,0.384692,0.229292,0.209443,0.135532,0.176792,0.260851,0.114055,0.427241,0.303409,0.065779,0.223608,0.134452,0.0499704,0.0443054,0.710731,0.645161
4398.163767,0.280081,0.0388596,0.305327,0.735845,0.295711,0.0390967,0.368961,0.460815,0.0752874,0.243155,0.155776,0.390517,0.252028,0.325572,0.308595,0.0443685,0.383038,0.385514,0.229159,0.210669,0.135629,0.176691,0.261377,0.115686,0.427053,0.305222,0.0654556,0.223989,0.134106,0.0501234,0.0456809,0.708174,0.643351
4401.771777,0.280405,0.0397809,0.306294,0.735562,0.296494,0.0391592,0.36923,0.460132,0.0751156,0.243348,0.157444,0.391401,0.252748,0.324698,0.30858,0.0448329,0.382628,0.385031,0.229612,0.211874,0.136055,0.177086,0.261603,0.116195,0.427372,0.306008,0.0647187,0.22475,0.133297,0.0522584,0.0454719,0.706308,0.641412
4405.385711,0.281221,0.0410548,0.307464,0.735724,0.298215,0.0391652,0.370774,0.460103,0.0751736,0.243767,0.158503,0.39241,0.25322,0.324522,0.308605,0.0446193,0.382274,0.384418,0.229423,0.213166,0.136086,0.177915,0.26181,0.115786,0.428696,0.306867,0.0637423,0.225319,0.132572,0.0535357,0.0463966,0.705373,0.640083
4409.005584,0.282647,0.0427277,0.308133,0.735783,0.299388,0.0389484,0.373012,0.460748,0.0751805,0.244073,0.158506,0.392687,0.253726,0.32515,0.30838,0.0448062,0.381519,0.384724,0.228569,0.214853,0.135421,0.178948,0.262235,0.11544,0.429498,0.308035,0.0627362,0.225553,0.132318,0.0528929,0.0488035,0.706113,0.639894
4412.631411,0.284585,0.0447704,0.308799,0.735846,0.300061,0.0390507,0.375811,0.46199,0.075289,0.243881,0.158347,0.392796,0.254669,0.32567,0.308226,0.0450968,0.381021,0.385813,0.227767,0.215685,0.135172,0.180274,0.26281,0.114959,0.429749,0.309319,0.0622714,0.225845,0.133509,0.0519916,0.050288,0.709277,0.640016
4416.263207,0.286481,0.0468321,0.309729,0.736352,0.300976,0.0395754,0.378342,0.463494,0.0751413,0.243682,0.157786,0.393694,0.255742,0.326259,0.308431,0.0453751,0.380862,0.386775,0.226335,0.215181,0.135202,0.181555,0.263216,0.114474,0.430414,0.310336,0.0624389,0.226218,0.135734,0.0504155,0.049773,0.712868,0.64053
4419.900985,0.287869,0.0487855,0.310783,0.736665,0.302516,0.039822,0.380181,0.463744,0.0748501,0.243822,0.15709,0.394741,0.257433,0.327027,0.308868,0.0464614,0.380631,0.387075,0.224166,0.21478,0.134925,0.182543,0.263677,0.114682,0.431976,0.31086,0.0626794,0.226692,0.137741,0.0478662,0.0491206,0.715113,0.641444
4423.544762,0.289047,0.0503631,0.31171,0.736756,0.304262,0.0402882,0.381476,0.46269,0.0749331,0.244069,0.15726,0.395,0.259993,0.328226,0.309027,0.0481877,0.380276,0.386969,0.222725,0.215541,0.134489,0.183478,0.26451,0.115743,0.433787,0.310413,0.0626713,0.227416,0.139502,0.0450579,0.0473045,0.71779,0.641355
4427.194551,0.29035,0.0513598,0.313326,0.737239,0.305398,0.04149,0.383901,0.462005,0.0752606,0.243989,0.157743,0.39468,0.262731,0.330166,0.308664,0.0496734,0.379682,0.387538,0.222029,0.2172,0.134174,0.184322,0.26531,0.117051,0.434832,0.31063,0.0630059,0.227912,0.140616,0.0430055,0.0444229,0.720043,0.641811
4430.850368,0.291234,0.0521987,0.315591,0.737407,0.30547,0.0429392,0.386379,0.461529,0.0753221,0.243914,0.157626,0.39433,0.265499,0.332024,0.308197,0.0504874,0.378839,0.389483,0.221187,0.218356,0.134226,0.185066,0.26597,0.118263,0.434919,0.313075,0.0636587,0.227812,0.14158,0.0435768,0.0424948,0.719746,0.644189
4434.512228,0.291551,0.0531508,0.317172,0.736909,0.304554,0.0444406,0.387661,0.46009,0.0751382,0.244286,0.157574,0.39419,0.268147,0.333478,0.308357,0.0511988,0.378112,0.391888,0.220865,0.218419,0.135118,0.18616,0.266484,0.119456,0.434908,0.314909,0.0643449,0.227716,0.14385,0.0462535,0.0403882,0.717834,0.646478
4438.180146,0.291157,0.053946,0.318189,0.736044,0.303743,0.0459548,0.389121,0.45781,0.0748749,0.244679,0.157865,0.393954,0.269821,0.335032,0.308877,0.0522862,0.377683,0.394357,0.2211,0.218179,0.136662,0.187099,0.266652,0.120317,0.435473,0.315563,0.0653808,0.227384,0.145671,0.0469925,0.0376783,0.715528,0.645989
4441.854136,0.290114,0.05435,0.318612,0.735247,0.304041,0.047731,0.390371,0.455344,0.0747921,0.245044,0.158444,0.393935,0.270626,0.336582,0.308943,0.0537666,0.377642,0.396849,0.221968,0.218274,0.138013,0.187691,0.266427,0.121486,0.436121,0.31743,0.0662651,0.22695,0.146232,0.0455655,0.0352833,0.71272,0.644625
4445.534214,0.289022,0.054424,0.318147,0.734614,0.303694,0.0496909,0.390682,0.452995,0.0747417,0.245792,0.159603,0.394343,0.271129,0.337433,0.308588,0.0555429,0.37771,0.398307,0.223266,0.218599,0.138846,0.188253,0.266153,0.122931,0.435883,0.320743,0.0662445,0.227298,0.14613,0.0445965,0.0342076,0.709842,0.644882
4449.220395,0.288133,0.0542941,0.317926,0.73422,0.302633,0.0515953,0.390871,0.451088,0.0743717,0.247157,0.160654,0.394438,0.271893,0.337408,0.308235,0.0566514,0.377667,0.398429,0.223498,0.219099,0.139309,0.189204,0.266187,0.123997,0.435689,0.323617,0.0657136,0.228021,0.14618,0.0459523,0.0346627,0.70794,0.646339
4452.912694,0.287162,0.0539343,0.318268,0.73421,0.303516,0.0533049,0.39179,0.449935,0.0741427,0.248491,0.159973,0.394281,0.272626,0.337011,0.307969,0.0567625,0.377669,0.398062,0.222041,0.219588,0.139649,0.190372,0.266326,0.124452,0.436966,0.324467,0.064927,0.22822,0.147084,0.0477132,0.0347508,0.706227,0.646799
4456.611126,0.28611,0.053762,0.318489,0.734369,0.306631,0.0546624,0.394075,0.449698,0.0742128,0.249355,0.159117,0.394235,0.272964,0.337098,0.307832,0.0569389,0.377337,0.39786,0.220632,0.221044,0.139776,0.191675,0.266666,0.124581,0.438437,0.325588,0.0638608,0.228176,0.148242,0.0471748,0.0365614,0.704838,0.646419
4460.315707,0.285378,0.0541833,0.3183,0.734643,0.309728,0.0555478,0.396905,0.450286,0.0741375,0.249867,0.15849,0.394168,0.273028,0.337069,0.30761,0.057467,0.376498,0.397863,0.219695,0.222972,0.13923,0.192564,0.267245,0.124936,0.4395,0.327146,0.0629254,0.228704,0.149592,0.0448751,0.0408311,0.703639,0.645189
4464.026452,0.284972,0.0550616,0.318063,0.735577,0.312049,0.0564911,0.399563,0.45131,0.0741839,0.250444,0.157503,0.394358,0.272704,0.337057,0.307181,0.0580621,0.37576,0.398598,0.218659,0.223703,0.13829,0.192668,0.267845,0.126143,0.44093,0.327126,0.0622245,0.229546,0.151047,0.0426781,0.0446967,0.702352,0.642343
4467.743377,0.284956,0.0561046,0.318349,0.73632,0.31394,0.0576995,0.401459,0.451687,0.0744708,0.251213,0.156839,0.394743,0.271677,0.337999,0.306747,0.0592868,0.3752,0.399064,0.216841,0.224193,0.137259,0.192408,0.268306,0.127569,0.442322,0.325555,0.06158,0.230447,0.151007,0.0407462,0.0463831,0.700602,0.639631
4471.466497,0.285762,0.0573654,0.319341,0.73603,0.315672,0.0590931,0.403635,0.451149,0.0749349,0.251719,0.157019,0.395009,0.271009,0.339056,0.306354,0.0612186,0.374687,0.398499,0.215299,0.225263,0.136181,0.192824,0.268808,0.128896,0.443812,0.324847,0.0611974,0.231449,0.150451,0.0395502,0.0466143,0.698321,0.638076
4475.195826,0.286988,0.0585303,0.320626,0.735563,0.316623,0.0610063,0.405953,0.451039,0.0752461,0.251695,0.15743,0.394877,0.270936,0.339847,0.305793,0.0631802,0.373932,0.397765,0.214852,0.225627,0.135215,0.194073,0.269245,0.129912,0.445353,0.325512,0.0609884,0.232234,0.151455,0.0386946,0.0462137,0.696011,0.635289
4478.931382,0.288026,0.0594847,0.322068,0.73546,0.316597,0.0625035,0.407596,0.451815,0.075125,0.251536,0.157589,0.394192,0.270917,0.340608,0.305208,0.0648805,0.372724,0.398225,0.213488,0.224785,0.134673,0.195206,0.269749,0.130445,0.446373,0.326975,0.0608897,0.232599,0.15334,0.0385773,0.0459417,0.69329,0.632971
4482.673179,0.288778,0.0606075,0.322808,0.735373,0.316054,0.0632257,0.408942,0.452055,0.0748081,0.251883,0.158204,0.393428,0.271136,0.341329,0.304975,0.066581,0.371593,0.399716,0.211268,0.223645,0.134754,0.195645,0.270564,0.132028,0.446829,0.329281,0.061096,0.232633,0.155802,0.0394682,0.0448625,0.690631,0.631912
4486.421234,0.289419,0.0618578,0.322938,0.734959,0.315592,0.0644514,0.410511,0.450445,0.0743076,0.252731,0.159674,0.393116,0.271406,0.34231,0.305085,0.0684469,0.371146,0.401016,0.210232,0.222961,0.135129,0.196317,0.271233,0.134704,0.447178,0.331122,0.0618179,0.233085,0.15876,0.0397305,0.0434026,0.687405,0.629924
4490.175561,0.289664,0.0628444,0.323284,0.734299,0.315654,0.0662266,0.412274,0.447605,0.0736375,0.253214,0.159903,0.39279,0.271413,0.343512,0.305204,0.0701345,0.370953,0.401225,0.210126,0.222771,0.135251,0.197318,0.271847,0.137402,0.447471,0.331907,0.0628804,0.23374,0.16023,0.0375289,0.0427997,0.682888,0.627679
4493.936177,0.289279,0.063455,0.323595,0.733835,0.315855,0.0685331,0.41324,0.444423,0.0733752,0.253378,0.159242,0.392816,0.271618,0.344637,0.30521,0.0717888,0.370647,0.400947,0.210365,0.222154,0.135062,0.1981,0.272954,0.13985,0.447388,0.332661,0.0634579,0.234349,0.160384,0.0341864,0.0424614,0.679721,0.625979
4497.703098,0.288639,0.0636302,0.323168,0.733252,0.315992,0.0711841,0.413755,0.441446,0.0733187,0.253597,0.159811,0.393065,0.272639,0.345062,0.305181,0.0732623,0.370274,0.400334,0.210169,0.22136,0.134808,0.198852,0.274274,0.141433,0.446627,0.333167,0.0633447,0.235484,0.160079,0.0329579,0.0421204,0.678094,0.624486
4501.476339,0.28784,0.063343,0.322133,0.732742,0.317513,0.0734619,0.414575,0.439268,0.0731177,0.253879,0.160036,0.392751,0.274211,0.345385,0.305434,0.0740726,0.369614,0.399384,0.208189,0.221199,0.134625,0.199793,0.275028,0.142304,0.445779,0.333541,0.0632181,0.236861,0.15993,0.0345394,0.0415097,0.676184,0.623694
4505.255916,0.286431,0.0627094,0.320899,0.732274,0.320167,0.0751498,0.415992,0.438109,0.073096,0.254055,0.158962,0.392381,0.275462,0.345538,0.305797,0.074572,0.368797,0.398285,0.206139,0.221135,0.134649,0.200048,0.275573,0.142698,0.445032,0.33377,0.0630175,0.237896,0.160133,0.0350155,0.0402768,0.673429,0.622213
4509.041845,0.284492,0.0618406,0.32001,0.731102,0.322317,0.0764425,0.417732,0.43833,0.0732378,0.25413,0.158596,0.392177,0.276477,0.345329,0.306123,0.0750101,0.368033,0.398011,0.205799,0.221824,0.135012,0.199642,0.27692,0.142874,0.444054,0.334486,0.062944,0.239,0.159606,0.0333765,0.0402803,0.670539,0.619795
4512.834143,0.282686,0.0609711,0.319779,0.729809,0.323299,0.0778441,0.418284,0.438828,0.0733682,0.254163,0.158507,0.391663,0.276836,0.345809,0.306169,0.0750737,0.367493,0.399121,0.205772,0.223033,0.135111,0.199413,0.278647,0.142959,0.442913,0.335259,0.0631626,0.240041,0.158299,0.0322157,0.0410197,0.667107,0.616513
4516.632825,0.281312,0.0605589,0.319909,0.729507,0.323218,0.0796469,0.418556,0.438783,0.0736647,0.254306,0.157579,0.391198,0.276231,0.346895,0.305698,0.0751454,0.367378,0.400978,0.205988,0.223783,0.13482,0.199547,0.280237,0.14352,0.442288,0.335287,0.0628306,0.240377,0.156695,0.031518,0.0402933,0.663978,0.612994
4520.437907,0.280233,0.0608392,0.320475,0.729185,0.323036,0.0811183,0.42011,0.438688,0.0739498,0.254449,0.156939,0.391367,0.275631,0.347632,0.305117,0.0754751,0.367092,0.402216,0.206484,0.224033,0.134574,0.200122,0.281779,0.144153,0.441747,0.335153,0.0621744,0.240625,0.154486,0.030513,0.0379437,0.662175,0.610347
4524.249406,0.279383,0.0613083,0.321395,0.72816,0.32321,0.0819424,0.42292,0.439517,0.0741891,0.254075,0.157292,0.391806,0.275205,0.348209,0.304864,0.075985,0.366495,0.402717,0.207232,0.223775,0.13432,0.201256,0.28298,0.144564,0.44136,0.334843,0.0619678,0.241223,0.153774,0.0297685,0.0355967,0.660692,0.607406
4528.067338,0.278386,0.0614042,0.321565,0.727247,0.323465,0.0818624,0.424119,0.441831,0.0743821,0.253434,0.15707,0.391959,0.274619,0.348374,0.304846,0.0769851,0.365695,0.403486,0.207604,0.223277,0.134002,0.202004,0.283717,0.145408,0.441758,0.334576,0.0617024,0.24143,0.155585,0.0294909,0.0354471,0.658568,0.60217
4531.891719,0.277181,0.0612637,0.320658,0.726901,0.324445,0.0807957,0.423042,0.443806,0.0744634,0.253238,0.156204,0.391955,0.2747,0.347687,0.305083,0.078438,0.364906,0.404778,0.206856,0.223116,0.134077,0.201673,0.284406,0.146966,0.442698,0.334246,0.0613175,0.24098,0.157735,0.0298727,0.0366382,0.656106,0.598362
4535.722566,0.276229,0.0613022,0.319889,0.727001,0.325209,0.0796734,0.422138,0.44416,0.0745242,0.253373,0.155812,0.391869,0.274488,0.347344,0.305662,0.0802352,0.364463,0.405378,0.20615,0.223678,0.13445,0.201158,0.285315,0.149464,0.44329,0.333868,0.0612512,0.240797,0.159457,0.0299004,0.0374818,0.652854,0.597135
4539.559895,0.275646,0.0617393,0.320123,0.727375,0.32519,0.0790435,0.42164,0.442856,0.0743204,0.253689,0.155756,0.391536,0.274186,0.347344,0.306313,0.0818897,0.364206,0.405467,0.205658,0.224678,0.134516,0.20158,0.286279,0.152267,0.443109,0.334039,0.0613177,0.241574,0.161099,0.0288537,0.0396357,0.647742,0.595906
4543.403722,0.275194,0.0621814,0.32068,0.727651,0.325096,0.0787536,0.421356,0.441192,0.0739633,0.25392,0.154553,0.391294,0.275352,0.346857,0.307087,0.0834721,0.363885,0.405712,0.204789,0.225349,0.134463,0.202034,0.287005,0.154301,0.443039,0.33437,0.0614283,0.242771,0.161698,0.0270714,0.0419338,0.642932,0.594873
4547.254064,0.274802,0.0625523,0.321506,0.727434,0.32501,0.0786596,0.421803,0.440424,0.0742749,0.254089,0.153925,0.391926,0.276673,0.347091,0.308037,0.0858265,0.363552,0.406267,0.203892,0.225547,0.134436,0.202322,0.287499,0.156209,0.443457,0.334451,0.0614338,0.243889,0.1618,0.0261734,0.0430636,0.640996,0.593783
4551.110938,0.2745,0.0628996,0.322555,0.72699,0.32539,0.0785054,0.422818,0.439526,0.0745929,0.254437,0.154378,0.392878,0.277544,0.347934,0.308848,0.0880524,0.363111,0.406882,0.202836,0.226077,0.134282,0.202531,0.287729,0.158585,0.443544,0.334889,0.0610614,0.244706,0.162049,0.026863,0.0438462,0.639237,0.592933
4554.97436,0.274444,0.0630317,0.323283,0.726958,0.326511,0.0784597,0.423595,0.438679,0.0740725,0.255199,0.153837,0.393485,0.278713,0.348732,0.309626,0.0897756,0.362663,0.407597,0.201584,0.226822,0.134078,0.201959,0.287676,0.160682,0.443422,0.336575,0.0607147,0.245269,0.162974,0.028261,0.0439842,0.635342,0.593181
4558.844346,0.274343,0.0631114,0.323735,0.726743,0.32743,0.0782416,0.42459,0.43843,0.0734731,0.256162,0.15341,0.393949,0.279619,0.349501,0.310438,0.0916186,0.362516,0.408777,0.20119,0.227111,0.133822,0.200805,0.288088,0.162536,0.443247,0.338329,0.060575,0.245669,0.165319,0.0295205,0.0428032,0.631511,0.59273
4562.720915,0.274006,0.0632599,0.324628,0.726049,0.327198,0.0777665,0.425594,0.438211,0.0733638,0.257273,0.154616,0.394308,0.28017,0.350757,0.31137,0.0931749,0.36275,0.410701,0.201584,0.227711,0.133608,0.200566,0.28934,0.164132,0.443499,0.339253,0.0605301,0.2458,0.167864,0.030479,0.0407385,0.628911,0.591118
4566.604081,0.273924,0.0638059,0.326035,0.725503,0.325734,0.0778417,0.425667,0.437535,0.073341,0.258819,0.154933,0.39429,0.280616,0.352961,0.312289,0.0942851,0.363165,0.412306,0.201946,0.228542,0.133271,0.20183,0.290991,0.16517,0.444549,0.339631,0.0604041,0.245371,0.169706,0.0308115,0.0386391,0.625837,0.588505
4570.493863,0.274268,0.0650489,0.327232,0.725264,0.324591,0.0783052,0.426366,0.437292,0.0732817,0.260461,0.153968,0.394396,0.281193,0.355037,0.312916,0.0955313,0.363263,0.413232,0.202658,0.2291,0.133063,0.203592,0.292862,0.166718,0.445777,0.340019,0.0601169,0.245051,0.171198,0.0301109,0.0364119,0.622948,0.586129
4574.390278,0.274756,0.0666763,0.328315,0.724841,0.324854,0.078631,0.427662,0.437662,0.0732969,0.261339,0.154431,0.39491,0.282009,0.356802,0.313545,0.0969855,0.36275,0.413967,0.203207,0.22983,0.132924,0.204781,0.294659,0.168165,0.446188,0.340899,0.0601432,0.245893,0.171796,0.0281962,0.0334505,0.619979,0.584228
4578.293341,0.27548,0.0682228,0.329747,0.724202,0.326775,0.079018,0.428607,0.438302,0.0734553,0.261629,0.155291,0.395271,0.282307,0.359484,0.314232,0.0986548,0.362086,0.41514,0.202932,0.231116,0.13276,0.205545,0.296209,0.169482,0.446544,0.341869,0.0604005,0.247281,0.172517,0.0256773,0.0324228,0.61641,0.58105
4582.203071,0.276273,0.0695566,0.330909,0.723397,0.329779,0.0795154,0.429522,0.439503,0.0737278,0.261842,0.155138,0.395324,0.28247,0.361374,0.314757,0.100379,0.361538,0.416198,0.201933,0.23227,0.133101,0.206623,0.29787,0.171433,0.446964,0.343762,0.0604311,0.248103,0.173848,0.0242348,0.0347214,0.61328,0.576517
4586.119483,0.276869,0.0707004,0.331839,0.723009,0.332305,0.0802444,0.43074,0.440054,0.0742105,0.261875,0.155206,0.39518,0.283775,0.361667,0.315547,0.102002,0.361159,0.416125,0.200302,0.233046,0.134122,0.208062,0.300011,0.173588,0.447163,0.346452,0.0602592,0.248685,0.174657,0.0237436,0.0380834,0.609843,0.572766
4590.042597,0.277348,0.0717954,0.333373,0.723255,0.333517,0.0809929,0.431563,0.439542,0.0747968,0.262044,0.156671,0.394523,0.285557,0.362334,0.316884,0.103675,0.36075,0.415785,0.198146,0.23378,0.135159,0.20969,0.302036,0.175703,0.447588,0.349205,0.0601334,0.24971,0.17448,0.0227175,0.0422475,0.605481,0.5705
4593.972428,0.277603,0.0731995,0.334845,0.723318,0.334055,0.0817234,0.433245,0.438438,0.0751072,0.262351,0.158891,0.393892,0.288281,0.36284,0.318473,0.105427,0.3602,0.415848,0.196552,0.234654,0.136074,0.211731,0.303519,0.177304,0.448142,0.352683,0.0602319,0.250948,0.173825,0.0217494,0.0467213,0.602106,0.568219
4597.908994,0.277746,0.0743568,0.335687,0.722944,0.335438,0.082657,0.437404,0.4377,0.0752411,0.262518,0.159751,0.394167,0.291949,0.362496,0.320277,0.107471,0.359665,0.415849,0.196328,0.235696,0.137063,0.213424,0.305059,0.17796,0.448766,0.356484,0.060496,0.251894,0.173244,0.0207603,0.0495629,0.600063,0.566029
4601.852312,0.277747,0.0746388,0.337313,0.722521,0.337225,0.083168,0.44218,0.43799,0.0755872,0.263274,0.160069,0.395352,0.294998,0.362207,0.322098,0.109746,0.359083,0.415668,0.196908,0.237046,0.13762,0.214696,0.30685,0.179329,0.450024,0.359419,0.0607003,0.25223,0.173607,0.0210745,0.0514697,0.597797,0.56563
4605.8024,0.277413,0.0743991,0.33962,0.722597,0.337499,0.0831475,0.446175,0.437981,0.0758203,0.26449,0.160745,0.396299,0.297422,0.361468,0.32359,0.111403,0.358426,0.415345,0.198123,0.238631,0.137715,0.215669,0.308969,0.182101,0.452114,0.362011,0.0606294,0.251995,0.175504,0.0230931,0.0524043,0.594314,0.565505
4609.759275,0.276976,0.0745083,0.341548,0.723268,0.338036,0.0831171,0.449504,0.437483,0.0754976,0.265564,0.161263,0.396614,0.299925,0.360722,0.325182,0.112517,0.35795,0.415651,0.199853,0.240289,0.137879,0.216091,0.311453,0.185325,0.454666,0.363521,0.0604906,0.251966,0.178742,0.0249479,0.0516233,0.59041,0.564414
4613.722954,0.276219,0.0748537,0.342885,0.72391,0.339098,0.0828437,0.452651,0.437008,0.0751258,0.266625,0.162176,0.396862,0.301889,0.36078,0.32692,0.113645,0.357731,0.41675,0.200906,0.241853,0.137829,0.21689,0.313938,0.188193,0.45731,0.362514,0.0603842,0.252295,0.182104,0.0267057,0.0491335,0.587709,0.562996
4617.693456,0.275492,0.0749459,0.344,0.724366,0.338745,0.0832888,0.454965,0.437048,0.0754326,0.268048,0.163709,0.397107,0.302792,0.361321,0.32864,0.114976,0.3576,0.417832,0.202358,0.243055,0.137628,0.218813,0.316699,0.190653,0.460246,0.361681,0.0604892,0.252533,0.18489,0.0274602,0.0471286,0.585716,0.561805
4621.670797,0.275063,0.0750273,0.345573,0.723972,0.33753,0.084549,0.455557,0.437354,0.0759377,0.269392,0.165564,0.397379,0.302454,0.362625,0.330165,0.117003,0.356975,0.418495,0.204164,0.243778,0.137299,0.220981,0.319357,0.193552,0.462825,0.361146,0.0608042,0.252836,0.187177,0.0257058,0.0464363,0.582106,0.559811
4625.654996,0.273513,0.0751639,0.347222,0.722293,0.335884,0.085459,0.455467,0.438764,0.0753132,0.269865,0.166597,0.397901,0.300596,0.364623,0.331391,0.119671,0.356058,0.420019,0.203439,0.244416,0.136873,0.222177,0.321747,0.197049,0.462872,0.359711,0.0614587,0.253889,0.188859,0.0242364,0.0456104,0.57585,0.555984
4629.64607,0.271638,0.0750437,0.348212,0.72078,0.337049,0.0884703,0.455676,0.44164,0.0736945,0.270353,0.163918,0.397916,0.298867,0.366398,0.33322,0.122656,0.355701,0.422322,0.202112,0.246028,0.137405,0.223032,0.323406,0.199941,0.461565,0.361904,0.0624306,0.25488,0.191066,0.0246983,0.0426555,0.571941,0.555484
4633.644038,0.27177,0.0750111,0.348464,0.720746,0.343578,0.0950924,0.458861,0.443316,0.0731894,0.271289,0.158978,0.397649,0.299733,0.368674,0.335641,0.125645,0.356195,0.425053,0.202864,0.24791,0.138814,0.224341,0.323301,0.200596,0.463828,0.366295,0.0625768,0.254926,0.194015,0.025408,0.0378621,0.573451,0.559313
4637.648916,0.273115,0.0747868,0.348917,0.722032,0.350452,0.103754,0.464532,0.443737,0.0743437,0.271004,0.155013,0.398134,0.30212,0.370944,0.337917,0.12718,0.356849,0.427653,0.203955,0.247434,0.14025,0.22407,0.32189,0.200388,0.468909,0.368193,0.0615817,0.254924,0.196641,0.0258168,0.0368928,0.575272,0.560696
4641.660723,0.274374,0.0739922,0.350042,0.723908,0.354448,0.113712,0.468208,0.442725,0.0759763,0.269796,0.152371,0.399223,0.304207,0.372512,0.340369,0.127721,0.357016,0.429322,0.204776,0.24565,0.141153,0.221696,0.319596,0.201443,0.474158,0.367574,0.0603505,0.255572,0.198801,0.0251186,0.0408422,0.574363,0.556739
4645.679477,0.275238,0.0735528,0.3508,0.725708,0.356029,0.124502,0.470379,0.44016,0.0773067,0.269042,0.151847,0.400802,0.305715,0.373965,0.34312,0.12944,0.356433,0.429837,0.205402,0.24495,0.14144,0.219582,0.316587,0.201369,0.478855,0.365792,0.0599119,0.256112,0.199392,0.0236443,0.0445588,0.572509,0.549612
4649.705195,0.275584,0.0739599,0.350864,0.726915,0.355692,0.135782,0.474838,0.437548,0.0781428,0.26838,0.152287,0.402973,0.306899,0.3752,0.34572,0.132725,0.355494,0.428656,0.206658,0.246008,0.141535,0.218411,0.31353,0.198771,0.482211,0.365073,0.0601325,0.256299,0.198529,0.0211428,0.0456393,0.571168,0.540707
4653.737897,0.275231,0.0745715,0.350882,0.728015,0.354203,0.14666,0.481163,0.435224,0.0786491,0.267826,0.152829,0.404956,0.308159,0.376298,0.348157,0.136497,0.354656,0.427212,0.208482,0.248262,0.141176,0.217276,0.310733,0.194301,0.484261,0.364129,0.0604615,0.256285,0.19793,0.0180124,0.0463663,0.569094,0.53118
4657.7776,0.274332,0.0750886,0.351448,0.728997,0.351871,0.156356,0.486489,0.432938,0.0791739,0.2681,0.155014,0.405937,0.309822,0.377064,0.350583,0.14025,0.353618,0.426766,0.209715,0.251136,0.140504,0.216139,0.307874,0.189076,0.486021,0.36159,0.0608975,0.255966,0.198412,0.0170646,0.0478263,0.565249,0.522769
4661.824323,0.273314,0.075862,0.351917,0.729174,0.348758,0.164571,0.490563,0.430742,0.0796917,0.268553,0.157973,0.406167,0.311015,0.377508,0.352691,0.143539,0.352438,0.426288,0.209592,0.254308,0.140142,0.215306,0.30528,0.183843,0.486739,0.359507,0.061066,0.255271,0.199168,0.0174605,0.0481669,0.56055,0.515226
4665.878083,0.272058,0.0768449,0.351681,0.728896,0.346526,0.171202,0.494154,0.429251,0.0796684,0.268466,0.160871,0.40624,0.311513,0.378371,0.354421,0.145889,0.351462,0.425442,0.208412,0.257545,0.139863,0.215358,0.303293,0.178953,0.486061,0.357773,0.0610463,0.254498,0.198924,0.0172659,0.047501,0.555399,0.5086
4669.938899,0.270153,0.0772844,0.351537,0.727879,0.344306,0.176415,0.496981,0.428785,0.0791788,0.268295,0.164307,0.405836,0.311675,0.379677,0.355677,0.148382,0.350671,0.42554,0.206559,0.260499,0.139012,0.217062,0.301452,0.174545,0.484723,0.356317,0.0613947,0.253957,0.197933,0.0165432,0.0457883,0.548987,0.503389
4674.00679,0.267924,0.076859,0.352272,0.725715,0.341351,0.180448,0.498157,0.429332,0.0784875,0.268615,0.168125,0.404706,0.311142,0.38092,0.356742,0.151584,0.349845,0.425936,0.2049,0.262558,0.138044,0.219652,0.300295,0.171465,0.482382,0.358606,0.062097,0.253739,0.198064,0.0163875,0.044066,0.542218,0.500084
4678.081775,0.265227,0.0758384,0.353419,0.722185,0.339058,0.182148,0.497977,0.43045,0.0769559,0.269157,0.171177,0.40336,0.310174,0.381616,0.357728,0.154788,0.348857,0.425329,0.202567,0.263855,0.137124,0.222507,0.299714,0.169503,0.479118,0.362013,0.0627353,0.253514,0.19858,0.0170479,0.0426033,0.535265,0.498523
4682.16387,0.261524,0.0743226,0.354193,0.717946,0.338007,0.181825,0.497318,0.433032,0.0743113,0.270115,0.170452,0.401551,0.309781,0.381266,0.358532,0.157116,0.3484,0.425654,0.198998,0.264831,0.136478,0.225843,0.299352,0.167923,0.474954,0.364687,0.0635233,0.252466,0.198387,0.0191286,0.0399263,0.528757,0.499298
4686.253096,0.258513,0.0724261,0.354107,0.715215,0.340933,0.18176,0.496555,0.436336,0.0722548,0.271839,0.166164,0.398876,0.311047,0.379542,0.359868,0.158293,0.348658,0.426745,0.197305,0.26523,0.136878,0.229348,0.298512,0.166738,0.473017,0.371125,0.0641249,0.250433,0.19902,0.0225875,0.0354255,0.526948,0.507088
4690.349472,0.257605,0.0704837,0.353819,0.714397,0.347251,0.181252,0.496518,0.437229,0.0724273,0.272762,0.162809,0.396717,0.313232,0.378095,0.361484,0.158237,0.349107,0.427571,0.197496,0.263925,0.137313,0.231704,0.296482,0.166065,0.476182,0.377257,0.0635266,0.248904,0.200108,0.0247036,0.0322525,0.527319,0.517667
4694.453014,0.257176,0.0683084,0.354383,0.714107,0.351439,0.178572,0.494921,0.437227,0.0732105,0.272162,0.160648,0.395895,0.313725,0.376945,0.36263,0.155813,0.348814,0.428576,0.197437,0.260069,0.13729,0.231554,0.294233,0.168139,0.479544,0.378678,0.0622344,0.2487,0.200921,0.0246336,0.0351377,0.524743,0.521996
4698.563744,0.256149,0.066124,0.355059,0.714078,0.352566,0.173948,0.490231,0.437381,0.073056,0.271749,0.159067,0.395596,0.313141,0.375332,0.363319,0.152276,0.347565,0.42894,0.197871,0.256053,0.137103,0.230543,0.29227,0.172176,0.480484,0.378094,0.0613868,0.249025,0.201236,0.0240408,0.0401525,0.521227,0.521137
4702.681679,0.254802,0.0646519,0.354875,0.714357,0.351577,0.167608,0.484554,0.437189,0.072595,0.271584,0.158905,0.39524,0.312709,0.373616,0.363701,0.150188,0.346205,0.427403,0.197916,0.253969,0.136581,0.23032,0.290964,0.174385,0.480223,0.377887,0.0609625,0.249193,0.199465,0.0238054,0.0421772,0.518451,0.519215
4706.806838,0.253323,0.0637046,0.353956,0.714346,0.349743,0.159351,0.479751,0.43698,0.0722412,0.271367,0.158856,0.394491,0.312056,0.371864,0.363727,0.14939,0.34518,0.425754,0.197668,0.252756,0.136034,0.229482,0.29066,0.17547,0.480099,0.37862,0.0603541,0.24947,0.196383,0.0226808,0.0426912,0.515227,0.516606
4710.939241,0.251667,0.0629083,0.352475,0.714417,0.347937,0.149353,0.476306,0.436244,0.0719306,0.271504,0.158461,0.393414,0.311523,0.370428,0.363675,0.148751,0.344344,0.425562,0.197699,0.251527,0.13579,0.227592,0.290933,0.176077,0.480771,0.378507,0.0599603,0.249437,0.194052,0.0213476,0.0437624,0.511161,0.511981
4715.078906,0.250162,0.0623815,0.350321,0.714747,0.347557,0.138263,0.472929,0.435055,0.0717559,0.271755,0.158167,0.392313,0.311122,0.369631,0.364093,0.148243,0.343311,0.425427,0.197361,0.250573,0.136077,0.225389,0.291012,0.176038,0.480694,0.377449,0.0598794,0.248302,0.192737,0.0219198,0.045516,0.506357,0.506264
4719.225853,0.24895,0.0619246,0.347968,0.71457,0.347941,0.126303,0.469237,0.43415,0.0715478,0.271461,0.157652,0.391758,0.30974,0.36921,0.364723,0.147723,0.34226,0.424172,0.196291,0.249922,0.136292,0.223327,0.290822,0.176415,0.478888,0.376051,0.0595184,0.246418,0.191398,0.0236765,0.0468122,0.500734,0.500696
4723.380102,0.247674,0.0613958,0.346081,0.71378,0.346588,0.114233,0.465615,0.433593,0.0710255,0.269929,0.157461,0.39166,0.30747,0.368265,0.365271,0.147332,0.341594,0.422637,0.194843,0.249591,0.135936,0.221619,0.290834,0.17732,0.476752,0.374244,0.0591346,0.245201,0.190093,0.0249057,0.0471805,0.494735,0.494951
4727.54167,0.246316,0.0607171,0.344842,0.712811,0.344776,0.103217,0.46211,0.433031,0.0702251,0.267865,0.156969,0.391258,0.305391,0.367521,0.365951,0.147512,0.341169,0.422383,0.193791,0.24935,0.135342,0.22001,0.291079,0.177771,0.475158,0.373508,0.0589029,0.244884,0.189253,0.0254253,0.0469655,0.488863,0.489292
4731.710578,0.245345,0.0597227,0.344003,0.711948,0.344157,0.0936949,0.458808,0.43257,0.0693042,0.266143,0.156097,0.390635,0.304127,0.366667,0.366973,0.14775,0.340738,0.42217,0.193711,0.248465,0.134685,0.218722,0.291748,0.177684,0.473479,0.374068,0.0587663,0.244569,0.188502,0.0263149,0.0473664,0.484293,0.484425
4735.886845,0.244751,0.0587271,0.343082,0.710947,0.343637,0.0852742,0.455312,0.432619,0.0685204,0.26429,0.155633,0.389819,0.303057,0.364333,0.36801,0.148105,0.340172,0.421061,0.194035,0.246974,0.133761,0.218472,0.292298,0.177686,0.472103,0.373074,0.0587465,0.243619,0.187427,0.0270169,0.0475974,0.481332,0.480894
4740.070491,0.244212,0.0577039,0.342044,0.709508,0.342631,0.0777972,0.451715,0.432764,0.0684243,0.262552,0.155523,0.388849,0.301372,0.361844,0.36884,0.148686,0.339497,0.420414,0.193452,0.245462,0.132655,0.218533,0.2922,0.177994,0.471653,0.371332,0.0587784,0.24229,0.186631,0.026485,0.0461518,0.47853,0.477942
4744.261534,0.243483,0.05673,0.341121,0.708113,0.341697,0.0711192,0.448146,0.431975,0.0685171,0.260891,0.155656,0.388203,0.299432,0.359498,0.369878,0.149117,0.338613,0.419087,0.192209,0.243473,0.131585,0.217924,0.29177,0.177619,0.472359,0.370732,0.0586708,0.241432,0.185635,0.0257264,0.0450137,0.474768,0.47513
4748.459996,0.242946,0.0562018,0.340406,0.706986,0.340922,0.0654458,0.445084,0.430453,0.0682153,0.258939,0.155897,0.387848,0.296693,0.357144,0.371245,0.149435,0.337552,0.416673,0.192119,0.241328,0.130506,0.217248,0.291334,0.176936,0.472773,0.36955,0.0582336,0.241407,0.184317,0.0252427,0.0464057,0.471003,0.472961
4752.665895,0.242935,0.0562049,0.339278,0.705664,0.339587,0.0607047,0.442657,0.429497,0.0679075,0.256782,0.156176,0.387418,0.293524,0.355141,0.372482,0.149081,0.336111,0.414947,0.19299,0.23983,0.129344,0.216591,0.291261,0.176997,0.471222,0.367021,0.0575831,0.241388,0.183785,0.0254856,0.0482117,0.467703,0.470538
4756.879251,0.243089,0.056552,0.338041,0.704793,0.33741,0.0564721,0.440009,0.429568,0.0675671,0.254598,0.156609,0.386529,0.291011,0.353873,0.373246,0.148489,0.334428,0.413825,0.193391,0.238861,0.128286,0.215234,0.291653,0.1773,0.469142,0.36447,0.0572031,0.241,0.18276,0.0269788,0.0484419,0.464214,0.467298
4761.100085,0.243276,0.0567158,0.336595,0.703785,0.334582,0.052396,0.436498,0.429533,0.0669381,0.252816,0.156118,0.384964,0.288493,0.353041,0.373627,0.148924,0.332921,0.412501,0.19305,0.238128,0.127509,0.213487,0.292492,0.178391,0.467889,0.362655,0.0569302,0.240484,0.180343,0.0283729,0.0476119,0.460317,0.463886
4765.328415,0.24386,0.0566971,0.333795,0.702074,0.331425,0.0483415,0.433606,0.429031,0.066371,0.251729,0.154485,0.383384,0.286535,0.35199,0.373761,0.150324,0.331396,0.411588,0.192954,0.237498,0.127051,0.212178,0.294032,0.181043,0.4681,0.361093,0.0564845,0.239673,0.178654,0.0282927,0.0471203,0.455951,0.460231
4769.564262,0.244806,0.0572421,0.330313,0.700651,0.328137,0.0449009,0.432162,0.428413,0.0659766,0.251027,0.15328,0.382135,0.285641,0.350868,0.374038,0.151561,0.330031,0.411103,0.193381,0.237094,0.126802,0.211125,0.29635,0.184302,0.468559,0.359326,0.0562177,0.237935,0.177738,0.0271366,0.0466293,0.45057,0.455342
4773.807647,0.245769,0.0586106,0.327401,0.699918,0.325455,0.0420989,0.430279,0.427358,0.0654517,0.250213,0.152828,0.380579,0.285166,0.349115,0.374965,0.151779,0.329131,0.410435,0.193996,0.236946,0.126641,0.210077,0.299459,0.1876,0.467379,0.35763,0.0561066,0.235566,0.176683,0.0263892,0.04625,0.443939,0.450522
4778.058589,0.246772,0.0602034,0.32568,0.699327,0.322936,0.039374,0.427356,0.426128,0.0647299,0.24918,0.151898,0.379037,0.284066,0.347089,0.375926,0.151516,0.328401,0.409605,0.194602,0.237215,0.125985,0.209329,0.303641,0.192162,0.465797,0.35585,0.0559708,0.233727,0.175656,0.0255998,0.0470144,0.437806,0.446934
4782.317108,0.24777,0.0615191,0.324477,0.698832,0.319423,0.0370323,0.423759,0.425075,0.0640259,0.248105,0.150284,0.378153,0.282366,0.345691,0.376334,0.151284,0.327704,0.409589,0.195459,0.237438,0.124838,0.208497,0.30883,0.197678,0.465258,0.354948,0.0559302,0.232465,0.174518,0.0243279,0.0477707,0.433554,0.443696
4786.583225,0.248848,0.0626129,0.322799,0.698795,0.316474,0.0353635,0.420516,0.424165,0.0636793,0.247118,0.148508,0.377102,0.281179,0.344856,0.376427,0.150826,0.327227,0.41064,0.197143,0.236574,0.123662,0.207011,0.314749,0.202414,0.465018,0.355571,0.0557534,0.23102,0.172751,0.0236236,0.047823,0.430324,0.440022
4790.85696,0.250301,0.0639004,0.321077,0.698638,0.314925,0.0341158,0.417806,0.423574,0.0635051,0.246301,0.147314,0.375616,0.280494,0.343979,0.376305,0.150037,0.327133,0.411335,0.198854,0.23506,0.122322,0.205314,0.321472,0.207405,0.46445,0.356437,0.0554537,0.229432,0.170394,0.0231575,0.0478678,0.427774,0.436677
4795.138334,0.251939,0.0653081,0.319623,0.698199,0.313095,0.0332014,0.414192,0.423178,0.0630835,0.24547,0.146937,0.374126,0.279229,0.341885,0.376043,0.149388,0.327096,0.410284,0.199351,0.23354,0.121032,0.203894,0.329043,0.213402,0.464565,0.357392,0.0550081,0.228012,0.168292,0.0219397,0.0475714,0.425547,0.43517
4799.427366,0.25358,0.0664319,0.318416,0.697539,0.311799,0.0324144,0.411231,0.421951,0.0626841,0.24509,0.146372,0.373239,0.278039,0.339413,0.375943,0.148983,0.326652,0.407732,0.199113,0.232009,0.120281,0.202559,0.336975,0.219582,0.465448,0.358971,0.0542136,0.226748,0.166662,0.0207573,0.0469198,0.422563,0.43449
4803.724078,0.255133,0.0677069,0.317812,0.696736,0.31175,0.0318448,0.410575,0.420284,0.0621595,0.245045,0.145867,0.373015,0.277536,0.336869,0.376078,0.148283,0.325685,0.40471,0.199704,0.230618,0.119867,0.200736,0.344954,0.224964,0.465101,0.359593,0.0532823,0.225669,0.164437,0.0206754,0.0475937,0.419304,0.433135
4808.02849,0.256757,0.0693449,0.317354,0.695867,0.311734,0.0317843,0.411359,0.419266,0.0615113,0.244224,0.146305,0.372669,0.275862,0.333551,0.376297,0.147925,0.324539,0.401764,0.200883,0.229993,0.119118,0.198152,0.352929,0.229999,0.463873,0.358982,0.0523992,0.224851,0.161815,0.0221632,0.0495037,0.417286,0.431562
4812.340623,0.258546,0.0708518,0.316423,0.694451,0.311599,0.0317707,0.411434,0.41888,0.061308,0.242542,0.146979,0.371786,0.273262,0.330441,0.376476,0.148409,0.323342,0.399562,0.200938,0.230178,0.118007,0.195367,0.359914,0.234931,0.463673,0.358065,0.0516573,0.224169,0.16016,0.0254641,0.0499228,0.416373,0.43037
4816.660498,0.260168,0.0721076,0.315449,0.692457,0.311459,0.0313486,0.410218,0.419176,0.0610806,0.241098,0.146829,0.370581,0.270847,0.328292,0.376521,0.149526,0.322038,0.398565,0.19984,0.230198,0.117207,0.192921,0.36492,0.238342,0.463827,0.356333,0.0511519,0.223658,0.158982,0.0283804,0.048877,0.415796,0.429584
4820.988136,0.261747,0.07313,0.314342,0.689928,0.310769,0.0302465,0.409368,0.418758,0.060406,0.239989,0.145677,0.369614,0.268769,0.32639,0.376574,0.150724,0.320475,0.39759,0.198348,0.22958,0.116706,0.190734,0.36809,0.240761,0.463425,0.354324,0.0505075,0.22313,0.157742,0.0293258,0.0486588,0.415572,0.430173
4825.323557,0.263797,0.0741324,0.312688,0.687418,0.309644,0.0290246,0.409471,0.41796,0.0598709,0.238517,0.14489,0.369063,0.267685,0.324594,0.377097,0.151594,0.31872,0.395948,0.196336,0.228933,0.116192,0.18972,0.369125,0.241898,0.463535,0.352608,0.0496692,0.222535,0.157557,0.0305014,0.0494818,0.415807,0.431721
4829.666782,0.265717,0.0753915,0.311264,0.685504,0.308203,0.0284137,0.409261,0.418035,0.0595924,0.237104,0.145013,0.368306,0.267306,0.322802,0.378038,0.151955,0.317202,0.394611,0.19412,0.228692,0.115752,0.190049,0.367526,0.240487,0.464352,0.350444,0.0491187,0.222229,0.157748,0.0324921,0.0492051,0.415676,0.43249
4834.017833,0.266989,0.0766992,0.310097,0.684121,0.307063,0.0280679,0.407315,0.418236,0.0591907,0.235896,0.144819,0.366839,0.266861,0.320377,0.379233,0.151842,0.316088,0.393893,0.192853,0.228775,0.115285,0.190569,0.363905,0.236501,0.464969,0.348702,0.0491483,0.222399,0.157671,0.033112,0.0479997,0.415286,0.433252
4838.376731,0.267966,0.0776643,0.308824,0.68305,0.306541,0.0274585,0.404375,0.418301,0.058776,0.234714,0.143752,0.365356,0.26572,0.318993,0.380256,0.152119,0.31501,0.393845,0.19223,0.228906,0.114429,0.190847,0.358197,0.230908,0.465513,0.348262,0.0495233,0.222535,0.157504,0.0323697,0.04707,0.416,0.434275
4842.743497,0.268742,0.0782721,0.307373,0.682361,0.30581,0.026782,0.402622,0.417414,0.0586965,0.233724,0.143243,0.364439,0.264284,0.318853,0.380955,0.152649,0.314016,0.394362,0.191903,0.228303,0.113486,0.19051,0.350271,0.223677,0.465927,0.349449,0.0495968,0.222084,0.157359,0.0320806,0.0449815,0.417899,0.43513
4847.118153,0.269388,0.0790556,0.305491,0.68162,0.30513,0.0262072,0.401482,0.415634,0.0586138,0.2328,0.14276,0.363294,0.263496,0.318398,0.381549,0.152799,0.31338,0.394849,0.192153,0.226704,0.112815,0.189455,0.341049,0.215263,0.465472,0.351897,0.0491663,0.221233,0.157225,0.0317472,0.0420094,0.419927,0.436098
4851.500719,0.270128,0.0802517,0.303989,0.680981,0.30442,0.0258449,0.39974,0.414164,0.0579917,0.232147,0.141357,0.362029,0.263032,0.317898,0.38191,0.152492,0.312912,0.395313,0.193108,0.22531,0.112135,0.18863,0.331853,0.207537,0.465156,0.353892,0.0488048,0.220434,0.156688,0.0307162,0.0411334,0.421749,0.436977
4855.891217,0.270847,0.0813187,0.303089,0.68086,0.302815,0.0257139,0.398044,0.412996,0.0569945,0.231627,0.140376,0.361324,0.261689,0.316873,0.382263,0.152097,0.311986,0.395028,0.194659,0.224123,0.111641,0.188374,0.32289,0.200486,0.46639,0.354915,0.0486227,0.219716,0.155642,0.0290802,0.0422169,0.423385,0.437473
4860.289669,0.271519,0.0821952,0.302561,0.680488,0.300719,0.025347,0.39741,0.411901,0.056001,0.231151,0.139789,0.360777,0.260004,0.314958,0.382757,0.151782,0.310526,0.393835,0.196495,0.223052,0.111575,0.188067,0.3135,0.19435,0.467669,0.355504,0.0482494,0.218645,0.154446,0.0267932,0.0430282,0.423998,0.43783
4864.696097,0.27245,0.0832762,0.301993,0.679712,0.298229,0.0251315,0.397577,0.4115,0.0551535,0.230512,0.139254,0.359893,0.258723,0.311852,0.382991,0.151038,0.309018,0.392579,0.198578,0.222747,0.11128,0.187564,0.304419,0.188117,0.467517,0.355331,0.0476825,0.217019,0.152714,0.0243439,0.0428436,0.424654,0.43748
4869.110522,0.273837,0.0842855,0.300975,0.678768,0.295649,0.0254159,0.396865,0.411187,0.0545471,0.229375,0.139249,0.358757,0.256812,0.308167,0.382695,0.150348,0.30781,0.391674,0.200434,0.222817,0.110414,0.187139,0.29606,0.181259,0.468123,0.355006,0.0471213,0.215135,0.150079,0.0229671,0.0427353,0.425912,0.436655
4873.532966,0.275357,0.0854392,0.299897,0.677775,0.292994,0.0253425,0.394288,0.410371,0.0541012,0.228285,0.139079,0.357514,0.254108,0.305158,0.382036,0.149949,0.306839,0.391164,0.201492,0.223062,0.109331,0.186493,0.28824,0.174948,0.470017,0.354504,0.0464351,0.213575,0.147401,0.0235944,0.0429541,0.426257,0.436252
4877.96345,0.276908,0.087147,0.298658,0.676384,0.290073,0.0247183,0.391309,0.40937,0.0535086,0.226987,0.137893,0.356367,0.251882,0.302237,0.381632,0.149303,0.305824,0.390422,0.201493,0.22285,0.108174,0.185262,0.281241,0.169489,0.470982,0.352829,0.0454924,0.212166,0.144905,0.0248651,0.0433492,0.425843,0.436134
4882.401997,0.278963,0.0890266,0.297078,0.674385,0.287275,0.0238824,0.389657,0.408327,0.0526389,0.22497,0.135729,0.355446,0.250213,0.2995,0.381736,0.148299,0.30472,0.388445,0.200576,0.22154,0.106951,0.18404,0.275022,0.164348,0.471152,0.350854,0.0445249,0.210155,0.142421,0.0261531,0.0443971,0.425548,0.436977
4886.848629,0.281251,0.0906945,0.294891,0.672688,0.284409,0.0230194,0.388757,0.408614,0.0515722,0.223167,0.133612,0.354727,0.24811,0.297619,0.381781,0.147234,0.303712,0.385774,0.199096,0.22044,0.106003,0.183849,0.2691,0.158337,0.471799,0.349045,0.043755,0.208004,0.140321,0.0293667,0.04469,0.426149,0.437843
4891.303368,0.283009,0.0921505,0.292112,0.671402,0.281049,0.0227277,0.386949,0.40952,0.0505176,0.221727,0.132167,0.353939,0.246152,0.295483,0.381445,0.146608,0.302786,0.383547,0.197326,0.220295,0.105055,0.18386,0.26314,0.151819,0.472528,0.347069,0.0432082,0.206388,0.138358,0.0325037,0.0445472,0.426922,0.437148
4895.766236,0.284397,0.0936236,0.289296,0.670209,0.278356,0.0230339,0.384323,0.409467,0.0495819,0.219865,0.131519,0.352818,0.244473,0.293099,0.381598,0.146544,0.301761,0.38141,0.196226,0.220179,0.103554,0.18284,0.257643,0.145203,0.472114,0.345999,0.0430606,0.204842,0.136357,0.0332056,0.045329,0.426787,0.435496
4900.237256,0.285935,0.0948932,0.286708,0.669531,0.276834,0.0231984,0.38159,0.408602,0.0488975,0.217631,0.131681,0.351699,0.242379,0.291541,0.382202,0.146592,0.300954,0.379413,0.195483,0.219475,0.101939,0.180935,0.2526,0.138603,0.471194,0.346327,0.0432345,0.203075,0.134634,0.0334624,0.0454341,0.426097,0.433115
4904.716449,0.287725,0.0958416,0.284077,0.669267,0.276059,0.0231368,0.379518,0.406786,0.0484215,0.215405,0.132303,0.35102,0.240678,0.290041,0.383053,0.146333,0.300292,0.378307,0.194516,0.218219,0.100783,0.178457,0.247662,0.132526,0.471097,0.347327,0.0432035,0.201342,0.13357,0.0346237,0.0445236,0.424593,0.430249
4909.203838,0.289355,0.096737,0.28122,0.668483,0.275759,0.0232727,0.377123,0.405412,0.0475717,0.213717,0.131977,0.350432,0.239937,0.288314,0.384554,0.145617,0.299372,0.377932,0.193823,0.216539,0.099802,0.175846,0.242702,0.127512,0.471302,0.347998,0.0429369,0.199786,0.132779,0.0360251,0.0445344,0.421523,0.426718
4913.699446,0.290602,0.0975098,0.278979,0.668074,0.275547,0.0238879,0.374021,0.405305,0.046669,0.212471,0.131146,0.349676,0.238824,0.286471,0.386258,0.144838,0.298197,0.377515,0.193497,0.214586,0.0987129,0.17346,0.238136,0.123632,0.471847,0.347354,0.0428436,0.198762,0.131907,0.03743,0.046223,0.416708,0.421489
4918.203295,0.291447,0.0977347,0.277368,0.668373,0.275457,0.0243829,0.371983,0.405743,0.0457985,0.211027,0.131042,0.348859,0.236213,0.283736,0.38757,0.144545,0.296716,0.375795,0.192434,0.212294,0.097657,0.171081,0.23406,0.120756,0.473213,0.345779,0.0426985,0.198045,0.130863,0.0390362,0.047964,0.410313,0.415041
4922.715408,0.292188,0.0976903,0.275751,0.667939,0.27487,0.0242488,0.370197,0.405685,0.0446945,0.209434,0.130935,0.347486,0.234076,0.279716,0.388174,0.144195,0.295195,0.373432,0.190273,0.210228,0.0966264,0.169046,0.230153,0.119065,0.473877,0.345595,0.0422231,0.196889,0.129109,0.0397551,0.0483025,0.402393,0.408266
4927.235808,0.293061,0.0978834,0.273792,0.66722,0.273626,0.0241421,0.367498,0.404381,0.0439871,0.207883,0.130591,0.345565,0.233674,0.275162,0.388239,0.143169,0.293812,0.371737,0.18867,0.20866,0.0954067,0.167697,0.226714,0.117231,0.473675,0.347898,0.0416581,0.195363,0.126512,0.0400371,0.0470281,0.39423,0.400893
4931.764517,0.293928,0.0981915,0.271823,0.666665,0.2719,0.0240995,0.364329,0.402667,0.0436424,0.206599,0.130344,0.343785,0.233322,0.271281,0.38753,0.141356,0.292498,0.36955,0.18759,0.207125,0.0942164,0.165913,0.223885,0.115379,0.473853,0.349916,0.040839,0.193989,0.123517,0.0416766,0.0467638,0.385885,0.393569
4936.301559,0.29437,0.0987369,0.26991,0.665295,0.26958,0.0232508,0.360442,0.401094,0.0430372,0.205363,0.129459,0.342203,0.232719,0.267379,0.386092,0.138722,0.290997,0.366585,0.185748,0.205209,0.0929777,0.16316,0.22175,0.114302,0.473136,0.349414,0.0394447,0.192719,0.120553,0.0442704,0.0481916,0.376191,0.386546
4940.846957,0.294481,0.0992431,0.267061,0.662541,0.266896,0.0218973,0.356911,0.400036,0.0420516,0.20365,0.127361,0.340549,0.232551,0.26253,0.384666,0.135892,0.289214,0.364235,0.183526,0.202174,0.0915911,0.160718,0.219932,0.113087,0.471871,0.34812,0.0381268,0.190744,0.117627,0.0463158,0.049321,0.367137,0.380248
4945.400733,0.294906,0.0993132,0.26345,0.659179,0.26331,0.0205467,0.354864,0.400163,0.0408505,0.201767,0.124638,0.338866,0.231326,0.258452,0.38314,0.133334,0.287556,0.362168,0.181889,0.198696,0.0905324,0.158966,0.218242,0.110844,0.47151,0.346756,0.0373304,0.187796,0.114792,0.0478007,0.0495682,0.360362,0.376107
4949.96291,0.295334,0.0993087,0.260016,0.656963,0.257973,0.0191944,0.353128,0.400573,0.0396019,0.200053,0.122477,0.337485,0.227709,0.255529,0.380854,0.131018,0.286096,0.359779,0.180412,0.19612,0.0898022,0.157066,0.217015,0.108258,0.470889,0.344447,0.0365159,0.184807,0.111975,0.0495373,0.0489071,0.35573,0.37369
4954.533513,0.295735,0.09961,0.256758,0.655796,0.251704,0.0182962,0.350451,0.399989,0.03857,0.197932,0.121201,0.336229,0.223614,0.25219,0.377932,0.128793,0.284432,0.357468,0.178424,0.194417,0.0886692,0.154413,0.216017,0.106646,0.469914,0.341948,0.0357075,0.18222,0.108871,0.0498847,0.0483654,0.35295,0.371553
4959.112565,0.296796,0.100647,0.253662,0.654302,0.246429,0.0177856,0.346668,0.398717,0.0378662,0.195216,0.120271,0.334818,0.220783,0.249029,0.3752,0.126457,0.282677,0.355528,0.176771,0.19311,0.0870945,0.151332,0.215241,0.10507,0.469743,0.339914,0.0354746,0.179877,0.10587,0.0494401,0.0482531,0.351736,0.369532
4963.700088,0.298943,0.10243,0.250625,0.652823,0.242161,0.0170042,0.341979,0.39727,0.0374937,0.192323,0.119283,0.333577,0.21795,0.246463,0.372741,0.124001,0.28114,0.353665,0.175459,0.19152,0.0857352,0.148251,0.2145,0.102983,0.471048,0.338398,0.0355693,0.1777,0.103714,0.0498648,0.0487119,0.352006,0.368905
4968.296106,0.302303,0.104734,0.247626,0.651906,0.238439,0.0159637,0.337718,0.395786,0.0370883,0.189532,0.118049,0.33282,0.214718,0.244064,0.370592,0.121558,0.279631,0.352038,0.173929,0.189572,0.0844118,0.144918,0.213559,0.101173,0.473391,0.336954,0.035428,0.175553,0.102446,0.0505596,0.0499384,0.352821,0.369764
4972.900644,0.306212,0.107724,0.24475,0.651315,0.235935,0.0152039,0.33404,0.394834,0.03631,0.187211,0.116162,0.332332,0.211655,0.241793,0.368827,0.119156,0.278283,0.350678,0.172506,0.187685,0.0830194,0.141994,0.212969,0.099656,0.475676,0.334638,0.0350057,0.173797,0.101502,0.0522487,0.0513149,0.353772,0.37108
4977.513724,0.310072,0.111448,0.242287,0.651742,0.234514,0.014917,0.330011,0.394289,0.0355323,0.185294,0.114222,0.331884,0.207826,0.239609,0.367458,0.117008,0.277103,0.348692,0.170867,0.185665,0.0819723,0.139784,0.213014,0.0985431,0.477727,0.332435,0.0346456,0.172203,0.100317,0.0553766,0.0518232,0.355509,0.372116
4982.135371,0.314239,0.115744,0.240265,0.652795,0.233662,0.0148275,0.327073,0.393483,0.0347936,0.183365,0.112852,0.331388,0.203583,0.237436,0.366449,0.115265,0.275787,0.346224,0.168591,0.18365,0.0810437,0.13787,0.21339,0.0981751,0.479711,0.331498,0.0343262,0.170312,0.0983195,0.0594583,0.0509639,0.358022,0.37222
4986.765609,0.319179,0.120497,0.23832,0.653197,0.233353,0.014836,0.325237,0.391795,0.0343802,0.181447,0.111863,0.330834,0.200592,0.235443,0.365439,0.113603,0.27458,0.344886,0.167094,0.182648,0.0800425,0.136568,0.213937,0.098826,0.481817,0.332636,0.033983,0.168708,0.0956239,0.0637662,0.0510098,0.360362,0.371179
4991.40446,0.324394,0.125395,0.236834,0.653478,0.232751,0.0149719,0.323072,0.389813,0.0345007,0.179756,0.110681,0.330242,0.198506,0.233815,0.364529,0.112087,0.273559,0.343854,0.166978,0.182256,0.0788957,0.135701,0.214714,0.0995945,0.483857,0.335587,0.0336393,0.167376,0.0929614,0.0680241,0.0528954,0.361666,0.369535
4996.05195,0.328984,0.129962,0.235861,0.653393,0.231371,0.0147203,0.321222,0.388458,0.034101,0.178165,0.108428,0.329436,0.196574,0.232038,0.363563,0.110726,0.272152,0.341359,0.166831,0.181138,0.0771659,0.134638,0.215835,0.0999086,0.484382,0.336905,0.0325343,0.165768,0.0906013,0.0718825,0.0565934,0.361795,0.36806
5000.708103,0.332691,0.133813,0.234695,0.65222,0.230395,0.0137287,0.319138,0.387719,0.0330257,0.176329,0.105998,0.328121,0.195036,0.2299,0.362939,0.109552,0.270461,0.339401,0.166218,0.179115,0.0751932,0.133397,0.217516,0.100162,0.483148,0.336829,0.0308986,0.164113,0.0886206,0.0737242,0.0602332,0.361294,0.366401
5005.372943,0.336203,0.136996,0.233133,0.650364,0.229696,0.0123593,0.316512,0.387891,0.0320144,0.17459,0.105576,0.326273,0.193587,0.227768,0.363103,0.109004,0.269043,0.339021,0.165701,0.176898,0.0737321,0.13209,0.219516,0.10062,0.482279,0.337968,0.0296969,0.162182,0.08677,0.0745938,0.0617231,0.361254,0.36529
5010.046494,0.339737,0.139847,0.231656,0.64861,0.228048,0.0112803,0.31407,0.388557,0.0312247,0.173064,0.106425,0.324416,0.191594,0.226043,0.363686,0.109018,0.268034,0.338824,0.16551,0.175408,0.072536,0.130164,0.221523,0.10197,0.482187,0.338245,0.028806,0.159733,0.0850709,0.0766097,0.0628566,0.361796,0.365841
5014.72878,0.342586,0.142558,0.230237,0.647907,0.225234,0.010639,0.31183,0.389013,0.0305335,0.171544,0.106702,0.322854,0.188886,0.224073,0.364198,0.10946,0.267228,0.338745,0.165464,0.174792,0.0714186,0.127734,0.223646,0.1043,0.481945,0.337023,0.0279889,0.157553,0.0835132,0.0785267,0.0641858,0.363159,0.367645
5019.419827,0.345143,0.144921,0.228877,0.647272,0.221945,0.0100115,0.30995,0.388999,0.0299562,0.170323,0.106403,0.321362,0.18661,0.221335,0.364297,0.110187,0.266364,0.338427,0.165498,0.174223,0.0705644,0.125351,0.226,0.106686,0.481844,0.336006,0.027448,0.155736,0.0817018,0.0785009,0.0650613,0.366194,0.369608
5024.119658,0.348074,0.147075,0.227611,0.645607,0.219486,0.00939789,0.307708,0.38846,0.0296153,0.16912,0.105327,0.319701,0.185425,0.218739,0.364309,0.110875,0.265509,0.336926,0.165883,0.173364,0.0698313,0.123249,0.228305,0.10861,0.482209,0.334999,0.0272562,0.153906,0.0800378,0.0783623,0.0668494,0.371309,0.372122
5028.828299,0.351024,0.149225,0.226181,0.644187,0.21733,0.00872105,0.305241,0.387779,0.0292518,0.167722,0.103977,0.318112,0.183871,0.216696,0.364473,0.111154,0.264505,0.334258,0.166505,0.172267,0.0688995,0.121225,0.230352,0.110817,0.482843,0.333157,0.0270773,0.152134,0.0789251,0.0795559,0.0703628,0.378838,0.377565
5033.545774,0.353753,0.151203,0.224666,0.643166,0.21417,0.00786698,0.303657,0.386951,0.0285636,0.166586,0.103458,0.316868,0.181705,0.214861,0.364736,0.11074,0.263577,0.331616,0.16709,0.170816,0.067661,0.118989,0.232789,0.113106,0.482322,0.330101,0.0269886,0.150693,0.0782326,0.0807811,0.073354,0.388351,0.385922
5038.272108,0.356127,0.153242,0.223,0.642021,0.211226,0.00719473,0.302631,0.386123,0.0275861,0.165775,0.102635,0.315596,0.179656,0.213023,0.364992,0.10993,0.262945,0.329942,0.167581,0.16928,0.0666459,0.117128,0.235535,0.114767,0.480675,0.326873,0.0271202,0.149367,0.0776816,0.0822954,0.0740893,0.398765,0.395553
5043.007326,0.358217,0.155473,0.221269,0.640938,0.20963,0.0067679,0.301504,0.3858,0.0266387,0.165089,0.101309,0.31413,0.176966,0.211266,0.365276,0.109209,0.262038,0.328207,0.167507,0.16781,0.0661368,0.115517,0.237811,0.116878,0.479938,0.324923,0.0270491,0.147749,0.0764513,0.0854785,0.0738529,0.410801,0.406113
5047.751453,0.360308,0.157799,0.219563,0.639558,0.2086,0.00666851,0.301117,0.386183,0.0261483,0.16427,0.100202,0.312872,0.174096,0.209866,0.365617,0.10835,0.26069,0.326074,0.166653,0.166412,0.0657062,0.114314,0.239866,0.119383,0.480049,0.323811,0.026615,0.146344,0.0743919,0.0905475,0.074734,0.424086,0.416638
5052.504515,0.36265,0.159977,0.217921,0.637712,0.207078,0.00704485,0.301306,0.38698,0.0261927,0.163299,0.0986434,0.312186,0.172266,0.208691,0.366007,0.107397,0.259262,0.324775,0.165769,0.165988,0.064954,0.113926,0.242097,0.121728,0.480803,0.322837,0.02636,0.145283,0.072304,0.0959431,0.0781484,0.436006,0.425992
5057.266536,0.365177,0.162078,0.216563,0.635357,0.204796,0.00717455,0.300472,0.387316,0.0260059,0.161814,0.0967658,0.311374,0.170567,0.207266,0.366056,0.106777,0.257594,0.323529,0.164624,0.16588,0.0635414,0.113123,0.244412,0.123824,0.481499,0.322408,0.0259579,0.143736,0.070034,0.100021,0.082607,0.446106,0.434368
5062.037542,0.367024,0.164424,0.215268,0.633014,0.202939,0.00625789,0.298738,0.386595,0.0250217,0.159428,0.0952261,0.310026,0.168581,0.20533,0.365797,0.106406,0.255474,0.322012,0.162822,0.16453,0.0615071,0.111847,0.247072,0.124927,0.480576,0.321861,0.0247911,0.141883,0.0675812,0.101839,0.0855172,0.455598,0.44196
5066.817559,0.368708,0.166711,0.213874,0.631569,0.201621,0.00466999,0.295919,0.386339,0.024058,0.156955,0.0948519,0.3087,0.166909,0.203466,0.366243,0.105973,0.253668,0.321249,0.161011,0.162477,0.0597989,0.110962,0.249955,0.125112,0.479482,0.32153,0.0234663,0.140842,0.0655259,0.102136,0.0857928,0.464498,0.447638
5071.606611,0.3713,0.168814,0.212419,0.630353,0.200607,0.00374553,0.292461,0.387108,0.0235892,0.155054,0.0960163,0.307837,0.165958,0.202074,0.367183,0.105306,0.252138,0.321451,0.158703,0.16051,0.0586277,0.109854,0.252315,0.125886,0.479138,0.321446,0.0224016,0.140141,0.063685,0.103944,0.0850514,0.471088,0.451571
5076.404725,0.374266,0.171113,0.210767,0.629356,0.199888,0.00519162,0.290474,0.387612,0.0231516,0.153588,0.0969296,0.307469,0.165645,0.200385,0.367872,0.104776,0.25059,0.322014,0.156385,0.159306,0.0574214,0.108303,0.2543,0.127842,0.479387,0.320508,0.0216675,0.138871,0.0621384,0.106725,0.0862554,0.473996,0.453186
5081.211927,0.377134,0.173747,0.208974,0.629301,0.198202,0.00932941,0.290628,0.387827,0.0228049,0.15233,0.0966768,0.307057,0.165271,0.198249,0.368467,0.105255,0.249443,0.321417,0.156221,0.158922,0.0565448,0.107046,0.256279,0.129368,0.480732,0.320045,0.0211894,0.137628,0.0612411,0.107468,0.0881763,0.473343,0.450323
5086.028241,0.380012,0.176026,0.207684,0.629186,0.196,0.0150241,0.291279,0.387617,0.0228712,0.151231,0.0960087,0.306517,0.164805,0.196366,0.369177,0.10653,0.248576,0.319127,0.157882,0.157998,0.056202,0.106083,0.257898,0.130136,0.481961,0.320642,0.0209724,0.136596,0.0608585,0.107011,0.0893902,0.468942,0.443785
5090.853695,0.383094,0.177962,0.206826,0.628649,0.195008,0.0211006,0.290795,0.387032,0.022898,0.149929,0.09467,0.305832,0.164602,0.19452,0.369882,0.107347,0.247717,0.316654,0.159532,0.15661,0.0557345,0.105047,0.258899,0.131354,0.483447,0.32073,0.0210473,0.135232,0.0602825,0.107659,0.0908301,0.460518,0.434921
5095.688314,0.386676,0.18018,0.206045,0.62844,0.194052,0.026603,0.289975,0.386315,0.0224355,0.148612,0.0934948,0.304562,0.164271,0.192381,0.370674,0.107536,0.247028,0.314804,0.160493,0.155613,0.0549458,0.103355,0.259614,0.13278,0.485887,0.319879,0.02109,0.133767,0.0596168,0.108944,0.0920515,0.448729,0.424115
5100.532124,0.390642,0.182957,0.205408,0.628129,0.192003,0.0309847,0.289562,0.385749,0.0217311,0.147748,0.0931578,0.302942,0.163618,0.190231,0.371494,0.107683,0.24678,0.31264,0.161497,0.154597,0.054107,0.101274,0.259926,0.133712,0.48633,0.319165,0.0212531,0.132315,0.0591194,0.109103,0.0922906,0.433818,0.411913
5105.385152,0.394368,0.186113,0.204755,0.627437,0.190377,0.033865,0.28888,0.385866,0.0209704,0.146841,0.0918159,0.301133,0.163355,0.188204,0.37184,0.108121,0.246785,0.309857,0.163047,0.153487,0.0533279,0.0999042,0.259194,0.13489,0.485198,0.319126,0.0214244,0.130621,0.0580775,0.109048,0.0921648,0.41644,0.399036
5110.247423,0.397641,0.189358,0.204027,0.626791,0.189087,0.0352017,0.287375,0.386512,0.0201809,0.145659,0.0897747,0.299079,0.163435,0.18624,0.371865,0.10882,0.24626,0.307237,0.164241,0.152514,0.0528336,0.098941,0.258376,0.136134,0.485747,0.31958,0.0209563,0.129001,0.0565943,0.110938,0.0937163,0.399049,0.386279
5115.118965,0.401006,0.192993,0.203388,0.626296,0.187004,0.0355521,0.285262,0.387605,0.0197627,0.144458,0.0881348,0.297545,0.164244,0.184646,0.372578,0.109238,0.245236,0.305667,0.164422,0.152168,0.052482,0.098113,0.258283,0.13647,0.487166,0.320075,0.0202259,0.127691,0.0550123,0.114308,0.09688,0.382468,0.37297
5119.999804,0.404653,0.196993,0.202459,0.625434,0.184905,0.0343273,0.282042,0.38803,0.0192107,0.142887,0.0866303,0.296492,0.165901,0.183042,0.37353,0.109547,0.243974,0.304598,0.163851,0.152375,0.0515882,0.0970781,0.258202,0.135427,0.488013,0.320273,0.0195925,0.126167,0.0528062,0.116292,0.0996037,0.365671,0.3594
5124.889966,0.408176,0.201543,0.200803,0.623702,0.18371,0.0300497,0.277405,0.38691,0.0175935,0.140329,0.0855233,0.294944,0.167161,0.181167,0.373319,0.109909,0.24197,0.303154,0.162792,0.151203,0.0499527,0.0950028,0.258122,0.132983,0.486845,0.320146,0.0181384,0.124146,0.0499513,0.117346,0.102203,0.349758,0.347622
5129.789478,0.411799,0.206376,0.199106,0.622153,0.182587,0.0236998,0.272697,0.385835,0.0159931,0.137632,0.0846435,0.293382,0.167916,0.179557,0.37298,0.109756,0.239827,0.301909,0.161555,0.148536,0.0482581,0.0934761,0.258392,0.130493,0.484604,0.319033,0.0162542,0.122414,0.0472866,0.119354,0.104387,0.336964,0.337366
5134.698368,0.4162,0.210705,0.197714,0.621036,0.180584,0.0172716,0.2692,0.385837,0.0153736,0.135647,0.0839748,0.292449,0.168659,0.178532,0.373429,0.109187,0.238341,0.30107,0.16012,0.146211,0.0470051,0.0928335,0.258423,0.12887,0.483709,0.31672,0.0148781,0.121568,0.0447975,0.122437,0.104993,0.327073,0.327997
5139.616661,0.421177,0.215195,0.196329,0.619858,0.178737,0.0122846,0.266936,0.385872,0.0152286,0.134162,0.0838619,0.291796,0.169935,0.177791,0.373799,0.10877,0.237089,0.300685,0.1581,0.144809,0.0458963,0.0911643,0.258215,0.128325,0.483962,0.313862,0.0138235,0.120858,0.0423479,0.126126,0.105479,0.318574,0.321236
5144.544386,0.426045,0.220598,0.194678,0.619271,0.176769,0.00968897,0.265307,0.385383,0.0149217,0.133247,0.0842434,0.290856,0.170714,0.176376,0.374136,0.108846,0.235759,0.300199,0.156898,0.144247,0.0446221,0.088626,0.258649,0.127785,0.485336,0.31156,0.0129086,0.119444,0.0401177,0.129171,0.107786,0.311233,0.31568
5149.481569,0.430788,0.225923,0.192611,0.618945,0.174029,0.00898814,0.264231,0.385401,0.014634,0.132519,0.0841155,0.289569,0.169673,0.17442,0.375354,0.109848,0.234637,0.299094,0.157733,0.143915,0.0432568,0.0859847,0.25969,0.12637,0.487351,0.310354,0.012216,0.117958,0.0381419,0.131204,0.110305,0.305272,0.309592
5154.428237,0.435092,0.229846,0.190284,0.617954,0.171716,0.00924587,0.263094,0.385247,0.0145498,0.131375,0.0825709,0.28867,0.167298,0.172309,0.37769,0.11142,0.233595,0.297995,0.158289,0.143078,0.042172,0.0838802,0.26085,0.126118,0.488956,0.309536,0.0118798,0.116811,0.0365033,0.133493,0.111795,0.300293,0.305102
5159.384418,0.439143,0.233274,0.188078,0.616264,0.169423,0.00975856,0.261465,0.384461,0.0144718,0.130152,0.0802641,0.287757,0.163643,0.169561,0.380464,0.112774,0.232449,0.297232,0.157232,0.142057,0.0413281,0.0826624,0.261785,0.127516,0.490542,0.309272,0.0116691,0.115453,0.0347176,0.137304,0.11304,0.295708,0.30166
5164.350139,0.443586,0.237244,0.186172,0.614768,0.166373,0.0102611,0.260635,0.384172,0.0144316,0.12931,0.0781736,0.286306,0.159173,0.166549,0.383535,0.114417,0.231503,0.29582,0.156208,0.141249,0.0405144,0.0818322,0.262407,0.129075,0.491648,0.309979,0.0113653,0.114184,0.0330504,0.142219,0.113612,0.291748,0.297636
5169.325428,0.447829,0.241143,0.184236,0.613682,0.163825,0.0106418,0.260662,0.384331,0.0142957,0.128589,0.0764695,0.285108,0.154978,0.163961,0.387167,0.116486,0.230874,0.293287,0.156465,0.140614,0.0399383,0.0817933,0.262526,0.130552,0.49151,0.310279,0.0111997,0.113379,0.0317647,0.146272,0.113368,0.288487,0.293912
5174.310313,0.451193,0.244697,0.182504,0.612158,0.161877,0.010445,0.260006,0.383883,0.0135002,0.12736,0.0746443,0.284172,0.150782,0.161484,0.390699,0.118671,0.229882,0.290223,0.15706,0.13944,0.0392674,0.08167,0.262122,0.13208,0.490987,0.309852,0.0107931,0.112258,0.0304228,0.148607,0.11491,0.28558,0.291163
5179.304821,0.45424,0.248434,0.181219,0.610903,0.159933,0.0105984,0.25869,0.382959,0.0124842,0.125789,0.0723761,0.282887,0.146809,0.158837,0.39423,0.121339,0.228394,0.288055,0.15686,0.137967,0.0385338,0.0806972,0.26221,0.133764,0.49044,0.309992,0.010196,0.110527,0.0297122,0.150004,0.119284,0.283339,0.289135
5184.30898,0.457552,0.252269,0.179925,0.60997,0.158553,0.011657,0.256812,0.382059,0.0116173,0.124076,0.0703304,0.281663,0.143465,0.156923,0.398285,0.124628,0.226771,0.286852,0.156355,0.137092,0.0375752,0.0798692,0.262774,0.136065,0.48864,0.310141,0.0097992,0.108922,0.0291821,0.151294,0.123781,0.28159,0.286685
5189.322819,0.460979,0.255849,0.178534,0.608381,0.157416,0.0113629,0.253477,0.380259,0.00944696,0.121501,0.06918,0.280287,0.139479,0.155913,0.401519,0.128382,0.224241,0.283778,0.155158,0.135455,0.0356935,0.078378,0.262824,0.137804,0.484909,0.309571,0.00859712,0.107112,0.0274736,0.15295,0.127599,0.279199,0.283467
5194.346364,0.465519,0.259815,0.17725,0.606788,0.156519,0.00987536,0.249683,0.378254,0.00672986,0.118714,0.0690823,0.278545,0.135482,0.155206,0.403826,0.131836,0.22149,0.279886,0.15346,0.133019,0.0336669,0.0763929,0.262893,0.138609,0.48086,0.309017,0.0067988,0.104929,0.0260673,0.155055,0.131444,0.276378,0.280977
5199.379646,0.471966,0.264864,0.176763,0.606033,0.155826,0.00956824,0.247162,0.377288,0.00560988,0.116685,0.0694869,0.277381,0.133792,0.155032,0.406554,0.134349,0.220283,0.277991,0.152867,0.1312,0.0324881,0.0756338,0.263406,0.139997,0.478395,0.308045,0.00586393,0.103105,0.0260567,0.156972,0.134355,0.274454,0.279613
5204.422691,0.480031,0.271784,0.176966,0.605906,0.154584,0.0102567,0.24597,0.377592,0.00587265,0.115338,0.0700648,0.276695,0.134243,0.155026,0.40941,0.136585,0.220192,0.277417,0.153356,0.130142,0.0318237,0.0753161,0.263716,0.141268,0.477497,0.306161,0.00599883,0.101704,0.0260454,0.159389,0.136523,0.273203,0.279296
5209.475528,0.489239,0.281102,0.177174,0.606157,0.153005,0.0111309,0.244515,0.378297,0.00624202,0.114509,0.0704939,0.275892,0.135162,0.154864,0.411743,0.138866,0.21983,0.277164,0.153991,0.129866,0.0309202,0.0737817,0.263574,0.141091,0.478081,0.304796,0.00621367,0.100344,0.0254332,0.162336,0.139802,0.271443,0.279563
5214.538187,0.499395,0.292264,0.177062,0.606593,0.151421,0.0123753,0.242273,0.378295,0.00631478,0.113717,0.0702094,0.275226,0.135672,0.154876,0.413875,0.140978,0.218932,0.276976,0.154598,0.130065,0.0296433,0.0713659,0.263088,0.139501,0.479814,0.30397,0.00607693,0.0986971,0.024363,0.165644,0.143553,0.269594,0.279293
5219.610695,0.510882,0.303885,0.176465,0.606955,0.150563,0.0141493,0.240768,0.378116,0.00658719,0.112727,0.0690413,0.275167,0.136116,0.154745,0.416682,0.143083,0.218194,0.276405,0.155664,0.130002,0.0285982,0.0695834,0.26264,0.137573,0.480988,0.302722,0.00609212,0.0972334,0.0234116,0.169913,0.145154,0.268874,0.279014
5224.693081,0.52316,0.315706,0.175616,0.607005,0.150298,0.0163555,0.240439,0.377419,0.00714806,0.111655,0.0679298,0.275556,0.137007,0.154075,0.420009,0.144833,0.217583,0.27533,0.156704,0.129617,0.0283227,0.0689892,0.262508,0.135739,0.481307,0.302413,0.00629821,0.0965294,0.0229305,0.175119,0.146181,0.268816,0.27971
5229.785375,0.536079,0.328843,0.174873,0.606791,0.149419,0.0186237,0.24108,0.377246,0.00783297,0.110908,0.0684763,0.275769,0.138552,0.153183,0.422616,0.145877,0.216762,0.274576,0.157184,0.129182,0.0284653,0.068783,0.262331,0.13331,0.481819,0.304334,0.00649466,0.096153,0.0222673,0.181696,0.147991,0.268427,0.280269
5234.887604,0.54995,0.343005,0.174484,0.606891,0.149325,0.0208482,0.242502,0.378908,0.00856625,0.110768,0.0693535,0.276093,0.140912,0.152321,0.424282,0.146694,0.216234,0.274215,0.158577,0.129261,0.0288867,0.0685149,0.261972,0.130241,0.483811,0.307507,0.00655948,0.0958605,0.0215744,0.188327,0.149223,0.268014,0.279499
5239.999799,0.563797,0.356965,0.174144,0.606878,0.150388,0.0228648,0.243777,0.380357,0.00915921,0.110821,0.0694539,0.276681,0.143015,0.151396,0.425932,0.147537,0.216073,0.273877,0.161294,0.129881,0.029687,0.0682622,0.261181,0.127493,0.487356,0.310378,0.00657554,0.0955479,0.021621,0.192646,0.150945,0.267735,0.278348
5245.121989,0.576773,0.370733,0.173976,0.606415,0.151215,0.0242085,0.24428,0.379945,0.00925629,0.110531,0.0691628,0.276767,0.14393,0.150371,0.427072,0.148581,0.21568,0.273819,0.163138,0.129902,0.0302752,0.0675631,0.259622,0.125973,0.490172,0.31247,0.00665922,0.0948645,0.0220581,0.193505,0.154505,0.266946,0.27755
5250.254202,0.589561,0.384198,0.173825,0.606038,0.152268,0.0254388,0.244286,0.378858,0.00907588,0.110038,0.0691349,0.276099,0.143943,0.149655,0.427205,0.149799,0.214972,0.274066,0.16357,0.129591,0.0301436,0.0669065,0.257952,0.125283,0.491647,0.314814,0.00678207,0.0941077,0.0219657,0.193399,0.158562,0.265334,0.276081
5255.396468,0.603215,0.396775,0.173292,0.605858,0.153655,0.026857,0.244114,0.37878,0.00876948,0.109551,0.0699879,0.275452,0.142154,0.149761,0.427079,0.15104,0.214023,0.274177,0.16423,0.129409,0.0293797,0.0665715,0.256383,0.124404,0.49332,0.317949,0.00660731,0.093686,0.021624,0.195066,0.162185,0.263679,0.273703
5260.548818,0.617843,0.408894,0.172931,0.606325,0.154518,0.0277111,0.243665,0.379003,0.00799902,0.108908,0.0708442,0.275114,0.138514,0.150038,0.426505,0.151932,0.212937,0.273849,0.165041,0.129076,0.0282931,0.065865,0.254548,0.123203,0.495421,0.321091,0.00585932,0.093433,0.0214528,0.19663,0.166199,0.262558,0.271726
5265.71128,0.63293,0.421437,0.172794,0.606872,0.154763,0.0281911,0.243238,0.378755,0.00716518,0.108303,0.0714053,0.274617,0.135238,0.149486,0.425325,0.151511,0.212082,0.274026,0.165338,0.12896,0.0272384,0.0655448,0.252964,0.121443,0.497347,0.323757,0.00513853,0.0931377,0.0221721,0.196125,0.170467,0.262505,0.271162
5270.883884,0.648163,0.434704,0.172879,0.606714,0.154458,0.0291511,0.243469,0.379056,0.00675656,0.107594,0.0723299,0.274092,0.133548,0.148703,0.42357,0.149714,0.211414,0.27473,0.165359,0.12877,0.0266293,0.066099,0.251558,0.119627,0.498679,0.325341,0.00491914,0.092956,0.0236012,0.196727,0.173864,0.264013,0.272108
5276.066661,0.66337,0.44882,0.173044,0.606828,0.153207,0.030306,0.243735,0.380603,0.00685811,0.10705,0.0738021,0.273731,0.132418,0.148551,0.420613,0.146773,0.210842,0.274889,0.16523,0.128931,0.026499,0.0666176,0.249394,0.118599,0.500367,0.326553,0.00511454,0.0928864,0.0241681,0.199449,0.176827,0.266413,0.273746
5281.25964,0.678721,0.46346,0.173267,0.607483,0.152095,0.0313927,0.243188,0.381211,0.00701897,0.106663,0.0746506,0.27351,0.131047,0.148901,0.416075,0.14245,0.210287,0.274581,0.164764,0.129482,0.0263458,0.0663459,0.246539,0.11792,0.503104,0.328163,0.00513923,0.0924735,0.0240708,0.201955,0.180235,0.269227,0.275905
5286.462851,0.69561,0.478265,0.173763,0.608677,0.15216,0.033399,0.242781,0.38055,0.00739469,0.106041,0.0745711,0.274156,0.130296,0.14961,0.410639,0.137159,0.209819,0.273874,0.164062,0.129542,0.0261775,0.0659288,0.243962,0.117106,0.506276,0.32919,0.00509371,0.0916685,0.0244494,0.204131,0.182064,0.272588,0.279334
5291.676326,0.712555,0.49328,0.174398,0.610751,0.152329,0.0360499,0.243598,0.380144,0.00787298,0.105271,0.075287,0.275631,0.130167,0.150402,0.404721,0.131314,0.209249,0.272673,0.163935,0.129351,0.0264671,0.0660135,0.242452,0.115637,0.50858,0.329452,0.00552584,0.0910963,0.0250501,0.20611,0.180936,0.276562,0.283262
5296.900093,0.727068,0.508462,0.174902,0.612539,0.152075,0.0386062,0.244958,0.379572,0.00780103,0.104406,0.0772322,0.276938,0.130258,0.151129,0.397331,0.124241,0.208325,0.271643,0.164286,0.129393,0.0269395,0.0664694,0.241951,0.114011,0.510034,0.330109,0.00623319,0.0908826,0.0251936,0.208981,0.180655,0.281117,0.287536
5302.134184,0.739295,0.52318,0.174898,0.613465,0.152049,0.041405,0.246174,0.379335,0.00742783,0.104034,0.0790798,0.278244,0.131411,0.152047,0.388129,0.115654,0.20761,0.271353,0.163859,0.129569,0.0271382,0.0673118,0.242094,0.112818,0.511473,0.331792,0.00676195,0.0905822,0.0252439,0.213722,0.181955,0.286368,0.292472
5307.378629,0.750007,0.536384,0.175106,0.614263,0.152484,0.0446431,0.24694,0.379642,0.00717118,0.104413,0.0793383,0.279775,0.133478,0.153035,0.378126,0.106422,0.20747,0.2713,0.163063,0.130185,0.027189,0.0683755,0.242275,0.111818,0.512591,0.334573,0.00706466,0.0903678,0.0255546,0.217994,0.183073,0.292035,0.297389
5312.63346,0.759005,0.54732,0.175591,0.615359,0.152175,0.0483536,0.248092,0.379989,0.00742075,0.105119,0.0787249,0.280861,0.135668,0.15436,0.368805,0.0976933,0.207791,0.271376,0.163267,0.13121,0.0275658,0.0697357,0.242172,0.112085,0.513483,0.337733,0.00806175,0.090408,0.0266062,0.220109,0.183874,0.296571,0.301825
5317.898706,0.766096,0.55557,0.176112,0.616519,0.151615,0.0522437,0.249783,0.380473,0.0080106,0.105657,0.0789866,0.281089,0.138274,0.156378,0.360476,0.0898932,0.20852,0.27173,0.164182,0.131822,0.0281354,0.0711846,0.241885,0.113506,0.515049,0.34002,0.00963688,0.0902189,0.0280562,0.221365,0.18488,0.298805,0.304711
5323.174399,0.771355,0.561218,0.176665,0.616212,0.151417,0.0548664,0.250027,0.380824,0.00754529,0.105168,0.0808524,0.280598,0.14022,0.158154,0.351746,0.0828831,0.207881,0.271141,0.164558,0.131258,0.0274562,0.0707252,0.241558,0.114215,0.517103,0.341409,0.00974199,0.0890944,0.0279864,0.223713,0.185903,0.298092,0.304639
5328.46057,0.775239,0.565162,0.177256,0.615258,0.151188,0.0564251,0.249676,0.381734,0.00602174,0.103973,0.0824623,0.280431,0.140711,0.159074,0.343389,0.0772775,0.205445,0.27034,0.164527,0.130171,0.025781,0.0683958,0.241727,0.114382,0.518944,0.341787,0.00825092,0.0877223,0.0269212,0.226605,0.186049,0.295337,0.302705
5333.757251,0.778449,0.566821,0.178123,0.614353,0.151476,0.0585588,0.249989,0.382669,0.00454226,0.103067,0.0828844,0.280478,0.141086,0.159648,0.336926,0.0731302,0.203269,0.270473,0.1648,0.130043,0.0243172,0.0664533,0.242758,0.114767,0.520659,0.341421,0.00646694,0.0869712,0.0266141,0.227773,0.186762,0.291598,0.300278
5339.064472,0.780201,0.565681,0.178931,0.612314,0.151782,0.061065,0.250585,0.382446,0.00332318,0.10221,0.0835264,0.279764,0.141376,0.159915,0.332078,0.0701479,0.20154,0.270505,0.165103,0.130335,0.0233277,0.0654261,0.244395,0.115522,0.522352,0.341108,0.00460322,0.0863898,0.0273109,0.227773,0.189519,0.287484,0.29704
5344.382265,0.780293,0.563907,0.179825,0.610424,0.152674,0.0640548,0.251761,0.382355,0.00313464,0.101479,0.084778,0.278786,0.141695,0.160083,0.328545,0.0686055,0.200616,0.270636,0.165433,0.130536,0.0232552,0.0647954,0.245867,0.117114,0.524363,0.341152,0.00335057,0.0860873,0.0281979,0.230441,0.192279,0.283419,0.293359
5349.710662,0.780031,0.562666,0.181209,0.610228,0.154779,0.0676125,0.253798,0.382918,0.00398949,0.10151,0.0864885,0.278258,0.142564,0.160646,0.326002,0.0682136,0.200866,0.271753,0.166606,0.131301,0.0238195,0.0642526,0.246909,0.119032,0.527433,0.342511,0.00296865,0.0860744,0.0287578,0.234545,0.194085,0.278701,0.290037
5355.049695,0.78101,0.561276,0.182917,0.610598,0.15722,0.0718159,0.256549,0.383013,0.00497371,0.101836,0.0886152,0.278447,0.142998,0.161352,0.324616,0.069053,0.201457,0.273107,0.169088,0.132279,0.0245575,0.0641399,0.248645,0.120642,0.531714,0.344913,0.00285792,0.0856285,0.0298257,0.238543,0.196537,0.273131,0.286861
5360.399395,0.783473,0.560807,0.184582,0.610854,0.160296,0.0772778,0.259806,0.383185,0.00611128,0.101881,0.0913311,0.279817,0.142603,0.162282,0.324699,0.0713421,0.202071,0.273984,0.17181,0.133199,0.025261,0.0643068,0.251526,0.122642,0.536241,0.347096,0.00331189,0.0852566,0.0315784,0.243249,0.199539,0.266978,0.282945
5365.759794,0.784283,0.561979,0.18604,0.611491,0.163073,0.083038,0.262765,0.38295,0.00730143,0.102176,0.0940899,0.281538,0.141743,0.16399,0.325539,0.0740885,0.20232,0.274921,0.174028,0.134428,0.0255701,0.0646131,0.254778,0.125132,0.539663,0.348782,0.00408912,0.0857444,0.0335177,0.248282,0.202302,0.261628,0.278719
5371.130925,0.783366,0.563535,0.187004,0.612233,0.16467,0.0888549,0.265081,0.381164,0.0083902,0.10322,0.0959057,0.282676,0.140866,0.165857,0.326636,0.0761583,0.202282,0.276675,0.176103,0.136151,0.0255602,0.0660386,0.25829,0.128012,0.541865,0.350768,0.00470817,0.0864997,0.0356243,0.253895,0.207049,0.258841,0.276025
5376.51282,0.782666,0.564718,0.18725,0.612885,0.166136,0.0952765,0.267645,0.379519,0.00948016,0.104788,0.0969456,0.283494,0.140434,0.167338,0.327824,0.0776013,0.202512,0.278816,0.176996,0.137999,0.0255607,0.0689321,0.262106,0.131243,0.54285,0.353845,0.00543018,0.0871075,0.0376699,0.260871,0.213048,0.258148,0.275345
5381.905511,0.781877,0.564611,0.187954,0.613564,0.167229,0.101779,0.270355,0.37911,0.0104996,0.106427,0.0976864,0.283716,0.140628,0.168957,0.329018,0.0787516,0.202756,0.280135,0.177332,0.139893,0.0257809,0.0721752,0.266156,0.135255,0.543116,0.357417,0.00638252,0.08773,0.0396481,0.267346,0.218504,0.258237,0.275511
5387.30903,0.779866,0.562028,0.189384,0.614606,0.167285,0.108767,0.273419,0.380123,0.0118012,0.108131,0.0980617,0.283418,0.141522,0.171019,0.330631,0.0796397,0.203424,0.280608,0.179925,0.141794,0.0266539,0.0751615,0.270847,0.140584,0.544087,0.360551,0.00821914,0.0884059,0.0423575,0.272069,0.223006,0.259331,0.276014
5392.723411,0.775064,0.557548,0.19081,0.614071,0.166515,0.114274,0.276223,0.380628,0.0116026,0.108397,0.0987698,0.282522,0.141931,0.172968,0.330759,0.0800225,0.202903,0.27919,0.181911,0.142142,0.0266708,0.0766665,0.275837,0.146536,0.544354,0.361107,0.00873649,0.0879914,0.0445613,0.274349,0.226137,0.260725,0.27645
5398.148686,0.767469,0.551685,0.192284,0.610744,0.165239,0.116237,0.277191,0.379172,0.00841165,0.106137,0.10034,0.28075,0.141967,0.174064,0.327987,0.0800575,0.199046,0.275252,0.179547,0.140207,0.0248329,0.0747647,0.28171,0.153553,0.543095,0.35788,0.00604044,0.0858346,0.0443566,0.272608,0.227201,0.26117,0.276889
5403.584888,0.759295,0.544482,0.193965,0.60842,0.165056,0.118674,0.278006,0.37863,0.00531209,0.104265,0.101182,0.279585,0.143071,0.175068,0.325889,0.0805174,0.195173,0.271737,0.176147,0.139099,0.0235687,0.0724027,0.289697,0.162477,0.542894,0.35379,0.00361694,0.0839425,0.0441279,0.270003,0.225907,0.262107,0.279099
5409.03205,0.751394,0.535228,0.19594,0.608057,0.166842,0.124393,0.280186,0.379127,0.00448516,0.104095,0.102006,0.279174,0.145197,0.176806,0.32605,0.0809529,0.194072,0.270583,0.174774,0.140024,0.0238955,0.0721167,0.299418,0.172554,0.544462,0.351548,0.00307114,0.0832452,0.0459806,0.267998,0.22541,0.264582,0.282973
5414.490206,0.74305,0.525314,0.197901,0.608324,0.169074,0.131867,0.28337,0.378897,0.00502567,0.104363,0.104286,0.278685,0.147624,0.179014,0.326575,0.0809875,0.194401,0.271547,0.174831,0.141189,0.0249473,0.0729188,0.309824,0.183044,0.545709,0.351177,0.00317731,0.0832425,0.0482436,0.266646,0.227515,0.268965,0.287162
5419.959388,0.734676,0.518248,0.199788,0.609167,0.171386,0.13974,0.286572,0.37884,0.00568406,0.104844,0.106536,0.278419,0.150684,0.181296,0.326805,0.0811496,0.194933,0.273034,0.175334,0.142532,0.026068,0.0738771,0.320015,0.193909,0.545906,0.351156,0.00359952,0.0835306,0.0500169,0.267687,0.229086,0.274464,0.291576
5425.43963,0.727846,0.513297,0.201691,0.610775,0.174382,0.148825,0.290938,0.379655,0.0066331,0.106009,0.109426,0.279018,0.154622,0.18374,0.327764,0.08183,0.19588,0.274827,0.177466,0.145008,0.0275159,0.0751175,0.330202,0.203861,0.546669,0.351633,0.00453314,0.0840812,0.0522532,0.271499,0.230235,0.279442,0.296241
5430.930965,0.7228,0.509688,0.203317,0.61208,0.17708,0.159568,0.296275,0.38035,0.00827028,0.107378,0.114541,0.280463,0.15823,0.186475,0.329735,0.0831588,0.197341,0.277593,0.181675,0.148172,0.0294701,0.0768786,0.340606,0.212502,0.54776,0.353008,0.00557645,0.0846606,0.0547627,0.276999,0.232058,0.283427,0.30017
5436.433428,0.719133,0.509129,0.204912,0.612265,0.179494,0.169691,0.300441,0.380221,0.00939217,0.107716,0.119379,0.282094,0.160749,0.189259,0.331229,0.0846117,0.197757,0.280038,0.18423,0.150141,0.0303826,0.0773965,0.349754,0.221249,0.548295,0.353469,0.00570604,0.0848545,0.0563426,0.281069,0.233386,0.286304,0.302742
5441.947053,0.717415,0.510512,0.206812,0.613111,0.181602,0.179484,0.304944,0.380182,0.0108166,0.107764,0.122343,0.283842,0.163457,0.192441,0.332756,0.0861627,0.197575,0.282129,0.184846,0.15157,0.0304582,0.0779496,0.356715,0.229519,0.548998,0.354658,0.00539531,0.0851524,0.0577337,0.282804,0.234993,0.2897,0.304971
5447.471872,0.717821,0.512959,0.20881,0.615048,0.183189,0.189872,0.310192,0.381057,0.0129813,0.108327,0.123994,0.28562,0.166374,0.19586,0.335089,0.0878109,0.197696,0.284532,0.185544,0.153796,0.0307337,0.0799395,0.361591,0.23499,0.549459,0.358621,0.00532833,0.0852049,0.0600111,0.285011,0.237818,0.293987,0.306952
5453.007921,0.718463,0.515688,0.210785,0.616741,0.184437,0.199756,0.314797,0.382748,0.0145444,0.108859,0.124736,0.286831,0.169015,0.198952,0.336754,0.0892319,0.197207,0.28559,0.185576,0.155342,0.0308639,0.08177,0.364136,0.237272,0.550148,0.363152,0.00507665,0.0846455,0.0626995,0.290754,0.240837,0.297348,0.308488
5458.555233,0.717771,0.516865,0.213064,0.618286,0.184599,0.209898,0.320328,0.384813,0.0162173,0.109633,0.126135,0.288154,0.172004,0.201994,0.338246,0.0907298,0.196856,0.286,0.187082,0.156267,0.0311431,0.0834664,0.36494,0.238471,0.552969,0.367491,0.00509669,0.0844942,0.0662369,0.297104,0.243075,0.30026,0.310566
5464.113843,0.715107,0.515504,0.215309,0.619963,0.183738,0.220987,0.327494,0.38695,0.0185577,0.11082,0.127283,0.290496,0.174927,0.205391,0.340059,0.092789,0.197413,0.286767,0.189843,0.157145,0.0314861,0.0855553,0.364806,0.237967,0.557844,0.371743,0.00587894,0.0850757,0.0701523,0.300187,0.242323,0.30341,0.313305
5469.683786,0.7094,0.512735,0.217206,0.620543,0.18332,0.231512,0.334122,0.388503,0.0203175,0.111572,0.127559,0.293095,0.17695,0.208935,0.340876,0.0956508,0.19723,0.285935,0.190667,0.157067,0.0309809,0.0871003,0.364023,0.236064,0.562325,0.374411,0.00595137,0.0853138,0.0725306,0.29925,0.239916,0.305358,0.315996
5475.265096,0.701072,0.508363,0.219395,0.620479,0.184433,0.242343,0.339479,0.389491,0.0219645,0.112041,0.129891,0.295849,0.179855,0.212764,0.341741,0.0993837,0.196539,0.284175,0.190702,0.156678,0.0305845,0.0875154,0.363999,0.236195,0.567412,0.376072,0.00547436,0.0849408,0.0739287,0.297988,0.239443,0.306354,0.318889
5480.857808,0.692207,0.500773,0.221851,0.621807,0.186504,0.256613,0.345885,0.390992,0.0253683,0.113724,0.134415,0.299585,0.184185,0.21686,0.344556,0.103834,0.197762,0.284258,0.192479,0.157846,0.0316487,0.0890085,0.365411,0.23802,0.575791,0.379137,0.00688137,0.0853121,0.076689,0.299844,0.239933,0.308517,0.322803
5486.461957,0.682496,0.490469,0.224735,0.623657,0.189092,0.273471,0.353713,0.392871,0.0295011,0.116048,0.139815,0.30355,0.187767,0.220652,0.348084,0.108224,0.20002,0.286334,0.195515,0.159707,0.0333275,0.0915696,0.368144,0.240549,0.583795,0.383522,0.00917763,0.0864756,0.0798074,0.301202,0.242316,0.311701,0.326418
5492.077578,0.671361,0.47919,0.227475,0.6245,0.19195,0.290513,0.360387,0.394709,0.0324327,0.118117,0.145363,0.307053,0.190334,0.224449,0.350871,0.11257,0.201509,0.288574,0.19811,0.161267,0.0347141,0.0935791,0.372896,0.245134,0.588544,0.387634,0.0104568,0.0874283,0.0818729,0.301562,0.248295,0.315336,0.329371
5497.704707,0.659255,0.467851,0.229325,0.624575,0.194254,0.308054,0.365291,0.395904,0.0341674,0.120132,0.150305,0.310592,0.193017,0.228649,0.353821,0.117546,0.202206,0.289293,0.199382,0.162678,0.0358681,0.0953726,0.380464,0.252539,0.591862,0.389816,0.0111769,0.0879958,0.0841157,0.302762,0.252655,0.31941,0.33244
5503.343378,0.647053,0.456694,0.231442,0.625124,0.196831,0.328495,0.370974,0.395818,0.0359277,0.122186,0.155467,0.314316,0.196058,0.233264,0.357774,0.122372,0.202886,0.290355,0.200578,0.164648,0.0372431,0.0972515,0.39133,0.26124,0.594874,0.390357,0.0120278,0.0889321,0.0867981,0.306169,0.254442,0.323802,0.335446
5508.993628,0.635948,0.446613,0.234323,0.625836,0.200078,0.351102,0.377027,0.394866,0.037481,0.123475,0.160949,0.317307,0.198082,0.237532,0.361746,0.126707,0.203286,0.293078,0.201199,0.167296,0.0385702,0.0988103,0.404324,0.272427,0.596225,0.390289,0.0125935,0.0898365,0.0884983,0.309048,0.257585,0.328278,0.339049
5514.655492,0.626595,0.437982,0.237407,0.626344,0.203703,0.375705,0.383638,0.393802,0.0376954,0.123366,0.165809,0.319363,0.198751,0.241288,0.365307,0.131203,0.202728,0.29548,0.199685,0.168932,0.0392874,0.100113,0.418204,0.28605,0.595917,0.390153,0.0124989,0.0902404,0.0893748,0.306909,0.262467,0.332686,0.343488
5520.329006,0.619214,0.43032,0.240577,0.627598,0.207853,0.408288,0.395529,0.392824,0.0375182,0.122834,0.169352,0.320985,0.200066,0.245882,0.369384,0.135813,0.202268,0.296848,0.197698,0.169954,0.0400343,0.10198,0.433065,0.298976,0.595338,0.392203,0.0123983,0.0906266,0.091242,0.303431,0.267723,0.337908,0.348682
5526.014206,0.612956,0.424276,0.244547,0.629218,0.211997,0.45046,0.4166,0.391772,0.0366979,0.122488,0.1712,0.321439,0.20133,0.250926,0.37323,0.140146,0.20115,0.297433,0.195379,0.170859,0.0406096,0.103036,0.448091,0.311244,0.59479,0.394983,0.0117785,0.0905151,0.0946034,0.305768,0.270508,0.343802,0.354163
5531.711127,0.607193,0.420166,0.248879,0.631172,0.215058,0.499777,0.449634,0.391557,0.0349807,0.122432,0.173038,0.320644,0.202792,0.255622,0.376751,0.144297,0.199303,0.296934,0.193109,0.171035,0.0408748,0.103059,0.461917,0.32359,0.595685,0.395844,0.0107209,0.0903799,0.0992977,0.311484,0.270846,0.349705,0.360112
5537.419808,0.603302,0.41811,0.25264,0.635035,0.217977,0.561817,0.496212,0.393213,0.0345856,0.12315,0.176513,0.320511,0.205658,0.261427,0.381963,0.149609,0.1994,0.297731,0.194109,0.171892,0.0421371,0.10508,0.474241,0.33606,0.599285,0.396926,0.011355,0.0915411,0.104759,0.316211,0.269358,0.35618,0.367763
5543.140283,0.601407,0.4171,0.255797,0.640941,0.22205,0.638155,0.551731,0.396646,0.0356078,0.124777,0.180236,0.321621,0.208592,0.269081,0.388249,0.155919,0.201339,0.300839,0.197274,0.174265,0.0443779,0.109341,0.48409,0.345709,0.604527,0.398497,0.0136893,0.0936749,0.110055,0.319542,0.26719,0.362314,0.375816
5548.872589,0.599281,0.416736,0.258911,0.646842,0.226647,0.72099,0.612367,0.400035,0.0355981,0.126018,0.184003,0.32219,0.211454,0.277461,0.3926,0.161602,0.202119,0.302877,0.19926,0.176266,0.045872,0.112181,0.490344,0.351147,0.607979,0.399032,0.014872,0.0951706,0.114221,0.322174,0.267987,0.366821,0.382908
5554.616764,0.596563,0.416803,0.262705,0.651907,0.230331,0.80654,0.676564,0.401658,0.0342594,0.126045,0.190585,0.321643,0.215545,0.285107,0.39464,0.167163,0.200963,0.302866,0.199577,0.176895,0.0466983,0.112604,0.492877,0.353663,0.609109,0.400247,0.0141468,0.0951813,0.117658,0.323874,0.26991,0.37168,0.390522
5560.372843,0.595623,0.415945,0.266787,0.657046,0.232795,0.890671,0.739305,0.403653,0.0342129,0.127068,0.198287,0.321333,0.22078,0.291779,0.396825,0.173025,0.20081,0.303505,0.200899,0.178198,0.0486628,0.114432,0.491187,0.352659,0.610978,0.402495,0.014305,0.0954962,0.121903,0.32322,0.271302,0.378542,0.398862
5566.140865,0.595655,0.415111,0.270614,0.661602,0.235383,0.964374,0.793246,0.408019,0.0355442,0.129591,0.204485,0.321692,0.225419,0.297979,0.399741,0.177663,0.202297,0.305281,0.203951,0.180969,0.0514761,0.118091,0.485691,0.348703,0.611274,0.404556,0.0158354,0.0969777,0.126107,0.321536,0.275983,0.386571,0.406401
5571.920866,0.594657,0.414456,0.273424,0.664327,0.23755,1.02204,0.832063,0.412444,0.0362206,0.131806,0.21035,0.322302,0.228514,0.305076,0.401843,0.180923,0.203222,0.306668,0.206329,0.184288,0.0534781,0.121354,0.478145,0.344082,0.608573,0.406245,0.0172305,0.0987817,0.129776,0.32185,0.282965,0.3946,0.413353
5577.712883,0.593407,0.41351,0.276506,0.666664,0.238189,1.0582,0.850242,0.415357,0.0367163,0.133774,0.216607,0.32294,0.231651,0.314087,0.403913,0.183941,0.203554,0.308216,0.208424,0.187505,0.0546809,0.125003,0.46992,0.339458,0.606139,0.406868,0.0191257,0.10093,0.133733,0.323559,0.285663,0.403405,0.420211
5583.516955,0.592361,0.412953,0.281343,0.669276,0.238787,1.0669,0.846582,0.417624,0.0374095,0.135879,0.222762,0.323273,0.235217,0.323484,0.406417,0.185323,0.204001,0.31193,0.211567,0.191127,0.0557516,0.129221,0.461588,0.334133,0.604759,0.406663,0.0214839,0.103355,0.137216,0.324057,0.285802,0.413917,0.427648
5589.333118,0.590884,0.411921,0.286139,0.67057,0.240986,1.04665,0.822629,0.419933,0.0377749,0.137445,0.228697,0.323099,0.23776,0.332117,0.408578,0.185293,0.204608,0.317247,0.214023,0.194967,0.0567767,0.133267,0.452613,0.329044,0.602923,0.407705,0.023568,0.105855,0.138805,0.32217,0.288281,0.424493,0.437095
5595.161411,0.588386,0.409894,0.289921,0.670346,0.243703,1.00476,0.782765,0.422364,0.0384482,0.138883,0.234385,0.322892,0.239788,0.340671,0.410897,0.185829,0.205686,0.322565,0.216125,0.198098,0.0577118,0.137797,0.444028,0.32391,0.602053,0.411529,0.0256804,0.10867,0.13994,0.321573,0.291804,0.434303,0.446921
5601.001872,0.584811,0.407516,0.294418,0.669579,0.245246,0.948853,0.733936,0.424677,0.0395962,0.140548,0.239377,0.322721,0.242367,0.35006,0.413485,0.187072,0.20727,0.327307,0.219176,0.200321,0.0587017,0.141985,0.437487,0.317749,0.603982,0.416843,0.0277222,0.111417,0.141289,0.324676,0.295215,0.444149,0.454956
5606.854539,0.581048,0.405535,0.300337,0.668665,0.247162,0.881056,0.683554,0.427199,0.040354,0.142195,0.24346,0.322352,0.24417,0.359308,0.415821,0.188462,0.20877,0.330561,0.222669,0.20206,0.0598155,0.144657,0.432272,0.312865,0.606609,0.419888,0.0292943,0.113747,0.142207,0.332229,0.297318,0.454475,0.461122
5612.719449,0.576373,0.403963,0.30483,0.666557,0.250385,0.803703,0.634095,0.430056,0.0388089,0.1429,0.246766,0.321384,0.24436,0.36751,0.416436,0.189437,0.208737,0.330047,0.225059,0.202802,0.0592395,0.144665,0.428131,0.309182,0.607171,0.419779,0.0290505,0.115175,0.142849,0.339042,0.297034,0.463573,0.466267
5618.596642,0.571435,0.401944,0.307533,0.66469,0.254444,0.729093,0.588731,0.434114,0.0366629,0.143141,0.252534,0.320561,0.245131,0.376221,0.416549,0.19173,0.208948,0.328603,0.227604,0.202886,0.0584341,0.143809,0.425463,0.306138,0.608715,0.418849,0.0287878,0.116226,0.143599,0.342822,0.295921,0.472061,0.472776
5624.486157,0.566319,0.398036,0.30991,0.663391,0.258504,0.664338,0.552841,0.437546,0.034826,0.143095,0.259122,0.320096,0.246651,0.385244,0.416519,0.195122,0.209118,0.32761,0.228897,0.202926,0.0582443,0.142703,0.42342,0.302945,0.612833,0.417527,0.0286087,0.117114,0.145429,0.345075,0.295846,0.480575,0.478813
5630.388031,0.559871,0.392545,0.312704,0.661992,0.261149,0.607931,0.528664,0.438671,0.0328529,0.142697,0.263743,0.319083,0.249855,0.394096,0.415659,0.198318,0.207832,0.325658,0.226386,0.202185,0.057394,0.139611,0.422273,0.29925,0.616809,0.41689,0.026974,0.117365,0.148281,0.345939,0.298003,0.487807,0.483296
5636.302304,0.553097,0.386481,0.316418,0.662437,0.263661,0.567042,0.515088,0.439795,0.0329826,0.143642,0.270123,0.318749,0.255555,0.402323,0.416065,0.202455,0.208156,0.324949,0.225492,0.202337,0.0582207,0.137896,0.421874,0.296452,0.619441,0.418473,0.0266081,0.117925,0.152808,0.345448,0.299176,0.495292,0.489607
5642.229015,0.546764,0.38013,0.320216,0.664064,0.267014,0.542911,0.509131,0.443036,0.0355106,0.14608,0.278165,0.320266,0.261705,0.409484,0.41832,0.207158,0.21097,0.32586,0.228566,0.205528,0.0610289,0.139716,0.420531,0.293478,0.620514,0.420406,0.0283761,0.119844,0.159024,0.344862,0.299066,0.502771,0.49606
5648.168204,0.539791,0.373551,0.323327,0.66455,0.270377,0.528309,0.508997,0.446824,0.0377887,0.147903,0.285514,0.322626,0.266499,0.416492,0.420891,0.211462,0.213287,0.326542,0.231174,0.210067,0.0633871,0.142507,0.419006,0.290302,0.619644,0.421122,0.0300357,0.122789,0.164153,0.345022,0.299575,0.509732,0.501378
5654.119909,0.53212,0.366272,0.326899,0.665596,0.273655,0.524239,0.512151,0.448407,0.039681,0.149269,0.295247,0.325354,0.27103,0.42548,0.424073,0.21631,0.21519,0.328688,0.234462,0.214802,0.0656545,0.146288,0.417858,0.289735,0.618373,0.421185,0.0322478,0.126474,0.168576,0.344763,0.299591,0.517259,0.506688
5660.08417,0.523545,0.359157,0.332297,0.668489,0.277209,0.526619,0.514513,0.448747,0.0413221,0.150477,0.306619,0.327754,0.276811,0.436812,0.427277,0.221366,0.216838,0.332784,0.239418,0.218888,0.0677535,0.150343,0.415869,0.290152,0.617457,0.420553,0.0348277,0.129904,0.174149,0.341524,0.298014,0.525092,0.512332
5666.061028,0.514682,0.353241,0.338074,0.672086,0.281829,0.531176,0.518079,0.451309,0.0432186,0.151932,0.316449,0.330162,0.282856,0.449712,0.430466,0.225096,0.218864,0.339101,0.24498,0.223189,0.0699429,0.1546,0.413283,0.289413,0.618354,0.421005,0.0372507,0.133405,0.180108,0.337611,0.297794,0.532879,0.520755
5672.050522,0.506702,0.347645,0.343517,0.675688,0.286876,0.540498,0.523773,0.457735,0.0465701,0.154786,0.324841,0.33303,0.289631,0.464226,0.434856,0.229176,0.222705,0.346837,0.254306,0.229341,0.0732262,0.161102,0.40964,0.288976,0.622102,0.424614,0.0408346,0.138475,0.185041,0.337592,0.300913,0.540457,0.531363
5678.052691,0.498922,0.342047,0.349618,0.678565,0.290249,0.554034,0.52986,0.465557,0.0501693,0.158768,0.332846,0.335356,0.297545,0.481026,0.43935,0.234893,0.226895,0.353395,0.270374,0.236914,0.0769802,0.168661,0.405383,0.289645,0.625729,0.430437,0.0446015,0.143986,0.189492,0.341907,0.306013,0.547044,0.539871
5684.067578,0.491729,0.338113,0.356928,0.680687,0.293912,0.565777,0.535603,0.472028,0.0521344,0.162401,0.341816,0.336911,0.304619,0.499877,0.442523,0.241232,0.229379,0.35741,0.289029,0.243921,0.0801854,0.173581,0.401539,0.288558,0.626743,0.435437,0.0465534,0.148705,0.193237,0.346913,0.310536,0.552218,0.544975
5690.095221,0.486242,0.337046,0.365028,0.682292,0.299078,0.575129,0.541072,0.478888,0.0520391,0.165155,0.350029,0.337776,0.310222,0.517643,0.444443,0.247777,0.229875,0.358636,0.306593,0.249369,0.0825587,0.175603,0.397817,0.285661,0.625577,0.438951,0.0467784,0.152819,0.196215,0.349237,0.313513,0.557183,0.548571
5696.135662,0.48172,0.337368,0.371541,0.68274,0.304265,0.583582,0.54617,0.487935,0.0503451,0.167915,0.357425,0.337906,0.315502,0.535187,0.444967,0.25473,0.229407,0.357608,0.324741,0.254397,0.0837776,0.176178,0.394874,0.283554,0.622097,0.441719,0.0460372,0.156638,0.199468,0.35142,0.31641,0.562513,0.553793
5702.188941,0.479891,0.338546,0.376975,0.684731,0.308982,0.592952,0.552656,0.499204,0.0502792,0.172674,0.367089,0.338651,0.323392,0.554693,0.447247,0.262791,0.231348,0.358704,0.346143,0.2606,0.0859721,0.178643,0.39244,0.283224,0.621997,0.444435,0.0473131,0.162111,0.2041,0.355494,0.321208,0.571138,0.562357
5708.255099,0.480981,0.341756,0.383312,0.688882,0.313552,0.603578,0.560845,0.509373,0.0526847,0.179384,0.37564,0.340035,0.334071,0.573,0.452696,0.27209,0.235262,0.362494,0.370109,0.268274,0.0893866,0.183606,0.390419,0.284358,0.626633,0.448686,0.0503501,0.169612,0.210789,0.359663,0.32752,0.583021,0.572499
5714.334178,0.483278,0.34681,0.390172,0.693463,0.318336,0.612851,0.569662,0.519628,0.0560375,0.186917,0.380545,0.341416,0.346141,0.588796,0.459358,0.28268,0.239401,0.367595,0.395829,0.277579,0.0926857,0.188915,0.389637,0.287554,0.631252,0.454413,0.0533913,0.178138,0.218449,0.363384,0.334004,0.594238,0.583459
5720.426219,0.486859,0.352347,0.396266,0.698708,0.32451,0.623011,0.580405,0.531815,0.0598834,0.194764,0.38658,0.343876,0.35866,0.603199,0.466496,0.295129,0.24423,0.374401,0.425229,0.288467,0.0963394,0.194281,0.389751,0.291643,0.636011,0.46058,0.0573588,0.18743,0.227032,0.366722,0.336063,0.607378,0.595003
5726.531263,0.492017,0.358728,0.401672,0.706053,0.331895,0.636411,0.592573,0.54341,0.0648212,0.202645,0.395214,0.348332,0.370772,0.615954,0.47467,0.309261,0.250006,0.382639,0.45757,0.30035,0.100942,0.200779,0.390452,0.295042,0.642142,0.467727,0.0631302,0.197432,0.235806,0.36977,0.33385,0.62356,0.607706
5732.649352,0.495672,0.365862,0.406184,0.71249,0.338184,0.64609,0.605135,0.552186,0.067783,0.208194,0.401543,0.353233,0.379901,0.623779,0.481123,0.323772,0.253497,0.388888,0.486418,0.310141,0.104446,0.206601,0.391461,0.298725,0.647595,0.474418,0.067668,0.206254,0.24067,0.36931,0.33217,0.636608,0.621512
5738.780528,0.496728,0.372561,0.411894,0.716907,0.343528,0.651889,0.616006,0.55843,0.0677383,0.21169,0.405055,0.357007,0.386633,0.627392,0.485957,0.336582,0.254218,0.392427,0.509228,0.316435,0.105699,0.209454,0.392023,0.301971,0.650599,0.47997,0.0698945,0.21345,0.244008,0.366474,0.33362,0.648975,0.634776
5744.924832,0.497499,0.378132,0.418608,0.722649,0.348808,0.65857,0.623278,0.565981,0.0685443,0.215972,0.406997,0.360416,0.393095,0.634452,0.491948,0.3468,0.255526,0.397161,0.527289,0.322119,0.107091,0.210604,0.392699,0.30324,0.653152,0.486239,0.0728006,0.220961,0.248608,0.366962,0.337764,0.66516,0.649812
5751.082308,0.499735,0.383147,0.424476,0.728457,0.35361,0.665909,0.628965,0.577526,0.0720548,0.221523,0.404488,0.364677,0.400524,0.643772,0.49884,0.356713,0.258973,0.403853,0.545823,0.328299,0.110169,0.213576,0.394505,0.304801,0.658139,0.495447,0.0775601,0.229439,0.252236,0.37222,0.342589,0.681811,0.668471
5757.252997,0.503869,0.387851,0.430444,0.733846,0.357612,0.673586,0.63632,0.589783,0.0775391,0.228521,0.398949,0.369358,0.409851,0.652981,0.506342,0.368132,0.264445,0.410959,0.568877,0.336037,0.1147,0.221145,0.396496,0.310161,0.665996,0.504734,0.0843867,0.238672,0.254723,0.378404,0.345466,0.697604,0.68649
5763.436942,0.50791,0.392795,0.437031,0.739682,0.362203,0.678913,0.645139,0.599944,0.0820384,0.235185,0.393785,0.373221,0.418585,0.665052,0.513497,0.378904,0.269367,0.416699,0.590176,0.344102,0.119004,0.230037,0.398666,0.317438,0.671094,0.511165,0.0911295,0.246996,0.257102,0.382152,0.34635,0.713357,0.701863
5769.634186,0.51171,0.399368,0.443476,0.746764,0.370092,0.680363,0.65205,0.610196,0.0854793,0.240415,0.38953,0.37702,0.42582,0.679386,0.520459,0.38892,0.273024,0.421189,0.605198,0.349521,0.122317,0.236549,0.402112,0.323033,0.671859,0.516217,0.096891,0.254189,0.260414,0.384187,0.346712,0.731571,0.713724
5775.844772,0.516975,0.406705,0.450247,0.755863,0.379993,0.683285,0.656722,0.62609,0.09086,0.246561,0.386187,0.381614,0.434032,0.692524,0.529332,0.39951,0.278913,0.42645,0.617015,0.353862,0.126569,0.243265,0.406665,0.329352,0.674392,0.523099,0.104389,0.261776,0.265885,0.386472,0.350405,0.751196,0.721692
5782.068743,0.523823,0.412688,0.457303,0.765938,0.389822,0.688038,0.662261,0.647253,0.0984198,0.255129,0.38341,0.386873,0.442824,0.705615,0.539522,0.408268,0.288282,0.433484,0.625256,0.359052,0.132234,0.251691,0.411955,0.338019,0.681312,0.529394,0.114238,0.269477,0.274032,0.391901,0.358478,0.769782,0.731137
5788.306141,0.530618,0.418398,0.463323,0.774642,0.396666,0.689327,0.665536,0.66484,0.104014,0.262772,0.379452,0.391303,0.450743,0.71575,0.546878,0.414577,0.29552,0.440483,0.623461,0.361595,0.135312,0.258072,0.41681,0.346565,0.690078,0.531491,0.122392,0.275083,0.281779,0.396242,0.366948,0.788175,0.744972
5794.557012,0.536308,0.426279,0.467745,0.781016,0.400095,0.687266,0.662461,0.676323,0.106748,0.266989,0.375558,0.393612,0.458646,0.720568,0.551303,0.421191,0.298074,0.444724,0.61003,0.359196,0.13566,0.262197,0.421105,0.353095,0.696849,0.534012,0.127028,0.278985,0.285849,0.394194,0.370187,0.805144,0.757579
5800.821398,0.541498,0.432886,0.472622,0.786644,0.404685,0.685034,0.659407,0.688546,0.108969,0.269818,0.373358,0.395324,0.467191,0.723153,0.554999,0.427731,0.299837,0.44616,0.588012,0.354597,0.136091,0.264867,0.426269,0.358332,0.70285,0.536674,0.130477,0.283149,0.288485,0.390831,0.368271,0.819639,0.76612
5807.099343,0.548081,0.4375,0.478167,0.795519,0.410196,0.685129,0.659911,0.702307,0.113018,0.27344,0.374799,0.399006,0.47623,0.725506,0.560061,0.434264,0.30512,0.447879,0.562542,0.349527,0.138231,0.266936,0.433082,0.363902,0.710864,0.53851,0.135712,0.288088,0.294114,0.390696,0.36662,0.835276,0.773425
5813.390892,0.556695,0.443778,0.483368,0.808465,0.413696,0.687486,0.662469,0.714959,0.119681,0.277339,0.377542,0.405375,0.484216,0.726464,0.566865,0.441694,0.314417,0.451175,0.535662,0.345206,0.143014,0.270319,0.441372,0.369825,0.720398,0.54114,0.143,0.292459,0.303437,0.389153,0.367702,0.849568,0.782401
5819.696088,0.564888,0.451219,0.489054,0.820078,0.415944,0.686359,0.666071,0.725791,0.125376,0.279129,0.377242,0.411465,0.491256,0.723696,0.572518,0.44877,0.323011,0.451582,0.50425,0.340364,0.147759,0.271747,0.449966,0.372962,0.729346,0.544504,0.148612,0.293989,0.312179,0.385175,0.369404,0.858642,0.789553
5826.014976,0.573471,0.457988,0.498103,0.830571,0.42014,0.683452,0.667027,0.735374,0.130381,0.280223,0.377974,0.416629,0.498202,0.722334,0.579693,0.453111,0.331198,0.450312,0.469536,0.334935,0.151891,0.270805,0.458939,0.373706,0.736199,0.549312,0.153161,0.294446,0.319506,0.386838,0.370927,0.867266,0.795076
5832.347601,0.585151,0.463934,0.50816,0.843543,0.425741,0.685569,0.664148,0.747958,0.138492,0.282516,0.379849,0.423182,0.504838,0.729252,0.58948,0.4557,0.343065,0.452735,0.437819,0.331344,0.158633,0.272425,0.468652,0.375222,0.743375,0.554527,0.1601,0.296341,0.32526,0.395834,0.372081,0.877178,0.805987
5838.694008,0.600951,0.470347,0.515876,0.859451,0.43176,0.692402,0.663399,0.762565,0.151525,0.285711,0.379741,0.431673,0.515003,0.742038,0.600047,0.459861,0.360558,0.459038,0.41764,0.330347,0.169443,0.278531,0.479469,0.380563,0.757128,0.559774,0.170582,0.298823,0.332066,0.406134,0.374054,0.888818,0.819687
5845.054241,0.618506,0.477774,0.521862,0.876099,0.436233,0.698479,0.666399,0.771364,0.165797,0.288256,0.380612,0.442014,0.526108,0.7572,0.610063,0.463514,0.379116,0.465919,0.406113,0.332377,0.180894,0.286438,0.490445,0.389061,0.775029,0.563775,0.182624,0.299998,0.340206,0.411189,0.37571,0.902438,0.827369
5851.428346,0.635622,0.485524,0.528363,0.894812,0.439022,0.700197,0.67046,0.776796,0.177481,0.288568,0.380895,0.452893,0.533387,0.770452,0.618696,0.465197,0.395715,0.469757,0.398326,0.334423,0.190226,0.292191,0.502096,0.394364,0.783927,0.568285,0.193699,0.300285,0.345093,0.412317,0.377208,0.915426,0.829915
5857.816368,0.654574,0.494073,0.534858,0.919237,0.446737,0.70158,0.674031,0.78581,0.191662,0.2901,0.38178,0.464638,0.543193,0.783237,0.630591,0.46824,0.41697,0.473382,0.402521,0.337085,0.201846,0.297364,0.516757,0.399518,0.787843,0.574242,0.207307,0.302452,0.349194,0.412808,0.38247,0.927897,0.834563
5864.218353,0.673685,0.50324,0.540459,0.941633,0.45522,0.703471,0.679015,0.797306,0.207358,0.292977,0.383586,0.477018,0.555605,0.792614,0.64339,0.470072,0.440534,0.475158,0.413286,0.341018,0.214998,0.301055,0.532379,0.406619,0.798059,0.578781,0.222888,0.304937,0.353273,0.415075,0.389322,0.934252,0.840807
5870.634347,0.694283,0.512301,0.546502,0.962907,0.459515,0.710392,0.688312,0.810893,0.225087,0.298093,0.382778,0.489801,0.566546,0.799126,0.657356,0.469299,0.466929,0.475846,0.422594,0.34453,0.231284,0.304109,0.548611,0.413455,0.818652,0.581882,0.240891,0.307428,0.356156,0.422554,0.395914,0.939539,0.846765
5877.064395,0.718967,0.521919,0.551071,0.988106,0.46314,0.723738,0.696128,0.823031,0.244406,0.303935,0.380766,0.502621,0.576039,0.806092,0.67263,0.469688,0.495253,0.477403,0.433605,0.347666,0.251453,0.307118,0.565748,0.420399,0.842719,0.58522,0.260532,0.310162,0.354891,0.428038,0.401631,0.952108,0.853502
5883.508545,0.747312,0.53289,0.554558,1.017,0.468774,0.741315,0.699596,0.835266,0.265662,0.309562,0.383654,0.516077,0.587371,0.812059,0.692335,0.471694,0.52478,0.478518,0.451193,0.351497,0.274748,0.311463,0.58494,0.427963,0.866035,0.591104,0.282252,0.314693,0.349615,0.427289,0.404698,0.969718,0.856574
5889.966842,0.777877,0.542269,0.561337,1.05001,0.476938,0.761209,0.7047,0.851822,0.291648,0.318591,0.390924,0.532692,0.600159,0.815952,0.720554,0.475505,0.560273,0.481639,0.476418,0.357397,0.301337,0.31759,0.608314,0.437237,0.890279,0.598458,0.308715,0.322661,0.349362,0.429162,0.406648,0.997423,0.85795
5896.439333,0.810593,0.551437,0.569375,1.08623,0.486359,0.788355,0.714744,0.872742,0.3217,0.33155,0.396614,0.551828,0.609966,0.817806,0.754517,0.483627,0.60273,0.490541,0.508064,0.365885,0.331966,0.325232,0.633524,0.449235,0.914069,0.607158,0.338711,0.332917,0.357331,0.438189,0.409153,1.02874,0.864669
5902.926065,0.843652,0.562882,0.574528,1.12003,0.493638,0.819606,0.728029,0.89024,0.349263,0.342821,0.39723,0.569351,0.615416,0.819078,0.786668,0.494327,0.642752,0.497369,0.53474,0.373401,0.361409,0.329838,0.657304,0.461259,0.932739,0.613932,0.364941,0.340732,0.366438,0.443476,0.41253,1.05227,0.867844
5909.427085,0.877384,0.57588,0.582315,1.15204,0.499177,0.842808,0.737325,0.903334,0.374595,0.351945,0.395578,0.586371,0.625788,0.826352,0.818938,0.505682,0.678792,0.500554,0.554565,0.378387,0.386425,0.330545,0.680824,0.470314,0.948646,0.618818,0.387029,0.346532,0.374552,0.446235,0.418963,1.07644,0.864148
5915.94244,0.911338,0.590968,0.5942,1.18357,0.506582,0.86017,0.744135,0.914909,0.399536,0.361112,0.395428,0.604214,0.636379,0.835244,0.854234,0.517843,0.713775,0.507318,0.574504,0.383274,0.409303,0.332674,0.704486,0.479288,0.96709,0.623549,0.408205,0.353711,0.381054,0.458728,0.425819,1.10221,0.869335
5922.472178,0.944897,0.606758,0.605276,1.21209,0.515801,0.882369,0.7534,0.92969,0.424475,0.370965,0.394397,0.621515,0.643218,0.84456,0.888042,0.531994,0.748881,0.519735,0.598976,0.389358,0.433791,0.339227,0.727513,0.488226,0.986572,0.6277,0.42959,0.363068,0.388857,0.478357,0.431667,1.12832,0.884616
5929.016346,0.973685,0.621598,0.614322,1.23529,0.525625,0.908268,0.764001,0.943128,0.45035,0.382581,0.392567,0.637452,0.6515,0.856971,0.9177,0.549407,0.785176,0.535869,0.630779,0.398144,0.459913,0.349468,0.749306,0.497409,1.00607,0.632123,0.450987,0.372899,0.401347,0.496854,0.440484,1.15373,0.900869
5935.574992,0.993212,0.633868,0.622604,1.25181,0.531491,0.926361,0.769645,0.948905,0.469419,0.39183,0.389847,0.651228,0.658604,0.864517,0.937027,0.567019,0.812263,0.546747,0.655732,0.405338,0.478316,0.355961,0.767639,0.507563,1.01917,0.637428,0.465921,0.379611,0.409986,0.509389,0.447187,1.16984,0.912184
5942.148165,1.01441,0.645188,0.631199,1.27003,0.537374,0.938732,0.773995,0.959675,0.482905,0.399182,0.385297,0.664223,0.664519,0.863854,0.951406,0.583726,0.833512,0.554573,0.672897,0.409413,0.49196,0.360064,0.783275,0.518241,1.02156,0.645804,0.476922,0.386996,0.414577,0.518056,0.449555,1.17889,0.924097
5948.735912,1.03533,0.658182,0.641178,1.29283,0.547685,0.949669,0.780938,0.974652,0.498184,0.408926,0.380086,0.676715,0.671029,0.861138,0.971306,0.599551,0.857924,0.56329,0.691422,0.414854,0.508496,0.366427,0.801013,0.531891,1.02005,0.652633,0.489753,0.397205,0.419867,0.52618,0.453156,1.18324,0.942935
5955.338283,1.04332,0.671477,0.654934,1.30661,0.554852,0.955044,0.790675,0.982941,0.509241,0.418359,0.370417,0.685965,0.671497,0.852778,0.986661,0.611282,0.876923,0.566235,0.701149,0.418779,0.52062,0.370339,0.81836,0.542618,1.01888,0.652837,0.498615,0.405393,0.422051,0.533709,0.451375,1.18415,0.960309
5961.955325,1.05159,0.683168,0.67348,1.32166,0.565244,0.965165,0.803981,0.989928,0.51914,0.429991,0.359908,0.694533,0.673867,0.846,0.995516,0.622004,0.893222,0.56952,0.707353,0.422039,0.533008,0.374726,0.831694,0.551794,1.02426,0.653553,0.507721,0.414011,0.424493,0.53833,0.445415,1.18792,0.971491
5968.587089,1.06793,0.694503,0.693556,1.34501,0.58458,0.982442,0.816393,0.998667,0.532216,0.444458,0.356714,0.705117,0.682545,0.84174,1.00714,0.631928,0.91345,0.579988,0.722652,0.430497,0.552069,0.38238,0.842428,0.565345,1.02998,0.660427,0.522651,0.424903,0.428462,0.538047,0.443394,1.19478,0.981743
5975.233622,1.08503,0.704991,0.713209,1.3639,0.604228,0.997999,0.826641,1.0012,0.544774,0.458039,0.360801,0.717401,0.693832,0.830811,1.02498,0.638434,0.933156,0.593808,0.741592,0.441377,0.572019,0.390501,0.85306,0.577517,1.03387,0.668921,0.53971,0.436882,0.432223,0.533957,0.44445,1.19892,0.993925
5981.894975,1.10212,0.712676,0.733166,1.37583,0.617965,1.01408,0.836307,0.996608,0.554875,0.470787,0.364405,0.729211,0.702225,0.814633,1.04171,0.643381,0.949723,0.606139,0.752949,0.451291,0.588508,0.396862,0.866487,0.585565,1.03933,0.673598,0.554184,0.448412,0.439612,0.53115,0.446552,1.20556,1.00733
5988.571197,1.11747,0.71958,0.752597,1.38435,0.627359,1.03589,0.842774,0.998637,0.562294,0.483507,0.365852,0.737425,0.70715,0.797187,1.05553,0.648091,0.966034,0.616117,0.758444,0.461494,0.604382,0.401927,0.881325,0.596541,1.04349,0.678256,0.564707,0.457628,0.448327,0.533623,0.450558,1.20718,1.01389
5995.262338,1.12862,0.727654,0.768508,1.39139,0.630459,1.05447,0.843232,1.00466,0.566587,0.493262,0.366752,0.74357,0.714216,0.781791,1.06969,0.65256,0.97769,0.618921,0.76051,0.468801,0.617134,0.403016,0.893865,0.606316,1.04455,0.680661,0.570669,0.463905,0.452285,0.536165,0.458717,1.20685,1.01059
6001.968448,1.14134,0.736347,0.782202,1.40555,0.629863,1.06664,0.844859,1.01381,0.575131,0.502925,0.369119,0.751719,0.728147,0.772263,1.08962,0.658269,0.991121,0.62431,0.766984,0.47446,0.626947,0.405332,0.904407,0.610549,1.05154,0.680218,0.578779,0.471795,0.457795,0.544486,0.469329,1.21844,1.0105
6008.689577,1.15798,0.743598,0.790266,1.42176,0.629851,1.08497,0.855598,1.02442,0.586288,0.514808,0.375691,0.758246,0.738657,0.758194,1.11567,0.664061,1.00857,0.6385,0.774088,0.481921,0.636495,0.41267,0.91419,0.614165,1.06255,0.679917,0.589367,0.480969,0.4664,0.561292,0.476644,1.22926,1.02061
6015.425777,1.16928,0.749648,0.7884,1.42292,0.626848,1.09292,0.863473,1.03076,0.587513,0.523503,0.384346,0.760864,0.740371,0.737162,1.13369,0.669515,1.01401,0.643711,0.767864,0.488469,0.643416,0.415661,0.921484,0.615072,1.06116,0.677632,0.591755,0.484362,0.469776,0.572691,0.487286,1.23186,1.0182
6022.177096,1.17288,0.756008,0.781925,1.4162,0.624539,1.09888,0.861118,1.03396,0.588201,0.530816,0.392508,0.762691,0.742634,0.72071,1.14067,0.677839,1.01478,0.643808,0.775507,0.49565,0.649922,0.418045,0.927744,0.613281,1.05887,0.675138,0.590175,0.486503,0.470185,0.580369,0.495788,1.22832,1.0039
6028.943587,1.17269,0.759785,0.772729,1.4113,0.624218,1.10206,0.854779,1.04137,0.591919,0.538279,0.399495,0.763758,0.747163,0.708861,1.14273,0.686732,1.01686,0.643625,0.792702,0.501345,0.653023,0.42065,0.933366,0.61686,1.06438,0.67626,0.588375,0.488823,0.471947,0.585846,0.49766,1.21702,0.99381
6035.725301,1.17222,0.765557,0.761259,1.40365,0.62592,1.10747,0.847789,1.06322,0.594834,0.543281,0.402156,0.764916,0.748793,0.696226,1.15026,0.69629,1.01573,0.641054,0.810042,0.500824,0.651735,0.42208,0.937329,0.6267,1.06947,0.680501,0.587822,0.492133,0.476613,0.588909,0.501511,1.20077,0.990767
6042.522289,1.16815,0.775153,0.7505,1.39125,0.625734,1.10213,0.836686,1.08249,0.596636,0.546275,0.398718,0.766096,0.742549,0.678994,1.16053,0.704417,1.00925,0.635566,0.81897,0.498328,0.649077,0.425307,0.941324,0.634611,1.06452,0.681096,0.586144,0.496557,0.479236,0.587857,0.507679,1.18686,0.988418
6049.334603,1.15868,0.786695,0.743918,1.37793,0.625707,1.09162,0.831452,1.08853,0.598241,0.550345,0.392763,0.765599,0.734585,0.662278,1.16224,0.709982,1.00154,0.62932,0.819283,0.498324,0.645065,0.431136,0.945398,0.637837,1.06346,0.678958,0.582952,0.501289,0.480743,0.581472,0.504271,1.17633,0.988286
6056.162294,1.15347,0.7982,0.739153,1.37236,0.63249,1.09291,0.831824,1.09376,0.602166,0.556247,0.391711,0.765997,0.734875,0.653111,1.15859,0.716197,0.994646,0.62811,0.823297,0.499545,0.642587,0.438189,0.947124,0.642282,1.0709,0.680813,0.583322,0.506044,0.486204,0.573872,0.496332,1.173,1.00136
6063.005415,1.15863,0.808334,0.733744,1.38032,0.6431,1.09529,0.834481,1.10389,0.609689,0.563394,0.395477,0.768723,0.74078,0.648271,1.1607,0.720735,0.991991,0.636726,0.833343,0.504078,0.646442,0.446831,0.951184,0.6492,1.07477,0.687318,0.591403,0.510589,0.495685,0.571919,0.495386,1.16586,1.02614
6069.864019,1.16766,0.817658,0.727653,1.39119,0.651211,1.09559,0.84234,1.10668,0.615562,0.569608,0.396939,0.771605,0.745341,0.644676,1.1693,0.721551,0.989803,0.648912,0.838205,0.510609,0.652567,0.457483,0.957387,0.651632,1.0771,0.692799,0.60111,0.515659,0.50727,0.572308,0.498133,1.154,1.04985
6076.738157,1.17416,0.826729,0.723081,1.39348,0.653908,1.10385,0.846511,1.09547,0.615717,0.572591,0.392745,0.770916,0.743995,0.642028,1.17401,0.720366,0.982573,0.653337,0.83222,0.515227,0.652743,0.465846,0.963158,0.654555,1.07724,0.69481,0.601629,0.519913,0.517909,0.571136,0.499864,1.15869,1.06586
6083.627883,1.17814,0.833155,0.722042,1.39124,0.652512,1.11439,0.842584,1.07862,0.615154,0.576086,0.389705,0.767466,0.748464,0.642879,1.17824,0.72625,0.976794,0.655658,0.830806,0.517923,0.651585,0.46963,0.972773,0.663773,1.07435,0.69706,0.597739,0.522591,0.522988,0.572964,0.498219,1.17098,1.07298
6090.533249,1.1849,0.837751,0.720829,1.40043,0.650651,1.12321,0.84192,1.06543,0.619557,0.582135,0.388865,0.765331,0.763485,0.645845,1.18825,0.735433,0.976164,0.661968,0.837083,0.52043,0.653372,0.471087,0.980038,0.66546,1.0719,0.69617,0.599079,0.525066,0.523232,0.575748,0.490824,1.18313,1.07331
6097.45431,1.19513,0.841113,0.717493,1.42698,0.652384,1.13586,0.8506,1.05627,0.625415,0.587714,0.386942,0.762117,0.781749,0.648301,1.19765,0.742064,0.978986,0.671578,0.842535,0.523964,0.652985,0.472999,0.984158,0.657625,1.0645,0.691832,0.602701,0.526835,0.523739,0.577084,0.482133,1.18793,1.06126
6104.391118,1.20137,0.84027,0.713333,1.44504,0.653429,1.14209,0.858956,1.04283,0.62327,0.592051,0.382704,0.755768,0.793842,0.645036,1.20148,0.744891,0.977635,0.679416,0.835157,0.526928,0.648515,0.471542,0.988746,0.65653,1.04519,0.684296,0.600826,0.524962,0.524242,0.571346,0.482213,1.17237,1.02381
6111.343727,1.20005,0.839228,0.710981,1.44666,0.651538,1.12455,0.857239,1.02721,0.610934,0.593438,0.376729,0.748511,0.798538,0.635465,1.19435,0.74496,0.964395,0.678793,0.816601,0.528423,0.639743,0.462688,0.990427,0.6589,1.02683,0.671177,0.591608,0.518639,0.520249,0.559856,0.492817,1.13769,0.954854
6118.312192,1.19748,0.841695,0.711293,1.44401,0.654945,1.11052,0.854781,1.02187,0.604099,0.594247,0.36973,0.741793,0.802281,0.631492,1.18325,0.746084,0.95576,0.682345,0.818991,0.530602,0.630619,0.457918,0.989817,0.660074,1.02443,0.663721,0.584496,0.51595,0.517059,0.550327,0.499057,1.08503,0.872304
6125.296567,1.19075,0.842436,0.710837,1.42865,0.658026,1.09925,0.854091,1.02674,0.596988,0.593287,0.358672,0.733565,0.797349,0.62955,1.17192,0.752232,0.949466,0.686849,0.827901,0.528619,0.617412,0.455559,0.985071,0.668161,1.02207,0.662756,0.577133,0.513964,0.514448,0.540672,0.50109,1.0131,0.790033
6132.296906,1.18335,0.842835,0.712493,1.39707,0.657258,1.0859,0.846811,1.03987,0.583708,0.590881,0.343452,0.725242,0.779724,0.622938,1.16026,0.763017,0.935285,0.6881,0.826488,0.523151,0.599393,0.453477,0.973523,0.678608,1.01469,0.658109,0.568991,0.512375,0.506897,0.535285,0.504641,0.931708,0.705665
6139.313264,1.18228,0.845067,0.717443,1.36489,0.656663,1.06261,0.836916,1.05354,0.572384,0.5914,0.32949,0.718956,0.756602,0.615745,1.14751,0.772784,0.921173,0.694048,0.817713,0.522374,0.585023,0.455731,0.961172,0.681527,1.01175,0.654046,0.561646,0.514793,0.494029,0.531788,0.506364,0.852352,0.61931
6146.345696,1.17344,0.849333,0.723811,1.33673,0.655204,1.03501,0.833184,1.05722,0.563661,0.594087,0.322143,0.712746,0.72826,0.610031,1.13026,0.778526,0.910586,0.70059,0.804835,0.524583,0.570832,0.457745,0.95283,0.675179,1.0095,0.654648,0.551817,0.518552,0.484271,0.521231,0.505545,0.773197,0.53976
6153.394257,1.13996,0.854719,0.728474,1.29906,0.640512,1.01071,0.82598,1.07241,0.547506,0.593509,0.317911,0.70244,0.697386,0.599822,1.10218,0.790315,0.893147,0.701612,0.781429,0.52364,0.549355,0.456525,0.942297,0.667898,0.992585,0.648729,0.541638,0.520781,0.480477,0.515776,0.502679,0.702548,0.475034
6160.459004,1.12633,0.857592,0.731879,1.27376,0.633018,0.988465,0.823353,1.10048,0.531445,0.592946,0.310609,0.690077,0.680985,0.59625,1.07728,0.798483,0.878375,0.707945,0.776672,0.524327,0.533733,0.459243,0.942177,0.672668,0.975399,0.655006,0.538711,0.521759,0.481547,0.524297,0.499439,0.636949,0.425254
6167.539991,1.14185,0.852989,0.735317,1.26502,0.639849,0.975812,0.822232,1.11214,0.522129,0.599319,0.301135,0.68208,0.669181,0.601178,1.06621,0.786389,0.868806,0.711183,0.786539,0.522907,0.524517,0.46305,0.944627,0.671954,0.985738,0.674769,0.5342,0.52064,0.483977,0.54858,0.500539,0.58506,0.382827
6174.637275,1.15685,0.842928,0.739813,1.24995,0.646869,0.980231,0.80997,1.10451,0.513066,0.606201,0.292439,0.675711,0.656878,0.602984,1.05615,0.771903,0.851,0.701467,0.792257,0.515741,0.512545,0.460153,0.946747,0.665056,0.998738,0.691453,0.51909,0.52066,0.483796,0.571758,0.496074,0.558619,0.349609
6181.750913,1.17169,0.839714,0.745165,1.23931,0.649349,0.984852,0.794462,1.09064,0.505937,0.611606,0.286391,0.669598,0.653949,0.601578,1.04235,0.777137,0.829066,0.691328,0.80846,0.508587,0.501751,0.452369,0.954193,0.665993,1.00965,0.696946,0.501379,0.52375,0.480495,0.588714,0.482843,0.539595,0.326927
6188.88096,1.18735,0.848007,0.749052,1.24763,0.651372,0.990137,0.788329,1.07892,0.502561,0.61758,0.28261,0.664557,0.656169,0.601165,1.0313,0.785919,0.81009,0.685414,0.823083,0.506997,0.49447,0.44576,0.960537,0.673432,1.01591,0.695385,0.487866,0.528468,0.476553,0.595029,0.466384,0.524373,0.307077
6196.027474,1.1945,0.861293,0.751063,1.26454,0.655641,0.994131,0.787932,1.06574,0.497693,0.621244,0.280361,0.658616,0.657522,0.604855,1.02064,0.794442,0.791318,0.68007,0.827602,0.511605,0.485754,0.440377,0.962619,0.690459,1.0144,0.692027,0.474098,0.534513,0.473707,0.591511,0.453611,0.513723,0.28905
6203.190511,1.19267,0.875523,0.752026,1.26986,0.656176,0.98476,0.788814,1.04527,0.489717,0.622696,0.279096,0.652067,0.657564,0.609682,1.00882,0.80345,0.771664,0.676861,0.826859,0.518309,0.474808,0.434594,0.963747,0.718256,1.0108,0.684822,0.459554,0.539153,0.473819,0.582343,0.449386,0.503019,0.273062
6210.37013,1.18847,0.889429,0.751196,1.26949,0.65199,0.968077,0.79114,1.02188,0.481082,0.621791,0.281193,0.645034,0.65729,0.613221,0.997764,0.810823,0.751625,0.676114,0.820957,0.524459,0.461945,0.428737,0.963519,0.746035,1.00799,0.675948,0.445656,0.540951,0.475048,0.568479,0.448482,0.494059,0.259637
6217.566387,1.17848,0.899248,0.745971,1.26377,0.646596,0.952671,0.796311,1.00198,0.47186,0.61866,0.2871,0.63654,0.652139,0.616766,0.986221,0.818819,0.731192,0.675179,0.814384,0.528513,0.447866,0.425226,0.96319,0.776603,0.998329,0.671744,0.431246,0.541351,0.472255,0.550286,0.443104,0.488795,0.252029
6224.779341,1.16148,0.899956,0.738157,1.24858,0.64084,0.932051,0.799176,0.99136,0.459371,0.613369,0.294375,0.626408,0.637402,0.620541,0.972646,0.829715,0.708811,0.671533,0.808019,0.53022,0.433771,0.425467,0.964984,0.807544,0.980845,0.666475,0.417132,0.540074,0.465501,0.535224,0.434283,0.488674,0.250935
6232.00905,1.14185,0.893633,0.731289,1.22952,0.635198,0.902865,0.79795,0.988811,0.446107,0.607877,0.30313,0.615709,0.619925,0.627136,0.957768,0.840115,0.687699,0.668355,0.797907,0.533578,0.421396,0.429166,0.96511,0.822944,0.965083,0.654896,0.406334,0.539411,0.45664,0.52358,0.429278,0.493029,0.25554
6239.255572,1.11594,0.88586,0.724049,1.20825,0.6274,0.868121,0.795329,0.987513,0.433738,0.60246,0.312694,0.60504,0.604026,0.634129,0.940678,0.846685,0.670881,0.666335,0.779636,0.536854,0.409975,0.430493,0.963404,0.820445,0.947275,0.644591,0.3971,0.538843,0.446731,0.505401,0.429253,0.499978,0.264292
6246.518966,1.07741,0.877168,0.714882,1.17788,0.612339,0.82687,0.785772,0.980142,0.418583,0.594946,0.322998,0.593721,0.586527,0.634298,0.918195,0.84667,0.655622,0.660111,0.749423,0.536445,0.395801,0.426563,0.9623,0.806481,0.9127,0.636003,0.387247,0.535109,0.441935,0.478139,0.43223,0.512394,0.2749
6253.799292,1.0329,0.86264,0.704548,1.13933,0.591171,0.793645,0.767477,0.98599,0.400377,0.585483,0.327851,0.579458,0.578641,0.629058,0.892664,0.845396,0.644348,0.651149,0.718579,0.533705,0.382219,0.422406,0.964749,0.797279,0.874803,0.625207,0.382651,0.528826,0.440081,0.463348,0.434564,0.533602,0.292117
6261.096607,1.01843,0.838561,0.69636,1.1215,0.586981,0.774121,0.750646,1.00639,0.391056,0.580539,0.326463,0.567761,0.586801,0.630998,0.8784,0.831498,0.645058,0.646741,0.715085,0.530458,0.37835,0.423247,0.979889,0.797698,0.860782,0.632642,0.385149,0.520921,0.439439,0.468385,0.439113,0.560787,0.320961
6268.410972,1.02017,0.805899,0.690461,1.12115,0.591681,0.760504,0.730827,1.01832,0.389915,0.583108,0.323187,0.562924,0.59171,0.635011,0.872678,0.803893,0.65066,0.641039,0.721524,0.523279,0.38024,0.423982,0.998879,0.782935,0.872331,0.645252,0.386262,0.51199,0.44128,0.484181,0.449497,0.587595,0.351587
6275.742447,1.01626,0.776723,0.682798,1.11396,0.592979,0.753525,0.706007,1.02651,0.388444,0.583078,0.315288,0.559557,0.593148,0.631024,0.865692,0.786477,0.653287,0.635429,0.727805,0.514602,0.384197,0.423195,1.01971,0.760648,0.880661,0.646404,0.385409,0.507329,0.442458,0.493548,0.454982,0.613447,0.379915
6283.091091,1.01351,0.760998,0.673131,1.10765,0.590478,0.748788,0.680911,1.0364,0.387175,0.57826,0.302391,0.558456,0.593765,0.623573,0.858987,0.780132,0.656721,0.633456,0.737314,0.507636,0.389166,0.423015,1.04001,0.749962,0.888688,0.64021,0.384051,0.505424,0.44011,0.494265,0.454463,0.636317,0.407564
6290.456966,1.00781,0.74881,0.663429,1.10966,0.585169,0.748529,0.658626,1.0402,0.387812,0.572508,0.290872,0.559965,0.591583,0.621673,0.858351,0.770184,0.663486,0.632871,0.736539,0.50337,0.393844,0.424335,1.05667,0.749709,0.895683,0.63466,0.383606,0.502158,0.435241,0.488781,0.45312,0.658336,0.435031
6297.840132,0.994588,0.732607,0.651111,1.11107,0.579792,0.744909,0.635321,1.03556,0.390118,0.564918,0.283063,0.561689,0.588595,0.626231,0.861815,0.758254,0.672027,0.631605,0.739167,0.502525,0.397628,0.426135,1.07076,0.753747,0.902795,0.632962,0.384405,0.497715,0.42968,0.486871,0.452217,0.679902,0.462123
6305.240649,0.977267,0.71297,0.637808,1.10997,0.572282,0.73608,0.610018,1.01978,0.3912,0.55395,0.273078,0.561385,0.586453,0.62884,0.865727,0.745487,0.676726,0.627299,0.74988,0.500472,0.400875,0.423647,1.08599,0.758803,0.905033,0.631102,0.382136,0.490277,0.424581,0.486635,0.456145,0.697041,0.484131
6312.658579,0.958135,0.685888,0.626521,1.11392,0.562973,0.729208,0.586414,1.00011,0.393021,0.541538,0.265406,0.560819,0.585337,0.627132,0.872726,0.73168,0.677667,0.623269,0.756912,0.49637,0.405625,0.416905,1.09543,0.762158,0.900334,0.626989,0.378595,0.481426,0.41978,0.484897,0.460678,0.7149,0.503784
6320.093984,0.934686,0.650979,0.615047,1.11979,0.555086,0.723376,0.564019,0.98611,0.397727,0.529764,0.26471,0.561976,0.58247,0.625228,0.88259,0.717877,0.681028,0.620535,0.765272,0.493267,0.41184,0.411591,1.0998,0.764054,0.899867,0.623902,0.379436,0.473759,0.415247,0.489185,0.462761,0.734157,0.525646
6327.546925,0.908691,0.611216,0.602634,1.12407,0.547773,0.710206,0.539291,0.979872,0.402034,0.515966,0.264156,0.562998,0.576952,0.626573,0.895596,0.70476,0.687554,0.612984,0.782431,0.490718,0.416736,0.406428,1.10198,0.760667,0.905403,0.618736,0.382044,0.466013,0.408868,0.501741,0.46831,0.749277,0.544937
6335.017464,0.882202,0.568657,0.592275,1.12614,0.538694,0.691053,0.512316,0.974774,0.40523,0.500167,0.261342,0.563037,0.571165,0.629281,0.905884,0.692708,0.695022,0.600644,0.807815,0.48632,0.42153,0.397367,1.09725,0.752847,0.908875,0.610788,0.384366,0.456656,0.397871,0.514581,0.476527,0.76054,0.558894
6342.505664,0.854393,0.526092,0.585034,1.12687,0.532518,0.672665,0.485154,0.968616,0.409728,0.485321,0.258941,0.56515,0.565372,0.62854,0.913126,0.682986,0.703084,0.590631,0.826641,0.48092,0.42725,0.386769,1.08774,0.744087,0.911112,0.606894,0.389264,0.445524,0.387627,0.523089,0.481777,0.774072,0.571316
6350.011588,0.825552,0.484299,0.578873,1.129,0.53001,0.654827,0.455757,0.965328,0.41484,0.470625,0.257223,0.568562,0.559441,0.626453,0.919412,0.675213,0.711745,0.582164,0.837985,0.476045,0.431933,0.376244,1.08089,0.742333,0.912389,0.606187,0.395644,0.434028,0.381794,0.52714,0.483428,0.7919,0.583333
6357.535299,0.796465,0.442782,0.574149,1.1362,0.526841,0.636827,0.425335,0.968812,0.421737,0.45608,0.257363,0.571267,0.554955,0.628671,0.926684,0.667071,0.724769,0.575741,0.851578,0.471286,0.438595,0.367752,1.08754,0.753504,0.913875,0.605826,0.404889,0.424755,0.377024,0.533376,0.482368,0.810849,0.595436
6365.076859,0.767109,0.404832,0.572821,1.14921,0.523518,0.616746,0.398196,0.972554,0.431347,0.444433,0.260355,0.574601,0.549872,0.636657,0.93881,0.65742,0.742746,0.573085,0.873994,0.468655,0.448738,0.364711,1.10804,0.768844,0.917266,0.607159,0.4184,0.41879,0.37431,0.542118,0.476484,0.827064,0.605821
6372.636332,0.739917,0.371998,0.573227,1.15602,0.519586,0.588121,0.372693,0.968854,0.435279,0.432834,0.261939,0.576009,0.540752,0.63899,0.950152,0.651124,0.756091,0.565029,0.892799,0.465422,0.457196,0.359243,1.13111,0.76879,0.918259,0.602176,0.427009,0.411065,0.370245,0.53955,0.471543,0.833154,0.615143
6380.213783,0.721921,0.345903,0.57318,1.14768,0.513173,0.557296,0.34583,0.963978,0.433359,0.418965,0.258085,0.57461,0.531025,0.629491,0.956284,0.64632,0.762838,0.550349,0.902038,0.456503,0.463013,0.348807,1.14586,0.756742,0.921705,0.593891,0.429945,0.401832,0.362109,0.539903,0.476347,0.831867,0.626706
6387.809276,0.709856,0.326056,0.574326,1.14097,0.504019,0.536446,0.317941,0.966598,0.434667,0.406798,0.254754,0.575054,0.52661,0.617498,0.96303,0.637814,0.769803,0.538495,0.904591,0.448216,0.469249,0.342434,1.16066,0.751849,0.924729,0.590646,0.435321,0.39354,0.353646,0.542783,0.477417,0.828884,0.635017
6395.422875,0.697165,0.309939,0.575503,1.14545,0.492995,0.520629,0.290696,0.967331,0.43895,0.396645,0.257371,0.576859,0.525062,0.605988,0.970423,0.627936,0.775971,0.527159,0.90215,0.44365,0.475337,0.340288,1.1755,0.758269,0.923863,0.588468,0.442274,0.385134,0.346641,0.542071,0.474852,0.82691,0.638848
6403.054644,0.685209,0.298493,0.574647,1.153,0.483804,0.506485,0.265656,0.955875,0.444966,0.387966,0.261764,0.579526,0.523741,0.595113,0.974728,0.61617,0.78097,0.516475,0.908794,0.443623,0.482534,0.339832,1.18849,0.768314,0.922666,0.587353,0.449427,0.376903,0.341832,0.544201,0.473606,0.829622,0.641535
6410.70465,0.67703,0.291461,0.575908,1.16033,0.475214,0.492928,0.24389,0.936873,0.450514,0.379204,0.263042,0.581542,0.522779,0.582168,0.979021,0.60413,0.781573,0.50759,0.916062,0.445678,0.490934,0.335865,1.19346,0.774933,0.920551,0.586444,0.454768,0.368849,0.338523,0.54357,0.473575,0.834892,0.642423
6418.372957,0.674316,0.286337,0.578093,1.17007,0.465388,0.481734,0.226775,0.920201,0.45771,0.372298,0.266982,0.585331,0.525145,0.569537,0.990139,0.592777,0.783857,0.504702,0.919583,0.45019,0.500581,0.331606,1.18112,0.773704,0.925458,0.585761,0.463498,0.361661,0.33812,0.543715,0.470762,0.83743,0.647445
6426.059631,0.673102,0.282775,0.577007,1.17781,0.456138,0.474969,0.211411,0.901847,0.466314,0.368252,0.272364,0.592257,0.528676,0.559319,1.00184,0.582166,0.795466,0.505164,0.92601,0.457958,0.509496,0.330517,1.15897,0.768262,0.939087,0.587986,0.476937,0.356062,0.338704,0.548864,0.466702,0.836684,0.65633
6433.764738,0.669822,0.280263,0.574111,1.17912,0.447591,0.466954,0.195143,0.884988,0.47313,0.364313,0.274254,0.599608,0.53176,0.547367,1.00854,0.571706,0.808798,0.500685,0.93782,0.464697,0.514349,0.32847,1.13293,0.767007,0.952135,0.587413,0.486987,0.351358,0.333597,0.556897,0.466473,0.837692,0.662611
6441.488345,0.666296,0.278093,0.570257,1.17523,0.441737,0.456167,0.180662,0.881365,0.480442,0.360031,0.27629,0.606913,0.535252,0.533205,1.01182,0.562258,0.815765,0.493941,0.954727,0.469295,0.520298,0.32636,1.10255,0.76689,0.958577,0.584026,0.493709,0.345955,0.327353,0.568393,0.466618,0.843519,0.664409
6449.230519,0.661292,0.275671,0.56452,1.17705,0.44251,0.445076,0.16906,0.882297,0.486463,0.355137,0.278556,0.613913,0.537602,0.522305,1.01581,0.556904,0.819188,0.489859,0.95871,0.473245,0.527411,0.32407,1.07026,0.753413,0.963095,0.584581,0.499322,0.339087,0.327178,0.576886,0.463875,0.852256,0.664142
6456.991326,0.654983,0.272921,0.557028,1.18504,0.444088,0.431269,0.159645,0.878894,0.48767,0.350062,0.276834,0.617235,0.537623,0.517808,1.01367,0.549465,0.825276,0.484833,0.949922,0.473322,0.528731,0.318292,1.03978,0.73811,0.967052,0.582706,0.503099,0.331457,0.328148,0.57291,0.459121,0.851194,0.662798
6464.770833,0.650667,0.269972,0.551229,1.19453,0.444163,0.417964,0.154857,0.873613,0.491838,0.347819,0.274362,0.619216,0.538131,0.519968,1.01283,0.538616,0.836844,0.484094,0.948279,0.472176,0.531773,0.315827,1.01405,0.725188,0.969331,0.578943,0.511135,0.327287,0.331053,0.564106,0.449356,0.84937,0.662463
6472.569109,0.646235,0.267237,0.547961,1.19917,0.444098,0.406483,0.152324,0.86573,0.49768,0.347506,0.272084,0.62093,0.538012,0.523036,1.02093,0.529019,0.846543,0.484879,0.950641,0.472549,0.536327,0.317218,0.987205,0.705358,0.970904,0.575847,0.519674,0.324818,0.334428,0.551143,0.440851,0.84742,0.664991
6480.386222,0.639727,0.265504,0.544895,1.18948,0.439444,0.389829,0.148722,0.860739,0.495204,0.344308,0.268108,0.619042,0.536519,0.51689,1.02877,0.525538,0.844297,0.476737,0.947009,0.467971,0.534252,0.312539,0.950841,0.670059,0.96886,0.568063,0.518101,0.318879,0.334349,0.536006,0.443069,0.836146,0.66979
6488.222239,0.636306,0.264724,0.542003,1.17212,0.430098,0.374989,0.147459,0.860749,0.490398,0.340767,0.26353,0.614522,0.538038,0.507494,1.03111,0.524686,0.841275,0.467864,0.947824,0.46073,0.530308,0.304548,0.910704,0.62947,0.965374,0.563401,0.514964,0.313598,0.333828,0.532584,0.448942,0.828795,0.672604
6496.07723,0.635505,0.264089,0.540875,1.16172,0.421449,0.368393,0.148493,0.864983,0.492455,0.341159,0.264135,0.610887,0.543828,0.503944,1.03279,0.523196,0.842652,0.467479,0.955203,0.461047,0.528712,0.302678,0.879877,0.595986,0.957087,0.564112,0.517895,0.311082,0.333427,0.52884,0.443714,0.827179,0.672645
6503.951263,0.634211,0.263709,0.540293,1.15896,0.414782,0.363024,0.149516,0.867919,0.4955,0.3423,0.267992,0.608819,0.546564,0.502822,1.03213,0.522769,0.841113,0.467865,0.961581,0.4657,0.526899,0.30394,0.853733,0.56581,0.947508,0.563363,0.519367,0.308113,0.331173,0.526052,0.435354,0.827717,0.675136
6511.844407,0.632858,0.264753,0.541812,1.15843,0.412346,0.35717,0.150374,0.866553,0.497523,0.342499,0.272541,0.608649,0.544854,0.503941,1.0319,0.522374,0.838508,0.470892,0.972214,0.470347,0.524879,0.307726,0.828584,0.53465,0.946196,0.563822,0.518431,0.304848,0.330181,0.531558,0.430392,0.834518,0.683017
6519.756733,0.633007,0.266571,0.54791,1.15446,0.411451,0.35187,0.150455,0.867249,0.499528,0.341531,0.2777,0.607909,0.543035,0.504522,1.03429,0.522489,0.835978,0.476093,0.988209,0.477103,0.521479,0.312743,0.801132,0.506541,0.946657,0.567814,0.517576,0.302657,0.331149,0.539043,0.427772,0.839184,0.691663
6527.688311,0.633077,0.268482,0.554923,1.14752,0.409585,0.345931,0.148145,0.871469,0.497569,0.338923,0.281139,0.606389,0.539376,0.500152,1.03511,0.524539,0.831342,0.477446,1.00137,0.485985,0.516399,0.31553,0.769124,0.482047,0.944402,0.57309,0.51539,0.300249,0.329991,0.544823,0.424722,0.838189,0.70132
6535.63921,0.630329,0.27112,0.563692,1.13629,0.408534,0.337167,0.143103,0.875855,0.492221,0.334639,0.283316,0.604774,0.532119,0.493149,1.02987,0.52599,0.826131,0.472971,1.00911,0.492739,0.50758,0.314297,0.741723,0.454274,0.938599,0.577497,0.509719,0.297533,0.326685,0.546348,0.421818,0.842047,0.713603
6543.609502,0.625989,0.274465,0.574495,1.12058,0.407125,0.325867,0.136375,0.883143,0.488297,0.330705,0.284831,0.603577,0.525463,0.484581,1.02317,0.526462,0.819186,0.463921,1.01251,0.497112,0.497669,0.311786,0.723804,0.428026,0.92622,0.579679,0.501018,0.29612,0.324817,0.548406,0.42184,0.851346,0.723706
6551.599257,0.622103,0.277324,0.58533,1.10664,0.405438,0.311218,0.128275,0.892473,0.483068,0.327106,0.283512,0.601034,0.519352,0.473034,1.01838,0.528295,0.806437,0.452803,1.00988,0.500401,0.490652,0.306394,0.708644,0.403339,0.90698,0.578566,0.490277,0.294214,0.325515,0.551218,0.423322,0.859687,0.727892
6559.608547,0.618376,0.279523,0.595381,1.10107,0.405998,0.294183,0.119795,0.894673,0.474423,0.322758,0.279181,0.595044,0.513125,0.463472,1.01143,0.529195,0.793407,0.442673,0.996497,0.503565,0.483721,0.296169,0.692459,0.375084,0.891286,0.577433,0.479676,0.291221,0.327195,0.546529,0.426093,0.866785,0.728888
6567.637444,0.616214,0.28237,0.60406,1.09702,0.406456,0.280532,0.113094,0.889661,0.465838,0.319571,0.274439,0.587182,0.509513,0.458066,0.998396,0.526017,0.785946,0.434443,0.97642,0.504169,0.476529,0.286998,0.674738,0.355095,0.883626,0.575132,0.473041,0.289028,0.329712,0.53443,0.430424,0.8694,0.731815
6575.686019,0.618277,0.285577,0.612882,1.09248,0.408089,0.275203,0.108522,0.884111,0.463661,0.319903,0.272363,0.582798,0.509781,0.455404,0.989541,0.523815,0.780371,0.432774,0.964587,0.505443,0.474302,0.287104,0.656178,0.344474,0.879526,0.575703,0.473234,0.289454,0.336655,0.524671,0.431943,0.874106,0.738358
6583.754345,0.622144,0.288896,0.621217,1.08693,0.410833,0.273379,0.103125,0.878532,0.464471,0.322103,0.273698,0.582015,0.510679,0.453701,0.987555,0.524095,0.77163,0.436253,0.962442,0.509959,0.473474,0.290849,0.640051,0.336645,0.87831,0.580398,0.474824,0.290617,0.343017,0.519145,0.437415,0.875154,0.747017
6591.842496,0.621241,0.293404,0.626812,1.07706,0.408613,0.266971,0.0948622,0.863802,0.459617,0.320516,0.27785,0.578466,0.511249,0.44879,0.986984,0.522024,0.758109,0.435174,0.969884,0.514343,0.467801,0.287896,0.625078,0.321228,0.880893,0.577416,0.469178,0.289696,0.341486,0.512745,0.447932,0.869237,0.753214
6599.950543,0.618051,0.29821,0.631971,1.07,0.402197,0.258389,0.0861468,0.841749,0.450029,0.318142,0.280721,0.57053,0.513935,0.442621,0.980786,0.519627,0.742437,0.427505,0.980435,0.517379,0.458789,0.282503,0.612589,0.303856,0.878756,0.569944,0.46068,0.287137,0.337116,0.501419,0.45254,0.870309,0.753104
6608.078561,0.619229,0.302441,0.637181,1.06494,0.39735,0.255004,0.0797846,0.828291,0.44323,0.320559,0.286158,0.563664,0.517288,0.441298,0.971556,0.522828,0.726636,0.424763,0.989899,0.524884,0.450097,0.284283,0.604095,0.29474,0.873415,0.568082,0.454482,0.285952,0.337032,0.494851,0.451737,0.876965,0.754092
6616.226623,0.622953,0.306739,0.639052,1.06075,0.39601,0.25692,0.0751003,0.825774,0.438784,0.324377,0.292491,0.559133,0.519757,0.444143,0.966579,0.530873,0.713141,0.42818,1.00003,0.534827,0.442201,0.291137,0.598371,0.290999,0.874268,0.568191,0.448672,0.28544,0.339557,0.495826,0.45124,0.885473,0.757253
6624.394804,0.627222,0.312879,0.637458,1.05622,0.398123,0.26233,0.0712149,0.827577,0.434234,0.32668,0.297788,0.55654,0.522279,0.44794,0.964832,0.539391,0.702141,0.433392,1.01139,0.544304,0.432338,0.298938,0.59344,0.289387,0.879921,0.567908,0.441827,0.285657,0.341135,0.4986,0.452593,0.893573,0.758144
6632.583178,0.631678,0.321119,0.633762,1.04762,0.398113,0.268339,0.0672811,0.82939,0.427333,0.327617,0.303198,0.555301,0.522358,0.449402,0.957874,0.545048,0.689432,0.438959,1.0286,0.553703,0.41939,0.306897,0.587085,0.287104,0.878965,0.568603,0.433384,0.286065,0.338747,0.500377,0.452519,0.899094,0.755549
6640.791821,0.632933,0.328007,0.626924,1.03293,0.395091,0.271047,0.062791,0.831438,0.415479,0.326092,0.306426,0.553567,0.517953,0.447212,0.947921,0.549242,0.670814,0.44152,1.04021,0.559832,0.405806,0.310167,0.580338,0.280166,0.871509,0.571312,0.421632,0.284006,0.33187,0.497629,0.447992,0.904014,0.757455
6649.020807,0.632453,0.333126,0.618146,1.01808,0.393617,0.274402,0.0606334,0.839915,0.404605,0.325362,0.306114,0.55228,0.515117,0.44825,0.942502,0.553341,0.654915,0.44253,1.04333,0.563558,0.392093,0.311374,0.579043,0.271001,0.863141,0.575449,0.409515,0.282014,0.329574,0.491829,0.441884,0.906594,0.767051
6657.270213,0.634132,0.338547,0.608498,1.00745,0.394444,0.281738,0.0617757,0.857064,0.398259,0.32779,0.303832,0.553824,0.515935,0.452627,0.940803,0.559295,0.644324,0.447058,1.039,0.569422,0.380895,0.31476,0.58203,0.26455,0.851909,0.580703,0.398578,0.282804,0.334498,0.489747,0.437411,0.906792,0.774954
6665.540113,0.637017,0.345156,0.597212,0.998464,0.397342,0.28926,0.0634455,0.878469,0.391325,0.32894,0.300228,0.555016,0.516575,0.452311,0.940122,0.567347,0.629933,0.452483,1.03317,0.577785,0.371167,0.315761,0.581799,0.258464,0.839449,0.585115,0.385849,0.284644,0.337344,0.492119,0.431977,0.90805,0.777725
6673.830586,0.641521,0.352776,0.583859,0.988165,0.399782,0.296289,0.0665005,0.900941,0.383938,0.328595,0.297906,0.553608,0.520469,0.449931,0.936578,0.575667,0.613709,0.458196,1.03141,0.58801,0.362739,0.316302,0.57958,0.253781,0.829359,0.589372,0.373403,0.287824,0.339263,0.49593,0.423329,0.908232,0.780629
6682.141708,0.647793,0.360289,0.571751,0.977421,0.403789,0.304227,0.0708568,0.917618,0.376726,0.329076,0.29734,0.551932,0.529021,0.449543,0.927089,0.582416,0.601349,0.464308,1.02709,0.596606,0.35677,0.318942,0.578297,0.251633,0.8174,0.59358,0.362747,0.291136,0.345915,0.499123,0.415472,0.907835,0.782904
6690.473555,0.653917,0.366332,0.563038,0.968563,0.413757,0.312916,0.075983,0.927682,0.370642,0.331573,0.296556,0.552345,0.540751,0.448944,0.914818,0.5874,0.590074,0.473612,1.02391,0.60439,0.351905,0.322926,0.577093,0.250511,0.804851,0.5989,0.352689,0.293944,0.352884,0.502276,0.411521,0.903313,0.785334
6698.826206,0.657206,0.371144,0.556046,0.959966,0.4242,0.319965,0.0806745,0.931648,0.364597,0.335088,0.29709,0.552485,0.556079,0.446514,0.902473,0.589733,0.576292,0.484348,1.02309,0.614551,0.347185,0.325586,0.57517,0.248358,0.794439,0.604555,0.339974,0.297865,0.355615,0.503988,0.415134,0.896365,0.790714
6707.199739,0.655582,0.375665,0.550456,0.950316,0.430446,0.320983,0.083133,0.924142,0.3547,0.337285,0.30017,0.547908,0.572814,0.441217,0.889282,0.586627,0.558088,0.487647,1.01712,0.624451,0.341448,0.325011,0.573512,0.242011,0.785905,0.604713,0.321676,0.300945,0.353357,0.500247,0.423996,0.897174,0.797307
6715.594232,0.655317,0.378478,0.548687,0.942661,0.438631,0.320746,0.0861932,0.915278,0.345459,0.34323,0.303296,0.542678,0.590148,0.436244,0.873502,0.585422,0.539958,0.48995,1.00807,0.631661,0.337275,0.328341,0.574502,0.241707,0.775053,0.60558,0.305624,0.303375,0.35537,0.495287,0.430166,0.90752,0.800337
6724.009763,0.658768,0.379238,0.549585,0.933996,0.449196,0.326775,0.0916798,0.917112,0.341124,0.355017,0.307713,0.541675,0.606642,0.434543,0.85772,0.588703,0.527549,0.500341,0.999305,0.640007,0.336185,0.337597,0.5787,0.250897,0.770727,0.612441,0.29525,0.308953,0.364765,0.492233,0.432354,0.921459,0.804771
6732.446413,0.659284,0.378455,0.551873,0.924462,0.460606,0.336671,0.0965999,0.920696,0.338393,0.367101,0.31259,0.541591,0.619239,0.433074,0.844185,0.593293,0.518526,0.513045,0.987024,0.649811,0.336217,0.34798,0.588686,0.263655,0.774465,0.616983,0.286847,0.317882,0.374259,0.489895,0.438027,0.925799,0.812268
6740.90426,0.654042,0.375092,0.555567,0.914111,0.472747,0.343737,0.0987781,0.917628,0.333275,0.375755,0.318586,0.540218,0.624696,0.430018,0.827129,0.596994,0.508379,0.523228,0.967444,0.66156,0.335992,0.357191,0.602675,0.275903,0.777743,0.619013,0.27767,0.325905,0.379826,0.489769,0.448851,0.929543,0.819628
6749.383385,0.643328,0.367714,0.558425,0.900344,0.47674,0.342463,0.0986998,0.907892,0.323881,0.382575,0.324879,0.537507,0.622425,0.423881,0.805596,0.594572,0.495729,0.529355,0.944207,0.668642,0.335795,0.363532,0.615047,0.282972,0.78053,0.623486,0.266631,0.32876,0.382383,0.4857,0.457838,0.943224,0.829972
6757.883868,0.627467,0.353853,0.561267,0.889151,0.477118,0.339719,0.100566,0.896392,0.316075,0.39106,0.330315,0.534841,0.618024,0.419881,0.794098,0.592875,0.48762,0.534923,0.920415,0.671974,0.338046,0.369021,0.627561,0.291263,0.783477,0.633462,0.259207,0.331246,0.3869,0.484248,0.463527,0.963122,0.846293
6766.40579,0.607966,0.334795,0.565783,0.886922,0.481773,0.343225,0.105042,0.892715,0.313839,0.401398,0.336617,0.534625,0.615438,0.421364,0.795818,0.595772,0.489852,0.54172,0.898402,0.677207,0.342455,0.376103,0.641132,0.303335,0.788746,0.645209,0.258605,0.337377,0.396801,0.492794,0.466726,0.979983,0.864666
6774.949231,0.584386,0.311768,0.5732,0.889554,0.488758,0.348742,0.109715,0.896329,0.315638,0.411603,0.344299,0.536444,0.61316,0.423035,0.803531,0.603055,0.496647,0.549707,0.880508,0.682967,0.348188,0.381434,0.654997,0.313895,0.794515,0.655797,0.260173,0.34546,0.408605,0.51097,0.47012,0.998839,0.876637
6783.514274,0.555411,0.284515,0.580392,0.89437,0.493904,0.349988,0.112644,0.896789,0.316302,0.418777,0.348816,0.537927,0.613053,0.419148,0.81346,0.615156,0.501363,0.553379,0.866463,0.685566,0.353391,0.38479,0.669472,0.326005,0.797771,0.665148,0.260347,0.353651,0.416306,0.528989,0.475676,1.01531,0.880319
6792.101001,0.524461,0.253779,0.586789,0.90048,0.498464,0.351131,0.114934,0.899692,0.316209,0.42515,0.352358,0.539439,0.620758,0.414888,0.821383,0.628514,0.508074,0.556344,0.85217,0.68465,0.359448,0.392057,0.686014,0.34331,0.801474,0.673769,0.26323,0.363331,0.422543,0.540633,0.478957,1.03001,0.886844
6800.709494,0.49443,0.221967,0.594064,0.90922,0.505035,0.357699,0.118181,0.903419,0.319926,0.433663,0.355142,0.54327,0.635057,0.415344,0.830008,0.638073,0.521091,0.564491,0.838085,0.684414,0.367962,0.402893,0.702495,0.362291,0.808008,0.685407,0.270299,0.373112,0.430011,0.550539,0.482659,1.05162,0.895514
6809.339836,0.465847,0.192504,0.600191,0.920537,0.51389,0.366694,0.122699,0.902622,0.32712,0.44469,0.355918,0.54826,0.649619,0.419389,0.839794,0.644065,0.536223,0.576827,0.825319,0.685636,0.377743,0.413898,0.715056,0.379797,0.816667,0.700205,0.278001,0.380106,0.434838,0.562605,0.487663,1.07032,0.907959
6817.992111,0.439195,0.167802,0.602748,0.927241,0.524911,0.370561,0.12625,0.895167,0.330666,0.454628,0.353834,0.550732,0.65645,0.420505,0.841946,0.649099,0.545484,0.583813,0.803431,0.681822,0.384114,0.418817,0.727311,0.39277,0.816263,0.706312,0.279847,0.387005,0.434703,0.572757,0.491046,1.07696,0.917926
6826.666401,0.420145,0.14953,0.602998,0.928489,0.537324,0.3727,0.129632,0.891572,0.332669,0.464104,0.352549,0.553075,0.653088,0.417884,0.842913,0.652224,0.552782,0.587818,0.779817,0.675407,0.388727,0.419692,0.74358,0.408841,0.809507,0.702431,0.28022,0.396922,0.432254,0.577074,0.488867,1.08291,0.919661
6835.362791,0.410417,0.13921,0.602862,0.929389,0.549513,0.37714,0.133314,0.886665,0.337164,0.476136,0.352443,0.55681,0.645663,0.413744,0.844686,0.654793,0.561047,0.595049,0.761444,0.669716,0.395368,0.420469,0.76171,0.431097,0.806444,0.696663,0.284014,0.407511,0.432421,0.575783,0.48248,1.07643,0.914329
6844.081366,0.407572,0.136821,0.602812,0.932347,0.55894,0.384645,0.13673,0.87988,0.343417,0.488982,0.350846,0.560456,0.639006,0.408129,0.845875,0.65905,0.570331,0.60382,0.743277,0.662596,0.403818,0.4221,0.781147,0.454284,0.813324,0.690526,0.289284,0.418633,0.435963,0.571529,0.477814,1.0473,0.902389
6852.822211,0.409554,0.14024,0.603075,0.934493,0.569197,0.390598,0.13912,0.879098,0.348776,0.499009,0.348616,0.562873,0.627547,0.400382,0.846305,0.669626,0.579175,0.611176,0.723207,0.656656,0.413593,0.425494,0.798427,0.476677,0.822805,0.681771,0.293642,0.428986,0.440682,0.568272,0.479684,1.00668,0.882191
6861.58541,0.416173,0.149458,0.603745,0.932063,0.579118,0.390901,0.139783,0.878789,0.350921,0.505564,0.346365,0.563099,0.61031,0.390711,0.844021,0.684786,0.58393,0.612287,0.700509,0.651129,0.42377,0.427585,0.810056,0.497132,0.826073,0.67228,0.295055,0.434829,0.443638,0.56339,0.482759,0.972111,0.857118
6870.371051,0.429263,0.164769,0.602826,0.926003,0.580334,0.390259,0.140756,0.877558,0.352084,0.511651,0.341295,0.561913,0.592039,0.381929,0.843358,0.693941,0.587618,0.610237,0.681097,0.639068,0.432567,0.427087,0.81974,0.515637,0.828263,0.668351,0.295305,0.438106,0.445111,0.552759,0.481098,0.941933,0.828594
6879.179219,0.446471,0.182279,0.603127,0.924861,0.578627,0.394289,0.143928,0.876604,0.356479,0.519074,0.336937,0.561973,0.578272,0.376672,0.851776,0.70078,0.594267,0.613447,0.672197,0.623235,0.440338,0.427601,0.830365,0.536064,0.832848,0.670862,0.299078,0.44373,0.447832,0.54909,0.478263,0.910446,0.793474
6888.010001,0.462765,0.198501,0.604319,0.928049,0.579074,0.401625,0.14746,0.877624,0.362441,0.524853,0.335932,0.563282,0.573653,0.373527,0.861742,0.706317,0.603198,0.618254,0.668277,0.608311,0.446981,0.428777,0.840569,0.556297,0.839215,0.675796,0.304048,0.448528,0.45195,0.557144,0.477997,0.872134,0.754242
6896.863484,0.475927,0.210786,0.604102,0.933574,0.581191,0.410002,0.150556,0.883688,0.368981,0.529052,0.33524,0.564597,0.576967,0.373702,0.869042,0.711976,0.613175,0.621525,0.664773,0.595298,0.454135,0.43119,0.852376,0.577365,0.845915,0.683936,0.308436,0.450944,0.456786,0.567034,0.484772,0.836405,0.715298
6905.739757,0.484072,0.217936,0.601621,0.941849,0.580228,0.417812,0.152636,0.88909,0.373871,0.531982,0.332981,0.566075,0.586221,0.376437,0.875916,0.717303,0.619232,0.621965,0.658172,0.580798,0.462318,0.437682,0.866518,0.598246,0.849371,0.693302,0.311898,0.453245,0.459498,0.570695,0.49503,0.806015,0.679166
6914.638906,0.48559,0.219861,0.598866,0.948647,0.576483,0.424528,0.153674,0.896526,0.375157,0.532964,0.330544,0.566738,0.598822,0.379537,0.880932,0.720288,0.618683,0.62277,0.64382,0.56377,0.469186,0.444435,0.881433,0.612878,0.849615,0.699886,0.313031,0.455175,0.457473,0.570385,0.499754,0.781352,0.65178
6923.56102,0.480522,0.215513,0.597192,0.953387,0.573671,0.430265,0.155573,0.898741,0.376498,0.53423,0.324169,0.565656,0.609355,0.38343,0.883479,0.72349,0.617309,0.625169,0.628049,0.549027,0.473673,0.450316,0.892777,0.619342,0.851986,0.70672,0.31241,0.453646,0.452672,0.572368,0.50409,0.763581,0.631167
6932.50619,0.468944,0.205801,0.595221,0.959884,0.571974,0.433224,0.157214,0.892723,0.376739,0.536747,0.315128,0.563386,0.614521,0.388837,0.878902,0.724354,0.617003,0.626515,0.612379,0.535667,0.474281,0.456697,0.899809,0.61613,0.853929,0.710285,0.308625,0.448821,0.449672,0.579581,0.508034,0.749292,0.617262
6941.474503,0.450989,0.191424,0.590942,0.963796,0.572131,0.431941,0.156475,0.887697,0.370585,0.537269,0.306305,0.560443,0.612187,0.389228,0.865266,0.724318,0.614424,0.622563,0.593438,0.520933,0.468562,0.458159,0.90282,0.602186,0.846299,0.702973,0.300304,0.444742,0.447468,0.585227,0.508975,0.73755,0.607048
6950.46605,0.430077,0.172992,0.585409,0.964677,0.572773,0.432349,0.155375,0.883741,0.363703,0.538215,0.29957,0.558493,0.608168,0.38602,0.856926,0.724177,0.613605,0.622178,0.580661,0.509512,0.463829,0.45584,0.898726,0.585882,0.834699,0.695078,0.295256,0.443954,0.446853,0.581888,0.507532,0.738398,0.600646
6959.480922,0.406343,0.151869,0.581704,0.966756,0.57259,0.433863,0.154666,0.873376,0.360119,0.541765,0.293261,0.555567,0.608016,0.38604,0.855425,0.722807,0.615281,0.628869,0.5728,0.502346,0.465071,0.453164,0.884718,0.564504,0.828351,0.692848,0.29479,0.444731,0.450298,0.578795,0.509157,0.742071,0.598567
6968.519209,0.380719,0.128926,0.580148,0.96896,0.572311,0.43353,0.153693,0.866829,0.357546,0.545299,0.287211,0.550995,0.610387,0.386562,0.856336,0.719752,0.618178,0.633879,0.564474,0.494889,0.468906,0.452832,0.858646,0.53346,0.831526,0.691498,0.294253,0.445803,0.453875,0.584263,0.514938,0.745716,0.601552
6977.581002,0.356075,0.105786,0.579279,0.968132,0.573932,0.431037,0.151881,0.863247,0.353489,0.546974,0.281922,0.546713,0.611814,0.384037,0.856928,0.718973,0.617975,0.635941,0.556322,0.48661,0.473528,0.454828,0.818238,0.496734,0.836454,0.68688,0.292408,0.446652,0.455586,0.593862,0.519582,0.755031,0.607592
6986.666394,0.334634,0.0855545,0.580827,0.962114,0.577352,0.43071,0.150677,0.859591,0.349069,0.548506,0.277332,0.542791,0.612014,0.380231,0.858907,0.721582,0.61383,0.640562,0.549062,0.478635,0.478154,0.457069,0.770893,0.458987,0.836712,0.679481,0.290001,0.449345,0.454492,0.603782,0.520656,0.763626,0.614589
6995.775477,0.316192,0.0694377,0.583168,0.950918,0.577315,0.432294,0.149047,0.859216,0.344343,0.549934,0.272168,0.538011,0.610504,0.374562,0.860119,0.717384,0.608887,0.647804,0.5408,0.468402,0.479579,0.455598,0.724225,0.421019,0.834438,0.676331,0.286205,0.45371,0.450668,0.605046,0.52028,0.767857,0.617403
7004.908343,0.301147,0.0566241,0.583139,0.942394,0.573148,0.431715,0.145842,0.859923,0.338749,0.550175,0.267798,0.533438,0.612286,0.366408,0.856587,0.708341,0.604061,0.65246,0.53827,0.455792,0.478158,0.451838,0.676945,0.382234,0.832628,0.678865,0.281664,0.457705,0.446383,0.604483,0.519028,0.766422,0.614037
7014.065086,0.290875,0.0467671,0.581271,0.938839,0.571335,0.430832,0.143498,0.864037,0.333634,0.550531,0.265548,0.528806,0.617991,0.359542,0.85152,0.699656,0.600259,0.652698,0.541678,0.444677,0.478682,0.450095,0.631371,0.3455,0.830235,0.684224,0.279007,0.460498,0.441181,0.611803,0.516764,0.757397,0.606535
7023.245799,0.285021,0.0397171,0.579853,0.938338,0.575703,0.432591,0.142475,0.874175,0.330821,0.553121,0.266157,0.524815,0.622655,0.356242,0.850729,0.692287,0.598747,0.650134,0.545203,0.43652,0.484715,0.44979,0.59031,0.315059,0.831128,0.690264,0.279768,0.463947,0.435267,0.619056,0.516531,0.74494,0.595999
7032.450577,0.281198,0.0355724,0.578784,0.938817,0.578496,0.433532,0.141673,0.879003,0.328737,0.555701,0.267605,0.522886,0.625229,0.351288,0.854147,0.687874,0.597932,0.644994,0.545818,0.426691,0.492276,0.448682,0.554377,0.288592,0.834686,0.691084,0.280857,0.468241,0.426844,0.619872,0.513515,0.729207,0.579817
7041.679515,0.277346,0.0333015,0.577165,0.938846,0.578378,0.430641,0.140425,0.878701,0.325112,0.556247,0.267004,0.5213,0.628598,0.34279,0.856548,0.688201,0.595978,0.6397,0.542005,0.413231,0.496438,0.444316,0.524824,0.265086,0.837088,0.686582,0.279783,0.469716,0.416857,0.618453,0.506464,0.710118,0.559347
7050.932708,0.275254,0.031976,0.576058,0.939441,0.579275,0.430496,0.140082,0.877296,0.324968,0.557723,0.265132,0.520612,0.631538,0.337132,0.857962,0.693586,0.598917,0.639193,0.539215,0.401733,0.499827,0.441644,0.500002,0.244891,0.841646,0.683183,0.280627,0.467127,0.409873,0.620408,0.499981,0.695158,0.540664
7060.210251,0.276044,0.0327167,0.573727,0.941763,0.57998,0.433835,0.139943,0.87521,0.327732,0.5606,0.26613,0.523075,0.633545,0.337413,0.860169,0.701269,0.605704,0.641925,0.539047,0.393544,0.502081,0.442518,0.479177,0.22602,0.847501,0.681623,0.282884,0.463066,0.406743,0.623846,0.493256,0.685376,0.528615
7069.51224,0.278174,0.0352316,0.569349,0.942124,0.582045,0.435503,0.139257,0.870436,0.329165,0.561329,0.267694,0.527356,0.633483,0.336806,0.863108,0.710956,0.610332,0.642066,0.539621,0.385456,0.501401,0.439288,0.459167,0.20778,0.849585,0.678373,0.284595,0.4583,0.403834,0.62235,0.489395,0.679502,0.520782
7078.838774,0.283119,0.0399663,0.565889,0.941869,0.585416,0.436847,0.140797,0.860547,0.331523,0.560718,0.266433,0.530938,0.630752,0.337462,0.868604,0.719554,0.614348,0.64179,0.538322,0.37677,0.502509,0.432233,0.439274,0.191779,0.848225,0.677497,0.288087,0.455239,0.401844,0.625244,0.486396,0.679385,0.515369
7088.189948,0.292021,0.0490632,0.564719,0.945236,0.585627,0.440639,0.145166,0.850523,0.335948,0.561285,0.267581,0.532938,0.627724,0.344789,0.876147,0.725107,0.62096,0.641752,0.532359,0.370056,0.505716,0.42756,0.422196,0.176806,0.847873,0.678365,0.293281,0.453898,0.401568,0.635063,0.482499,0.681037,0.514608
7097.56586,0.304051,0.0629031,0.56385,0.950528,0.582085,0.445661,0.151305,0.839912,0.339002,0.560697,0.272935,0.534043,0.627457,0.352287,0.882652,0.72962,0.626363,0.636562,0.521147,0.364204,0.505929,0.425853,0.406619,0.160608,0.851318,0.676814,0.296155,0.451097,0.401439,0.643458,0.482243,0.684877,0.522675
7106.96661,0.320814,0.0801528,0.562813,0.952638,0.577006,0.453469,0.159205,0.826641,0.340964,0.558028,0.275968,0.53568,0.626702,0.358421,0.88731,0.733307,0.62791,0.633486,0.510388,0.357757,0.503987,0.425983,0.390965,0.143012,0.856374,0.672637,0.298154,0.447767,0.402155,0.648778,0.488596,0.688913,0.532646
7116.392295,0.340561,0.100745,0.564766,0.949582,0.573281,0.464608,0.167996,0.815781,0.341901,0.554759,0.277575,0.535964,0.622717,0.363344,0.889357,0.735604,0.624842,0.635162,0.498807,0.350539,0.501103,0.426835,0.377693,0.124876,0.858772,0.669109,0.299946,0.445545,0.401582,0.654371,0.494165,0.691044,0.539898
7125.843015,0.361693,0.124886,0.568136,0.94429,0.568225,0.472319,0.176407,0.805914,0.340416,0.549338,0.277264,0.533978,0.616085,0.365044,0.884087,0.733869,0.618313,0.633495,0.482458,0.340068,0.495758,0.42657,0.367064,0.106086,0.856696,0.667524,0.298763,0.442992,0.39867,0.654798,0.496301,0.694478,0.548388
7135.31887,0.387311,0.151615,0.57044,0.943355,0.562462,0.478716,0.185724,0.799863,0.339506,0.542978,0.276752,0.532163,0.609631,0.366058,0.875193,0.730461,0.612189,0.63026,0.471284,0.328844,0.491978,0.427532,0.358217,0.0875564,0.852725,0.667894,0.298549,0.439927,0.397449,0.657644,0.497066,0.699244,0.557347
7144.81996,0.415687,0.179009,0.57453,0.945138,0.562794,0.488829,0.196811,0.803193,0.340772,0.538822,0.276673,0.531547,0.602622,0.369395,0.869712,0.72943,0.606494,0.628381,0.469002,0.321499,0.493285,0.430222,0.350858,0.0712317,0.849995,0.670903,0.301729,0.436916,0.397701,0.665492,0.49844,0.703186,0.564522
7154.346387,0.4429,0.206483,0.579651,0.945725,0.567245,0.500815,0.208209,0.809277,0.341465,0.535665,0.278416,0.531574,0.596913,0.374619,0.865533,0.728349,0.60226,0.625613,0.467527,0.315613,0.494283,0.433195,0.343299,0.0575673,0.8538,0.675112,0.304533,0.434835,0.39744,0.67331,0.502614,0.705151,0.569105
7163.898251,0.469421,0.233817,0.583944,0.944081,0.568571,0.511747,0.218996,0.815168,0.340291,0.531351,0.280663,0.531304,0.59302,0.376685,0.860614,0.727773,0.598875,0.62182,0.465279,0.307289,0.491952,0.435562,0.33644,0.0471323,0.859761,0.676182,0.306202,0.43449,0.396792,0.678182,0.502713,0.704438,0.571087
7173.475655,0.495572,0.25911,0.588925,0.940032,0.5682,0.522659,0.229021,0.825526,0.33871,0.527098,0.280159,0.529882,0.591836,0.376663,0.856695,0.729181,0.593919,0.618473,0.463966,0.298466,0.488249,0.435626,0.332576,0.0400997,0.859327,0.675743,0.307333,0.433277,0.398675,0.681743,0.497023,0.703624,0.574149
7183.078702,0.519549,0.281848,0.594735,0.93301,0.56891,0.534684,0.238157,0.833013,0.33778,0.524363,0.28021,0.527386,0.589873,0.379036,0.852961,0.731869,0.58817,0.619175,0.464364,0.2922,0.483639,0.43347,0.330613,0.0350965,0.852423,0.675753,0.307645,0.431391,0.400964,0.681744,0.491527,0.705974,0.580719
7192.707494,0.540155,0.301384,0.598838,0.923739,0.572718,0.544783,0.246317,0.835503,0.336843,0.523156,0.281715,0.524675,0.586647,0.384697,0.848745,0.737122,0.581465,0.622474,0.467572,0.287937,0.476955,0.432119,0.330325,0.0320339,0.846042,0.677314,0.306886,0.430833,0.403273,0.679258,0.491224,0.710498,0.588302
7202.362135,0.557006,0.316996,0.600013,0.915676,0.577225,0.550625,0.254366,0.833246,0.335062,0.522053,0.280782,0.522051,0.585696,0.390233,0.843372,0.742318,0.574891,0.623151,0.473282,0.284337,0.468362,0.431203,0.332595,0.0319273,0.839824,0.679063,0.305073,0.43067,0.407104,0.684634,0.494754,0.712222,0.591887
7212.042729,0.570929,0.330124,0.60028,0.91384,0.578483,0.55682,0.263634,0.830522,0.332788,0.522736,0.281269,0.51917,0.585266,0.397098,0.838659,0.744924,0.571084,0.623824,0.480079,0.283851,0.46011,0.43204,0.337244,0.0350716,0.834652,0.681893,0.303388,0.430256,0.413343,0.700576,0.49781,0.711227,0.595055
7221.749381,0.581325,0.342096,0.600445,0.912875,0.576047,0.564395,0.272274,0.826847,0.327895,0.525696,0.284329,0.514713,0.584164,0.405666,0.833743,0.746146,0.566313,0.624976,0.481633,0.285485,0.450986,0.432783,0.343185,0.0397328,0.830215,0.682143,0.299751,0.429266,0.420136,0.705483,0.500696,0.709512,0.59849
7231.482197,0.588781,0.352797,0.599931,0.910304,0.573248,0.567982,0.27821,0.823144,0.319972,0.527549,0.284423,0.50941,0.585456,0.413046,0.828975,0.743923,0.557122,0.624957,0.482091,0.285904,0.440056,0.432138,0.351168,0.0454746,0.830108,0.679418,0.292296,0.429412,0.426065,0.699747,0.507686,0.708315,0.601083
7241.241282,0.593867,0.361563,0.599362,0.908333,0.570595,0.568812,0.282045,0.818725,0.311947,0.52828,0.281407,0.504083,0.587918,0.419778,0.825444,0.736404,0.546133,0.628273,0.487488,0.285487,0.430473,0.431837,0.362394,0.0527207,0.832491,0.676169,0.284566,0.429903,0.430674,0.698482,0.515166,0.70605,0.601408
7251.026743,0.596051,0.36909,0.599934,0.905874,0.567632,0.568948,0.286363,0.810467,0.3042,0.52826,0.279574,0.497551,0.5918,0.425707,0.820587,0.732394,0.53555,0.632987,0.490805,0.28522,0.422154,0.432384,0.375794,0.0616794,0.831223,0.671593,0.277389,0.430043,0.435064,0.702826,0.515283,0.700769,0.602364
7260.838688,0.59829,0.375767,0.600524,0.902599,0.561372,0.566073,0.292625,0.804349,0.297269,0.527555,0.276741,0.491461,0.593183,0.430051,0.813562,0.733557,0.526701,0.634872,0.492542,0.28553,0.413905,0.433134,0.389171,0.0723863,0.829748,0.66696,0.27018,0.430117,0.439419,0.708152,0.510173,0.69557,0.607556
7270.677222,0.601098,0.381552,0.601172,0.899567,0.554973,0.56203,0.298214,0.808973,0.292266,0.529045,0.275559,0.487999,0.59157,0.433946,0.806735,0.733882,0.520478,0.636166,0.497682,0.287784,0.407975,0.434151,0.402475,0.0832176,0.830334,0.664748,0.265025,0.430039,0.444347,0.712521,0.504392,0.692717,0.612122
7280.542456,0.602014,0.386174,0.602343,0.895135,0.555048,0.556626,0.301457,0.814621,0.286,0.531279,0.27536,0.4858,0.591052,0.438854,0.799459,0.733222,0.512732,0.634379,0.503011,0.290656,0.402358,0.4356,0.415006,0.0932786,0.830965,0.664408,0.259761,0.429088,0.447646,0.711116,0.500169,0.692129,0.613952
7290.434497,0.602413,0.389291,0.603627,0.887017,0.561371,0.54931,0.303918,0.811956,0.277084,0.531611,0.274018,0.482516,0.592825,0.443116,0.790311,0.732133,0.502313,0.632375,0.502319,0.291937,0.394369,0.436492,0.425918,0.104148,0.832988,0.663283,0.253332,0.428938,0.448943,0.708374,0.50082,0.692173,0.614201
7300.353456,0.603405,0.391372,0.605508,0.87636,0.567598,0.540651,0.305793,0.809493,0.269092,0.531136,0.271348,0.478832,0.592264,0.443294,0.78237,0.728345,0.492038,0.630021,0.498662,0.292611,0.387024,0.435663,0.435972,0.115728,0.833357,0.658613,0.248517,0.429938,0.450816,0.705362,0.501169,0.690277,0.612845
7310.299441,0.604257,0.392361,0.609199,0.866707,0.573875,0.533219,0.30718,0.812255,0.263821,0.52977,0.269047,0.475029,0.59177,0.443892,0.779117,0.725236,0.485012,0.624111,0.498099,0.29462,0.381423,0.433366,0.444667,0.12809,0.832738,0.656139,0.245366,0.429161,0.453024,0.699795,0.499731,0.68853,0.613861
7320.272565,0.60329,0.392445,0.612949,0.858338,0.581123,0.525555,0.307888,0.812835,0.259898,0.527736,0.269155,0.470037,0.592969,0.446117,0.777064,0.724707,0.480144,0.622108,0.502449,0.297005,0.375311,0.431275,0.449826,0.1398,0.830171,0.658426,0.242246,0.42669,0.452629,0.694121,0.499618,0.693006,0.61929
7330.272937,0.600616,0.391165,0.61546,0.851594,0.587494,0.517276,0.308316,0.813724,0.256418,0.525983,0.269615,0.465053,0.594043,0.449165,0.77318,0.725562,0.475603,0.626424,0.510792,0.299087,0.367928,0.43094,0.452789,0.149864,0.82693,0.664477,0.239122,0.423744,0.451849,0.692339,0.50231,0.703674,0.623919
7340.30067,0.596674,0.38841,0.616345,0.847109,0.59086,0.509034,0.309529,0.811007,0.252635,0.522922,0.268684,0.461778,0.595146,0.453097,0.76958,0.726158,0.471411,0.628941,0.520242,0.300682,0.360424,0.429687,0.454575,0.158354,0.82299,0.67091,0.236175,0.420358,0.450791,0.69995,0.503598,0.712956,0.625894
7350.355877,0.591405,0.385963,0.618276,0.844755,0.593092,0.500687,0.310756,0.805697,0.248455,0.520826,0.267595,0.460362,0.593843,0.456611,0.767428,0.724858,0.466252,0.62823,0.527723,0.301293,0.353609,0.427845,0.45368,0.165872,0.823431,0.676302,0.233423,0.416703,0.448576,0.712951,0.505316,0.721191,0.630665
7360.438669,0.585711,0.384354,0.620972,0.841367,0.595194,0.491856,0.310226,0.802372,0.244028,0.520255,0.265007,0.458522,0.588924,0.458221,0.764435,0.720135,0.457735,0.625068,0.530829,0.299982,0.346641,0.426612,0.450889,0.172069,0.825901,0.679328,0.230084,0.413656,0.44486,0.721279,0.507466,0.730032,0.635765
7370.549162,0.580478,0.383659,0.622257,0.839422,0.597601,0.481999,0.308643,0.804374,0.239875,0.518899,0.26485,0.456604,0.586833,0.457303,0.762724,0.71692,0.448514,0.62218,0.533388,0.297585,0.3412,0.425736,0.449812,0.177865,0.827945,0.680304,0.226655,0.411869,0.441374,0.728234,0.508607,0.738534,0.639141
7380.687469,0.573962,0.38266,0.621632,0.840442,0.598065,0.473157,0.308716,0.80655,0.23673,0.516965,0.268106,0.455146,0.588711,0.458486,0.761952,0.717413,0.442908,0.622119,0.534102,0.294855,0.337406,0.423335,0.449849,0.183627,0.827859,0.678457,0.22435,0.410165,0.438815,0.737456,0.5103,0.743219,0.641432
7390.853705,0.567954,0.380397,0.619547,0.841203,0.593131,0.465448,0.311667,0.807541,0.2346,0.51542,0.271615,0.454052,0.592549,0.463405,0.763101,0.71979,0.44119,0.621914,0.533102,0.291889,0.333428,0.420321,0.448693,0.188573,0.827025,0.675583,0.222945,0.410347,0.437268,0.751245,0.510957,0.741977,0.64398
7401.047986,0.563469,0.377738,0.615485,0.841091,0.583912,0.457167,0.3144,0.815278,0.232635,0.515074,0.275213,0.454264,0.593477,0.466703,0.766435,0.720268,0.438896,0.617461,0.532187,0.28863,0.329288,0.417762,0.446571,0.192257,0.826324,0.67573,0.222354,0.412166,0.435921,0.765386,0.506992,0.73513,0.646518
7411.270428,0.5589,0.375558,0.610492,0.841558,0.576871,0.448088,0.314768,0.825383,0.230445,0.51557,0.280399,0.455204,0.592879,0.466323,0.769299,0.719877,0.435019,0.614723,0.526115,0.284636,0.325868,0.415787,0.444811,0.196108,0.823213,0.674569,0.222027,0.413524,0.434475,0.772496,0.507155,0.7256,0.645475
7421.521148,0.55514,0.373998,0.605181,0.83921,0.57859,0.438755,0.316021,0.823718,0.227461,0.51472,0.286153,0.456352,0.594919,0.465668,0.772202,0.7184,0.429921,0.616691,0.515067,0.280243,0.322488,0.415076,0.443957,0.199395,0.817815,0.672443,0.220792,0.41375,0.434833,0.775654,0.516713,0.713393,0.639995
7431.800263,0.552788,0.371933,0.598713,0.836301,0.585921,0.43181,0.320016,0.818379,0.225054,0.513149,0.292596,0.45813,0.595782,0.467874,0.776385,0.715993,0.424745,0.621566,0.503912,0.277594,0.32037,0.416203,0.443539,0.203137,0.81401,0.671492,0.22031,0.414302,0.439918,0.783477,0.529344,0.700248,0.631289
7442.107891,0.549731,0.369803,0.590596,0.836775,0.586422,0.425751,0.32395,0.819381,0.224729,0.511436,0.299345,0.459435,0.594062,0.468753,0.782587,0.713462,0.422339,0.622427,0.496343,0.277142,0.319721,0.417536,0.442034,0.208001,0.811411,0.670062,0.221701,0.415123,0.44529,0.791696,0.536448,0.68833,0.620424
7452.444152,0.546581,0.368856,0.583089,0.83865,0.582967,0.420069,0.327096,0.823989,0.225618,0.508385,0.305315,0.459727,0.595539,0.468777,0.791218,0.713862,0.42217,0.621306,0.49421,0.277202,0.319411,0.418303,0.439362,0.213611,0.808717,0.671454,0.223856,0.415253,0.447783,0.797953,0.539367,0.678161,0.612479
7462.809165,0.544102,0.368878,0.576558,0.839617,0.582211,0.414821,0.328957,0.825642,0.226621,0.504926,0.310039,0.459371,0.598973,0.469665,0.800243,0.717927,0.420756,0.625811,0.494187,0.277626,0.318786,0.419183,0.435855,0.218062,0.806081,0.673631,0.225422,0.414336,0.449457,0.801524,0.539079,0.672227,0.609564
7473.20305,0.541903,0.368871,0.57165,0.841153,0.581152,0.4121,0.330713,0.823514,0.227601,0.502319,0.312091,0.458561,0.600163,0.471402,0.808559,0.722628,0.417961,0.631791,0.494085,0.27885,0.317772,0.420386,0.432733,0.220372,0.807273,0.674887,0.226327,0.413422,0.452603,0.802335,0.536871,0.668,0.606312
7483.625927,0.539469,0.369079,0.568968,0.84177,0.578413,0.410889,0.3332,0.816413,0.228276,0.499911,0.309723,0.458139,0.601281,0.473238,0.814986,0.724777,0.415141,0.631998,0.492752,0.279522,0.31657,0.420833,0.429171,0.221829,0.812279,0.676699,0.227472,0.412845,0.455138,0.80765,0.53533,0.66159,0.601233
7494.077918,0.536723,0.370853,0.568822,0.841417,0.57736,0.408534,0.335187,0.809965,0.228731,0.499632,0.304808,0.458548,0.60332,0.473547,0.818009,0.725368,0.412484,0.627884,0.488181,0.27889,0.314274,0.422263,0.42492,0.225483,0.819911,0.677832,0.228674,0.411873,0.456285,0.81675,0.536739,0.656857,0.598812
7504.559146,0.534014,0.37224,0.568955,0.840463,0.577165,0.406474,0.335832,0.80675,0.229387,0.500783,0.299702,0.458156,0.606313,0.471421,0.81951,0.727128,0.40902,0.623786,0.482336,0.278115,0.311543,0.423086,0.421989,0.230969,0.82536,0.676866,0.229592,0.409066,0.457882,0.819967,0.53627,0.654276,0.598032
7515.069733,0.531416,0.371835,0.568439,0.840384,0.577353,0.406201,0.337438,0.807242,0.230224,0.501589,0.295444,0.457885,0.612666,0.472038,0.822554,0.733977,0.406774,0.623146,0.478627,0.277738,0.309196,0.42206,0.420425,0.235625,0.82845,0.674777,0.23061,0.405018,0.46204,0.818827,0.53511,0.653896,0.598058
7525.609803,0.527529,0.369583,0.567066,0.841221,0.577762,0.406069,0.340206,0.805388,0.231116,0.501846,0.289895,0.457267,0.620368,0.477913,0.827365,0.739459,0.406434,0.62359,0.475109,0.276451,0.305131,0.419022,0.418557,0.238153,0.828941,0.670193,0.231642,0.402053,0.46439,0.820168,0.537003,0.655559,0.599569
7536.17948,0.523086,0.365375,0.566058,0.842892,0.577669,0.40475,0.342067,0.805751,0.232334,0.502144,0.283006,0.455888,0.627025,0.483631,0.833849,0.738477,0.406724,0.623891,0.472776,0.275369,0.299665,0.416612,0.416477,0.239965,0.828643,0.669209,0.233287,0.400955,0.462792,0.824372,0.538191,0.655778,0.602834
7546.778888,0.518052,0.360424,0.564757,0.84528,0.576585,0.402323,0.342684,0.810572,0.233867,0.502939,0.276423,0.455078,0.630766,0.484482,0.83884,0.737937,0.407486,0.623322,0.468574,0.273975,0.295202,0.415792,0.413536,0.24135,0.830986,0.671574,0.235211,0.399974,0.459075,0.826244,0.5382,0.653268,0.607479
7557.408154,0.512003,0.355863,0.562155,0.849523,0.577696,0.399388,0.344108,0.814717,0.235362,0.503994,0.271787,0.454352,0.632202,0.482165,0.842782,0.740629,0.408757,0.624044,0.459547,0.272017,0.292383,0.416178,0.409763,0.242902,0.836265,0.670766,0.236302,0.399112,0.457509,0.826016,0.543242,0.651298,0.611175
7568.067404,0.506009,0.35179,0.559487,0.85156,0.581905,0.397242,0.347733,0.820396,0.237102,0.504992,0.268909,0.454262,0.63065,0.481551,0.84858,0.741577,0.409894,0.623371,0.453929,0.271918,0.291464,0.418733,0.406224,0.242756,0.839643,0.671181,0.237535,0.398503,0.459311,0.831774,0.55031,0.65073,0.611497
7578.756765,0.501264,0.347377,0.557206,0.853773,0.583626,0.3964,0.351755,0.830044,0.239149,0.506064,0.268483,0.454978,0.624158,0.484538,0.856711,0.746649,0.411527,0.6229,0.455284,0.273232,0.293248,0.423691,0.403226,0.241708,0.839612,0.675489,0.239992,0.398085,0.460482,0.842026,0.552415,0.655286,0.609904
7589.476364,0.498126,0.343244,0.554406,0.855957,0.579614,0.395041,0.35378,0.835048,0.241492,0.505426,0.268919,0.454472,0.615383,0.485878,0.864112,0.754279,0.413953,0.622869,0.457796,0.273789,0.295138,0.427884,0.399806,0.240611,0.836899,0.679285,0.243153,0.397528,0.458154,0.848273,0.551046,0.661334,0.610529
7600.226331,0.496002,0.340621,0.552678,0.85571,0.576956,0.392608,0.354959,0.835356,0.243648,0.502515,0.269613,0.453708,0.606625,0.485143,0.872161,0.757868,0.4154,0.623703,0.458023,0.274366,0.296739,0.430591,0.395317,0.238664,0.832181,0.681726,0.246343,0.397276,0.455411,0.854877,0.552744,0.663571,0.615394
7611.006793,0.493857,0.338645,0.552081,0.853285,0.576477,0.390253,0.355669,0.833145,0.244386,0.498816,0.27118,0.454259,0.597948,0.484313,0.880159,0.760157,0.415447,0.62622,0.455045,0.276155,0.298048,0.432527,0.390294,0.234861,0.828673,0.682125,0.248691,0.396832,0.453961,0.856975,0.555218,0.663308,0.621139
7621.817883,0.490434,0.336582,0.552798,0.849142,0.575228,0.388542,0.35597,0.829016,0.244521,0.495375,0.272476,0.455402,0.58964,0.484143,0.885792,0.76315,0.415282,0.628489,0.452034,0.27844,0.298076,0.434688,0.385106,0.230291,0.828459,0.680591,0.24993,0.39628,0.453306,0.851479,0.557344,0.662591,0.623917
7632.659729,0.485424,0.334956,0.553507,0.842583,0.575289,0.386536,0.355612,0.823009,0.244263,0.492111,0.272536,0.45637,0.584279,0.483019,0.88932,0.761165,0.414007,0.627382,0.44889,0.279885,0.297273,0.434831,0.378217,0.228596,0.828697,0.680562,0.250192,0.396785,0.451567,0.847935,0.559995,0.662042,0.623433
7643.532463,0.480141,0.333518,0.552858,0.836173,0.575105,0.384321,0.356069,0.818852,0.242903,0.488967,0.273214,0.457913,0.584367,0.481311,0.893148,0.759266,0.411349,0.623079,0.44583,0.280121,0.294788,0.433227,0.37172,0.230533,0.825104,0.680352,0.249099,0.397874,0.450501,0.84838,0.560425,0.661566,0.62194
7654.436219,0.474268,0.330763,0.551211,0.832725,0.574153,0.379937,0.357295,0.815356,0.241118,0.487109,0.274679,0.459201,0.587101,0.481852,0.897118,0.762394,0.407497,0.618405,0.442613,0.2803,0.290593,0.429037,0.366754,0.231826,0.819199,0.676354,0.24708,0.397018,0.451398,0.847099,0.557343,0.659839,0.620112
7665.371127,0.467775,0.326865,0.548689,0.8309,0.574016,0.373514,0.359673,0.811103,0.239324,0.487027,0.275562,0.459486,0.588198,0.485466,0.902415,0.766694,0.403853,0.617601,0.439424,0.280445,0.2845,0.423212,0.361902,0.231197,0.81377,0.673329,0.244984,0.395152,0.45173,0.845631,0.555348,0.657536,0.618898
7676.337324,0.460442,0.32236,0.545269,0.828099,0.57409,0.366431,0.361244,0.803524,0.237047,0.486419,0.27617,0.458192,0.588373,0.488199,0.906824,0.765615,0.400403,0.617464,0.435225,0.279871,0.276642,0.416185,0.356621,0.231111,0.807686,0.672245,0.24298,0.39384,0.448124,0.84494,0.556918,0.654927,0.618572
7687.334942,0.452183,0.316541,0.541838,0.826145,0.57476,0.357641,0.360059,0.797099,0.235019,0.48602,0.2772,0.455965,0.58958,0.487851,0.906476,0.760744,0.397154,0.616936,0.428885,0.280344,0.268742,0.410054,0.350772,0.233748,0.805999,0.674138,0.241204,0.392509,0.443575,0.844425,0.558573,0.65016,0.61934
7698.364116,0.442695,0.309586,0.537392,0.825961,0.574097,0.34702,0.357918,0.789914,0.233667,0.48666,0.27604,0.454239,0.590375,0.485678,0.903518,0.758986,0.394909,0.616163,0.419764,0.281033,0.262537,0.406576,0.34335,0.237309,0.807472,0.673866,0.239195,0.391644,0.440322,0.846239,0.559003,0.645164,0.617795
7709.424984,0.432423,0.303606,0.53244,0.826578,0.572196,0.336185,0.357025,0.786613,0.232174,0.487872,0.274392,0.452251,0.587909,0.484257,0.902076,0.759317,0.393078,0.615403,0.411344,0.281328,0.257891,0.405372,0.335646,0.240288,0.806077,0.669919,0.237367,0.391712,0.439843,0.852549,0.559978,0.642386,0.613544
7720.517682,0.423262,0.298228,0.529449,0.824565,0.568548,0.326887,0.356404,0.786287,0.230377,0.490301,0.273651,0.449718,0.581388,0.48625,0.90221,0.758561,0.389529,0.614608,0.406533,0.282138,0.25436,0.40426,0.329886,0.242982,0.801933,0.669316,0.236319,0.390562,0.439778,0.86011,0.561277,0.640815,0.609178
7731.642347,0.41646,0.292513,0.52894,0.823042,0.565975,0.31976,0.355456,0.782233,0.229237,0.492129,0.275143,0.447196,0.574335,0.492167,0.904066,0.759796,0.386638,0.616285,0.402765,0.282151,0.252836,0.40403,0.326326,0.245309,0.800686,0.672472,0.235649,0.388728,0.438519,0.867582,0.563557,0.640937,0.607832
7742.799118,0.411368,0.287424,0.528856,0.823746,0.56465,0.31428,0.355336,0.774477,0.228569,0.490746,0.277695,0.444846,0.567302,0.497644,0.90404,0.758274,0.385595,0.617427,0.397463,0.281088,0.251531,0.40511,0.323345,0.244497,0.800898,0.67457,0.235733,0.387132,0.43833,0.874411,0.56613,0.639418,0.609496
7753.988134,0.407128,0.283018,0.530697,0.824305,0.56537,0.310796,0.35822,0.769956,0.22756,0.48782,0.279846,0.444722,0.55989,0.500798,0.90577,0.753471,0.384805,0.618474,0.392594,0.281632,0.250819,0.406386,0.319277,0.242227,0.798756,0.675918,0.236654,0.386343,0.440689,0.885912,0.571019,0.637378,0.613657
7765.209536,0.402484,0.278811,0.534062,0.823292,0.565907,0.309026,0.362317,0.764825,0.226073,0.485462,0.281527,0.446283,0.55506,0.502537,0.912172,0.751337,0.38332,0.621055,0.387629,0.282792,0.250258,0.408457,0.315638,0.240431,0.794969,0.675474,0.237538,0.385626,0.444258,0.89103,0.574672,0.638668,0.617456
7776.463462,0.397112,0.275315,0.536934,0.823061,0.568138,0.308195,0.36506,0.758065,0.224956,0.483096,0.282948,0.447533,0.554812,0.503278,0.92105,0.753356,0.380674,0.622956,0.382299,0.28349,0.249875,0.411598,0.312443,0.239152,0.793103,0.671505,0.237532,0.385179,0.448427,0.889384,0.572535,0.642905,0.618079
7787.750057,0.392936,0.272352,0.53862,0.823598,0.572705,0.307502,0.36779,0.748826,0.224147,0.480076,0.283687,0.447832,0.557425,0.501235,0.930781,0.754442,0.378548,0.620607,0.376342,0.283846,0.250577,0.413095,0.308489,0.23841,0.792309,0.66811,0.236625,0.38535,0.45278,0.891928,0.567523,0.645523,0.616113
7799.069461,0.391052,0.269709,0.54093,0.827197,0.575589,0.306775,0.371637,0.744094,0.223276,0.477912,0.285299,0.448523,0.561897,0.500508,0.941675,0.758991,0.377776,0.616487,0.370997,0.283812,0.250956,0.41494,0.305536,0.23767,0.791582,0.66638,0.235635,0.384933,0.455626,0.892871,0.56411,0.6473,0.614527
7810.421818,0.389636,0.267863,0.543584,0.834732,0.577574,0.304249,0.374129,0.743953,0.222598,0.478289,0.287096,0.449124,0.565267,0.500947,0.95065,0.766212,0.376669,0.614023,0.364834,0.284377,0.250573,0.415596,0.303141,0.235789,0.791607,0.663117,0.235141,0.382824,0.456702,0.885579,0.559043,0.647797,0.614282
7821.807272,0.3884,0.266311,0.544192,0.839347,0.580615,0.301437,0.375529,0.742518,0.221763,0.48007,0.287401,0.448881,0.565283,0.501153,0.957531,0.770106,0.375384,0.613864,0.357332,0.285067,0.249991,0.413193,0.301017,0.234636,0.791314,0.663116,0.234671,0.380591,0.457123,0.877622,0.552077,0.64506,0.61572
7833.225969,0.387382,0.263743,0.54355,0.83943,0.581736,0.299825,0.375963,0.73717,0.220781,0.479629,0.287548,0.448376,0.564339,0.501117,0.961816,0.771827,0.374085,0.613887,0.349537,0.284991,0.24924,0.409452,0.299013,0.235054,0.787836,0.665035,0.233741,0.378975,0.456432,0.869759,0.545722,0.641059,0.618467
7844.678054,0.387355,0.261037,0.542343,0.840365,0.579283,0.297572,0.375695,0.729235,0.220635,0.477992,0.290155,0.447482,0.565011,0.500016,0.966309,0.772081,0.372929,0.614541,0.341762,0.285494,0.248338,0.407819,0.296083,0.235603,0.783687,0.665862,0.232884,0.378035,0.455942,0.865445,0.539543,0.638519,0.620859
7856.163673,0.387632,0.259215,0.540118,0.841985,0.57502,0.295377,0.375701,0.722809,0.220286,0.477377,0.291391,0.446409,0.564071,0.500134,0.971911,0.771344,0.372484,0.614483,0.333229,0.285936,0.247391,0.40826,0.291888,0.235458,0.778618,0.664429,0.232472,0.37783,0.454795,0.864657,0.533647,0.636356,0.620091
7867.682975,0.387001,0.258411,0.539715,0.842895,0.570941,0.294342,0.376201,0.723449,0.219427,0.477657,0.291986,0.445201,0.561426,0.504055,0.976208,0.772639,0.372853,0.612501,0.325743,0.28504,0.245854,0.407576,0.288243,0.236044,0.773105,0.662954,0.232698,0.378056,0.452103,0.865305,0.532363,0.635016,0.620345
7879.236107,0.386201,0.25758,0.540176,0.840781,0.566613,0.293998,0.376488,0.722736,0.219294,0.47814,0.292748,0.443397,0.559683,0.509424,0.979048,0.771621,0.372056,0.609345,0.31892,0.283923,0.244216,0.405614,0.286213,0.238737,0.769307,0.663883,0.233085,0.377314,0.448732,0.862448,0.534439,0.635608,0.621505
7890.823219,0.385676,0.255981,0.540148,0.838206,0.567222,0.294625,0.377356,0.721236,0.21989,0.476511,0.29493,0.441981,0.56074,0.515151,0.982997,0.767256,0.371888,0.606977,0.312498,0.284011,0.243256,0.40446,0.28501,0.241392,0.768628,0.666418,0.233555,0.376303,0.446778,0.860733,0.53718,0.636074,0.623537
7902.444461,0.38417,0.253521,0.539938,0.83693,0.568598,0.295659,0.37944,0.717929,0.220421,0.472746,0.298152,0.441152,0.561976,0.518919,0.986556,0.761593,0.371767,0.605885,0.308018,0.285036,0.241766,0.403902,0.283753,0.241462,0.765075,0.667398,0.234845,0.375441,0.445998,0.862365,0.536638,0.634824,0.626563
7914.099983,0.381517,0.250484,0.539962,0.834862,0.56967,0.297197,0.382377,0.712301,0.221298,0.470779,0.299664,0.440818,0.561095,0.51993,0.993844,0.758863,0.371074,0.606141,0.304543,0.287237,0.240897,0.404714,0.282205,0.241871,0.757547,0.667434,0.236533,0.375466,0.447106,0.869527,0.535625,0.636777,0.629171
7925.789939,0.377028,0.246674,0.54007,0.832355,0.570767,0.297995,0.384538,0.707144,0.222766,0.470845,0.299041,0.440676,0.56125,0.519584,1.00405,0.760701,0.37009,0.605865,0.300408,0.289158,0.241446,0.407068,0.280877,0.243672,0.751787,0.665153,0.238074,0.376158,0.450282,0.875703,0.535426,0.640917,0.629058
7937.51448,0.371244,0.24234,0.540218,0.83169,0.572728,0.297474,0.386161,0.705193,0.224914,0.471223,0.297543,0.441458,0.563483,0.518011,1.01133,0.763951,0.37024,0.605567,0.297274,0.290312,0.242697,0.409626,0.280417,0.247102,0.75001,0.659623,0.239873,0.376529,0.453653,0.879357,0.534896,0.643642,0.62814
7949.273761,0.364868,0.237235,0.540541,0.83189,0.575925,0.295856,0.387563,0.702364,0.227263,0.471731,0.294765,0.442715,0.565477,0.514754,1.01579,0.767872,0.373076,0.606735,0.294683,0.291033,0.243733,0.412671,0.279961,0.250706,0.748356,0.653406,0.24206,0.376446,0.455094,0.879729,0.533968,0.644808,0.628448
7961.067936,0.357837,0.230974,0.54166,0.833649,0.579528,0.294154,0.388253,0.701707,0.229192,0.472989,0.291407,0.443851,0.568461,0.512161,1.02326,0.773386,0.376829,0.610044,0.292252,0.291642,0.244469,0.416315,0.279958,0.253651,0.746817,0.648457,0.244473,0.376747,0.454187,0.874776,0.53382,0.64765,0.630237
7972.89716,0.350051,0.223354,0.542471,0.837926,0.581659,0.292228,0.387763,0.702516,0.230537,0.474113,0.287478,0.4448,0.570926,0.507742,1.0314,0.777908,0.380723,0.613082,0.289855,0.292475,0.244587,0.417297,0.281593,0.25698,0.74323,0.642652,0.24659,0.376489,0.453858,0.869166,0.53081,0.649485,0.630917
7984.76159,0.342272,0.214466,0.541852,0.84081,0.584939,0.290238,0.387837,0.701774,0.23165,0.475068,0.285033,0.44547,0.571467,0.503374,1.03622,0.780694,0.384056,0.615509,0.28665,0.293224,0.244737,0.415793,0.284227,0.260096,0.737141,0.636899,0.247717,0.376411,0.456498,0.870688,0.525752,0.64899,0.632485
7996.661384,0.334928,0.205385,0.540093,0.843438,0.585888,0.288856,0.390029,0.697239,0.232782,0.475419,0.284042,0.445586,0.572049,0.502511,1.04168,0.780437,0.385628,0.6189,0.283823,0.293028,0.245128,0.413844,0.286003,0.261434,0.728727,0.632395,0.248467,0.376235,0.459698,0.871054,0.521661,0.647066,0.63358
8008.596699,0.329131,0.197721,0.537922,0.849545,0.582542,0.289398,0.393897,0.690769,0.233833,0.475411,0.284083,0.445681,0.575018,0.503859,1.05165,0.77772,0.386212,0.620011,0.282128,0.293163,0.245941,0.412715,0.286894,0.261093,0.722139,0.628869,0.249678,0.37567,0.462539,0.869407,0.51936,0.644367,0.631313
8020.567696,0.323597,0.19041,0.535731,0.85467,0.578535,0.291737,0.39693,0.684923,0.234005,0.47552,0.283195,0.445996,0.577789,0.505839,1.06352,0.77537,0.386764,0.616347,0.279291,0.293652,0.246661,0.411607,0.286755,0.260898,0.717302,0.62351,0.250896,0.374478,0.465214,0.863819,0.517454,0.6411,0.627636
8032.574534,0.318004,0.182887,0.534967,0.859244,0.573487,0.29457,0.398918,0.68171,0.234097,0.475529,0.282724,0.445508,0.579588,0.508688,1.07548,0.776125,0.387509,0.612744,0.27521,0.294135,0.247458,0.408954,0.287013,0.262878,0.710059,0.617081,0.252108,0.372917,0.466894,0.853194,0.519155,0.637837,0.626458
8044.617374,0.313789,0.175501,0.533455,0.863745,0.566704,0.296746,0.400194,0.677458,0.234794,0.474539,0.284793,0.443623,0.580233,0.509712,1.08384,0.775977,0.387797,0.610679,0.271562,0.29532,0.247718,0.405821,0.28818,0.264693,0.700236,0.611027,0.253379,0.371067,0.467477,0.837452,0.520538,0.633438,0.623673
8056.696379,0.309985,0.167621,0.531351,0.867478,0.562764,0.298016,0.401113,0.67524,0.234412,0.471966,0.289904,0.441397,0.581585,0.509247,1.08992,0.771768,0.387704,0.60943,0.268704,0.297783,0.247365,0.404495,0.289861,0.264071,0.690652,0.607534,0.254337,0.369244,0.470116,0.821248,0.517079,0.628273,0.61961
8068.811712,0.305241,0.158946,0.530333,0.868864,0.55861,0.298444,0.402867,0.670169,0.23324,0.469052,0.293904,0.43864,0.581959,0.506597,1.0933,0.764919,0.386397,0.609249,0.266673,0.300479,0.247043,0.404156,0.291025,0.262814,0.678882,0.604807,0.254997,0.367309,0.473118,0.808968,0.51189,0.623731,0.616601
8080.963537,0.299726,0.149992,0.530905,0.868258,0.555017,0.298915,0.405074,0.662126,0.232715,0.467159,0.295121,0.4363,0.580613,0.502819,1.0954,0.760085,0.38446,0.608543,0.26569,0.302996,0.247114,0.405065,0.291638,0.262562,0.667672,0.602041,0.255285,0.366447,0.475326,0.799849,0.509591,0.620792,0.61448
8093.152019,0.293126,0.140355,0.532976,0.867012,0.552586,0.29902,0.407565,0.658016,0.232416,0.464609,0.295603,0.434738,0.578877,0.500565,1.09195,0.75747,0.381333,0.60764,0.2648,0.305344,0.246325,0.405656,0.291893,0.262917,0.659313,0.598003,0.254904,0.365952,0.476769,0.788618,0.506619,0.616657,0.613074
8105.377324,0.285132,0.12998,0.536545,0.865097,0.551313,0.29812,0.410885,0.65863,0.232014,0.461895,0.295651,0.433331,0.577802,0.499722,1.08791,0.756019,0.37922,0.609196,0.263564,0.30728,0.244804,0.406372,0.292144,0.264167,0.65071,0.592182,0.254209,0.365123,0.474757,0.775263,0.504036,0.612458,0.612802
8117.639619,0.27485,0.118656,0.540225,0.860694,0.552013,0.295952,0.412606,0.658224,0.230789,0.460137,0.293817,0.431397,0.577788,0.498594,1.08796,0.754491,0.378717,0.612141,0.261985,0.307919,0.242485,0.40899,0.29147,0.264394,0.638398,0.585163,0.252856,0.364459,0.469297,0.758505,0.500795,0.612552,0.611537
8129.939073,0.263075,0.106135,0.544076,0.856172,0.55458,0.293252,0.412367,0.658943,0.228729,0.458982,0.291666,0.429417,0.57812,0.496078,1.09105,0.750353,0.377019,0.615858,0.259805,0.30772,0.23975,0.410005,0.291098,0.264654,0.624613,0.578322,0.250202,0.363551,0.464469,0.744154,0.497147,0.616611,0.610449
8142.275855,0.251015,0.0930535,0.548848,0.855709,0.556881,0.289644,0.411013,0.660729,0.225918,0.457397,0.290255,0.427928,0.575441,0.491338,1.09149,0.746555,0.374403,0.618055,0.256553,0.307008,0.236386,0.408791,0.29213,0.265562,0.611112,0.570322,0.246656,0.362053,0.460763,0.735373,0.494358,0.618861,0.609967
8154.650134,0.239208,0.0808607,0.552812,0.857944,0.558997,0.285782,0.410546,0.659901,0.22289,0.45635,0.288521,0.42658,0.573013,0.487035,1.08852,0.744062,0.370591,0.61935,0.253041,0.306177,0.232231,0.408323,0.29219,0.264448,0.598498,0.562157,0.242759,0.361089,0.457688,0.729746,0.492314,0.61871,0.613296
8167.062082,0.227779,0.0700634,0.554354,0.859677,0.558492,0.28207,0.411903,0.658667,0.219463,0.456545,0.285259,0.424592,0.573577,0.485913,1.09034,0.739967,0.364457,0.620463,0.249752,0.305166,0.227423,0.408569,0.289977,0.262573,0.587169,0.555508,0.238322,0.35941,0.453958,0.718337,0.489936,0.61672,0.616961
8179.511872,0.217441,0.0602101,0.555071,0.861301,0.556642,0.27902,0.412859,0.65891,0.215374,0.456702,0.283274,0.423325,0.575494,0.486361,1.09659,0.735966,0.357338,0.619617,0.245348,0.304295,0.222669,0.408593,0.286851,0.261619,0.578658,0.54984,0.233475,0.356817,0.451249,0.704981,0.487022,0.614702,0.617627
8191.999677,0.208188,0.0510195,0.554322,0.865152,0.556288,0.276257,0.411219,0.657511,0.210634,0.455343,0.283311,0.422606,0.575763,0.487547,1.10069,0.730114,0.351494,0.617597,0.239894,0.302753,0.217708,0.407532,0.283515,0.261118,0.57018,0.543132,0.228373,0.353751,0.450193,0.689575,0.484796,0.614196,0.617944
8204.52567,0.20016,0.0433188,0.550454,0.87255,0.556613,0.273402,0.408784,0.65789,0.205315,0.454343,0.285672,0.421608,0.575577,0.490963,1.10014,0.723685,0.346935,0.617754,0.235153,0.301171,0.212663,0.405858,0.28165,0.262657,0.560543,0.536192,0.223343,0.350523,0.449763,0.671944,0.483913,0.613627,0.61967
8217.090028,0.19362,0.0370879,0.543143,0.880484,0.556199,0.270122,0.406143,0.660014,0.199279,0.453057,0.289652,0.421587,0.578357,0.492671,1.08915,0.719081,0.341724,0.616811,0.230048,0.300748,0.207136,0.404025,0.280212,0.263516,0.552806,0.53207,0.218275,0.347129,0.451028,0.654069,0.481894,0.611268,0.617871
8229.692926,0.188105,0.0320429,0.534845,0.88714,0.556233,0.267108,0.404435,0.660396,0.192719,0.450063,0.293445,0.422037,0.584462,0.491137,1.07529,0.712378,0.336111,0.616463,0.225526,0.301398,0.203162,0.404229,0.278413,0.263216,0.549138,0.531453,0.213465,0.343708,0.456993,0.639673,0.479321,0.607121,0.613435
8242.334544,0.182877,0.0279841,0.526469,0.891359,0.558263,0.26487,0.403248,0.65531,0.186986,0.44613,0.296293,0.421889,0.590437,0.487181,1.06383,0.701932,0.330652,0.617786,0.222933,0.302457,0.201459,0.405618,0.276605,0.264939,0.548792,0.530209,0.209371,0.340137,0.464715,0.628382,0.477564,0.601045,0.611301
8255.015058,0.178007,0.0244012,0.517769,0.896249,0.564559,0.263595,0.40103,0.649014,0.1826,0.441859,0.299676,0.422447,0.596968,0.484087,1.05409,0.691858,0.324923,0.61921,0.221384,0.30413,0.200009,0.406435,0.275713,0.267212,0.549816,0.528291,0.205537,0.336994,0.472322,0.61615,0.475535,0.594767,0.611608
8267.73465,0.174166,0.0209235,0.508326,0.901493,0.57009,0.262816,0.398035,0.645247,0.178558,0.437181,0.303556,0.423534,0.602776,0.483192,1.04458,0.684633,0.318738,0.619976,0.218801,0.306473,0.197593,0.406465,0.275267,0.269269,0.549745,0.528001,0.201545,0.334122,0.479758,0.600888,0.471905,0.589763,0.611288
8280.4935,0.171095,0.0177957,0.50042,0.90481,0.573359,0.262412,0.395604,0.643717,0.174887,0.433146,0.30721,0.425744,0.608083,0.482429,1.03719,0.679469,0.314149,0.619797,0.21567,0.308494,0.196395,0.407531,0.27563,0.271838,0.549223,0.529614,0.197937,0.331258,0.486053,0.585295,0.469962,0.586951,0.610691
8293.29179,0.168329,0.0152819,0.494801,0.906828,0.575996,0.262963,0.393705,0.641508,0.171925,0.429097,0.30807,0.428921,0.612746,0.480681,1.03032,0.671641,0.31035,0.617317,0.213404,0.308799,0.196114,0.409439,0.277591,0.273153,0.547779,0.529616,0.194859,0.327856,0.491283,0.567076,0.466584,0.585095,0.609459
8306.129703,0.16648,0.0134034,0.491462,0.911704,0.578709,0.264498,0.392339,0.641337,0.169669,0.425414,0.308744,0.432231,0.616119,0.477799,1.02631,0.662082,0.306502,0.615495,0.21138,0.308502,0.195373,0.410251,0.280579,0.274268,0.547832,0.528012,0.192284,0.324298,0.496817,0.55223,0.4623,0.583295,0.609951
8319.007423,0.165386,0.0117957,0.490329,0.917054,0.579176,0.265827,0.39183,0.640268,0.167968,0.42242,0.309791,0.434943,0.617468,0.472341,1.02437,0.654705,0.302369,0.614695,0.208579,0.308715,0.193728,0.410986,0.28323,0.274286,0.549685,0.525634,0.189879,0.320964,0.500948,0.540098,0.458905,0.581003,0.61453
8331.925136,0.165042,0.0105008,0.490284,0.922629,0.57765,0.268964,0.393438,0.636739,0.167127,0.42044,0.309409,0.436391,0.618124,0.465379,1.02513,0.647633,0.29748,0.614415,0.206752,0.309656,0.192193,0.41295,0.284856,0.273239,0.550766,0.523459,0.187221,0.318102,0.503259,0.525736,0.454581,0.58085,0.621998
8344.883029,0.165371,0.00959939,0.490022,0.928171,0.576679,0.27396,0.396064,0.636641,0.166677,0.419255,0.309437,0.436241,0.617382,0.460088,1.02868,0.640096,0.291932,0.614621,0.20594,0.310644,0.190848,0.413591,0.285712,0.272816,0.550145,0.522048,0.1841,0.315029,0.503733,0.509606,0.447754,0.582922,0.625559
8357.881289,0.166108,0.00922057,0.490475,0.933458,0.579788,0.279989,0.397874,0.639058,0.166034,0.418005,0.312697,0.435608,0.614479,0.459458,1.02912,0.633518,0.288527,0.616074,0.204536,0.31097,0.189333,0.41238,0.287336,0.272019,0.549647,0.522009,0.181033,0.311693,0.504839,0.49746,0.441392,0.58632,0.624932
8370.920106,0.167356,0.00964263,0.490748,0.938898,0.585466,0.28646,0.398601,0.640581,0.164992,0.416078,0.316664,0.435137,0.609798,0.461634,1.0263,0.629548,0.287606,0.618069,0.202222,0.311049,0.186542,0.410254,0.290017,0.271268,0.549417,0.523253,0.178133,0.309155,0.505518,0.486464,0.435323,0.589364,0.624888
8383.999668,0.168966,0.011018,0.490902,0.945971,0.589766,0.292939,0.400865,0.644274,0.163861,0.416528,0.322018,0.435253,0.60669,0.464021,1.02129,0.630303,0.286819,0.620658,0.200261,0.312765,0.182885,0.409079,0.292805,0.27351,0.550446,0.526718,0.175497,0.309191,0.506207,0.475346,0.427143,0.591138,0.625352
8397.120169,0.170768,0.013209,0.49207,0.954439,0.590885,0.299978,0.405479,0.646866,0.162728,0.419601,0.328603,0.436418,0.606729,0.465014,1.01234,0.63252,0.285644,0.622429,0.197927,0.315996,0.180091,0.409256,0.294683,0.276572,0.554101,0.53401,0.173355,0.310871,0.50858,0.465569,0.418876,0.59081,0.622367
8410.281799,0.172301,0.0160711,0.49424,0.962911,0.592484,0.307874,0.410322,0.646939,0.162106,0.424484,0.335465,0.437292,0.608859,0.465581,1.0065,0.635069,0.285858,0.62599,0.196861,0.320499,0.179092,0.411338,0.296554,0.280973,0.559587,0.542563,0.172407,0.314687,0.513604,0.458311,0.413024,0.589508,0.620441
8423.484753,0.173168,0.019083,0.495769,0.968242,0.598472,0.315445,0.413742,0.646836,0.162055,0.430686,0.340779,0.437671,0.61208,0.466681,1.00211,0.637055,0.286196,0.631704,0.19653,0.326129,0.178692,0.414248,0.298694,0.288144,0.56676,0.5508,0.172283,0.32119,0.518783,0.450124,0.406222,0.588682,0.622745
8436.729226,0.174176,0.0221304,0.497212,0.974999,0.608483,0.322221,0.417392,0.650055,0.162025,0.438593,0.34327,0.43948,0.616628,0.470044,0.996971,0.638035,0.286031,0.638985,0.195966,0.332304,0.1784,0.417767,0.30129,0.295702,0.575651,0.562963,0.172446,0.330221,0.523841,0.439447,0.399569,0.588536,0.627523
8450.015414,0.175269,0.0254102,0.499912,0.982984,0.614478,0.329281,0.42166,0.653949,0.162041,0.4483,0.343014,0.441517,0.620752,0.47388,0.993841,0.638908,0.286498,0.646954,0.195104,0.338243,0.178489,0.42228,0.30419,0.302987,0.58532,0.57889,0.173051,0.341665,0.528886,0.427951,0.394466,0.58863,0.632493
8463.343514,0.176528,0.0292644,0.505545,0.991303,0.618467,0.336543,0.427964,0.65617,0.162981,0.458447,0.341149,0.442832,0.625515,0.477339,0.991281,0.641938,0.289323,0.657429,0.194761,0.343935,0.179344,0.42829,0.308242,0.311746,0.596085,0.59565,0.174555,0.354308,0.532801,0.417263,0.389224,0.588242,0.637239
8476.713724,0.178195,0.033315,0.513085,0.998163,0.623816,0.34199,0.436326,0.658481,0.164854,0.468318,0.336487,0.444531,0.631566,0.482838,0.98964,0.641975,0.293475,0.666937,0.195437,0.349073,0.179602,0.434729,0.313324,0.322732,0.606216,0.611646,0.176952,0.3662,0.534526,0.405858,0.382845,0.586885,0.640865
8490.126246,0.180161,0.0373192,0.521472,1.00417,0.630538,0.345749,0.444826,0.665669,0.167412,0.480288,0.331974,0.447784,0.636035,0.489564,0.993151,0.638996,0.297857,0.674165,0.196854,0.353692,0.17935,0.440833,0.318623,0.335702,0.616407,0.629927,0.179974,0.377369,0.535503,0.395906,0.377109,0.588209,0.646293
8503.58128,0.181919,0.041301,0.528893,1.00854,0.638,0.348628,0.453349,0.670875,0.170345,0.493528,0.326854,0.450566,0.634264,0.49289,0.996182,0.635187,0.301226,0.680875,0.198685,0.358276,0.17964,0.446014,0.323812,0.346026,0.625566,0.64954,0.182913,0.387962,0.536357,0.386572,0.371742,0.590353,0.651662
8517.079028,0.18426,0.0453952,0.534554,1.01364,0.644939,0.352026,0.462425,0.670114,0.173661,0.50681,0.321374,0.451757,0.627832,0.495699,0.998707,0.631034,0.304152,0.687402,0.203162,0.363177,0.180856,0.449996,0.329714,0.353167,0.631724,0.667949,0.185604,0.397551,0.537945,0.376996,0.367703,0.59326,0.654153
8530.619694,0.187561,0.0500567,0.537913,1.01639,0.654032,0.35584,0.470229,0.669282,0.177114,0.518183,0.317242,0.453096,0.619021,0.500021,0.999771,0.626973,0.307994,0.693495,0.207406,0.368004,0.182645,0.451602,0.336303,0.360525,0.635324,0.683696,0.188698,0.405429,0.538451,0.369618,0.363677,0.597289,0.65264
8544.203483,0.192602,0.0562007,0.539126,1.01722,0.664163,0.359448,0.476691,0.673211,0.179964,0.528003,0.315032,0.455063,0.609618,0.50375,0.998983,0.622805,0.313734,0.699793,0.209399,0.373495,0.184852,0.453727,0.343713,0.369459,0.640377,0.699065,0.192428,0.41201,0.53935,0.364331,0.358476,0.599478,0.649199
8557.830602,0.20016,0.0642986,0.538153,1.0184,0.671509,0.361401,0.482415,0.677329,0.182006,0.538318,0.313688,0.457165,0.600234,0.503123,0.998639,0.6182,0.318609,0.703406,0.211113,0.378842,0.186241,0.454788,0.351163,0.377826,0.648582,0.717195,0.196253,0.417473,0.540033,0.358775,0.351317,0.599229,0.644307
8571.501258,0.209821,0.0748695,0.536442,1.02194,0.679508,0.362187,0.489503,0.68224,0.183907,0.549895,0.314427,0.459509,0.593443,0.500378,0.995286,0.615725,0.322364,0.705879,0.214805,0.383519,0.188191,0.45555,0.357831,0.386429,0.660222,0.739329,0.19988,0.422539,0.541517,0.352851,0.343265,0.598719,0.638887
8585.21566,0.220188,0.086961,0.534036,1.02511,0.684534,0.362865,0.4968,0.686524,0.18572,0.560731,0.316182,0.462188,0.590369,0.498722,0.986243,0.612866,0.325812,0.709103,0.21998,0.38894,0.191421,0.457461,0.364444,0.393754,0.674547,0.761964,0.202868,0.426138,0.54262,0.346335,0.335897,0.598564,0.633351
8598.974018,0.229635,0.0988373,0.529727,1.02842,0.688566,0.362401,0.501755,0.690625,0.187204,0.570113,0.318955,0.465929,0.591075,0.49709,0.976404,0.609652,0.329477,0.714254,0.22554,0.395892,0.194739,0.460114,0.37196,0.401077,0.68862,0.781352,0.20562,0.429152,0.541936,0.340539,0.329357,0.599684,0.63117
8612.776545,0.23699,0.109008,0.523652,1.03316,0.69418,0.35889,0.505191,0.695977,0.187952,0.577866,0.320643,0.469913,0.594471,0.495185,0.965988,0.606272,0.332441,0.71805,0.229533,0.402205,0.196798,0.463276,0.378845,0.407982,0.701359,0.795338,0.20791,0.432969,0.539279,0.333928,0.321574,0.599799,0.631227
8626.623452,0.24202,0.117111,0.518859,1.04069,0.696357,0.35361,0.508082,0.703946,0.188,0.585324,0.321073,0.473728,0.601385,0.495206,0.958735,0.601982,0.334991,0.720025,0.232228,0.407645,0.198917,0.467071,0.384324,0.413416,0.71407,0.806095,0.20953,0.438881,0.535735,0.327121,0.314851,0.601475,0.631628
8640.514955,0.244437,0.122922,0.515624,1.04531,0.691273,0.348531,0.51062,0.709439,0.187464,0.591833,0.32104,0.475077,0.610428,0.495528,0.954428,0.597346,0.337187,0.721305,0.233733,0.412429,0.20146,0.472345,0.388527,0.418633,0.722363,0.816043,0.210248,0.44515,0.530965,0.319579,0.308747,0.604724,0.630333
8654.45127,0.244676,0.125696,0.514125,1.0471,0.685204,0.34178,0.514163,0.715416,0.186805,0.596187,0.322201,0.474895,0.619076,0.495778,0.949445,0.595226,0.338456,0.721583,0.234368,0.416108,0.202933,0.477949,0.393347,0.427458,0.726613,0.823596,0.209873,0.448984,0.524229,0.311605,0.302152,0.608924,0.627874
8668.432613,0.242273,0.125186,0.515265,1.04806,0.678706,0.331931,0.51675,0.722416,0.1857,0.597203,0.322395,0.474891,0.626065,0.495349,0.942297,0.591184,0.338158,0.715203,0.234036,0.418054,0.20235,0.480752,0.398348,0.43795,0.727595,0.82615,0.20875,0.449742,0.514967,0.303694,0.295532,0.613757,0.626946
8682.459202,0.237385,0.122,0.519016,1.05248,0.671188,0.322003,0.518314,0.729813,0.184451,0.596002,0.321343,0.474323,0.631477,0.493387,0.936236,0.586091,0.337044,0.704832,0.233441,0.418079,0.201082,0.482245,0.403949,0.445629,0.726555,0.825894,0.207346,0.449849,0.505198,0.297068,0.290607,0.616437,0.62837
8696.531259,0.230727,0.116826,0.522643,1.06008,0.662602,0.312339,0.519416,0.731515,0.183062,0.593521,0.320663,0.471751,0.634224,0.488505,0.930922,0.580828,0.335442,0.697495,0.232659,0.415612,0.19974,0.481873,0.41094,0.450267,0.722335,0.821841,0.205368,0.449261,0.495672,0.291699,0.287231,0.615284,0.628737
8710.649005,0.223787,0.110406,0.52613,1.06469,0.652361,0.303219,0.520111,0.730489,0.181652,0.589859,0.3206,0.469173,0.63605,0.483459,0.926718,0.574634,0.334264,0.69285,0.233061,0.412461,0.198992,0.479183,0.419624,0.455281,0.71418,0.813391,0.203077,0.446786,0.487703,0.286448,0.283931,0.615458,0.628606
8724.812662,0.217488,0.103886,0.52936,1.06234,0.643653,0.295578,0.520535,0.731411,0.180014,0.583609,0.318804,0.467534,0.635059,0.477117,0.918754,0.565016,0.333538,0.689458,0.231792,0.409575,0.198391,0.474636,0.428947,0.460642,0.704615,0.80256,0.201135,0.442537,0.480985,0.280552,0.279815,0.616806,0.626722
8739.022454,0.212878,0.0985761,0.533016,1.06036,0.638969,0.288759,0.519591,0.736778,0.178034,0.578028,0.31383,0.46692,0.632261,0.4691,0.90636,0.551288,0.333221,0.686346,0.230219,0.40688,0.197336,0.468676,0.437879,0.465097,0.697708,0.792732,0.199633,0.437408,0.475377,0.273379,0.275714,0.616322,0.624162
8753.278608,0.210753,0.094949,0.536023,1.05864,0.637431,0.281006,0.517667,0.741883,0.176335,0.573825,0.305229,0.467122,0.628408,0.460451,0.892794,0.53542,0.332595,0.680046,0.230754,0.402528,0.196551,0.459952,0.445617,0.467038,0.693402,0.784706,0.198151,0.431487,0.470565,0.26539,0.2717,0.613584,0.622191
8767.581351,0.210661,0.0932268,0.537667,1.06015,0.639925,0.274732,0.51681,0.746627,0.175765,0.569358,0.295061,0.467853,0.625911,0.454315,0.87815,0.5203,0.333265,0.676962,0.232699,0.397701,0.19716,0.453226,0.45371,0.469992,0.692051,0.778047,0.197317,0.42608,0.467237,0.258773,0.267543,0.610305,0.621759
8781.930911,0.211461,0.0921575,0.537739,1.06282,0.641182,0.271089,0.51505,0.750356,0.17603,0.563633,0.284037,0.469393,0.622912,0.448571,0.860158,0.503699,0.335022,0.679082,0.234115,0.39431,0.197932,0.450681,0.462399,0.471515,0.691932,0.772053,0.196883,0.420838,0.463522,0.251874,0.262383,0.608656,0.620269
8796.327519,0.213089,0.0909501,0.536492,1.0638,0.64282,0.268022,0.513361,0.751612,0.176954,0.559268,0.273276,0.473207,0.617661,0.442577,0.841977,0.484832,0.338385,0.68089,0.235486,0.391331,0.198238,0.450047,0.471583,0.473325,0.688999,0.766672,0.196945,0.416916,0.461555,0.245522,0.256944,0.608684,0.619542
8810.771407,0.215131,0.0894609,0.53336,1.06103,0.642518,0.264556,0.51346,0.751611,0.178446,0.556559,0.262766,0.477334,0.610847,0.439073,0.823674,0.466279,0.342282,0.67989,0.237983,0.388328,0.19755,0.449459,0.480507,0.478018,0.681752,0.758532,0.197666,0.414835,0.462892,0.239366,0.25054,0.608414,0.619562
8825.262807,0.21777,0.0878355,0.530616,1.05498,0.638813,0.261921,0.514982,0.752767,0.180743,0.554738,0.253361,0.48067,0.604837,0.438824,0.805845,0.449674,0.345193,0.678013,0.242359,0.387562,0.197622,0.449431,0.490494,0.484712,0.672727,0.749689,0.199377,0.414619,0.465614,0.232481,0.24375,0.611336,0.616809
8839.801955,0.221026,0.0859092,0.528219,1.04652,0.633472,0.259621,0.517328,0.751253,0.183443,0.553362,0.245081,0.482959,0.595919,0.43844,0.785982,0.434392,0.347785,0.677446,0.246015,0.387971,0.19853,0.449978,0.501016,0.492653,0.660085,0.742893,0.201368,0.412964,0.468526,0.224802,0.236429,0.613638,0.611229
8854.389087,0.224831,0.083489,0.525951,1.04049,0.628189,0.257071,0.520243,0.752695,0.186374,0.552513,0.238342,0.484713,0.583608,0.436398,0.76569,0.420831,0.349336,0.680517,0.249157,0.388471,0.199153,0.449457,0.51325,0.50195,0.644222,0.734636,0.202983,0.410121,0.471577,0.219013,0.229178,0.614675,0.606556
8869.024441,0.228542,0.0814863,0.524308,1.03995,0.621492,0.255636,0.521445,0.753677,0.188915,0.550688,0.232327,0.485813,0.571164,0.433416,0.746778,0.408084,0.347891,0.681218,0.251507,0.389528,0.199139,0.448292,0.527067,0.508565,0.624234,0.720844,0.205072,0.407339,0.473301,0.214639,0.221582,0.614659,0.606017
8883.708256,0.232143,0.0805804,0.522797,1.04488,0.614119,0.25625,0.521796,0.753709,0.191452,0.548499,0.229563,0.486692,0.5603,0.432645,0.730887,0.397422,0.346705,0.681407,0.253846,0.390866,0.199125,0.450231,0.543484,0.514043,0.60285,0.704315,0.207555,0.405492,0.475564,0.210368,0.214183,0.612811,0.609136
8898.440774,0.235498,0.0796997,0.520139,1.04926,0.604717,0.256416,0.520826,0.748917,0.194018,0.546181,0.230716,0.486537,0.550141,0.431805,0.716604,0.387544,0.34763,0.682975,0.25719,0.390701,0.199251,0.451525,0.561911,0.520242,0.582361,0.685147,0.209217,0.403184,0.477247,0.204778,0.206898,0.610753,0.610167
8913.222237,0.238558,0.0788282,0.517745,1.04887,0.597311,0.255638,0.520788,0.741662,0.196406,0.544405,0.233554,0.486262,0.541866,0.430009,0.703427,0.378754,0.350234,0.683131,0.263204,0.390543,0.200458,0.451168,0.57959,0.524751,0.565482,0.663408,0.210491,0.400045,0.478237,0.198031,0.199509,0.61276,0.609239
8928.05289,0.24117,0.078463,0.514739,1.0453,0.592339,0.25502,0.521501,0.735812,0.198162,0.542694,0.235949,0.486048,0.534778,0.426981,0.691602,0.370568,0.35201,0.680816,0.26965,0.390331,0.20169,0.45,0.594544,0.526179,0.557399,0.641726,0.211297,0.396654,0.477898,0.19,0.192786,0.616461,0.609297
8942.932978,0.243985,0.0785454,0.511653,1.04334,0.59086,0.256111,0.520438,0.736828,0.199823,0.541971,0.238034,0.487025,0.531306,0.426461,0.682255,0.361918,0.354846,0.676255,0.27783,0.3898,0.203268,0.448371,0.608371,0.527023,0.561615,0.624308,0.211343,0.393804,0.474448,0.181823,0.186184,0.621876,0.611879
8957.862749,0.24644,0.0788814,0.50814,1.04118,0.588036,0.258159,0.519522,0.73748,0.201539,0.54008,0.240109,0.488148,0.530334,0.427622,0.676097,0.352782,0.359239,0.67032,0.28634,0.388292,0.205912,0.44625,0.621686,0.528637,0.577454,0.612483,0.211469,0.391764,0.469546,0.174564,0.178513,0.627543,0.613484
8972.842452,0.248791,0.0791641,0.504204,1.04509,0.582748,0.262436,0.519987,0.735298,0.202925,0.538353,0.242728,0.489145,0.533806,0.428334,0.67207,0.34486,0.363152,0.66651,0.29405,0.385893,0.209187,0.446511,0.634997,0.532437,0.606183,0.608706,0.212697,0.391136,0.465354,0.168401,0.170544,0.632157,0.614772
8987.872339,0.251064,0.0788723,0.50119,1.04961,0.576188,0.267759,0.519883,0.731823,0.204201,0.536752,0.243758,0.49093,0.536972,0.426534,0.66839,0.338328,0.36639,0.662488,0.300367,0.383833,0.211433,0.448836,0.646287,0.53544,0.639696,0.612553,0.213293,0.39043,0.460497,0.161399,0.162439,0.636799,0.615054
9002.952662,0.252932,0.0787016,0.499615,1.05057,0.57199,0.271834,0.520622,0.730424,0.206061,0.534802,0.245733,0.4937,0.537438,0.42504,0.66572,0.333172,0.369812,0.658356,0.308142,0.382821,0.212893,0.45031,0.658972,0.541146,0.67249,0.620081,0.213311,0.388917,0.455811,0.154079,0.155182,0.642984,0.616352
9018.083675,0.254452,0.0786283,0.49821,1.04701,0.567368,0.273889,0.523434,0.733528,0.2081,0.532374,0.248263,0.495526,0.538674,0.424617,0.661217,0.329528,0.372754,0.65447,0.318242,0.382791,0.213154,0.449115,0.673491,0.55,0.702519,0.628135,0.213763,0.386312,0.450851,0.146958,0.147535,0.647259,0.616954
9033.265634,0.256927,0.0784969,0.498295,1.04301,0.562384,0.274886,0.528688,0.7383,0.210305,0.529952,0.248909,0.497024,0.541698,0.423937,0.657564,0.327368,0.375829,0.650798,0.32774,0.384916,0.214521,0.44659,0.688219,0.556924,0.726784,0.637145,0.214426,0.384782,0.446185,0.140273,0.139326,0.650075,0.616307
9048.498797,0.26059,0.0785686,0.49854,1.03989,0.556317,0.275629,0.533728,0.742736,0.211759,0.527769,0.246647,0.500239,0.54194,0.42196,0.657461,0.324888,0.37762,0.649698,0.332669,0.387606,0.216673,0.442284,0.698613,0.557917,0.741047,0.645372,0.214199,0.382473,0.440628,0.133318,0.131388,0.649083,0.615773
9063.783423,0.265028,0.0791789,0.497921,1.03975,0.55167,0.276003,0.537815,0.752448,0.21189,0.524128,0.244344,0.50365,0.539458,0.42024,0.6592,0.322575,0.376832,0.650943,0.335046,0.389788,0.218234,0.438152,0.703777,0.553276,0.743028,0.649629,0.213536,0.380501,0.4346,0.126969,0.124114,0.646312,0.615212
9079.119774,0.269697,0.0804779,0.496477,1.03853,0.548315,0.275717,0.539553,0.762821,0.211127,0.518089,0.24159,0.505702,0.535459,0.41954,0.658703,0.32076,0.374399,0.650811,0.336143,0.390951,0.218792,0.436175,0.702883,0.542334,0.731958,0.646867,0.213314,0.377648,0.427322,0.121139,0.116321,0.642553,0.614058
9094.508112,0.273618,0.0821505,0.494687,1.03497,0.543232,0.274758,0.540391,0.772137,0.210946,0.511291,0.238489,0.507289,0.530384,0.419155,0.655976,0.318382,0.375006,0.653236,0.336295,0.390832,0.217673,0.435086,0.697589,0.528624,0.71134,0.637449,0.213592,0.372078,0.419176,0.115027,0.107935,0.638248,0.612551
9109.948703,0.276149,0.0823927,0.491071,1.03154,0.535292,0.272289,0.539944,0.776897,0.210905,0.502951,0.235684,0.50761,0.524071,0.41551,0.650431,0.313726,0.378384,0.655532,0.335316,0.388369,0.215631,0.43064,0.687821,0.511618,0.682492,0.620485,0.21298,0.364808,0.409595,0.10704,0.0997449,0.635057,0.60918
9125.441813,0.277926,0.0813327,0.486445,1.02899,0.529639,0.270308,0.540353,0.780714,0.210486,0.494302,0.23315,0.50811,0.519314,0.410499,0.644956,0.308456,0.382748,0.65511,0.334818,0.383867,0.214984,0.424745,0.672786,0.494306,0.65003,0.598263,0.212096,0.357017,0.399388,0.098882,0.0918294,0.634534,0.607455
9140.987711,0.278816,0.0799,0.481135,1.02215,0.52393,0.270708,0.539167,0.785522,0.209772,0.484566,0.229681,0.509062,0.51516,0.406016,0.638696,0.302154,0.385425,0.652007,0.333649,0.378026,0.215103,0.418398,0.655104,0.480236,0.618809,0.573316,0.212013,0.348114,0.388377,0.0907328,0.0834343,0.633582,0.605873
9156.586666,0.27866,0.0783758,0.476189,1.01308,0.515934,0.275039,0.536148,0.790628,0.209776,0.47336,0.226524,0.510266,0.511674,0.404231,0.628913,0.293686,0.388929,0.647879,0.332386,0.371125,0.215886,0.411615,0.639241,0.470993,0.590198,0.549392,0.212323,0.338127,0.377372,0.0824972,0.0752483,0.634386,0.601424
9172.238951,0.276067,0.0766636,0.472123,1.002,0.504031,0.281629,0.53331,0.786433,0.210122,0.461239,0.223116,0.51113,0.505987,0.402225,0.614388,0.282463,0.390735,0.641249,0.329269,0.361536,0.217082,0.403053,0.624771,0.466669,0.563991,0.52663,0.212851,0.326758,0.366672,0.0748844,0.0676034,0.632607,0.594852
9187.944839,0.271647,0.0739873,0.469127,1.0014,0.490287,0.288978,0.531509,0.779795,0.211597,0.450035,0.217901,0.513434,0.498029,0.399146,0.598222,0.270727,0.391409,0.629695,0.326805,0.350715,0.219292,0.395645,0.615892,0.469796,0.542763,0.504918,0.214284,0.314471,0.356624,0.0684137,0.0610791,0.629894,0.591746
9203.704607,0.266154,0.0700855,0.466798,1.01233,0.47563,0.294272,0.528015,0.771754,0.215587,0.437142,0.210151,0.51847,0.484855,0.395554,0.581958,0.257974,0.393508,0.616879,0.324891,0.340762,0.220473,0.38854,0.61451,0.478002,0.520806,0.482056,0.21517,0.300166,0.34451,0.0618858,0.0553839,0.631266,0.589272
9219.518533,0.260057,0.0667341,0.464881,1.02042,0.462102,0.297096,0.522951,0.760665,0.219952,0.42229,0.204651,0.524055,0.467207,0.392648,0.56355,0.243768,0.394434,0.605212,0.323093,0.33175,0.220466,0.378063,0.622823,0.490984,0.495953,0.459538,0.215774,0.284632,0.33018,0.0558976,0.0498211,0.636699,0.585043
9235.386895,0.253895,0.0637111,0.462316,1.01962,0.445639,0.298676,0.517826,0.744386,0.22267,0.40826,0.198533,0.528024,0.446199,0.388552,0.542045,0.228625,0.393112,0.589752,0.320236,0.322784,0.21999,0.365275,0.637756,0.510581,0.469863,0.439957,0.216495,0.270409,0.314988,0.0507719,0.0444727,0.638743,0.579652
9251.309976,0.248829,0.0615129,0.458487,1.01626,0.427553,0.300154,0.51421,0.726002,0.224463,0.395345,0.189499,0.53188,0.421489,0.382932,0.522671,0.213479,0.391602,0.574319,0.31671,0.314708,0.220321,0.353138,0.65708,0.53062,0.442988,0.42265,0.217418,0.258812,0.300756,0.0457324,0.0401646,0.639083,0.574333
9267.288059,0.245517,0.0607807,0.45275,1.01217,0.409626,0.300134,0.509096,0.709284,0.225287,0.382246,0.180407,0.534873,0.393944,0.375534,0.506403,0.198998,0.388496,0.559756,0.311313,0.306577,0.220959,0.341661,0.679784,0.546221,0.416119,0.406155,0.218187,0.247288,0.286226,0.040036,0.0364652,0.638639,0.567894
9283.321429,0.244003,0.0612481,0.445766,1.0069,0.394738,0.29803,0.503472,0.696625,0.225295,0.369207,0.17435,0.5356,0.366141,0.367819,0.489902,0.185311,0.384451,0.54642,0.30454,0.298149,0.220832,0.33076,0.704986,0.559966,0.390141,0.390705,0.218666,0.236066,0.273249,0.0349763,0.0337629,0.639932,0.562102
9299.410374,0.244224,0.0635293,0.437832,0.993243,0.381383,0.294152,0.497964,0.686983,0.225088,0.357586,0.168732,0.53453,0.339268,0.359823,0.472692,0.171442,0.380641,0.535603,0.298541,0.289588,0.219229,0.32067,0.73209,0.568949,0.36386,0.376378,0.218816,0.224848,0.260905,0.0306919,0.0316008,0.639974,0.558113
9315.555184,0.246477,0.0679027,0.43033,0.978254,0.368172,0.29046,0.492344,0.68441,0.224074,0.348708,0.163842,0.533047,0.315093,0.351421,0.45726,0.157767,0.378436,0.527349,0.294391,0.281685,0.215497,0.31081,0.762975,0.574696,0.337369,0.364022,0.218945,0.215042,0.249587,0.0267153,0.0298087,0.639227,0.556299
9331.756149,0.25113,0.0732829,0.422367,0.970397,0.356329,0.286296,0.485204,0.6828,0.220805,0.340906,0.159915,0.530553,0.294535,0.342893,0.443407,0.145848,0.376989,0.518191,0.290999,0.274431,0.210926,0.299855,0.788805,0.576099,0.310058,0.352262,0.217778,0.207461,0.2396,0.0221582,0.0283539,0.641382,0.555788
9348.013564,0.258388,0.0803667,0.414614,0.96418,0.348717,0.281934,0.478236,0.679214,0.216683,0.333524,0.156515,0.528113,0.28049,0.336008,0.433485,0.136811,0.375728,0.511321,0.28849,0.267852,0.207024,0.291322,0.803373,0.572879,0.283624,0.340834,0.21579,0.201094,0.230863,0.0185611,0.0274958,0.645676,0.557659
9364.327724,0.267282,0.0890675,0.4073,0.954022,0.342762,0.27853,0.471948,0.675452,0.212131,0.326563,0.154667,0.526187,0.272081,0.330238,0.425481,0.128009,0.373273,0.506498,0.283985,0.262207,0.203003,0.285544,0.806909,0.56258,0.257289,0.328883,0.213299,0.195039,0.222688,0.0159833,0.0258334,0.651256,0.558733
9380.698926,0.277791,0.0993804,0.400605,0.947996,0.336738,0.27606,0.46769,0.673034,0.207718,0.320449,0.15431,0.52452,0.268053,0.32507,0.418268,0.119647,0.371665,0.502235,0.278987,0.257692,0.200534,0.281636,0.799654,0.54435,0.230987,0.316383,0.210131,0.18939,0.215704,0.0143667,0.0241516,0.661504,0.561976
9397.12747,0.288502,0.110801,0.393641,0.944607,0.330756,0.272898,0.465144,0.67106,0.203769,0.314922,0.152981,0.523219,0.266605,0.319464,0.413035,0.113524,0.370049,0.496675,0.273654,0.253642,0.199105,0.277947,0.778739,0.516642,0.205749,0.302904,0.206394,0.183485,0.209776,0.0142899,0.0231878,0.672548,0.570251
9413.613659,0.298831,0.122189,0.386752,0.950943,0.326312,0.26985,0.464536,0.674671,0.20167,0.310457,0.152321,0.524934,0.267769,0.315256,0.412926,0.111198,0.370479,0.491672,0.272533,0.251195,0.198453,0.276192,0.749611,0.480591,0.18327,0.288067,0.20266,0.178362,0.204228,0.0152676,0.0228694,0.685274,0.58258
9430.157795,0.309046,0.132977,0.381167,0.961422,0.322045,0.267214,0.462388,0.674663,0.200726,0.305156,0.152557,0.528248,0.269523,0.312506,0.416653,0.110429,0.371797,0.489452,0.277318,0.249364,0.197458,0.273736,0.711902,0.435734,0.160468,0.270906,0.198962,0.173705,0.197271,0.01603,0.0221234,0.70108,0.591586
9446.760186,0.318508,0.143938,0.377504,0.964811,0.316459,0.265962,0.459712,0.670267,0.198788,0.300334,0.154251,0.52994,0.271882,0.31027,0.421379,0.110687,0.372763,0.486722,0.286291,0.247641,0.196659,0.269516,0.664591,0.386451,0.135501,0.253615,0.195881,0.170064,0.18966,0.0173351,0.0209535,0.7182,0.595177
9463.421138,0.326452,0.153528,0.374301,0.961956,0.309411,0.264918,0.459475,0.66596,0.196092,0.296588,0.153666,0.529448,0.273568,0.305359,0.424334,0.112414,0.372167,0.482024,0.299059,0.245832,0.196081,0.266324,0.611278,0.337001,0.112005,0.236345,0.193267,0.167199,0.182036,0.0181407,0.0203775,0.729061,0.595193
9480.140964,0.333586,0.161719,0.371198,0.959126,0.304281,0.264055,0.461636,0.666032,0.194173,0.293056,0.149977,0.528374,0.274741,0.300196,0.426312,0.115736,0.372747,0.478679,0.319702,0.244505,0.196725,0.263629,0.557189,0.285544,0.0913673,0.218458,0.191663,0.164167,0.175936,0.018767,0.0204701,0.736297,0.593122
9496.919974,0.339361,0.167901,0.368382,0.953409,0.298405,0.263932,0.460954,0.665172,0.193043,0.289955,0.146137,0.526519,0.275584,0.295642,0.427068,0.118884,0.373422,0.474752,0.346074,0.242995,0.199968,0.258523,0.505851,0.236018,0.0727355,0.198981,0.190735,0.160732,0.171466,0.0199913,0.0202852,0.738033,0.589249
9513.758485,0.344114,0.172175,0.366837,0.945773,0.292053,0.264291,0.45925,0.662673,0.192102,0.288508,0.143731,0.526117,0.276567,0.291487,0.427786,0.121225,0.372425,0.469508,0.373312,0.241029,0.204198,0.252428,0.462075,0.193683,0.0567672,0.178365,0.189815,0.157846,0.16887,0.0215968,0.0204871,0.735357,0.586526
9530.656812,0.348006,0.176205,0.366422,0.936641,0.286337,0.263607,0.45878,0.659717,0.191102,0.287534,0.139669,0.525599,0.276527,0.289312,0.429539,0.124264,0.371028,0.462689,0.398036,0.237756,0.207138,0.246056,0.429423,0.158221,0.0433226,0.157894,0.188471,0.155674,0.166483,0.022607,0.0211053,0.724126,0.581676
9547.615276,0.352212,0.179486,0.366599,0.930349,0.281386,0.263269,0.458772,0.655956,0.18944,0.287403,0.134182,0.52406,0.275959,0.288695,0.431813,0.128995,0.369335,0.457384,0.417824,0.233381,0.208,0.24062,0.408232,0.134627,0.032371,0.138431,0.186903,0.154382,0.165039,0.0236173,0.0224722,0.709933,0.572757
9564.634198,0.356455,0.181708,0.365118,0.925251,0.274671,0.262853,0.458833,0.643263,0.186964,0.287663,0.128028,0.52179,0.27461,0.287303,0.433233,0.133434,0.365911,0.452522,0.426288,0.228143,0.207665,0.235095,0.391879,0.120926,0.0227271,0.118462,0.184663,0.152279,0.163452,0.0256085,0.0240404,0.700787,0.563604
9581.713902,0.360575,0.184676,0.361988,0.916429,0.267234,0.262783,0.459439,0.628032,0.184714,0.286409,0.122403,0.519311,0.272028,0.285644,0.433974,0.135886,0.364449,0.450532,0.420452,0.223374,0.206825,0.232396,0.381943,0.11382,0.0147002,0.0983422,0.1818,0.149378,0.16131,0.0297891,0.0259668,0.697113,0.557652
9598.854714,0.364529,0.187523,0.357694,0.906919,0.25944,0.262679,0.459238,0.616684,0.181606,0.283645,0.117745,0.515476,0.267069,0.283809,0.430811,0.13458,0.363782,0.448284,0.401904,0.219296,0.205295,0.231557,0.380432,0.112957,0.00829509,0.0790586,0.178423,0.145836,0.158355,0.0340194,0.0279109,0.695486,0.55325
9616.056963,0.369029,0.190493,0.353314,0.902004,0.25331,0.261935,0.458347,0.608107,0.178237,0.2807,0.113805,0.51144,0.261353,0.281991,0.424332,0.130974,0.362851,0.44503,0.376417,0.215907,0.20346,0.23089,0.38418,0.119743,0.00359568,0.0607687,0.174849,0.141638,0.155523,0.0381649,0.0305795,0.695676,0.551728
9633.320979,0.373531,0.194748,0.347792,0.894232,0.24664,0.26005,0.456007,0.60106,0.174801,0.276047,0.110076,0.508412,0.256066,0.279456,0.416024,0.125912,0.361112,0.441183,0.344426,0.212343,0.199778,0.229906,0.389217,0.130473,0.000565171,0.0433331,0.170973,0.136955,0.152739,0.0426915,0.0343507,0.693445,0.550389
9650.647096,0.378082,0.200419,0.342067,0.88412,0.240054,0.259982,0.453424,0.59689,0.171572,0.271717,0.108913,0.506559,0.251807,0.278875,0.40589,0.118952,0.359448,0.440153,0.312229,0.208471,0.195024,0.229299,0.398421,0.142552,0.000108868,0.0282812,0.167626,0.132865,0.149102,0.047017,0.038543,0.688597,0.547283
9668.035649,0.381973,0.207014,0.337534,0.877582,0.233821,0.261587,0.449797,0.591206,0.168484,0.267604,0.107439,0.503973,0.24713,0.27805,0.393283,0.10925,0.356253,0.438637,0.283824,0.203796,0.189771,0.226895,0.408853,0.154651,0.00289431,0.015711,0.164569,0.129125,0.144944,0.0508168,0.0418298,0.685023,0.542309
9685.486977,0.386719,0.214952,0.333774,0.877078,0.228988,0.262712,0.447196,0.590216,0.165667,0.2635,0.104613,0.500957,0.242358,0.275835,0.381013,0.0981642,0.352315,0.434253,0.259479,0.19967,0.185019,0.224146,0.418837,0.16794,0.00932252,0.00666553,0.161509,0.125623,0.141305,0.0546238,0.0447917,0.683158,0.537443
9703.00142,0.392817,0.223086,0.329955,0.87452,0.225106,0.261485,0.446454,0.595466,0.162627,0.259206,0.100445,0.498477,0.237829,0.272234,0.368713,0.0868374,0.347101,0.429823,0.241151,0.196737,0.180255,0.221437,0.429573,0.180419,0.0187749,0.00123376,0.157722,0.121756,0.136828,0.0576372,0.047824,0.67474,0.530503
9720.579321,0.399977,0.23036,0.326732,0.873924,0.222188,0.260826,0.444707,0.603624,0.159639,0.255265,0.0969957,0.496247,0.234679,0.26934,0.35782,0.0766406,0.341092,0.426916,0.232194,0.194909,0.17707,0.217852,0.439226,0.191383,0.0312552,0.0,0.153936,0.11808,0.132549,0.0611604,0.0514769,0.66372,0.521924
9738.221025,0.406375,0.23608,0.324112,0.875483,0.216514,0.260885,0.439854,0.60669,0.156685,0.251927,0.0944199,0.492979,0.2323,0.266234,0.349497,0.0684924,0.333668,0.423683,0.228338,0.193315,0.175742,0.212056,0.445033,0.201554,0.0455984,0.00247249,0.150539,0.114882,0.128294,0.0652487,0.0547759,0.648383,0.514551
9755.926882,0.413569,0.242235,0.32342,0.880457,0.209853,0.259016,0.435922,0.606919,0.153342,0.249659,0.0931297,0.490577,0.230003,0.264102,0.345494,0.0635442,0.326631,0.421826,0.225531,0.191678,0.174865,0.206652,0.449586,0.211363,0.0611968,0.00862569,0.147179,0.112942,0.12454,0.0704154,0.0586566,0.630319,0.512482
9773.69724,0.420484,0.249695,0.323091,0.882428,0.20462,0.256256,0.434882,0.607975,0.14927,0.247427,0.092488,0.488024,0.227359,0.262412,0.344259,0.0614902,0.319733,0.421601,0.222585,0.188869,0.172498,0.201587,0.452783,0.218961,0.076382,0.0172385,0.143154,0.111437,0.121021,0.0755417,0.0632237,0.610922,0.511331
9791.532454,0.427528,0.257202,0.321902,0.880384,0.201496,0.255332,0.435139,0.60857,0.145019,0.246037,0.0930072,0.485087,0.226323,0.260796,0.343717,0.0609932,0.312266,0.422272,0.220514,0.185546,0.169779,0.19775,0.453891,0.226298,0.0906751,0.0263864,0.138635,0.109645,0.118117,0.0813201,0.0685388,0.594176,0.512448
9809.432879,0.433501,0.264083,0.319966,0.874976,0.198885,0.255196,0.434213,0.603011,0.140964,0.244798,0.0940297,0.481688,0.226558,0.257991,0.342983,0.0592458,0.306057,0.419263,0.216957,0.182479,0.167324,0.193843,0.452374,0.23157,0.102764,0.0345533,0.133313,0.107892,0.115018,0.0882382,0.0735451,0.580944,0.516901
9827.398873,0.438792,0.270383,0.318599,0.869079,0.19751,0.255816,0.43426,0.602383,0.136607,0.243237,0.0955452,0.478263,0.227128,0.254843,0.341315,0.0565346,0.305699,0.415178,0.213428,0.18118,0.165284,0.191039,0.450778,0.235481,0.112465,0.0414658,0.127476,0.10705,0.11282,0.0957896,0.0789563,0.571892,0.521417
9845.430798,0.442692,0.274779,0.317709,0.863414,0.197372,0.255232,0.434529,0.602697,0.131196,0.242189,0.0963854,0.474371,0.227222,0.25128,0.337456,0.0529225,0.306529,0.408947,0.213393,0.180342,0.16305,0.188909,0.448749,0.239048,0.119138,0.0457065,0.12145,0.106539,0.110768,0.101378,0.085738,0.565645,0.523672
9863.529016,0.446798,0.278545,0.318276,0.857298,0.198666,0.253687,0.434969,0.599012,0.126117,0.241211,0.097549,0.471958,0.227196,0.249368,0.333376,0.0497728,0.306762,0.402941,0.215919,0.179562,0.16092,0.189043,0.44573,0.242841,0.123284,0.0478899,0.115421,0.106576,0.109526,0.106478,0.0930242,0.563398,0.524672
9881.693894,0.449433,0.282707,0.319519,0.847637,0.197873,0.251044,0.433827,0.590895,0.121271,0.239028,0.0986931,0.470249,0.22702,0.248254,0.328346,0.0478146,0.305839,0.399007,0.217424,0.179176,0.158834,0.189678,0.442876,0.244927,0.125607,0.0480096,0.109926,0.106891,0.108721,0.111801,0.0994369,0.559649,0.523742
9899.925802,0.449128,0.286609,0.321199,0.841718,0.197751,0.247969,0.433388,0.58334,0.116999,0.238667,0.100118,0.468571,0.227922,0.247227,0.324133,0.0466927,0.305074,0.397227,0.220835,0.179696,0.157584,0.189578,0.44206,0.24681,0.128129,0.0472526,0.105324,0.107485,0.108663,0.117273,0.105148,0.555372,0.5222
9918.22511,0.447863,0.289569,0.322573,0.844259,0.200017,0.243151,0.43457,0.573873,0.113469,0.239044,0.100007,0.466797,0.228293,0.24542,0.321824,0.0455611,0.302423,0.393339,0.224637,0.179716,0.157454,0.188425,0.443744,0.247612,0.132245,0.0463608,0.100143,0.108001,0.109021,0.121786,0.10991,0.552651,0.521884
9936.592194,0.449896,0.292603,0.324278,0.847359,0.204934,0.236539,0.43648,0.563873,0.109953,0.23999,0.0989064,0.465405,0.228641,0.244841,0.32185,0.0448847,0.300538,0.390698,0.227637,0.180186,0.158289,0.189229,0.448063,0.251617,0.139627,0.0465985,0.0950306,0.108853,0.110486,0.127119,0.115006,0.551733,0.523366
9955.027429,0.451912,0.296012,0.324609,0.843333,0.208436,0.229427,0.436818,0.554683,0.105848,0.241221,0.0970892,0.463604,0.228987,0.244696,0.323502,0.0450168,0.299778,0.390446,0.230195,0.181533,0.157495,0.190941,0.451499,0.257643,0.149713,0.0489817,0.0904378,0.10972,0.111854,0.13248,0.121391,0.549641,0.521978
9973.531198,0.45491,0.299279,0.324002,0.840979,0.210033,0.223462,0.437555,0.545813,0.101712,0.242408,0.097713,0.462007,0.229523,0.245079,0.326347,0.0470663,0.297368,0.390563,0.231995,0.182739,0.155589,0.191549,0.4543,0.2639,0.162287,0.0546685,0.087269,0.111192,0.113336,0.138589,0.129438,0.547549,0.519018
9992.103882,0.459772,0.302434,0.323735,0.838918,0.208607,0.216105,0.438668,0.535534,0.0972837,0.242573,0.0996044,0.459629,0.228906,0.245063,0.328739,0.0507998,0.29452,0.389139,0.229111,0.183267,0.152617,0.191299,0.457467,0.269767,0.175933,0.0635329,0.0855788,0.112796,0.114948,0.14621,0.137734,0.54213,0.517541
10010.745866,0.466077,0.307803,0.324315,0.83488,0.20653,0.207319,0.439436,0.532014,0.0926953,0.243483,0.101913,0.457953,0.228662,0.246429,0.330685,0.0550144,0.293737,0.389966,0.225097,0.184068,0.148431,0.192088,0.460545,0.275459,0.191167,0.0759577,0.0851383,0.115374,0.116762,0.155909,0.146025,0.536334,0.520351
10029.457541,0.471348,0.315074,0.323743,0.828583,0.204962,0.20046,0.438885,0.532437,0.0877424,0.244542,0.104712,0.45693,0.2292,0.245376,0.331024,0.0582938,0.291248,0.392828,0.223321,0.184858,0.142661,0.19241,0.461436,0.278672,0.208033,0.0902846,0.0851375,0.117931,0.116814,0.165453,0.154107,0.530157,0.523151
10048.239296,0.478208,0.323381,0.322186,0.825463,0.204472,0.196147,0.438125,0.533643,0.0831306,0.246287,0.108676,0.456403,0.230783,0.244028,0.330182,0.0606447,0.288957,0.39518,0.222583,0.18595,0.138381,0.192753,0.462106,0.282415,0.226329,0.106114,0.0848049,0.119986,0.116357,0.174754,0.162618,0.521573,0.525438
10067.091528,0.485836,0.331088,0.320391,0.823772,0.20439,0.190482,0.437072,0.535561,0.0792018,0.248155,0.111787,0.45513,0.23207,0.242378,0.32885,0.0610734,0.288406,0.396465,0.220978,0.187155,0.134744,0.191889,0.461444,0.286079,0.244537,0.121955,0.0836121,0.12224,0.116663,0.183293,0.170194,0.511344,0.524932
10086.014632,0.494627,0.33772,0.31829,0.826001,0.20588,0.184665,0.437638,0.541888,0.0761442,0.250208,0.113593,0.453009,0.23347,0.240964,0.327808,0.0609035,0.289481,0.400651,0.22042,0.189074,0.13161,0.191397,0.46148,0.289818,0.263293,0.136172,0.0825085,0.125328,0.117529,0.191857,0.177934,0.506166,0.523425
10105.00901,0.50233,0.343661,0.31515,0.82982,0.206833,0.179417,0.4365,0.541944,0.0733216,0.252229,0.114685,0.449128,0.233683,0.241007,0.326987,0.0614371,0.288773,0.403074,0.220224,0.190367,0.128419,0.19131,0.462821,0.293346,0.281869,0.148422,0.0814476,0.1277,0.117253,0.198719,0.186411,0.504158,0.521257
10124.075064,0.507985,0.350065,0.312507,0.834586,0.208168,0.174213,0.435757,0.539328,0.0711355,0.254117,0.116596,0.44476,0.232875,0.244501,0.328253,0.0640995,0.288087,0.405566,0.220283,0.191609,0.125798,0.191854,0.467395,0.297836,0.300812,0.160597,0.079757,0.129143,0.117094,0.20507,0.194485,0.50154,0.520135
10143.213202,0.509934,0.355495,0.30913,0.837893,0.209253,0.168937,0.436128,0.537273,0.0690958,0.254995,0.117753,0.439862,0.23226,0.248061,0.328859,0.0666044,0.285729,0.408343,0.219033,0.192838,0.123862,0.190187,0.472652,0.301809,0.31839,0.171774,0.0768467,0.129611,0.116022,0.210919,0.20103,0.496877,0.519076
10162.423833,0.50969,0.359734,0.304926,0.845096,0.211489,0.163396,0.437367,0.535063,0.0673186,0.255626,0.119514,0.436468,0.232885,0.249705,0.327945,0.0663989,0.282299,0.409394,0.217105,0.1949,0.122636,0.187442,0.477411,0.308025,0.335693,0.182497,0.07257,0.12974,0.11498,0.218093,0.207814,0.495674,0.519236
10181.70737,0.507267,0.360877,0.300427,0.851973,0.212827,0.156496,0.438256,0.527049,0.0654687,0.255667,0.120822,0.43347,0.232142,0.251717,0.323626,0.0626185,0.278564,0.408007,0.213453,0.195684,0.121007,0.18445,0.480306,0.311269,0.351608,0.192436,0.0668323,0.12858,0.114145,0.226,0.214341,0.495106,0.519936
10201.064228,0.504588,0.360773,0.296182,0.853922,0.213556,0.149232,0.439615,0.51785,0.0630188,0.256415,0.120686,0.429887,0.232013,0.255423,0.316644,0.0563464,0.277915,0.409123,0.209671,0.195924,0.119055,0.183262,0.481156,0.313717,0.367238,0.203083,0.0605397,0.128108,0.113707,0.235107,0.221124,0.4955,0.522428
10220.494827,0.498267,0.360443,0.290537,0.850533,0.213177,0.141521,0.44045,0.51134,0.0593948,0.255616,0.118806,0.426839,0.232235,0.25777,0.3076,0.0477747,0.277605,0.409126,0.205741,0.195639,0.11561,0.18082,0.48196,0.316275,0.381528,0.214227,0.0540632,0.128374,0.111892,0.243052,0.228249,0.495172,0.522425
10239.999588,0.490815,0.358904,0.286111,0.847923,0.212215,0.134736,0.4442,0.513208,0.0554387,0.253264,0.118663,0.427339,0.232885,0.259046,0.297808,0.0379951,0.275994,0.407447,0.201595,0.193485,0.11171,0.176681,0.486781,0.318678,0.393629,0.225069,0.0480596,0.12866,0.109678,0.250117,0.235839,0.492689,0.521895
10259.578937,0.482049,0.354689,0.283233,0.844064,0.211741,0.127528,0.446831,0.519679,0.0516297,0.249514,0.11797,0.426585,0.234056,0.257623,0.286821,0.0285121,0.272868,0.404067,0.195546,0.190174,0.10702,0.173105,0.491409,0.319183,0.400982,0.234006,0.0420154,0.12772,0.107709,0.256472,0.242198,0.486405,0.522188
10279.233302,0.471988,0.349061,0.280882,0.838214,0.214253,0.120172,0.446607,0.52543,0.0482612,0.245857,0.115998,0.425127,0.236223,0.254671,0.276374,0.0196671,0.270635,0.400619,0.190979,0.187376,0.102449,0.170664,0.494208,0.319719,0.407256,0.243468,0.036283,0.127945,0.105716,0.262155,0.248001,0.481606,0.524619
10298.963117,0.462732,0.342122,0.279107,0.830962,0.216483,0.113652,0.443311,0.52649,0.0438055,0.242229,0.114645,0.424773,0.236059,0.249947,0.26731,0.0112533,0.268228,0.397762,0.187133,0.184029,0.0980836,0.168365,0.495614,0.319532,0.416749,0.253941,0.0308093,0.127918,0.103263,0.265301,0.252844,0.476622,0.524595
10318.768815,0.457952,0.334825,0.277811,0.827532,0.220089,0.107842,0.439553,0.528509,0.0388792,0.240585,0.116193,0.423797,0.235375,0.246976,0.261523,0.00516215,0.2666,0.395441,0.183051,0.180969,0.0948142,0.167498,0.497633,0.321806,0.429999,0.26567,0.025892,0.127302,0.102881,0.268365,0.257864,0.472838,0.526134
10338.650836,0.452611,0.326949,0.275778,0.826364,0.225399,0.100921,0.436015,0.527989,0.0348349,0.239214,0.116261,0.41914,0.234485,0.244638,0.258181,0.001084,0.263779,0.393145,0.178815,0.177368,0.09094,0.165239,0.498234,0.324431,0.442317,0.276333,0.0217105,0.126173,0.102898,0.270995,0.263694,0.468376,0.528459
10358.609621,0.446465,0.31923,0.273431,0.829058,0.232615,0.0961978,0.432362,0.524769,0.0318322,0.237763,0.115368,0.413487,0.233033,0.243159,0.25821,0.0,0.261923,0.39255,0.174716,0.173128,0.086625,0.162919,0.499467,0.325968,0.4569,0.286966,0.019095,0.124554,0.10254,0.273333,0.270411,0.466195,0.532452
10378.645616,0.439631,0.312087,0.269543,0.82873,0.23899,0.0935408,0.426601,0.517251,0.0281509,0.236504,0.114671,0.407158,0.229617,0.242775,0.261123,0.00175008,0.261839,0.389697,0.168211,0.168907,0.0822324,0.159362,0.502043,0.327244,0.473272,0.29769,0.0169867,0.122234,0.101412,0.275263,0.275923,0.462715,0.536429
10398.75927,0.432476,0.30722,0.265212,0.825521,0.246267,0.0914727,0.42454,0.510261,0.0242556,0.235404,0.115678,0.402222,0.226555,0.245606,0.266923,0.00685582,0.264436,0.389614,0.162729,0.166292,0.0780509,0.154649,0.506709,0.332162,0.490277,0.307853,0.0142108,0.120472,0.0997278,0.278846,0.281601,0.46003,0.539626
10418.951036,0.425901,0.302654,0.260512,0.816839,0.250841,0.0906859,0.423822,0.499316,0.0201943,0.23342,0.117799,0.399229,0.223842,0.249915,0.272693,0.012667,0.265338,0.389459,0.15867,0.163397,0.0728594,0.149346,0.50974,0.338341,0.506504,0.317147,0.0110738,0.11823,0.0961785,0.283827,0.286226,0.460209,0.540822
10439.221369,0.421283,0.298244,0.255849,0.811007,0.253432,0.0920548,0.420469,0.489093,0.0169004,0.231647,0.122053,0.39807,0.221588,0.254637,0.27801,0.0188122,0.265941,0.385189,0.154472,0.161508,0.0668791,0.146103,0.512999,0.34592,0.523723,0.32689,0.00913106,0.116183,0.0934372,0.291169,0.291904,0.463281,0.542213
10459.570728,0.416569,0.294889,0.2499,0.805531,0.253776,0.0931606,0.415567,0.481755,0.0137859,0.229469,0.126997,0.395275,0.218408,0.259099,0.283407,0.0252081,0.26552,0.378525,0.149878,0.159416,0.0606543,0.142523,0.513719,0.34705,0.535426,0.336618,0.00762679,0.114379,0.0910327,0.297879,0.297786,0.461447,0.542098
10479.999577,0.418869,0.294594,0.243695,0.810071,0.254987,0.0957885,0.41415,0.480445,0.0122552,0.227383,0.130044,0.392691,0.217346,0.26633,0.291875,0.0316727,0.271314,0.375839,0.148143,0.157616,0.0565761,0.140676,0.519638,0.346388,0.551657,0.349739,0.00639392,0.115523,0.0889943,0.30548,0.303337,0.46455,0.545393
10500.508382,0.422492,0.294579,0.238006,0.820945,0.253743,0.0978318,0.410307,0.473935,0.0128568,0.22217,0.127177,0.393701,0.216236,0.273732,0.298634,0.0362962,0.272791,0.37417,0.147453,0.154389,0.0527302,0.138145,0.532656,0.347251,0.563916,0.358796,0.00436486,0.118015,0.0856598,0.310699,0.305753,0.469562,0.544547
10521.097614,0.421391,0.299797,0.233362,0.82173,0.250375,0.0991808,0.409904,0.465564,0.0126413,0.216178,0.125808,0.394747,0.214366,0.279624,0.303377,0.0408482,0.264725,0.373277,0.148217,0.151415,0.0490606,0.13068,0.543432,0.351395,0.560553,0.360676,0.00252317,0.119157,0.0827992,0.312129,0.305981,0.469672,0.5381
10541.767747,0.417358,0.308236,0.229062,0.807848,0.249574,0.0997952,0.412524,0.459765,0.0111268,0.211609,0.126531,0.393292,0.212292,0.282299,0.306231,0.0466322,0.258122,0.36924,0.147869,0.152061,0.0449411,0.121556,0.543827,0.359254,0.545175,0.360573,0.00194661,0.120017,0.081942,0.311777,0.308087,0.462184,0.532015
10562.519258,0.416882,0.315562,0.227021,0.792712,0.250675,0.0995004,0.413148,0.456844,0.00978592,0.20912,0.127851,0.393379,0.21126,0.284935,0.309432,0.0526542,0.256994,0.365181,0.146755,0.155972,0.0415415,0.117479,0.54235,0.36739,0.530613,0.362423,0.00194071,0.123574,0.0828073,0.313062,0.313291,0.45506,0.528114
10583.35263,0.419935,0.322551,0.226601,0.784585,0.249398,0.0980928,0.408205,0.452225,0.00836512,0.207382,0.129998,0.393092,0.209734,0.287033,0.313009,0.0580993,0.255108,0.362779,0.144458,0.159084,0.0383124,0.11683,0.544088,0.373686,0.518552,0.364387,0.00246955,0.126591,0.0832401,0.313553,0.318828,0.449201,0.52272
10604.268346,0.424483,0.331369,0.22818,0.785918,0.250194,0.0977322,0.40249,0.451799,0.00830737,0.207014,0.134086,0.391685,0.210164,0.288764,0.317339,0.064082,0.255007,0.36147,0.144392,0.161095,0.0358608,0.118016,0.552686,0.379423,0.50778,0.366685,0.00458185,0.129043,0.0860818,0.314512,0.326129,0.446366,0.52256
10625.266897,0.427575,0.340339,0.230386,0.786763,0.254081,0.0979046,0.398978,0.451995,0.00966072,0.20549,0.135404,0.389371,0.210826,0.288818,0.319624,0.0692318,0.255044,0.360395,0.144575,0.161479,0.0337513,0.118347,0.562227,0.385279,0.496224,0.368921,0.00700898,0.129808,0.0909464,0.314122,0.332827,0.442043,0.523196
10646.348776,0.432182,0.349107,0.232296,0.786925,0.262189,0.0983325,0.395265,0.451815,0.0111485,0.202507,0.136676,0.389113,0.211226,0.288838,0.322123,0.0731508,0.257476,0.362645,0.143321,0.161324,0.0337205,0.119455,0.570395,0.392755,0.489344,0.371754,0.00922771,0.128578,0.0967715,0.314364,0.338349,0.438102,0.52773
10667.514479,0.437418,0.3569,0.232175,0.784045,0.270123,0.0972797,0.390284,0.449609,0.0116233,0.199151,0.138251,0.389595,0.210778,0.28698,0.326295,0.0761166,0.2625,0.365062,0.13919,0.161967,0.0346136,0.119762,0.575886,0.397159,0.486906,0.373083,0.0106049,0.125686,0.0998777,0.316258,0.341745,0.433042,0.534878
10688.764508,0.444615,0.364915,0.233201,0.785487,0.277117,0.0964916,0.388433,0.451744,0.0117612,0.195417,0.142056,0.39175,0.21106,0.286497,0.331621,0.0798664,0.271798,0.369355,0.137872,0.164014,0.0338544,0.121483,0.584558,0.402777,0.488641,0.375466,0.0118668,0.123044,0.101545,0.319809,0.344799,0.431723,0.540123
10710.099367,0.45113,0.369647,0.235402,0.786998,0.280647,0.0956271,0.386164,0.452139,0.0117618,0.191807,0.145567,0.394554,0.210717,0.286426,0.335056,0.0827799,0.281676,0.37143,0.139131,0.163582,0.0320401,0.126499,0.596254,0.407444,0.491931,0.37981,0.0132845,0.120023,0.103017,0.322837,0.345868,0.429019,0.54453
10731.519566,0.459176,0.374197,0.237407,0.789663,0.285269,0.095199,0.379627,0.458059,0.0121917,0.189743,0.147893,0.398828,0.212228,0.285901,0.338464,0.0858792,0.290974,0.370086,0.139035,0.161871,0.0330199,0.132996,0.60778,0.410869,0.499312,0.385057,0.0149662,0.117746,0.10553,0.325769,0.348856,0.424532,0.551681
10753.025617,0.468138,0.379966,0.238178,0.795572,0.291,0.0928681,0.371122,0.464111,0.0122574,0.187978,0.149946,0.403856,0.215315,0.284756,0.34177,0.0885546,0.298614,0.366516,0.138405,0.159457,0.0346216,0.135919,0.614023,0.407877,0.506292,0.388643,0.0149883,0.116216,0.106407,0.327974,0.351981,0.421149,0.555331
10774.618038,0.477677,0.383502,0.240718,0.817763,0.294873,0.0887479,0.367111,0.464083,0.0133426,0.187515,0.151722,0.40993,0.219671,0.288091,0.345853,0.0903839,0.30895,0.367617,0.143232,0.156996,0.0377329,0.138838,0.625816,0.404002,0.515458,0.3912,0.0142102,0.115682,0.105403,0.332928,0.353278,0.428057,0.556079
10796.29735,0.481361,0.384405,0.243498,0.838759,0.291858,0.0806915,0.363569,0.455536,0.0142848,0.185878,0.148136,0.414344,0.221556,0.291631,0.343249,0.0892221,0.310306,0.369734,0.147542,0.154113,0.0406618,0.138046,0.638487,0.398645,0.512159,0.386016,0.0123594,0.113986,0.103178,0.335309,0.350766,0.430112,0.552527
10818.064078,0.480059,0.390442,0.244395,0.842464,0.288203,0.0717756,0.36469,0.450445,0.0118104,0.186185,0.149599,0.41642,0.223919,0.294184,0.336594,0.0886094,0.306636,0.372426,0.150031,0.155922,0.0417493,0.131281,0.645339,0.398065,0.496147,0.376446,0.0102031,0.112654,0.103352,0.335683,0.348222,0.424758,0.548146
10839.918753,0.477378,0.394716,0.24404,0.834441,0.286407,0.0633457,0.365223,0.446624,0.00800797,0.188669,0.155067,0.418177,0.227095,0.296285,0.330393,0.0887715,0.304727,0.374747,0.152863,0.161857,0.0412305,0.126312,0.645291,0.402938,0.47724,0.368432,0.00861631,0.113606,0.105464,0.336994,0.348186,0.417111,0.541856
10861.861908,0.476016,0.39596,0.244513,0.837002,0.285151,0.0550739,0.362011,0.444536,0.00569415,0.192998,0.158706,0.419363,0.232194,0.299033,0.32775,0.0903644,0.303942,0.380381,0.158303,0.166999,0.0434313,0.126843,0.646736,0.407798,0.458128,0.357097,0.00717913,0.115863,0.108657,0.341288,0.349823,0.417907,0.538083
10883.894082,0.474085,0.398112,0.24467,0.850929,0.282137,0.0472549,0.357491,0.442341,0.00454849,0.196716,0.16012,0.418025,0.235976,0.298497,0.326616,0.094207,0.299983,0.385304,0.160937,0.169316,0.0450176,0.126773,0.648766,0.410807,0.434623,0.339563,0.00608225,0.118938,0.111146,0.342824,0.352425,0.421536,0.537157
10906.015818,0.473487,0.401087,0.247298,0.86388,0.282342,0.0413269,0.357252,0.447178,0.00457925,0.200562,0.162658,0.418325,0.240565,0.300225,0.326656,0.0994667,0.296112,0.388595,0.16534,0.171508,0.04438,0.128618,0.654509,0.412434,0.411017,0.322628,0.00641008,0.122917,0.115455,0.342391,0.35513,0.428709,0.541464
10928.227663,0.473445,0.402013,0.248962,0.859262,0.2853,0.0356005,0.360241,0.453404,0.00474927,0.202563,0.162287,0.417272,0.245714,0.300709,0.325096,0.103145,0.289401,0.39112,0.169352,0.174422,0.0439363,0.131435,0.655023,0.417066,0.38853,0.306309,0.00609048,0.123092,0.120342,0.341975,0.355471,0.434885,0.542546
10950.530168,0.47337,0.403154,0.249464,0.852674,0.290157,0.0312243,0.363439,0.462698,0.0052197,0.20404,0.163838,0.415135,0.25108,0.299639,0.326546,0.103851,0.283191,0.396664,0.171317,0.180071,0.0458294,0.13565,0.656911,0.427752,0.370359,0.290962,0.00525074,0.1222,0.125916,0.3439,0.358112,0.436486,0.545407
10972.92389,0.472435,0.404159,0.249029,0.851316,0.291689,0.0281903,0.364499,0.469878,0.00586072,0.205756,0.165373,0.41195,0.252777,0.295849,0.328974,0.101285,0.280981,0.400341,0.169056,0.187185,0.0471713,0.140134,0.662113,0.433992,0.356368,0.277622,0.00483964,0.122735,0.129355,0.345842,0.360674,0.429546,0.54896
10995.40939,0.473768,0.407621,0.250688,0.853707,0.293762,0.0271355,0.366889,0.4807,0.00723994,0.207156,0.167205,0.409379,0.253108,0.293578,0.329702,0.0972114,0.284354,0.404707,0.167587,0.194024,0.0493535,0.147762,0.666612,0.440633,0.350875,0.270673,0.00544657,0.12554,0.13516,0.349067,0.362432,0.423436,0.551709
11017.987233,0.470396,0.411935,0.253291,0.847604,0.295913,0.0265087,0.368407,0.489859,0.00826317,0.208211,0.167925,0.406221,0.252853,0.290999,0.327071,0.0913485,0.28635,0.406534,0.167175,0.197414,0.0522735,0.157051,0.664003,0.44189,0.349568,0.267048,0.00572447,0.128051,0.142254,0.349653,0.364728,0.418866,0.551152
11040.657988,0.46562,0.415162,0.256647,0.837226,0.301369,0.0259794,0.367715,0.500855,0.00892124,0.210413,0.169236,0.404194,0.253285,0.290794,0.325445,0.0859854,0.289985,0.404668,0.168175,0.200824,0.0558446,0.164432,0.658606,0.437348,0.352948,0.266836,0.00604711,0.130763,0.148264,0.350609,0.370857,0.420815,0.549911
11063.422231,0.458627,0.415425,0.260684,0.830578,0.307189,0.0238588,0.368634,0.503306,0.00895944,0.211171,0.170839,0.400338,0.25177,0.291897,0.321589,0.0824767,0.296131,0.400147,0.169202,0.204294,0.0581776,0.168287,0.650132,0.427673,0.359242,0.268516,0.00646366,0.132425,0.152343,0.351846,0.37574,0.422352,0.546291
11086.280542,0.449918,0.414841,0.266777,0.836976,0.310237,0.0212156,0.372534,0.508815,0.00874186,0.211743,0.174541,0.395633,0.250879,0.296792,0.318483,0.0813456,0.306033,0.400524,0.173585,0.208288,0.0616225,0.173214,0.642401,0.416231,0.369443,0.274778,0.00723316,0.134378,0.155941,0.354052,0.380813,0.418659,0.548132
11109.233503,0.444184,0.412734,0.269831,0.844172,0.311484,0.0173,0.37037,0.518346,0.00834531,0.212993,0.176211,0.390711,0.248309,0.301578,0.315418,0.0795915,0.311361,0.40111,0.179952,0.212235,0.063159,0.174396,0.631112,0.399836,0.379315,0.283759,0.00677212,0.135651,0.159029,0.353307,0.386212,0.409971,0.552122
11132.281705,0.442623,0.410923,0.269077,0.8494,0.318217,0.011281,0.359747,0.526617,0.00780597,0.214989,0.180419,0.387634,0.246035,0.306482,0.316886,0.0808654,0.312873,0.405007,0.1929,0.215746,0.0640935,0.170676,0.616121,0.385345,0.392635,0.295055,0.00549836,0.136147,0.162281,0.352465,0.389977,0.404796,0.554983
11155.425742,0.440777,0.408069,0.266461,0.85051,0.323844,0.00409529,0.341724,0.521948,0.00743586,0.215913,0.183549,0.384183,0.245012,0.310242,0.323396,0.0858985,0.312959,0.407403,0.208185,0.215545,0.0654765,0.166166,0.592743,0.369157,0.408077,0.306537,0.00515468,0.134564,0.162012,0.349336,0.391369,0.402967,0.554746
11178.666212,0.441904,0.408009,0.264081,0.85562,0.326895,0.00869936,0.324396,0.521196,0.00850749,0.217751,0.182383,0.381765,0.245568,0.31525,0.334159,0.0969207,0.318103,0.408344,0.222483,0.212758,0.0671808,0.164089,0.564595,0.34848,0.421594,0.31625,0.00652935,0.13327,0.161106,0.347646,0.394267,0.409208,0.559787
11202.00372,0.443012,0.410983,0.261784,0.856384,0.326124,0.029129,0.310501,0.524819,0.0115773,0.218077,0.177105,0.381906,0.244236,0.319053,0.345014,0.11293,0.321658,0.405943,0.230527,0.210784,0.0636564,0.162663,0.532262,0.320565,0.431705,0.325052,0.00843705,0.132796,0.158869,0.34497,0.397799,0.412215,0.561645
11225.438874,0.445386,0.414608,0.260556,0.85121,0.326091,0.0650409,0.299819,0.52696,0.0176498,0.217759,0.172197,0.384039,0.247948,0.323312,0.355644,0.131009,0.324847,0.404041,0.239602,0.211217,0.0584955,0.163101,0.503761,0.291167,0.442179,0.336725,0.0112766,0.130665,0.156582,0.342684,0.401524,0.416243,0.560978
11248.972289,0.448438,0.415208,0.258973,0.832761,0.322735,0.111902,0.288817,0.520032,0.0261535,0.215427,0.165813,0.383737,0.255756,0.321127,0.36344,0.146856,0.323258,0.403009,0.242829,0.210218,0.0561579,0.161698,0.475873,0.264151,0.451535,0.346733,0.0127794,0.124544,0.153013,0.342646,0.400271,0.418265,0.558628
11272.604584,0.45341,0.415533,0.257526,0.823256,0.318422,0.162954,0.275727,0.513886,0.0372389,0.213565,0.164534,0.383319,0.264325,0.316636,0.377375,0.159021,0.317033,0.40365,0.243942,0.210771,0.0558644,0.160045,0.454788,0.243611,0.463284,0.354906,0.0130531,0.121496,0.151744,0.345644,0.399377,0.417646,0.558044
11296.336383,0.457625,0.415428,0.254927,0.82084,0.311567,0.208983,0.256636,0.501489,0.0489628,0.210433,0.163908,0.383929,0.269849,0.308564,0.387973,0.168438,0.30785,0.399865,0.242877,0.209883,0.0540272,0.158831,0.434875,0.224203,0.472883,0.358883,0.0130749,0.120213,0.150188,0.345819,0.399071,0.41486,0.556692
11320.168316,0.465535,0.416644,0.252907,0.817219,0.305719,0.250629,0.234237,0.492527,0.0610242,0.208056,0.164666,0.386472,0.273106,0.299716,0.395734,0.178701,0.307747,0.395814,0.239936,0.206821,0.0520316,0.158541,0.412081,0.207125,0.487067,0.362818,0.0135537,0.120088,0.149841,0.349538,0.398448,0.417954,0.553056
11344.101018,0.46979,0.417934,0.249638,0.812706,0.296549,0.289998,0.209731,0.48504,0.0717072,0.206959,0.164852,0.385242,0.268553,0.290385,0.402233,0.189133,0.307324,0.391336,0.237556,0.203613,0.0477276,0.155331,0.393884,0.187462,0.500856,0.36626,0.0137071,0.119881,0.148554,0.352352,0.39755,0.421608,0.543609
11368.13513,0.470552,0.417725,0.246519,0.812949,0.287761,0.3307,0.187533,0.482929,0.0792631,0.206039,0.168411,0.383514,0.26039,0.284523,0.404673,0.20013,0.307575,0.386204,0.244489,0.203219,0.0460421,0.15136,0.386599,0.170972,0.512758,0.368818,0.0145323,0.120694,0.145297,0.355262,0.399532,0.428891,0.53873
11392.271298,0.470273,0.414913,0.243784,0.808569,0.27916,0.365677,0.169789,0.480619,0.0819116,0.202602,0.172049,0.383239,0.254847,0.278081,0.404794,0.208032,0.309579,0.375813,0.253626,0.201788,0.0442837,0.148505,0.377665,0.159531,0.519357,0.36757,0.0151485,0.121251,0.139169,0.357051,0.4026,0.426811,0.537449
11416.510173,0.470453,0.415654,0.241212,0.810972,0.272982,0.390648,0.157597,0.486666,0.0801057,0.200994,0.179443,0.385662,0.253797,0.274291,0.40573,0.212118,0.315236,0.368449,0.272375,0.201649,0.0432542,0.146756,0.369055,0.151139,0.525292,0.37023,0.0151365,0.121746,0.134064,0.361011,0.40903,0.418235,0.540161
11440.852412,0.465664,0.417792,0.235608,0.816531,0.269317,0.400099,0.147231,0.490934,0.0742378,0.201267,0.184454,0.384758,0.248555,0.270366,0.400834,0.211463,0.315568,0.364854,0.293841,0.201116,0.0422524,0.141275,0.363288,0.142898,0.532677,0.375395,0.0140958,0.120036,0.126768,0.361832,0.415605,0.417756,0.534243
11465.298678,0.462317,0.421604,0.230589,0.822706,0.273617,0.397726,0.143012,0.49772,0.0655557,0.200518,0.187884,0.379278,0.243523,0.268238,0.397585,0.209434,0.314229,0.368957,0.313295,0.199431,0.0436632,0.136941,0.359406,0.144065,0.545898,0.379925,0.0129641,0.118252,0.119655,0.362917,0.421778,0.420015,0.529606
11489.849639,0.458419,0.425718,0.227028,0.814489,0.276262,0.38847,0.143869,0.496404,0.0553789,0.198494,0.189364,0.372478,0.240265,0.269425,0.395926,0.205823,0.314528,0.370405,0.324388,0.195,0.0438261,0.13618,0.354871,0.147048,0.556713,0.381653,0.012159,0.115453,0.114125,0.366161,0.426399,0.415625,0.525231
11514.505968,0.454233,0.430653,0.226141,0.802194,0.278511,0.383415,0.153109,0.498813,0.0456015,0.198027,0.189081,0.371092,0.236431,0.280352,0.393008,0.204347,0.31982,0.375496,0.333258,0.19395,0.0424957,0.140186,0.355395,0.148838,0.563255,0.387052,0.0117305,0.115534,0.112862,0.375354,0.432138,0.414211,0.517578
11539.268347,0.447089,0.432795,0.225612,0.792492,0.279011,0.378498,0.172616,0.506165,0.0350479,0.197405,0.185914,0.3704,0.230014,0.289441,0.383902,0.203801,0.319308,0.38274,0.33604,0.196095,0.0394488,0.141987,0.35527,0.147902,0.566496,0.394446,0.0113489,0.115731,0.111173,0.382231,0.438175,0.408492,0.50824
11564.137459,0.43934,0.429728,0.226027,0.795401,0.280516,0.370425,0.199101,0.505219,0.0259883,0.197824,0.183636,0.369156,0.231182,0.292844,0.376025,0.205179,0.318016,0.39217,0.335045,0.197843,0.040165,0.142988,0.357765,0.149126,0.569904,0.404339,0.0114792,0.115889,0.110813,0.386428,0.446699,0.405636,0.50888
11589.113998,0.430835,0.420447,0.226729,0.790335,0.287097,0.352202,0.226129,0.490842,0.0205077,0.196092,0.182077,0.36862,0.235974,0.293959,0.368668,0.206865,0.313586,0.398822,0.327054,0.19743,0.0437046,0.144961,0.358871,0.151566,0.566606,0.410432,0.0110302,0.116838,0.1128,0.38735,0.449693,0.405613,0.511365
11614.19866,0.427972,0.407015,0.230489,0.7915,0.296439,0.319566,0.252286,0.487467,0.0179141,0.196237,0.184236,0.370789,0.238484,0.295624,0.366066,0.210479,0.31097,0.403125,0.331821,0.198739,0.0465741,0.150659,0.358266,0.156253,0.564018,0.417335,0.0113756,0.12028,0.120501,0.389805,0.454493,0.404909,0.514342
11639.39215,0.424284,0.388273,0.234775,0.795903,0.300826,0.282303,0.273586,0.484091,0.0174107,0.196394,0.181407,0.375162,0.239222,0.291848,0.364337,0.213487,0.306338,0.401537,0.343659,0.197211,0.043662,0.155587,0.355678,0.159585,0.566695,0.425551,0.0137255,0.121966,0.128062,0.389943,0.460715,0.400894,0.518612
11664.695176,0.419915,0.36961,0.239993,0.799586,0.309658,0.26796,0.292917,0.483535,0.0202329,0.196341,0.177611,0.385096,0.239817,0.294892,0.365833,0.218781,0.316395,0.399957,0.346936,0.196659,0.0434184,0.158495,0.354639,0.161563,0.579776,0.435131,0.0190874,0.125993,0.134806,0.394671,0.468232,0.406523,0.52327
11690.108455,0.408678,0.352873,0.245534,0.79204,0.317232,0.272456,0.30907,0.480646,0.0232727,0.194739,0.173878,0.394295,0.234707,0.299748,0.365286,0.225984,0.331537,0.395835,0.345077,0.198908,0.0487147,0.158456,0.356504,0.16036,0.590369,0.441685,0.0261263,0.132209,0.138469,0.396752,0.473939,0.411543,0.526213
11715.632709,0.398921,0.339545,0.252847,0.789991,0.321937,0.284336,0.323909,0.492634,0.0258125,0.195598,0.180052,0.404941,0.235629,0.304611,0.366193,0.229886,0.347203,0.391972,0.360006,0.203331,0.057014,0.161412,0.357821,0.161855,0.59155,0.44638,0.0346125,0.13859,0.140368,0.396669,0.480112,0.419018,0.5345
11741.268667,0.391971,0.326592,0.258277,0.790294,0.317732,0.289536,0.332381,0.513187,0.0281636,0.197716,0.183394,0.412947,0.242007,0.302036,0.369103,0.228038,0.359433,0.385983,0.374068,0.205829,0.0600715,0.163132,0.352664,0.163125,0.585715,0.44632,0.0424767,0.141228,0.140823,0.395493,0.486488,0.421053,0.539369
11767.017063,0.384141,0.316044,0.264536,0.803441,0.314243,0.290604,0.344321,0.530278,0.0302154,0.201889,0.184254,0.414768,0.247056,0.299258,0.367822,0.230527,0.371795,0.386419,0.384232,0.211941,0.0637153,0.164998,0.351403,0.163779,0.590034,0.450774,0.0512287,0.141533,0.143691,0.398304,0.494226,0.423117,0.539986
11792.878639,0.370323,0.305387,0.271484,0.822835,0.315473,0.286399,0.356418,0.534752,0.0322086,0.205021,0.181822,0.406239,0.244918,0.300995,0.360286,0.234274,0.376369,0.396117,0.385238,0.218305,0.0661319,0.168472,0.351278,0.168667,0.599996,0.45244,0.0591908,0.141487,0.144719,0.399403,0.498551,0.424571,0.534633
11818.854142,0.361317,0.29642,0.278724,0.839067,0.319794,0.281377,0.367128,0.543276,0.0347841,0.207722,0.184071,0.391365,0.247758,0.31171,0.35926,0.237305,0.380612,0.414528,0.400213,0.22503,0.0701377,0.173615,0.348227,0.184272,0.615952,0.452691,0.0658701,0.144644,0.146833,0.409927,0.502177,0.423332,0.539376
11844.944328,0.350745,0.288062,0.284297,0.846262,0.320259,0.270636,0.375556,0.547687,0.0361443,0.208584,0.185585,0.374816,0.252764,0.319476,0.359898,0.238335,0.383762,0.430701,0.421229,0.229599,0.0734172,0.175506,0.341535,0.193595,0.625819,0.45501,0.0706825,0.145536,0.147584,0.426477,0.507663,0.415657,0.540423
11871.149957,0.339392,0.281729,0.292369,0.859744,0.321193,0.253777,0.385243,0.551928,0.0371545,0.211759,0.187732,0.368511,0.254548,0.323749,0.359316,0.243169,0.383682,0.44997,0.43911,0.233248,0.0754775,0.173973,0.337607,0.199692,0.639938,0.463502,0.074234,0.14737,0.146433,0.440198,0.517374,0.410534,0.534972
11897.471797,0.327128,0.274214,0.29762,0.865859,0.318114,0.229455,0.393151,0.544605,0.036359,0.216156,0.190767,0.371025,0.250053,0.325969,0.353121,0.249275,0.371047,0.462312,0.44276,0.232579,0.0768638,0.164243,0.336788,0.207842,0.651853,0.468868,0.0756231,0.14738,0.139928,0.445209,0.52366,0.400886,0.532011
11923.910623,0.316882,0.267624,0.302823,0.87,0.316254,0.201053,0.398802,0.524007,0.0368528,0.22323,0.191585,0.378817,0.248491,0.332033,0.348032,0.256535,0.363088,0.467846,0.443337,0.23354,0.0813951,0.156285,0.341955,0.220086,0.660105,0.471277,0.0750919,0.149429,0.135732,0.449186,0.532522,0.396102,0.538005
11950.467217,0.31184,0.262849,0.306158,0.862368,0.316746,0.166868,0.399601,0.499492,0.0385865,0.228226,0.186782,0.386326,0.241868,0.336932,0.340352,0.262167,0.350039,0.462035,0.441988,0.236877,0.0820178,0.150915,0.343068,0.231056,0.661299,0.470297,0.0740279,0.150771,0.133659,0.455995,0.54202,0.392715,0.541462
11977.142367,0.317954,0.262866,0.309851,0.853146,0.31949,0.138154,0.398934,0.483463,0.040004,0.234177,0.182889,0.394374,0.233151,0.338225,0.337101,0.271664,0.344439,0.456504,0.45038,0.238571,0.0823596,0.152788,0.339612,0.238048,0.665971,0.478644,0.0739432,0.14806,0.137115,0.467041,0.553703,0.395515,0.550228
12003.936869,0.322851,0.266646,0.312725,0.826525,0.318958,0.125982,0.39547,0.467316,0.0398564,0.235544,0.174374,0.40094,0.228704,0.330493,0.335257,0.278656,0.351782,0.449149,0.454243,0.234161,0.0838736,0.152805,0.329504,0.239149,0.674185,0.488709,0.0738676,0.140768,0.14193,0.478028,0.560992,0.397764,0.556711
12030.851525,0.329133,0.280624,0.319887,0.795652,0.327028,0.131367,0.396937,0.470182,0.040092,0.230716,0.171344,0.41016,0.230026,0.329735,0.331409,0.28395,0.374215,0.438403,0.441033,0.233058,0.0928814,0.15591,0.319119,0.236347,0.685542,0.497375,0.0744524,0.138887,0.144395,0.501389,0.573206,0.406021,0.560954
12057.887146,0.339038,0.301371,0.328173,0.75275,0.331345,0.135163,0.394701,0.471973,0.0411761,0.223296,0.173301,0.417217,0.230618,0.327306,0.324329,0.283545,0.393985,0.420654,0.414855,0.232894,0.0991895,0.160318,0.307926,0.220704,0.682894,0.498456,0.0724731,0.139775,0.145469,0.521768,0.585869,0.408168,0.561025
12085.04455,0.358681,0.326034,0.335213,0.736908,0.333821,0.13897,0.390989,0.477254,0.0439522,0.221917,0.175256,0.421691,0.237917,0.325767,0.321199,0.277509,0.412041,0.411404,0.401512,0.234388,0.099576,0.166768,0.292929,0.197356,0.68013,0.495613,0.0695835,0.142884,0.151158,0.53788,0.598266,0.414389,0.559886
12112.32456,0.37867,0.34744,0.335996,0.73612,0.328767,0.13986,0.385795,0.477724,0.045559,0.221257,0.168548,0.4213,0.243455,0.321413,0.31468,0.271928,0.432065,0.40653,0.386726,0.236774,0.0997117,0.17274,0.273404,0.163712,0.680811,0.487434,0.0681245,0.142191,0.154839,0.547256,0.608938,0.415701,0.550954
12139.728009,0.395836,0.362508,0.334558,0.74507,0.328225,0.141981,0.387277,0.479761,0.0478943,0.220162,0.168563,0.417172,0.2485,0.321673,0.309413,0.279887,0.459625,0.414375,0.370329,0.241967,0.105724,0.181923,0.262476,0.132347,0.683015,0.489786,0.0712927,0.140579,0.160834,0.561167,0.621054,0.422486,0.543123
12167.255737,0.406662,0.369969,0.327992,0.759566,0.331311,0.144162,0.383323,0.480237,0.0502676,0.216168,0.17587,0.407079,0.255801,0.327177,0.307714,0.2903,0.471997,0.437366,0.361373,0.245923,0.109597,0.191897,0.253636,0.112627,0.67842,0.496719,0.0755864,0.13829,0.159533,0.572381,0.628676,0.432903,0.535225
12194.908591,0.417373,0.375713,0.31628,0.783244,0.335729,0.150947,0.382197,0.496765,0.052725,0.215544,0.186065,0.398158,0.269014,0.337955,0.308904,0.29895,0.47503,0.465168,0.378236,0.249287,0.115981,0.19971,0.241373,0.0963761,0.685159,0.505487,0.0823384,0.137853,0.157301,0.582876,0.633985,0.447576,0.533714
12222.687425,0.425122,0.379105,0.300492,0.798988,0.338609,0.155979,0.38735,0.513319,0.0545451,0.215634,0.18558,0.391319,0.28161,0.336858,0.307583,0.301311,0.475223,0.484452,0.39166,0.245224,0.120715,0.200858,0.229935,0.0728145,0.69168,0.508657,0.0882599,0.133199,0.165062,0.585957,0.638591,0.45795,0.532824
12250.593104,0.426925,0.38212,0.287367,0.815159,0.346449,0.159561,0.401422,0.528437,0.0568171,0.218827,0.185091,0.395774,0.295567,0.339493,0.314122,0.305229,0.474364,0.500516,0.39437,0.23645,0.125388,0.197611,0.232568,0.0626028,0.710935,0.50998,0.093064,0.128848,0.178012,0.586042,0.646686,0.465181,0.534397
12278.626498,0.418468,0.379545,0.273497,0.817823,0.353339,0.163885,0.413763,0.529283,0.0587555,0.223598,0.190427,0.402681,0.300105,0.348808,0.319999,0.308749,0.464257,0.503272,0.389757,0.227966,0.12658,0.186841,0.24196,0.0740643,0.72071,0.508645,0.097059,0.128801,0.185309,0.585012,0.648075,0.459465,0.531387
12306.788485,0.409554,0.371894,0.262627,0.833279,0.365916,0.168803,0.423174,0.528608,0.0620732,0.235463,0.198657,0.410315,0.305421,0.354396,0.328602,0.312789,0.449752,0.495902,0.399176,0.227811,0.127503,0.179847,0.252136,0.0999423,0.722576,0.513507,0.101717,0.1338,0.191487,0.584253,0.651909,0.465275,0.533653
12335.079953,0.400071,0.361408,0.252968,0.844821,0.374291,0.167695,0.425862,0.524401,0.0640707,0.243311,0.200257,0.416757,0.303056,0.349127,0.332724,0.315093,0.41817,0.481473,0.398285,0.229474,0.124609,0.17286,0.261888,0.12595,0.715294,0.518947,0.107292,0.13343,0.198396,0.578567,0.654614,0.467533,0.536329
12363.501796,0.392183,0.355345,0.246234,0.8561,0.382381,0.167372,0.430051,0.520604,0.066501,0.247839,0.200462,0.426788,0.296923,0.351925,0.34017,0.321366,0.409816,0.474388,0.387614,0.230826,0.124506,0.176799,0.275222,0.155574,0.703717,0.528726,0.114386,0.128896,0.209792,0.578038,0.655843,0.471718,0.543702
12392.054918,0.376913,0.347621,0.244847,0.854441,0.384821,0.167262,0.436424,0.515519,0.0673949,0.248639,0.197518,0.43066,0.294801,0.35058,0.346174,0.328283,0.412817,0.457005,0.382476,0.229294,0.128226,0.18059,0.282584,0.180823,0.686534,0.533357,0.118751,0.123363,0.212996,0.578243,0.649441,0.459209,0.540496
12420.74023,0.366526,0.341669,0.252583,0.860063,0.393333,0.167925,0.444528,0.530559,0.0698692,0.249349,0.199021,0.431994,0.302063,0.352601,0.353829,0.334774,0.406324,0.430385,0.387062,0.23517,0.134087,0.18378,0.292829,0.201437,0.672136,0.531851,0.121041,0.126827,0.215283,0.587779,0.649687,0.440464,0.538856
12449.558653,0.357169,0.336187,0.26159,0.85053,0.395808,0.169874,0.441884,0.524603,0.0736161,0.2484,0.197073,0.429559,0.30679,0.350883,0.357119,0.329555,0.4045,0.398159,0.385715,0.242783,0.130135,0.181227,0.301249,0.211963,0.651128,0.52039,0.120451,0.133131,0.221895,0.586706,0.647569,0.43328,0.538105
12478.511115,0.346339,0.334292,0.272588,0.850006,0.39673,0.177575,0.442961,0.499488,0.078463,0.24994,0.192777,0.430483,0.309906,0.352592,0.356775,0.326296,0.418971,0.384264,0.402441,0.251091,0.128505,0.179747,0.31094,0.219557,0.641978,0.50814,0.119682,0.14142,0.230262,0.585291,0.646332,0.439338,0.541507
12507.598553,0.34238,0.334123,0.280705,0.846127,0.386243,0.179493,0.443225,0.46808,0.0815504,0.25043,0.191164,0.43517,0.303827,0.349368,0.354571,0.32849,0.438714,0.386418,0.420955,0.257907,0.131225,0.178219,0.320455,0.219368,0.62393,0.492612,0.11859,0.143202,0.227686,0.587765,0.643335,0.429553,0.544024
12536.821914,0.341606,0.330422,0.28857,0.845424,0.373757,0.181282,0.43665,0.450311,0.0852153,0.250309,0.196651,0.445816,0.297732,0.341012,0.364223,0.339891,0.466627,0.401269,0.429589,0.269072,0.13546,0.186361,0.338094,0.218575,0.605189,0.486616,0.119664,0.145505,0.22122,0.597455,0.645686,0.424165,0.557879
12566.182152,0.337887,0.320753,0.292945,0.841147,0.358557,0.180872,0.415524,0.427768,0.0855654,0.244162,0.192547,0.456361,0.292485,0.333146,0.3673,0.348719,0.486438,0.417144,0.42737,0.278205,0.133451,0.206371,0.350064,0.217365,0.594088,0.477753,0.120404,0.147971,0.210424,0.59588,0.642988,0.420851,0.569415
12595.680232,0.348705,0.317632,0.294307,0.854485,0.349272,0.182573,0.403822,0.416534,0.0854344,0.243041,0.187771,0.473842,0.295704,0.340759,0.361646,0.356892,0.498064,0.440289,0.432502,0.285233,0.133878,0.230609,0.35701,0.21851,0.603913,0.46119,0.121654,0.149537,0.207123,0.595468,0.638389,0.421686,0.594654
12625.317127,0.359626,0.319771,0.289902,0.860681,0.337978,0.183829,0.408,0.41768,0.0848505,0.244736,0.180128,0.48252,0.300913,0.344632,0.353397,0.355058,0.504697,0.461909,0.431731,0.287686,0.131516,0.247368,0.362103,0.221855,0.616644,0.440775,0.119103,0.144517,0.21142,0.595759,0.634694,0.420724,0.630361
12655.093818,0.368137,0.324245,0.286239,0.864931,0.341657,0.189046,0.427029,0.436689,0.0846162,0.248281,0.174846,0.480416,0.308025,0.351313,0.360082,0.35795,0.503775,0.48304,0.427228,0.291487,0.139022,0.258915,0.3672,0.237352,0.63815,0.429843,0.115983,0.142963,0.220679,0.603117,0.639575,0.428415,0.660172
12685.011297,0.371712,0.324172,0.279858,0.864283,0.345308,0.197957,0.435645,0.453975,0.0835753,0.25232,0.176907,0.469952,0.303571,0.353566,0.370941,0.369505,0.497485,0.4895,0.415558,0.289221,0.145192,0.259039,0.361804,0.257367,0.64719,0.42678,0.11335,0.143897,0.227658,0.609118,0.642681,0.434305,0.666304
12715.070566,0.380784,0.321005,0.273507,0.872092,0.347257,0.203135,0.443419,0.466919,0.0822039,0.259087,0.187941,0.482094,0.307986,0.349442,0.384807,0.38813,0.486813,0.489567,0.420726,0.289635,0.151647,0.261041,0.362442,0.271875,0.650638,0.430234,0.113144,0.145858,0.23445,0.614372,0.650204,0.458622,0.670555
12745.272633,0.389681,0.316705,0.267712,0.865796,0.337997,0.198071,0.453773,0.480603,0.0791305,0.259456,0.18484,0.493861,0.309335,0.346205,0.388684,0.401297,0.469648,0.491502,0.417148,0.293839,0.153173,0.264419,0.367867,0.268348,0.646652,0.422197,0.112784,0.141207,0.2355,0.606434,0.658328,0.471447,0.664037
12775.618521,0.398582,0.320026,0.263208,0.870361,0.327979,0.200323,0.463347,0.513298,0.0785663,0.261194,0.17701,0.499964,0.305981,0.356936,0.398339,0.410249,0.472501,0.4975,0.40204,0.299874,0.152492,0.272302,0.371713,0.268693,0.649057,0.43289,0.113006,0.134715,0.235616,0.609298,0.669582,0.487761,0.65392
12806.109257,0.395582,0.321609,0.259634,0.87129,0.31776,0.209452,0.46408,0.537884,0.0770057,0.263496,0.175298,0.492093,0.303513,0.359071,0.403821,0.410257,0.478729,0.484133,0.394653,0.29603,0.155799,0.263045,0.367858,0.266688,0.648113,0.457552,0.11232,0.129143,0.228015,0.611933,0.668758,0.501276,0.635641
12836.745882,0.393388,0.323241,0.259278,0.874351,0.319067,0.219597,0.466998,0.566272,0.0770176,0.268387,0.178554,0.483345,0.308689,0.359752,0.413319,0.418645,0.485529,0.471588,0.408003,0.293981,0.168836,0.243194,0.374265,0.264595,0.644491,0.476119,0.114572,0.131589,0.223523,0.614346,0.662448,0.519445,0.62259
12867.529445,0.389094,0.324455,0.259677,0.855847,0.325477,0.223911,0.465782,0.566817,0.0782427,0.26532,0.172745,0.477088,0.309167,0.349194,0.417607,0.425345,0.48992,0.466669,0.430655,0.290774,0.172614,0.223814,0.378411,0.257728,0.634527,0.483286,0.116443,0.133406,0.219066,0.606463,0.653626,0.517247,0.609093
12898.461006,0.385984,0.33295,0.269845,0.835946,0.341464,0.232298,0.463701,0.548199,0.0807697,0.26395,0.173611,0.482444,0.305753,0.335944,0.419999,0.431363,0.499174,0.471935,0.46308,0.287997,0.179999,0.210138,0.390926,0.249985,0.633905,0.489318,0.116023,0.134242,0.214026,0.59961,0.650805,0.504102,0.600594
12929.541634,0.393508,0.343922,0.278972,0.812346,0.346511,0.234158,0.455199,0.525182,0.080537,0.262303,0.177733,0.483659,0.297141,0.309388,0.415118,0.433428,0.513085,0.459061,0.480839,0.285006,0.18401,0.201767,0.406363,0.233753,0.620313,0.483984,0.113799,0.133787,0.201507,0.58538,0.641518,0.488537,0.582655
12960.772411,0.402843,0.347401,0.286715,0.795155,0.352302,0.231913,0.446961,0.507705,0.084485,0.258717,0.178837,0.475853,0.291688,0.290752,0.415912,0.439114,0.534487,0.443322,0.477683,0.289259,0.18893,0.207483,0.427231,0.224155,0.613368,0.482188,0.116772,0.138398,0.193004,0.572967,0.637683,0.49627,0.581942
12992.154427,0.401245,0.346945,0.289629,0.79415,0.363211,0.221331,0.427008,0.484897,0.0901643,0.248101,0.172971,0.467453,0.290462,0.287268,0.409888,0.436259,0.536673,0.438454,0.458671,0.292863,0.187721,0.209924,0.438076,0.226413,0.6096,0.477205,0.121278,0.139349,0.186228,0.554032,0.63465,0.506443,0.582916
13023.688782,0.406992,0.35546,0.292921,0.810957,0.378293,0.218311,0.425843,0.478992,0.0981253,0.237711,0.17202,0.467721,0.302504,0.298708,0.412427,0.431142,0.525612,0.458376,0.444863,0.301992,0.191261,0.2209,0.457254,0.240866,0.62529,0.470736,0.126596,0.138468,0.189204,0.551483,0.639401,0.530848,0.593903
13055.376589,0.410433,0.361143,0.296794,0.806185,0.378833,0.223841,0.439409,0.47193,0.102681,0.228478,0.160801,0.455652,0.308607,0.298637,0.42401,0.427618,0.484349,0.473104,0.420577,0.304315,0.193642,0.227788,0.469612,0.243838,0.639592,0.458792,0.129887,0.135786,0.193874,0.55548,0.646246,0.539826,0.591414
13087.218971,0.416329,0.365499,0.30457,0.805264,0.374561,0.235661,0.458392,0.467842,0.107678,0.226619,0.153905,0.446792,0.309526,0.306333,0.442317,0.445469,0.435717,0.479283,0.419073,0.300801,0.201966,0.229843,0.475122,0.252918,0.64921,0.449965,0.130659,0.136028,0.209718,0.571945,0.654227,0.543749,0.584959
13119.217061,0.418844,0.3734,0.306138,0.807273,0.362496,0.245467,0.468043,0.453258,0.112269,0.222,0.153795,0.442909,0.30423,0.32479,0.451444,0.466604,0.411457,0.469074,0.417661,0.291629,0.196907,0.226447,0.477079,0.27036,0.64887,0.432917,0.127326,0.134451,0.22338,0.585539,0.658171,0.528228,0.576308
13151.372005,0.424845,0.391824,0.309691,0.806788,0.355414,0.249178,0.478174,0.430419,0.115892,0.223139,0.156533,0.467967,0.313751,0.346543,0.476302,0.492047,0.402438,0.469829,0.423831,0.286893,0.195547,0.231366,0.484388,0.284748,0.652711,0.422765,0.128519,0.135335,0.23208,0.606657,0.668152,0.516811,0.58656
13183.684958,0.418743,0.408653,0.311761,0.79949,0.343128,0.240944,0.474877,0.410657,0.116615,0.225038,0.143468,0.486503,0.321361,0.35271,0.49759,0.508,0.401132,0.481163,0.421032,0.281915,0.1951,0.228886,0.472832,0.284567,0.664428,0.430254,0.129497,0.129612,0.228923,0.621084,0.670025,0.511847,0.586514
13216.157088,0.414076,0.426033,0.310221,0.806256,0.333198,0.235891,0.471777,0.410105,0.117965,0.229223,0.134867,0.500202,0.323189,0.357238,0.516256,0.516262,0.429443,0.495526,0.418168,0.287047,0.192228,0.212529,0.449976,0.288969,0.692671,0.464682,0.133325,0.127095,0.226875,0.6542,0.658137,0.52113,0.598295
13248.789574,0.409349,0.433163,0.303667,0.808115,0.318914,0.227668,0.47358,0.406392,0.115844,0.234679,0.130253,0.510857,0.31999,0.357197,0.506923,0.509966,0.443706,0.485767,0.419133,0.286119,0.19016,0.180746,0.419512,0.281648,0.698775,0.485532,0.13868,0.125776,0.221329,0.681286,0.636344,0.540034,0.603761
13281.583608,0.404968,0.438651,0.303198,0.819902,0.341356,0.223563,0.482936,0.423498,0.116885,0.245154,0.129485,0.528881,0.318057,0.365537,0.501322,0.511524,0.4539,0.483813,0.443018,0.289472,0.197945,0.186391,0.395069,0.267711,0.689008,0.500925,0.142861,0.13134,0.215903,0.691298,0.630352,0.567101,0.621304
13314.540391,0.393098,0.436487,0.303574,0.817743,0.385532,0.219114,0.474146,0.443348,0.115996,0.248094,0.131263,0.549357,0.304115,0.363841,0.501048,0.494325,0.457109,0.482499,0.460581,0.293285,0.200037,0.207662,0.373388,0.250419,0.661231,0.517769,0.142348,0.133651,0.206969,0.675195,0.627719,0.563381,0.633511
13347.661138,0.389107,0.434383,0.307729,0.822211,0.423477,0.217301,0.462904,0.477448,0.115485,0.254274,0.148902,0.576728,0.288235,0.354032,0.50072,0.471076,0.480256,0.4804,0.478765,0.294701,0.209627,0.236396,0.369714,0.232952,0.666873,0.543222,0.142303,0.132193,0.219389,0.658227,0.627094,0.57408,0.639017
13380.947076,0.387409,0.427169,0.301571,0.819252,0.434035,0.203911,0.45276,0.512233,0.115503,0.255618,0.159561,0.59038,0.272065,0.330807,0.487147,0.460031,0.512713,0.454945,0.473743,0.288845,0.217553,0.265446,0.36271,0.205757,0.674919,0.558867,0.144318,0.129268,0.229744,0.627144,0.628149,0.588106,0.640685
13414.399443,0.382977,0.411972,0.29583,0.811579,0.449523,0.214051,0.448254,0.536191,0.120257,0.257207,0.163986,0.599064,0.27033,0.323452,0.508075,0.475143,0.540663,0.449435,0.450182,0.287299,0.223992,0.287071,0.353225,0.188737,0.683547,0.568068,0.151259,0.127013,0.241437,0.606081,0.647486,0.61372,0.668135
13448.019492,0.367845,0.392697,0.287682,0.812665,0.44906,0.237225,0.418754,0.536225,0.123135,0.257336,0.160768,0.603868,0.271269,0.324351,0.533457,0.475818,0.537412,0.453581,0.423945,0.28567,0.211653,0.292938,0.332456,0.173686,0.680758,0.564158,0.156244,0.115846,0.248302,0.593513,0.664821,0.624589,0.694016
13481.808485,0.367216,0.3771,0.288299,0.821935,0.432179,0.272279,0.401872,0.538744,0.12201,0.255482,0.16518,0.596503,0.278926,0.338915,0.570016,0.47992,0.524342,0.457476,0.419466,0.285797,0.197866,0.313314,0.332586,0.158635,0.696734,0.547158,0.160504,0.106305,0.262993,0.597564,0.685135,0.626616,0.703947
13515.7677,0.365713,0.357062,0.296029,0.819244,0.411025,0.303682,0.41525,0.530261,0.116405,0.246529,0.172556,0.585787,0.276142,0.334697,0.593489,0.488979,0.480043,0.435711,0.432153,0.27781,0.179691,0.313972,0.330425,0.135435,0.701983,0.525639,0.159354,0.0976212,0.26296,0.59813,0.700028,0.599234,0.678599
13549.898427,0.357719,0.345015,0.308913,0.827545,0.394176,0.332352,0.443295,0.51318,0.117194,0.244866,0.194359,0.588385,0.265875,0.327444,0.606516,0.515133,0.459356,0.433231,0.45254,0.275618,0.165767,0.3089,0.348655,0.13652,0.703677,0.516665,0.154692,0.0925887,0.25677,0.60385,0.712602,0.586209,0.675997
13584.201967,0.341027,0.34167,0.318022,0.833454,0.380325,0.348529,0.463443,0.482771,0.116241,0.241634,0.200556,0.57956,0.248228,0.326566,0.609392,0.54086,0.458246,0.436546,0.452463,0.273014,0.138436,0.304103,0.364951,0.149047,0.68866,0.490838,0.150369,0.0926766,0.248665,0.599283,0.719844,0.572324,0.678644
13618.679637,0.332034,0.351143,0.332223,0.847096,0.371938,0.357591,0.472753,0.472554,0.114555,0.247671,0.193736,0.590046,0.258381,0.326706,0.636919,0.574685,0.458372,0.4674,0.447983,0.267723,0.145506,0.304974,0.371719,0.159408,0.690716,0.469785,0.156514,0.0996532,0.250366,0.605514,0.725321,0.572513,0.684278
13653.332765,0.317404,0.357033,0.339773,0.846597,0.345313,0.337456,0.470835,0.445556,0.113127,0.24733,0.183765,0.598788,0.275786,0.302897,0.64283,0.592178,0.461056,0.492732,0.450893,0.261563,0.167399,0.282672,0.362559,0.159501,0.704074,0.464685,0.165306,0.0960116,0.250767,0.601833,0.703873,0.55923,0.664372
13688.162696,0.314523,0.368035,0.344645,0.831987,0.325242,0.330912,0.487016,0.429351,0.113597,0.249767,0.186221,0.596368,0.296241,0.303866,0.635841,0.592324,0.487402,0.507041,0.488372,0.277499,0.191534,0.246182,0.357443,0.175505,0.700921,0.471612,0.175985,0.0911394,0.253787,0.621229,0.674601,0.583126,0.676139
13723.170784,0.312992,0.367496,0.346866,0.831078,0.315614,0.342442,0.503767,0.441145,0.11088,0.251976,0.176593,0.570982,0.293766,0.304586,0.586578,0.56347,0.479948,0.510155,0.504607,0.293522,0.211531,0.217177,0.337842,0.207395,0.699101,0.477398,0.17416,0.0879323,0.244694,0.629221,0.658308,0.608333,0.676786
13758.358401,0.306943,0.367849,0.353067,0.848519,0.351765,0.379474,0.530237,0.473358,0.115648,0.26039,0.16408,0.551863,0.298496,0.299895,0.539839,0.530985,0.481282,0.540604,0.50538,0.313534,0.240457,0.234689,0.341789,0.253374,0.707328,0.50997,0.169415,0.0914797,0.231638,0.62238,0.664977,0.63308,0.673732
13793.726932,0.291932,0.375876,0.348623,0.845991,0.373015,0.438871,0.541369,0.49737,0.120128,0.258957,0.141582,0.530266,0.30302,0.27113,0.515681,0.48939,0.489714,0.565735,0.479027,0.325109,0.265483,0.245733,0.389644,0.28679,0.717685,0.533537,0.16209,0.092931,0.219445,0.622491,0.67655,0.630968,0.655744
13829.277774,0.288369,0.392265,0.347489,0.852658,0.364309,0.518125,0.5731,0.543517,0.121925,0.25824,0.134346,0.525344,0.310317,0.254468,0.491591,0.464662,0.519529,0.605756,0.461895,0.335242,0.291233,0.262092,0.439722,0.306616,0.774576,0.548855,0.161601,0.102975,0.256877,0.64218,0.706121,0.620993,0.646005
13865.012342,0.272516,0.398174,0.335748,0.834815,0.343302,0.576541,0.589779,0.548575,0.120617,0.254722,0.127995,0.536059,0.324704,0.281744,0.464858,0.454515,0.518599,0.624016,0.405196,0.339504,0.297064,0.265996,0.453273,0.305625,0.80953,0.547646,0.170649,0.105118,0.27805,0.655556,0.729116,0.600311,0.629405
13900.932063,0.26087,0.409986,0.323864,0.813388,0.340285,0.671778,0.593263,0.536088,0.124959,0.254585,0.136046,0.543894,0.349604,0.355692,0.494684,0.46282,0.503013,0.636091,0.368107,0.361286,0.284611,0.265803,0.450711,0.295991,0.839198,0.548434,0.179126,0.102631,0.289982,0.677374,0.751176,0.590081,0.65769
13937.03838,0.256126,0.42163,0.309565,0.797826,0.320614,0.741536,0.566903,0.507182,0.126285,0.248575,0.143238,0.537273,0.351483,0.411503,0.50331,0.462574,0.456659,0.608289,0.356473,0.387688,0.270162,0.261804,0.439595,0.265373,0.855514,0.537137,0.179703,0.096683,0.301822,0.681568,0.771232,0.569056,0.68269
13973.33275,0.266641,0.428551,0.306825,0.818599,0.322593,0.774591,0.547295,0.505696,0.124053,0.240295,0.169179,0.539668,0.339286,0.443332,0.517313,0.500052,0.418774,0.570532,0.385991,0.404078,0.261181,0.260772,0.441839,0.236788,0.86966,0.52228,0.18956,0.106606,0.315807,0.676717,0.794048,0.570397,0.69145
14009.816648,0.267236,0.417746,0.306582,0.813588,0.328084,0.764975,0.547894,0.486577,0.12224,0.219134,0.192838,0.540751,0.302235,0.445202,0.532336,0.541002,0.388408,0.522316,0.409643,0.388161,0.219644,0.243307,0.425426,0.203071,0.85385,0.512242,0.199905,0.117228,0.312328,0.659169,0.808171,0.586959,0.661426
14046.49156,0.281461,0.410937,0.309282,0.809069,0.332132,0.75972,0.541604,0.476691,0.129647,0.212331,0.221506,0.55399,0.2798,0.447024,0.565956,0.595373,0.385937,0.496681,0.419772,0.38265,0.171953,0.234159,0.408918,0.175577,0.825957,0.50611,0.211378,0.132421,0.320857,0.645042,0.829661,0.617563,0.675581
14083.358992,0.294214,0.411864,0.300332,0.807026,0.32279,0.731952,0.516564,0.477492,0.134028,0.206153,0.234294,0.57831,0.26836,0.446197,0.572587,0.631361,0.361851,0.458533,0.428108,0.373313,0.143121,0.228516,0.375151,0.138313,0.789914,0.460664,0.225153,0.144187,0.323793,0.62297,0.836224,0.622168,0.686463
14120.420463,0.305213,0.430861,0.290199,0.824917,0.317003,0.68216,0.485613,0.507458,0.142628,0.20557,0.242862,0.610444,0.288692,0.44436,0.599772,0.648437,0.353519,0.452569,0.481512,0.360876,0.182211,0.22881,0.343792,0.145791,0.794353,0.445693,0.244217,0.154083,0.325426,0.605716,0.834204,0.628573,0.697059
14157.677509,0.30172,0.440327,0.282524,0.822033,0.299177,0.585326,0.438412,0.503474,0.150961,0.204023,0.243017,0.6051,0.299196,0.421553,0.619967,0.621836,0.351427,0.44254,0.519168,0.342173,0.216153,0.195519,0.313001,0.164763,0.782664,0.488751,0.250464,0.14649,0.314408,0.567055,0.797471,0.633613,0.679527
14195.131682,0.30984,0.441269,0.282043,0.831118,0.298598,0.51104,0.396574,0.523309,0.156524,0.21604,0.241237,0.592218,0.310822,0.413332,0.630785,0.5964,0.372369,0.445599,0.572383,0.33623,0.235329,0.187335,0.286893,0.203432,0.744967,0.565618,0.246375,0.132425,0.293542,0.564365,0.766086,0.674598,0.681186
14232.784551,0.315062,0.418112,0.285739,0.81089,0.311843,0.445014,0.34779,0.557286,0.156029,0.220596,0.210948,0.574364,0.301273,0.359515,0.603373,0.594804,0.373542,0.444396,0.588606,0.329019,0.235673,0.179218,0.25513,0.247482,0.705753,0.623919,0.229185,0.115306,0.264039,0.543599,0.738317,0.669287,0.652089
14270.637701,0.321828,0.407492,0.312148,0.7852,0.332066,0.39894,0.335086,0.569633,0.164237,0.22655,0.163509,0.575933,0.311324,0.311907,0.594689,0.59955,0.407915,0.473469,0.606205,0.324575,0.254601,0.194839,0.262821,0.284959,0.686481,0.652389,0.218229,0.110319,0.24506,0.519334,0.718254,0.637309,0.638206
14308.692735,0.31629,0.40651,0.32748,0.762049,0.286366,0.380108,0.322672,0.571782,0.166037,0.213735,0.109341,0.575887,0.304197,0.270277,0.587793,0.560913,0.444029,0.502138,0.613752,0.310084,0.264881,0.217195,0.279967,0.285387,0.705753,0.652984,0.202659,0.0961345,0.231796,0.5228,0.69257,0.549332,0.616543
14346.951271,0.314881,0.396322,0.344069,0.744461,0.245964,0.379626,0.339617,0.600063,0.161386,0.225249,0.107946,0.602524,0.293479,0.261964,0.570602,0.524806,0.447449,0.535614,0.623561,0.30237,0.264842,0.24584,0.279376,0.29542,0.726099,0.656992,0.194995,0.0860468,0.243843,0.559848,0.68536,0.492846,0.587853
14385.414947,0.302487,0.361075,0.344724,0.697723,0.232729,0.344715,0.333373,0.563622,0.158032,0.24233,0.102812,0.620856,0.265041,0.272752,0.547321,0.491294,0.388335,0.526193,0.610941,0.285658,0.243,0.249347,0.279983,0.285128,0.731522,0.663639,0.19267,0.0715733,0.222709,0.603157,0.660059,0.454372,0.53126
14424.085417,0.300327,0.333558,0.355414,0.661193,0.263093,0.324358,0.308748,0.526793,0.15734,0.258725,0.103338,0.63411,0.245828,0.30149,0.544056,0.473319,0.347357,0.490653,0.630325,0.297509,0.236132,0.245866,0.297056,0.247889,0.764485,0.686044,0.190651,0.063416,0.209766,0.665846,0.654801,0.424259,0.514387
14462.964353,0.287592,0.317793,0.359103,0.597151,0.309469,0.28873,0.290873,0.499425,0.145766,0.259435,0.105658,0.650688,0.226972,0.282653,0.533891,0.472727,0.309568,0.432202,0.630976,0.313683,0.257047,0.247491,0.291843,0.191886,0.791045,0.696149,0.182184,0.0499936,0.188865,0.680278,0.678001,0.380991,0.476748
14502.053446,0.273851,0.318585,0.365652,0.581845,0.375816,0.277945,0.307083,0.4802,0.14407,0.247421,0.117473,0.687408,0.210497,0.277046,0.573434,0.492704,0.267908,0.417221,0.603841,0.307228,0.280223,0.277236,0.292268,0.166111,0.808425,0.703476,0.194414,0.0471295,0.166984,0.718305,0.706642,0.379736,0.455549
14541.354404,0.25289,0.320529,0.35563,0.563111,0.398018,0.283748,0.326906,0.435949,0.143645,0.214099,0.109035,0.707073,0.185012,0.270302,0.624443,0.491312,0.219068,0.371442,0.53206,0.277541,0.282941,0.282888,0.259076,0.136913,0.773574,0.67654,0.211841,0.0418041,0.176876,0.727037,0.714172,0.359011,0.409963
14580.868953,0.257046,0.34923,0.330919,0.564464,0.444358,0.347827,0.356963,0.423689,0.148191,0.202642,0.116589,0.722893,0.185093,0.286023,0.660442,0.51562,0.207179,0.374186,0.469543,0.290227,0.315586,0.26965,0.298932,0.119965,0.755078,0.655207,0.227549,0.0562538,0.227786,0.722237,0.750046,0.364055,0.392234
14620.598841,0.267406,0.382077,0.269559,0.599119,0.449758,0.404215,0.392865,0.398045,0.152726,0.183115,0.124951,0.715914,0.178017,0.319125,0.619984,0.526165,0.194117,0.386087,0.382184,0.290794,0.355166,0.233585,0.361809,0.0969458,0.775147,0.630652,0.2381,0.065558,0.24945,0.713385,0.787347,0.391428,0.394187
14660.545833,0.2732,0.419509,0.22698,0.638747,0.474694,0.445264,0.456741,0.424629,0.158281,0.167076,0.125236,0.703694,0.206776,0.355128,0.600519,0.531905,0.211683,0.428842,0.307991,0.269096,0.393383,0.193665,0.408062,0.125784,0.786826,0.659529,0.244734,0.0669399,0.260177,0.726721,0.819763,0.451914,0.40333
14700.711711,0.258553,0.415299,0.221308,0.619211,0.478512,0.430688,0.489368,0.458616,0.144543,0.136923,0.106297,0.651206,0.216579,0.349477,0.581447,0.531512,0.214387,0.487742,0.175122,0.250466,0.359128,0.150937,0.412401,0.121767,0.712369,0.709856,0.23018,0.0456305,0.24085,0.714062,0.793581,0.489877,0.363297
14741.098282,0.246654,0.385234,0.254757,0.637259,0.474049,0.412457,0.502924,0.47233,0.136095,0.142565,0.128595,0.588168,0.234867,0.35539,0.581268,0.562463,0.25212,0.517425,0.125674,0.23085,0.310891,0.145242,0.460888,0.161817,0.637011,0.736306,0.226762,0.0316823,0.251343,0.727866,0.788988,0.506957,0.354101
14781.707368,0.224279,0.37849,0.291185,0.615135,0.446725,0.37945,0.488337,0.421543,0.121004,0.142825,0.112806,0.536437,0.230712,0.35093,0.571026,0.612811,0.247838,0.532007,0.0849525,0.194304,0.269721,0.152568,0.482892,0.190432,0.518089,0.745734,0.220809,0.0366622,0.26564,0.680735,0.802257,0.460557,0.344738
14822.540813,0.19967,0.383958,0.340393,0.590166,0.384873,0.361261,0.468579,0.397704,0.11752,0.186315,0.104746,0.500715,0.208481,0.357058,0.575746,0.643002,0.257176,0.589188,0.0841712,0.170315,0.264859,0.195371,0.469636,0.206243,0.484627,0.730662,0.221413,0.0796289,0.300591,0.646487,0.811336,0.402871,0.367268
14863.600483,0.153158,0.374105,0.349078,0.540825,0.261801,0.351525,0.409008,0.39228,0.126715,0.227807,0.142877,0.465883,0.150499,0.329704,0.550773,0.633362,0.24739,0.598006,0.0681672,0.136498,0.234171,0.221653,0.405992,0.179604,0.488283,0.693038,0.212431,0.107117,0.305818,0.608081,0.773346,0.335209,0.323299
14904.888262,0.183868,0.388541,0.347402,0.501505,0.218846,0.339795,0.389225,0.411302,0.156387,0.285857,0.237599,0.445811,0.151283,0.307677,0.535787,0.642112,0.233506,0.587427,0.0950933,0.0949578,0.185429,0.224397,0.361311,0.195331,0.500801,0.697398,0.201923,0.131332,0.294244,0.619838,0.762291,0.31791,0.309741
14946.406056,0.262278,0.383751,0.332218,0.478712,0.209505,0.253672,0.345727,0.373764,0.175063,0.297418,0.279738,0.410717,0.146568,0.25703,0.511429,0.632216,0.216814,0.556514,0.11526,0.0545787,0.164845,0.213321,0.303216,0.186301,0.518086,0.677787,0.179815,0.142353,0.250781,0.634221,0.75195,0.27429,0.298254
14988.155793,0.315254,0.373982,0.374868,0.4932,0.233051,0.205817,0.307172,0.345624,0.197925,0.293863,0.350787,0.397635,0.183627,0.245009,0.504913,0.626484,0.279267,0.54657,0.184667,0.0591692,0.214865,0.231973,0.260963,0.196511,0.567591,0.670627,0.160995,0.150503,0.216853,0.642384,0.765115,0.254775,0.364991
15030.139423,0.287622,0.331439,0.415217,0.489109,0.22006,0.190724,0.302505,0.304293,0.21004,0.30852,0.385028,0.371755,0.191355,0.18905,0.523785,0.618053,0.282331,0.496166,0.206755,0.0902993,0.258333,0.253951,0.240678,0.200556,0.595166,0.629794,0.14195,0.146715,0.156881,0.577871,0.748899,0.279841,0.420872
15072.358915,0.287575,0.342704,0.438701,0.550329,0.185906,0.223771,0.323221,0.29882,0.226154,0.309057,0.400112,0.375502,0.172678,0.162309,0.609925,0.607256,0.241558,0.45255,0.243933,0.137118,0.372302,0.307037,0.267649,0.252939,0.633578,0.582328,0.18499,0.133691,0.131983,0.560801,0.724159,0.323813,0.470949
15114.816264,0.333328,0.37413,0.410483,0.608059,0.180793,0.286218,0.330147,0.2804,0.250426,0.304188,0.412655,0.371,0.161744,0.141904,0.629288,0.606106,0.263267,0.422259,0.2778,0.18207,0.485615,0.308355,0.300582,0.278414,0.672325,0.519552,0.203479,0.155213,0.172893,0.503289,0.704961,0.364232,0.490897
15157.513485,0.42361,0.377092,0.361615,0.686707,0.191079,0.36669,0.447949,0.325532,0.268372,0.251841,0.400196,0.382584,0.193576,0.165539,0.561443,0.597343,0.326163,0.395957,0.25775,0.214824,0.556222,0.266343,0.342764,0.296475,0.754233,0.481092,0.215236,0.117291,0.140832,0.527632,0.680253,0.478641,0.58355
15200.452616,0.421288,0.267837,0.44169,0.765954,0.198003,0.386834,0.563244,0.322547,0.229833,0.195428,0.351922,0.305878,0.221646,0.145221,0.576758,0.575686,0.384723,0.350079,0.295532,0.283809,0.566367,0.253383,0.484585,0.401878,0.71622,0.440658,0.249898,0.0347408,0.106033,0.573972,0.598865,0.547171,0.622502
15243.63572,0.279283,0.214392,0.518574,0.776129,0.121059,0.482557,0.602937,0.253649,0.145425,0.283846,0.162927,0.267884,0.137995,0.166976,0.601068,0.577709,0.262149,0.318808,0.345838,0.364003,0.656369,0.36034,0.626415,0.490497,0.611816,0.434018,0.343633,0.0642503,0.190296,0.573519,0.603328,0.590007,0.613636
15287.064881,0.105316,0.287805,0.412575,0.548234,0.0,0.685757,0.626553,0.408167,0.144233,0.453652,0.138233,0.281039,0.0290983,0.21649,0.625757,0.555288,0.0871649,0.14822,0.323465,0.397172,0.582705,0.355178,0.664685,0.481757,0.633851,0.446895,0.487753,0.0947424,0.282544,0.649295,0.456835,0.612552,0.333038
15330.742209,0.387454,0.441552,0.159506,0.326549,0.230624,0.627578,0.67063,0.447754,0.14195,0.349886,0.0323176,0.319064,0.186048,0.273713,0.389742,0.428432,0.177197,0.227743,0.179469,0.230169,0.370589,0.347337,0.346836,0.387686,0.598029,0.507692,0.400682,0.136898,0.35549,0.911851,0.468942,0.308954,0.0875657
15374.669837,0.556954,0.478066,0.0366059,0.0934383,0.549261,0.637776,0.718734,0.381614,0.173476,0.247325,0.00808972,0.326245,0.441676,0.374262,0.00675726,0.306356,0.499977,0.407827,0.0448862,0.0287369,0.0641775,0.343319,0.0,0.283535,0.542538,0.61387,0.188139,0.252853,0.437932,1.11938,0.500005,0.0676017,0.0
