wl,AZURITE - GAMBOGE GA on Paper,AZURITE - GAMBOGE GA on Parchment,AZURITE - LEAD WHITE Glair on Paper,AZURITE - LEAD WHITE Glair on Parchment,AZURITE - LEAD WHITE GA on Paper,AZURITE - LEAD WHITE GA on Parchment,CARMINE - GAMBOGE GA on Paper,CARMINE - GAMBOGE GA on Parchment,CARMINE - LEAD WHITE GA on Paper,CARMINE - LEAD WHITE GA on Parchment,CINNABAR - LEAD TIN YELLOW - LEAD WHITE Glair on Paper,CINNABAR - LEAD TIN YELLOW - LEAD WHITE Glair on Parchment,CINNABAR - LEAD TIN-YELLOW - LEAD WHITE GA on Paper,CINNABAR - LEAD TIN YELLOW - LEAD WHITE GA on Parchment,CINNABAR - LEAD WHITE Glair on Paper,CINNABAR - LEAD WHITE Glair on Parchment,CINNABAR - LEAD WHITE GA on Paper,CINNABAR - LEAD WHITE GA on Parchment,GAMBOGE - MALACHITE GA on Paper,GAMBOGE - MALACHITE GA on Parchment,GAMBOGE - VERDIGRIS GA on Paper,GAMBOGE - VERDIGRIS GA on Parchment,INDIGO - ORPIMENT GA on Paper,INDIGO - ORPIMENT GA on Parchment,LEAD TIN YELLOW - LEAD WHITE Glair on Paper,LEAD TIN YELLOW - LEAD WHITE Glair on Parchment,LEAD TIN YELLOW - LEAD WHITE GA on Paper,LEAD TIN YELLOW - LEAD WHITE GA on Parchment,MINIUM - LEAD TIN YELLOW Glair on Paper,MINIUM - LEAD TIN YELLOW Glair on Parchment,MINIUM - LEAD TIN YELLOW GA on Paper,MINIUM - LEAD TIN YELLOW GA on Parchment,MALACHITE - LEAD WHITE Glair on Paper,MALACHITE - LEAD WHITE Glair on Parchment,MALACHITE - LEAD WHITE GA on Paper,MALACHITE - LEAD WHITE GA on Parchment,SAFFRON - GAMBOGE GA on Paper,SAFFRON - GAMBOGE GA on Parchment,VERDIGRIS - LEAD WHITE Glair on Paper,VERDIGRIS - LEAD WHITE Glair on Parchment,VERDIGRIS - LEAD WHITE GA on Paper,VERDIGRIS - LEAD WHITE GA on Parchment
400,0.1118243,0.1318748,0.4016224,0.3958073,0.4331884,0.4437913,0.07665235,0.07517042,0.1332747,0.1425534,0.1523217,0.14691,0.1986895,0.2011376,0.1844026,0.1667497,0.2770804,0.2497064,0.09048291,0.08825731,0.09276009,0.09746716,0.140533,0.1309742,0.1906923,0.1820136,0.1902825,0.168596,0.1349716,0.1241096,0.1102609,0.1127695,0.4236756,0.4098234,0.308357,0.2956522,0.09395757,0.0760041,0.3775423,0.2974004,0.3401197,0.3743437
405,0.1057934,0.127273,0.4225807,0.4160878,0.4523794,0.4604803,0.07028099,0.06956562,0.1269921,0.1379936,0.1523592,0.1475859,0.2030103,0.2058571,0.1796469,0.1627716,0.2730542,0.2471073,0.08583222,0.08503905,0.08709845,0.09336054,0.1358803,0.1273921,0.1948918,0.1874587,0.191814,0.1705422,0.1357502,0.1252031,0.1085354,0.1116735,0.4424072,0.4279082,0.3185172,0.3075463,0.08991391,0.07227127,0.3898003,0.3030845,0.3520146,0.3842201
410,0.1017939,0.1242972,0.4438961,0.4358679,0.4727566,0.4782167,0.0658574,0.06592558,0.1221688,0.1341425,0.1553112,0.1509288,0.2111855,0.2134788,0.175946,0.1598184,0.2710703,0.2459629,0.08235051,0.08334624,0.08337835,0.09044739,0.1329554,0.1251375,0.2046751,0.197059,0.1973698,0.176838,0.1400313,0.129372,0.1085693,0.112533,0.4613844,0.4458122,0.3289641,0.3197505,0.08781746,0.07005313,0.4047941,0.3115884,0.3656006,0.3959348
415,0.09919386,0.1223525,0.4643785,0.4552383,0.4921547,0.4951133,0.06280289,0.06339437,0.1178718,0.1306562,0.1604934,0.1562491,0.2224693,0.2237698,0.1733488,0.1575797,0.2701271,0.2454413,0.08020134,0.08213948,0.08090592,0.0885754,0.1313474,0.124078,0.2175369,0.2104629,0.2062768,0.1860795,0.1470402,0.1361728,0.110323,0.1145063,0.4783552,0.4621008,0.339543,0.3322935,0.08708536,0.06885188,0.4215569,0.3216159,0.3802916,0.4093865
420,0.09747522,0.1212398,0.4826288,0.471857,0.5095302,0.5105848,0.0607425,0.06168496,0.1141526,0.1273664,0.1673136,0.1625733,0.2361801,0.2362172,0.1711988,0.1558324,0.2698475,0.2453887,0.07874548,0.0815345,0.0791181,0.08728642,0.1305774,0.1237298,0.2333231,0.2268006,0.217667,0.1979281,0.1558884,0.144199,0.1127791,0.1171291,0.4929434,0.4763618,0.3499937,0.3447519,0.08728981,0.06842262,0.4387521,0.3325929,0.3961507,0.4237078
425,0.09689296,0.1210977,0.4994728,0.4881085,0.52613,0.5265166,0.05955944,0.06101681,0.1113413,0.1250749,0.1754429,0.1704587,0.2530142,0.2511978,0.1700402,0.1549715,0.2705574,0.2465597,0.07829747,0.08164557,0.07842701,0.08720371,0.1309483,0.1244008,0.2526236,0.2470193,0.2321916,0.2126486,0.1662987,0.1540424,0.1158006,0.1202591,0.5069628,0.4901921,0.3602701,0.3572632,0.08900852,0.06891519,0.4583164,0.3460013,0.4132838,0.4393528
430,0.09658446,0.1208991,0.5128828,0.5003517,0.5403987,0.5402144,0.05875552,0.06030748,0.1087302,0.1226389,0.1837933,0.178289,0.2708454,0.2668577,0.1687431,0.153863,0.2704096,0.2468882,0.07815415,0.08196252,0.07807162,0.08696342,0.1313469,0.1250263,0.2739652,0.2688038,0.2484617,0.2289819,0.1767326,0.163721,0.1186294,0.1231106,0.5183903,0.501326,0.3697091,0.3683707,0.09138005,0.06995441,0.4779457,0.360214,0.4297186,0.4544457
435,0.09625044,0.1209976,0.5241234,0.5111007,0.5529341,0.5532485,0.05796488,0.05976009,0.1058395,0.1199958,0.1919001,0.1860067,0.2893066,0.2829544,0.1677826,0.1527692,0.2702182,0.2472569,0.07811198,0.08259043,0.0778642,0.08703537,0.1319324,0.1259183,0.296795,0.2919892,0.2660367,0.2468834,0.187121,0.1735113,0.121303,0.1259633,0.5287862,0.5117556,0.3785968,0.3794211,0.0947804,0.07174218,0.4988953,0.3764376,0.4460748,0.4699418
440,0.09628848,0.1213181,0.5341783,0.5208234,0.56479,0.5657322,0.05727814,0.05957415,0.1029562,0.1175354,0.2000069,0.1937143,0.3084966,0.2997505,0.1671569,0.1522712,0.2704918,0.2480898,0.07854999,0.08345372,0.07797348,0.08728305,0.1329274,0.12722,0.3210815,0.3165872,0.2852172,0.2663648,0.1972525,0.1830379,0.1240008,0.1287276,0.5398995,0.5229169,0.3881956,0.3912151,0.09956116,0.07448962,0.5224535,0.3956664,0.4634936,0.4865296
445,0.09654779,0.1214784,0.5422562,0.5283537,0.5751992,0.577424,0.05678676,0.05914239,0.1001694,0.1145986,0.2081933,0.2010078,0.3277291,0.3163172,0.1666559,0.1518949,0.2708676,0.2488071,0.07914546,0.08451878,0.07858907,0.08771311,0.1345806,0.1287845,0.3464034,0.3413791,0.3058903,0.2870321,0.2072415,0.1920265,0.1264977,0.1309957,0.551057,0.5339481,0.3988945,0.4037532,0.1063105,0.07841626,0.5479462,0.4175912,0.481786,0.5040261
450,0.09683582,0.1221331,0.5468353,0.5328773,0.5836387,0.5876773,0.05623132,0.05883936,0.09733048,0.1119562,0.2153334,0.2078682,0.3467165,0.3328113,0.1661228,0.1514132,0.2709739,0.2494445,0.08005854,0.08577092,0.07915978,0.08837338,0.1366063,0.1310191,0.3711766,0.3664754,0.3271778,0.3083609,0.2162129,0.2004479,0.128436,0.1329407,0.5620903,0.545126,0.4093911,0.4166791,0.11532,0.08404419,0.5749162,0.4421312,0.499735,0.5213505
455,0.09717391,0.1226869,0.5488433,0.5346416,0.5901093,0.5962259,0.05575516,0.05848159,0.09468105,0.10938,0.2220825,0.2140096,0.3650328,0.3487043,0.1655487,0.1509392,0.2710125,0.2498809,0.08122078,0.08721391,0.08022363,0.08904108,0.1393128,0.1334951,0.3969543,0.3917413,0.3487675,0.3300829,0.2244056,0.2079115,0.1301321,0.1347321,0.5734839,0.556279,0.4205643,0.4299112,0.1270137,0.09173471,0.6033455,0.4690738,0.5180072,0.5384625
460,0.09773345,0.1233677,0.5479789,0.5341148,0.5943281,0.6032213,0.05525891,0.05814829,0.09230199,0.106969,0.2280147,0.2195579,0.3825997,0.3640112,0.1649806,0.1503054,0.2709714,0.2501346,0.08275849,0.08910762,0.08155532,0.08993502,0.1424368,0.1364869,0.4229816,0.4174788,0.371271,0.3526582,0.232013,0.2148334,0.1314503,0.136179,0.5848297,0.5675275,0.4322165,0.4433471,0.1419581,0.101956,0.6320406,0.4973738,0.5363655,0.5556288
465,0.09840029,0.1242061,0.5445583,0.531201,0.5963534,0.6087349,0.05458781,0.05766911,0.08981923,0.1045,0.233754,0.224615,0.3998198,0.3791321,0.1643752,0.1499375,0.2710683,0.2504902,0.08462595,0.09139232,0.08307113,0.09100973,0.1461228,0.1399216,0.4499736,0.4437602,0.3952207,0.3766186,0.2386678,0.221261,0.1325042,0.1374179,0.5964197,0.5789346,0.443974,0.4573265,0.1612083,0.1157139,0.6605797,0.5264452,0.5549927,0.5727278
470,0.09966058,0.125512,0.5384298,0.5256854,0.5961134,0.6122179,0.05413327,0.05729517,0.08750091,0.1020429,0.238959,0.2294292,0.4168333,0.3939821,0.16397,0.1495792,0.2710459,0.2510194,0.08742449,0.09446045,0.08535285,0.09263459,0.1507127,0.1441317,0.4783801,0.4719667,0.4208195,0.4021252,0.2450645,0.2270685,0.1335019,0.1384383,0.6079216,0.5900971,0.4563245,0.4710021,0.1852169,0.1337444,0.6871555,0.5543671,0.5728137,0.5890847
475,0.1010694,0.1270473,0.5288979,0.5171834,0.5931894,0.6134336,0.05357328,0.05684581,0.08530913,0.09961915,0.2436257,0.23366,0.4330361,0.4084129,0.1634714,0.1491363,0.2709162,0.2511525,0.0906532,0.09831512,0.08804662,0.09454088,0.155628,0.1486672,0.5076659,0.5007902,0.4474979,0.4287445,0.2506949,0.2323087,0.1342041,0.1392186,0.6189512,0.6008572,0.4683996,0.484086,0.2136412,0.1558246,0.7099239,0.5789746,0.5892711,0.6036467
480,0.1030359,0.1290698,0.5174789,0.5071529,0.588072,0.6129916,0.05327934,0.05659925,0.08371019,0.09784579,0.2483166,0.2380109,0.4493735,0.4228568,0.1632849,0.1490092,0.2711549,0.2517,0.09500939,0.1033059,0.09164754,0.09707246,0.1611338,0.1535729,0.5393748,0.532408,0.4769383,0.4579696,0.2562346,0.2374654,0.1349546,0.1401922,0.6300651,0.6116531,0.4807905,0.4976369,0.2469857,0.182458,0.7281014,0.5990189,0.6046721,0.6176587
485,0.105423,0.1313924,0.5036093,0.4945523,0.5800437,0.6099231,0.05291662,0.05637674,0.08249994,0.09668048,0.2525526,0.2420958,0.4646879,0.4363428,0.1630522,0.1488532,0.2711552,0.2521913,0.1005241,0.1096037,0.09607717,0.1002222,0.1664555,0.1584634,0.572543,0.5662423,0.507983,0.4889084,0.2612566,0.2421697,0.1354033,0.1407657,0.6401531,0.6214625,0.4924263,0.5102162,0.2845196,0.2130666,0.739227,0.6113383,0.6173846,0.6290008
490,0.108166,0.1341545,0.4872072,0.4798203,0.5692742,0.6043533,0.05264836,0.05614859,0.08167993,0.09572079,0.2564663,0.2455517,0.4794244,0.4495378,0.163069,0.1488684,0.2715894,0.2529355,0.1074532,0.1176486,0.1014556,0.1039019,0.1713975,0.162911,0.6079232,0.6020939,0.5413947,0.521835,0.2656586,0.2461633,0.1357871,0.1411236,0.6493668,0.6302245,0.5033764,0.5220276,0.3265137,0.2475643,0.7420563,0.6141852,0.6274088,0.6378826
495,0.1113174,0.1372699,0.4694528,0.4633717,0.5564132,0.5962806,0.0525521,0.05600437,0.08103149,0.09489829,0.2601097,0.248844,0.4930642,0.4617264,0.1633335,0.1490375,0.2724211,0.253924,0.1161512,0.1277135,0.108027,0.1084964,0.1758242,0.1666434,0.6447344,0.6392587,0.5767344,0.5561507,0.2694884,0.2494734,0.1361975,0.1415866,0.6576679,0.6380303,0.5136065,0.5327965,0.3720454,0.2847945,0.7368652,0.607996,0.6342328,0.6437413
500,0.114868,0.1407039,0.451025,0.4464445,0.5417275,0.586409,0.05238128,0.05591386,0.0804024,0.09408021,0.2633927,0.2519077,0.5055351,0.4728691,0.1637642,0.1492984,0.2734588,0.2551639,0.1268123,0.1400306,0.1156001,0.1137429,0.179214,0.1696369,0.6823937,0.6776798,0.6131569,0.5910589,0.2729522,0.2527036,0.1364958,0.1419995,0.6648425,0.6449481,0.5230128,0.5426987,0.4198467,0.3235446,0.7242709,0.5933356,0.63767,0.6466508
505,0.1185962,0.144504,0.432346,0.4293349,0.5262375,0.5751502,0.05222167,0.05574703,0.07967491,0.09314182,0.2663719,0.2546925,0.5170201,0.4832597,0.1644053,0.1497615,0.2749049,0.2568209,0.1393938,0.1547631,0.1238123,0.1193888,0.1816924,0.1716572,0.7200338,0.7165486,0.6500074,0.6261912,0.2758489,0.2553825,0.1370623,0.1426029,0.6714,0.6512405,0.5316064,0.5519026,0.4693605,0.3633661,0.7056369,0.5721796,0.6380903,0.6471234
510,0.122376,0.148413,0.4137309,0.412099,0.5102408,0.562951,0.05238543,0.05587061,0.07935525,0.09243155,0.2690011,0.2571969,0.5270902,0.4924853,0.1651298,0.1503365,0.2766609,0.2586584,0.1536355,0.1714425,0.132133,0.1253755,0.1832584,0.1728892,0.7557642,0.7535423,0.685172,0.6589431,0.2786132,0.2580123,0.1379114,0.1434372,0.6768482,0.6564145,0.5389606,0.5595407,0.5185294,0.4026247,0.6819417,0.5458307,0.635154,0.6440224
515,0.125789,0.1521382,0.3962407,0.3958278,0.4940972,0.5496858,0.05275172,0.05616356,0.07948706,0.09229432,0.2711949,0.2593536,0.5357931,0.5004045,0.165878,0.1508074,0.2785851,0.2606851,0.1695317,0.1901976,0.1396305,0.130738,0.1837931,0.173197,0.7883269,0.7872744,0.7172751,0.6886193,0.2813717,0.2604897,0.1388894,0.1444862,0.6807163,0.660103,0.545035,0.5663875,0.5654854,0.4400153,0.6543242,0.5162765,0.6286821,0.6384739
520,0.1285957,0.1555286,0.3798487,0.3807316,0.4786188,0.5366471,0.05316377,0.05650355,0.08007637,0.09265248,0.2731801,0.2612439,0.5436466,0.5076385,0.1668658,0.1514664,0.2808137,0.2630383,0.1862927,0.2098356,0.1457157,0.1352824,0.1836885,0.1728541,0.8167994,0.8174427,0.7448578,0.714246,0.2843741,0.2634535,0.1405379,0.1461574,0.6834808,0.6628729,0.5497013,0.5717201,0.6092842,0.4751336,0.6254827,0.4862187,0.6198389,0.6304065
525,0.1306083,0.1583695,0.3643982,0.3665147,0.4636659,0.5235054,0.05346198,0.05688079,0.08086017,0.09334087,0.2748369,0.2629835,0.5506732,0.5142604,0.1679484,0.1522387,0.2832025,0.2655299,0.2031014,0.2295385,0.1498337,0.1384871,0.1829757,0.1719995,0.8400514,0.8426019,0.7673264,0.7348723,0.2880692,0.2671655,0.1430505,0.1486865,0.6845368,0.6640645,0.5523673,0.5752669,0.6483294,0.5067242,0.5962286,0.4569526,0.6086047,0.6197867
530,0.1317627,0.1601683,0.3502032,0.3531154,0.4492885,0.510683,0.05373093,0.05711482,0.08159693,0.09414922,0.2766475,0.2645816,0.5571204,0.5203567,0.1689438,0.1529302,0.2856408,0.2681126,0.2193936,0.2481748,0.1520542,0.1400849,0.1817579,0.1706992,0.8583555,0.8623402,0.7852092,0.7508491,0.2936067,0.2724055,0.1469813,0.1526531,0.6837546,0.6636598,0.5529388,0.576915,0.682498,0.5345857,0.5677404,0.429353,0.5958063,0.6078444
535,0.1319825,0.1612146,0.3376397,0.3413177,0.4364191,0.498657,0.05362203,0.05706666,0.08201473,0.09481546,0.2784995,0.2664702,0.5638806,0.526676,0.1703633,0.1539644,0.2886274,0.2711723,0.2341789,0.2649219,0.1520196,0.1400687,0.1803863,0.1692463,0.8724122,0.8779616,0.7988991,0.7635888,0.3032009,0.2817572,0.1546596,0.1604263,0.681118,0.6618835,0.5516998,0.576895,0.7119613,0.5586891,0.5414984,0.4048212,0.5820708,0.5949891
540,0.1312628,0.1612825,0.326055,0.3305033,0.4247019,0.4872081,0.05343542,0.05688638,0.08193447,0.0947924,0.2804187,0.2683548,0.5706596,0.5329774,0.1719695,0.1551345,0.2918928,0.2744132,0.2463097,0.2787866,0.1504996,0.1387583,0.1789193,0.1677033,0.8817992,0.8887025,0.8088121,0.7726899,0.3204456,0.29902,0.1697334,0.1754601,0.6763846,0.6576338,0.5475864,0.5741037,0.7359131,0.5788362,0.5169933,0.3830067,0.5672936,0.5814174
545,0.1301713,0.1608904,0.3159144,0.3208786,0.413813,0.476404,0.05343717,0.05684198,0.08162447,0.09441357,0.2828631,0.2707674,0.5778506,0.5396562,0.1738927,0.1565796,0.2958659,0.2782925,0.2557239,0.2894901,0.1478774,0.1366476,0.1777884,0.166563,0.88867,0.8964006,0.8168458,0.7795636,0.3500068,0.3287687,0.1966836,0.2025702,0.6696135,0.651592,0.5411164,0.5689676,0.7553657,0.595167,0.4948577,0.3639832,0.552232,0.5671262
550,0.1286753,0.1598966,0.3066744,0.3121042,0.4038969,0.4665011,0.05357508,0.05698556,0.08130182,0.09391528,0.2861184,0.2739365,0.5859284,0.5476409,0.1764441,0.1585499,0.3005603,0.2831078,0.2619551,0.2967253,0.1446307,0.1340093,0.1767108,0.165507,0.8936191,0.9021439,0.8228724,0.7849506,0.3956918,0.3750925,0.2407521,0.247413,0.661046,0.6439033,0.532172,0.5615535,0.7715267,0.6093739,0.4748108,0.347509,0.5369506,0.5526142
555,0.1268694,0.1586436,0.2985101,0.3044264,0.3949184,0.4571876,0.0539882,0.05733931,0.0815467,0.09385817,0.2904049,0.2784107,0.5960796,0.5572297,0.1800544,0.161398,0.306767,0.2893715,0.265157,0.3006129,0.1408936,0.1311041,0.1757255,0.1644479,0.8976468,0.9068952,0.8281857,0.7902867,0.4590095,0.4397972,0.3058004,0.3148717,0.6507651,0.6346282,0.5214331,0.5524731,0.7849891,0.6213375,0.4568753,0.3333466,0.5216346,0.538672
560,0.1251754,0.1571817,0.2911811,0.2974573,0.3868105,0.4488743,0.05471819,0.0580811,0.08266988,0.09474391,0.2967961,0.2847372,0.608799,0.5695651,0.1851168,0.1655266,0.3153198,0.2981398,0.264619,0.3008476,0.1371125,0.1281339,0.1744075,0.1632928,0.9008257,0.9105415,0.8327833,0.7945791,0.5376293,0.5206392,0.3946964,0.4072789,0.6388578,0.6238489,0.5084301,0.5407391,0.7959291,0.630952,0.4408215,0.3211764,0.5059855,0.5248301
565,0.1234091,0.1556639,0.2845823,0.2911572,0.3794274,0.4412183,0.05556258,0.05889389,0.08460835,0.09658699,0.3056155,0.2935308,0.6248101,0.5853914,0.1922995,0.171348,0.3271178,0.3098509,0.2615204,0.2979931,0.1333835,0.125172,0.1730967,0.162008,0.9037059,0.9139147,0.8375021,0.7987883,0.6224261,0.6074473,0.4985323,0.5132847,0.6263089,0.6119741,0.4944522,0.527694,0.8052008,0.6395512,0.4265371,0.3108371,0.4910202,0.5113476
570,0.1216731,0.154148,0.2786478,0.285519,0.3727899,0.4342251,0.05626777,0.05963277,0.08788341,0.0998362,0.317615,0.3056714,0.6445754,0.6048859,0.2023201,0.1797271,0.342609,0.3257439,0.2558191,0.2925161,0.1297113,0.1223464,0.1713592,0.1604376,0.9060316,0.9169728,0.8415786,0.8027179,0.7037785,0.6903999,0.6036,0.6154997,0.612911,0.5994102,0.4794375,0.5133694,0.8131964,0.6469991,0.4137558,0.3018689,0.4760305,0.4981175
575,0.1199934,0.152607,0.2728859,0.2799081,0.3663664,0.4274279,0.05709476,0.06044891,0.09372608,0.105468,0.3335124,0.3218895,0.667909,0.6278801,0.2160482,0.1915469,0.3628152,0.3466051,0.2481012,0.2848279,0.1261008,0.1196432,0.169362,0.1585865,0.9075937,0.918635,0.844686,0.8056518,0.7732291,0.7617737,0.6942616,0.6983528,0.5983312,0.5854647,0.4634469,0.497497,0.8194157,0.6529382,0.4016789,0.2935579,0.4608761,0.4848196
580,0.1185276,0.1512693,0.2679145,0.2749971,0.3607768,0.4211859,0.05866673,0.06179066,0.1043487,0.1148466,0.3550911,0.3441966,0.6953681,0.6553462,0.2351984,0.2084993,0.3896751,0.3744155,0.2394631,0.2758318,0.1229985,0.1173836,0.1676054,0.156873,0.9092994,0.9206609,0.8484313,0.8092046,0.8273233,0.8188263,0.7620897,0.7564498,0.58376,0.5714004,0.4478714,0.4816023,0.825152,0.6583283,0.3909938,0.2864787,0.4464469,0.4724165
585,0.1173303,0.1500854,0.2633018,0.2707236,0.3556346,0.4155864,0.06106643,0.0638549,0.1226983,0.1299272,0.3849121,0.375232,0.7269483,0.6868345,0.2628835,0.2338164,0.4256916,0.4126729,0.2298586,0.2656639,0.1200002,0.1153949,0.165779,0.1551019,0.9114639,0.9230428,0.8521529,0.8127922,0.863841,0.8590086,0.8046951,0.7910027,0.5693686,0.5574518,0.4324783,0.465402,0.830259,0.6634667,0.3812612,0.2802859,0.4325927,0.4605831
590,0.1159553,0.1487031,0.2587378,0.2662293,0.3504854,0.4098153,0.06478644,0.06682988,0.1493211,0.1503556,0.423287,0.4152696,0.7587901,0.719106,0.3005393,0.2692142,0.4715492,0.4611397,0.2196595,0.2546903,0.1170476,0.1133262,0.1639129,0.1532937,0.9118056,0.923889,0.8545741,0.8151395,0.8859752,0.8850156,0.8294772,0.8101975,0.5541879,0.5424998,0.4170289,0.4488032,0.8335041,0.6667316,0.3717417,0.2742277,0.4184025,0.4484841
595,0.1148749,0.1477387,0.2548671,0.2626497,0.3463659,0.4052525,0.07083911,0.07151094,0.1844806,0.1762556,0.472048,0.4659954,0.7916661,0.7518572,0.3506413,0.3175516,0.5292903,0.5209104,0.2097441,0.2440268,0.1146177,0.1117219,0.1624526,0.1519772,0.9133601,0.9259683,0.8580457,0.8184353,0.9002998,0.903202,0.8458532,0.8228896,0.5402957,0.5287883,0.4027754,0.4330367,0.8377674,0.6710117,0.3637569,0.2692103,0.4055493,0.4374717
600,0.1140016,0.1467746,0.2512476,0.25914,0.3424142,0.4008459,0.08000133,0.07834872,0.2262013,0.2062727,0.528797,0.5233856,0.8200831,0.7798778,0.4121556,0.3776023,0.5953345,0.5862453,0.2000888,0.2333734,0.1123982,0.1102596,0.1610842,0.1507653,0.9142561,0.92682,0.8606297,0.820906,0.9086916,0.9141177,0.855491,0.8302613,0.5262116,0.5151007,0.3889709,0.4176396,0.8409306,0.6742783,0.3560514,0.2645192,0.3929964,0.4266666
605,0.1133833,0.1459504,0.2481502,0.2562328,0.3388794,0.3971605,0.09310243,0.08789156,0.2725627,0.239177,0.5896983,0.5822791,0.8428658,0.8021844,0.4816603,0.445142,0.6642911,0.6502516,0.1911705,0.2231364,0.1104613,0.1090393,0.1599563,0.1497383,0.9158017,0.9281893,0.8636178,0.8241023,0.9147885,0.9218625,0.8622694,0.835817,0.5131296,0.5022056,0.3765061,0.4032634,0.8441357,0.6777473,0.3489216,0.2602351,0.3812895,0.4167683
610,0.1125258,0.1452114,0.2452052,0.2533934,0.3358872,0.3935412,0.110982,0.1010713,0.3203987,0.2735015,0.645489,0.6332192,0.8580394,0.8168774,0.5501806,0.5106439,0.7249948,0.7015084,0.1825372,0.2134374,0.1084447,0.1078302,0.1585974,0.1485556,0.9159064,0.9287369,0.8659419,0.8261532,0.9179625,0.9263146,0.86678,0.8390801,0.5002444,0.4891706,0.3642595,0.3891564,0.8465254,0.6800609,0.3421909,0.2561301,0.3698623,0.406894
615,0.1120286,0.1447581,0.2427692,0.2510232,0.3333913,0.3906665,0.1333745,0.1178995,0.3684205,0.3086479,0.6918277,0.6731256,0.868588,0.8267698,0.6108717,0.567296,0.7730567,0.7391808,0.1746479,0.2044593,0.1067627,0.1069339,0.1573395,0.147492,0.9166627,0.929563,0.8684248,0.8281131,0.9200781,0.9296846,0.8705106,0.8420196,0.4883071,0.4774988,0.3531011,0.3762505,0.8491699,0.6827509,0.3361499,0.2525592,0.3593882,0.3978916
620,0.1116606,0.1443546,0.2406417,0.2490296,0.3311758,0.388288,0.1595958,0.1379049,0.4152157,0.3440474,0.7270058,0.701927,0.8748383,0.8330181,0.6598074,0.6121531,0.8074307,0.7648451,0.1675634,0.1963051,0.1053134,0.1061719,0.1561339,0.1463839,0.9167489,0.9295966,0.8700497,0.8298402,0.9213508,0.931918,0.8730475,0.8440686,0.4767918,0.4661778,0.3428252,0.3642059,0.8508928,0.6848181,0.3304641,0.2491298,0.3492623,0.3891889
625,0.1116523,0.144441,0.2392233,0.2478016,0.3298365,0.3868707,0.1883973,0.1605653,0.4603261,0.3796166,0.7537395,0.7230341,0.8803174,0.8386341,0.6979785,0.6464544,0.8324642,0.7830062,0.161363,0.189143,0.1042226,0.1056093,0.1550935,0.1454696,0.9181291,0.9311963,0.8726879,0.8326361,0.9235681,0.9352594,0.876636,0.8471238,0.4668145,0.4562432,0.3338419,0.3536094,0.8538213,0.6876343,0.3256875,0.2462771,0.3403055,0.3817813
630,0.1115494,0.1442499,0.2378618,0.2462935,0.3285033,0.3854958,0.2181445,0.1842907,0.5015748,0.413371,0.771852,0.7367417,0.8830838,0.8413806,0.7254139,0.6707358,0.8487453,0.794462,0.1556445,0.1822337,0.1031068,0.1050111,0.1539322,0.1444666,0.9184334,0.9313328,0.8747641,0.8343097,0.9245883,0.9364064,0.8786205,0.8484146,0.4567635,0.4463326,0.3252248,0.3435505,0.8554199,0.6893472,0.3208208,0.2434229,0.3317842,0.3743098
635,0.1115483,0.1443858,0.2369746,0.2455608,0.3280912,0.3850685,0.2477977,0.2088901,0.539153,0.4460173,0.7850841,0.7469268,0.8863941,0.8443689,0.7452654,0.6886474,0.8610047,0.8033044,0.1506766,0.1764034,0.1021593,0.1044926,0.1530684,0.1436436,0.9190688,0.9328418,0.8770787,0.836778,0.9257687,0.938832,0.8812824,0.8510317,0.4480628,0.4375586,0.3177209,0.3345753,0.8579185,0.6919684,0.3166794,0.2409135,0.3241542,0.3676633
640,0.1116301,0.1444719,0.236433,0.2450773,0.3279237,0.3848679,0.2764911,0.2331091,0.5722849,0.4762945,0.7941163,0.7535925,0.8883162,0.8464164,0.7599,0.7009137,0.8695701,0.8089463,0.1462072,0.1710262,0.1012665,0.1041023,0.1521408,0.1429077,0.9199619,0.9333118,0.8791926,0.8384807,0.926618,0.9399537,0.8833937,0.8526178,0.439856,0.4295051,0.3106036,0.3261671,0.8597592,0.6936196,0.312687,0.238645,0.3169852,0.3615579
645,0.1120084,0.1448998,0.2361326,0.2448221,0.3279034,0.3849532,0.3042574,0.2570907,0.6017356,0.5044368,0.8008181,0.7586654,0.889915,0.8478897,0.7703544,0.7102003,0.8756918,0.8131277,0.142309,0.1665105,0.1006888,0.1038767,0.1515927,0.1425055,0.9201519,0.9338678,0.880733,0.8399366,0.9273331,0.9412336,0.8853198,0.8539912,0.4322118,0.4219915,0.30428,0.3187886,0.8611619,0.6952246,0.3091536,0.2364828,0.3105297,0.3557965
650,0.1124357,0.1454149,0.2363041,0.2448364,0.3282825,0.3856895,0.3308094,0.2802131,0.6278343,0.5301463,0.8058784,0.7623491,0.8912132,0.8494167,0.7785399,0.7172368,0.8806914,0.8164942,0.1390256,0.1624118,0.1002874,0.1036485,0.1514418,0.1423705,0.9201592,0.933954,0.8820713,0.8411657,0.9278223,0.9418926,0.8871412,0.8551354,0.4252892,0.4152022,0.2985256,0.3120461,0.8627359,0.6967571,0.305981,0.2345428,0.3046424,0.3505748
655,0.1131525,0.1460891,0.2366585,0.2451907,0.3291287,0.386602,0.3559597,0.3025346,0.6512054,0.553913,0.8099937,0.7657091,0.8925179,0.8506008,0.7852481,0.7229083,0.8848289,0.8196088,0.1363356,0.1589758,0.09994396,0.1037225,0.1516384,0.1427387,0.9203978,0.9348814,0.8838475,0.8430771,0.9283389,0.9435791,0.8889998,0.8563706,0.4191297,0.4090133,0.2935425,0.3062568,0.8645127,0.6984478,0.3030074,0.2327772,0.299303,0.3460262
660,0.1137844,0.1468403,0.2372651,0.2460144,0.3300457,0.3881294,0.3792671,0.3236247,0.6715028,0.5754962,0.8139611,0.7684364,0.893473,0.8519424,0.7902685,0.7275884,0.888245,0.8221942,0.1339605,0.1559258,0.0997299,0.1038016,0.1522843,0.1433846,0.9212933,0.9358382,0.885767,0.8449914,0.9293454,0.9449465,0.8903233,0.8580152,0.4134071,0.4035417,0.2890292,0.3012034,0.8659828,0.7001265,0.3006265,0.2312135,0.2946936,0.3421113
665,0.1141402,0.1475232,0.2376964,0.246774,0.3309568,0.3895788,0.400155,0.3427557,0.688026,0.5941955,0.8159921,0.770294,0.8940501,0.852816,0.7942119,0.7313086,0.8906045,0.8242946,0.1316431,0.1533925,0.09934882,0.1038281,0.1529871,0.1443939,0.9209893,0.9357275,0.8863472,0.8456716,0.9294484,0.9457772,0.89124,0.8587337,0.4080018,0.3982171,0.2847063,0.2961434,0.8671942,0.7014677,0.2981911,0.2298021,0.2900335,0.3378565
670,0.1148388,0.1482711,0.2388134,0.2477824,0.3328818,0.3918186,0.4207579,0.3608293,0.7040488,0.611475,0.8196608,0.7732204,0.8963506,0.8548967,0.7989091,0.7353148,0.8946027,0.8272036,0.1298858,0.1511335,0.09930131,0.1037648,0.1547599,0.1459882,0.9227974,0.9376936,0.8895326,0.8483465,0.9313114,0.9478623,0.8939317,0.8609386,0.403791,0.3941655,0.281574,0.2923404,0.8697112,0.7036668,0.2965594,0.2288202,0.2866858,0.3349032
675,0.1151573,0.1486007,0.2393599,0.2481908,0.3338736,0.3928457,0.438729,0.3768785,0.7162203,0.6252832,0.8203089,0.7733512,0.895852,0.853869,0.8007147,0.7361406,0.8956043,0.8271214,0.1278052,0.1485671,0.09878225,0.1033489,0.156559,0.1476761,0.9218273,0.9363385,0.8898161,0.8479579,0.9303278,0.946851,0.8938701,0.8601536,0.3984756,0.3889312,0.2775801,0.2877657,0.8693019,0.7033098,0.2942243,0.2270923,0.2826781,0.3309249
680,0.1156661,0.1492364,0.2403323,0.2492645,0.3356428,0.3949897,0.4569265,0.3931803,0.7285916,0.6394421,0.8229929,0.7753426,0.8973514,0.8550228,0.8038246,0.7385693,0.8986717,0.8290946,0.1261643,0.1464724,0.09848297,0.1032216,0.1596998,0.1506906,0.9229011,0.9378266,0.8918195,0.8498423,0.9315166,0.9482593,0.8958866,0.8612427,0.3943101,0.3847436,0.2743967,0.2841491,0.8705637,0.7045569,0.2926451,0.2260343,0.2795565,0.3278583
685,0.1159498,0.1498786,0.241306,0.2500868,0.3372103,0.3972554,0.4741482,0.4088539,0.7396819,0.6527283,0.8251104,0.776977,0.8987057,0.85612,0.8066099,0.7412373,0.9010087,0.8305414,0.1244396,0.1444361,0.09812352,0.1029683,0.1640617,0.1550619,0.9234172,0.9382772,0.8935774,0.8513241,0.932584,0.9491292,0.8973952,0.8622754,0.3904516,0.380748,0.2712434,0.2804171,0.8723249,0.7059091,0.2910817,0.225052,0.2764805,0.325046
690,0.1162461,0.1503432,0.2420721,0.2508812,0.3386787,0.3991461,0.4897529,0.4232041,0.7484052,0.6641013,0.8257682,0.7773114,0.8985475,0.8560489,0.8081011,0.7427498,0.9020479,0.831269,0.1227842,0.1424133,0.09763244,0.1026947,0.1704419,0.1614092,0.9234279,0.9377971,0.8938931,0.8518781,0.9318016,0.9493067,0.8974623,0.8625299,0.385983,0.3767253,0.2678207,0.2766299,0.8722621,0.7065711,0.2894674,0.2237837,0.2732173,0.3220887
695,0.1170233,0.1511317,0.2433892,0.2522141,0.3406183,0.4018592,0.5055683,0.437654,0.7581753,0.6758642,0.8282685,0.7794781,0.8999854,0.8574896,0.8109004,0.7451095,0.9048859,0.8334951,0.1214408,0.14077,0.09755045,0.1026,0.1802888,0.1711971,0.9244722,0.939326,0.8960688,0.8539949,0.9332443,0.9510034,0.899394,0.8642463,0.3828172,0.3735704,0.2650768,0.2737507,0.8743017,0.7083008,0.2884234,0.2232046,0.2708205,0.3198997
700,0.1172511,0.1514768,0.243848,0.2526627,0.3416013,0.4030525,0.5185491,0.449656,0.7640107,0.684128,0.8271825,0.7782404,0.8980987,0.8557946,0.8105665,0.7446812,0.9038272,0.8323067,0.119812,0.1389177,0.09721959,0.1022505,0.1938373,0.1851107,0.9218528,0.9367853,0.894636,0.8523136,0.9308682,0.9487886,0.8976951,0.8623824,0.378195,0.3689844,0.2616693,0.2697995,0.8727714,0.7073063,0.2865548,0.2217841,0.2679358,0.3167526
705,0.1178525,0.1524224,0.2450795,0.2540154,0.3438413,0.4058041,0.5323561,0.4624677,0.7717401,0.6939197,0.8288392,0.7798954,0.899666,0.8573057,0.8129479,0.7469375,0.9058484,0.8340784,0.1188806,0.1376189,0.0970354,0.1022845,0.2138612,0.205745,0.9225204,0.937839,0.8960183,0.8540193,0.9316649,0.9499398,0.8991628,0.8636548,0.3749934,0.3657795,0.2590708,0.267072,0.8744002,0.7089818,0.2858175,0.2211978,0.2660182,0.3149052
710,0.1180824,0.1530447,0.2457882,0.2548368,0.3450425,0.4075073,0.5444745,0.4737376,0.7775376,0.7020074,0.82908,0.7801588,0.8984661,0.8562866,0.8134554,0.7472684,0.9061093,0.8334324,0.1174648,0.1360316,0.09668997,0.1019744,0.2409179,0.2340875,0.921784,0.9371753,0.895778,0.8538581,0.93088,0.9493958,0.898647,0.8627846,0.3708699,0.3618953,0.2560283,0.263981,0.8738367,0.7086725,0.2844697,0.2200962,0.2635452,0.3128874
715,0.1191495,0.1542249,0.2475924,0.2566803,0.3479508,0.410725,0.5583718,0.4860404,0.7855209,0.7117886,0.8325061,0.7828307,0.9015496,0.8580704,0.8170707,0.7497624,0.9094512,0.8362274,0.1167544,0.1350327,0.09692445,0.1020727,0.2775173,0.2724892,0.9238097,0.9397686,0.8988498,0.8570033,0.9335275,0.9519626,0.901647,0.8645682,0.3687214,0.3592997,0.2543208,0.2620776,0.8763321,0.7108575,0.2845632,0.2200443,0.2627712,0.3120851
720,0.1201899,0.1553501,0.2491546,0.2577318,0.3496312,0.4128743,0.5694082,0.4962681,0.7905766,0.7185756,0.8329505,0.7826996,0.9017756,0.8581195,0.8184907,0.7513629,0.9103745,0.8366835,0.1163202,0.134263,0.09744734,0.1024494,0.3233278,0.3192619,0.9238635,0.9387342,0.899193,0.8569908,0.9331467,0.9516146,0.90195,0.8650867,0.3657178,0.3565665,0.2522838,0.2595057,0.8768656,0.7115324,0.2843828,0.219871,0.2614029,0.3105217
725,0.1214478,0.1567013,0.2508269,0.2592163,0.3516656,0.4151849,0.5810707,0.5064408,0.7960319,0.7256245,0.8342909,0.7836605,0.9021739,0.8585297,0.8202698,0.75286,0.9114068,0.8376302,0.1158673,0.1334437,0.0980435,0.1028807,0.3764797,0.3729362,0.9242584,0.9391404,0.9002533,0.858144,0.9336477,0.951952,0.9027963,0.8657659,0.3633808,0.3541386,0.2503708,0.2575344,0.8779278,0.7125618,0.2845348,0.2197815,0.2604057,0.3094037
730,0.1220484,0.1575054,0.2514975,0.2599721,0.352668,0.4161445,0.591032,0.515211,0.799502,0.7308492,0.8336369,0.7830042,0.9004996,0.8568,0.8197796,0.7522722,0.9104728,0.8364756,0.1148781,0.1323493,0.09790155,0.1027181,0.4320221,0.4282912,0.9229677,0.9380739,0.8992743,0.8574451,0.9318892,0.9504108,0.901177,0.8642355,0.3602856,0.3510325,0.2476953,0.2550714,0.8766203,0.7118791,0.2839369,0.2191978,0.2586613,0.3076488
735,0.1224476,0.1582796,0.2526333,0.2611542,0.3546596,0.4183112,0.6022756,0.5252546,0.8053986,0.7378722,0.8356723,0.7846428,0.9023272,0.8582396,0.8221011,0.7542926,0.9127961,0.8379864,0.1141639,0.1314247,0.09785587,0.1026563,0.4887026,0.4832584,0.9243557,0.9395264,0.9016665,0.8593674,0.933533,0.9520397,0.9030177,0.8652478,0.3581868,0.3489231,0.2460835,0.2531405,0.878392,0.7133113,0.2841948,0.2191538,0.2580982,0.306943
740,0.1219576,0.1581791,0.2524078,0.2609356,0.3545022,0.4182039,0.6100544,0.5326535,0.8066822,0.7414083,0.8339903,0.7829173,0.9001361,0.855642,0.820903,0.7529964,0.9112071,0.8359805,0.1125233,0.129862,0.0970398,0.1019794,0.5384885,0.5309089,0.9215575,0.9365526,0.8991611,0.8564488,0.9308896,0.9498861,0.9011558,0.8630006,0.3545458,0.3452055,0.2432891,0.24989,0.8761696,0.7115134,0.2830572,0.2179422,0.256339,0.3045897
745,0.1220289,0.1584202,0.2530262,0.2612224,0.3562286,0.4200762,0.620771,0.5412139,0.8115238,0.7472653,0.8356853,0.7836224,0.9018897,0.8566831,0.8232413,0.7544594,0.9138641,0.8376166,0.1116371,0.128818,0.09676374,0.1015349,0.5838042,0.5727739,0.9227402,0.9374496,0.9010368,0.8584526,0.9316641,0.9502939,0.9032475,0.8640268,0.3525569,0.3432208,0.2415031,0.2482224,0.8778215,0.7127464,0.2832431,0.2176968,0.2559955,0.3041975
750,0.1222434,0.1590118,0.2535885,0.2617744,0.3575694,0.4208942,0.6297694,0.5493183,0.8151163,0.7521702,0.836559,0.7843595,0.902254,0.8564681,0.8243809,0.7551558,0.9147888,0.8379925,0.1110141,0.1280071,0.09670771,0.1012945,0.6200941,0.60544,0.9230973,0.9379466,0.9025347,0.8588287,0.9320548,0.9507205,0.9038774,0.8638692,0.3506228,0.3409228,0.2402105,0.2467199,0.8782461,0.7128968,0.2833743,0.2174436,0.2559391,0.3038394
755,0.1224487,0.1594239,0.2539841,0.2615835,0.3581426,0.4217132,0.6375361,0.5563931,0.8172938,0.7555995,0.8362409,0.7834644,0.9015366,0.8553382,0.8242253,0.7548466,0.9144699,0.8371716,0.1103239,0.1269726,0.09667064,0.100915,0.6485448,0.6304913,0.9219374,0.9360045,0.90174,0.8579746,0.9312727,0.9488477,0.9031724,0.8629629,0.3484233,0.3387122,0.2386974,0.2451095,0.8777152,0.7124137,0.2834549,0.2173102,0.25572,0.3033985
760,0.1228757,0.1602131,0.2548704,0.2622599,0.3592954,0.4228295,0.6464436,0.5642682,0.8211975,0.7605199,0.837576,0.7841372,0.9021516,0.8552955,0.8254183,0.7558088,0.9152912,0.8374249,0.1099095,0.1266114,0.0969503,0.1010484,0.6724014,0.6512435,0.9225264,0.9364418,0.9027988,0.8590621,0.9319246,0.9493426,0.9033541,0.8630782,0.3468579,0.3370883,0.2378338,0.2441531,0.8781378,0.7128646,0.2840736,0.2175766,0.2562162,0.3039817
765,0.1232916,0.1611716,0.2553687,0.26318,0.3603384,0.4240803,0.6550019,0.5723993,0.8245913,0.7656863,0.8382055,0.7850749,0.9023625,0.855598,0.8265851,0.756803,0.9161203,0.8381484,0.1095752,0.126506,0.0972264,0.1013404,0.6914159,0.6682177,0.9228579,0.9378072,0.9034728,0.8600177,0.9322589,0.9503031,0.9041898,0.863198,0.3455194,0.3358717,0.2370157,0.2434089,0.878657,0.7137109,0.2850209,0.2179296,0.256987,0.3047823
770,0.1237045,0.1620528,0.2560339,0.2640125,0.3608907,0.425342,0.6629997,0.5801265,0.8276955,0.7701492,0.8389547,0.7859689,0.9026955,0.8559996,0.8276039,0.7576401,0.916756,0.8390315,0.1092952,0.1262732,0.09775127,0.1016559,0.707075,0.6819906,0.9235852,0.9381455,0.9040619,0.8605324,0.9325949,0.9508113,0.9047688,0.8635035,0.3441763,0.3346916,0.2363506,0.2426497,0.8797314,0.7145365,0.2861044,0.2186754,0.2580304,0.3060078
775,0.124437,0.1628665,0.2567271,0.2644315,0.362062,0.426661,0.6710138,0.5872687,0.8303741,0.7744706,0.8401026,0.7864146,0.9033853,0.8567411,0.8295,0.7589074,0.9179612,0.8401472,0.1090831,0.1260137,0.09834352,0.1019472,0.7200777,0.6928074,0.9240785,0.9382133,0.9049572,0.8616347,0.9330837,0.9514121,0.9057178,0.8645636,0.3434083,0.3338617,0.2362885,0.242273,0.8808632,0.7156655,0.2871806,0.2192335,0.2594151,0.3075137
780,0.1251982,0.1639222,0.2580471,0.2654099,0.3635189,0.4285343,0.6791629,0.5946931,0.8341352,0.779577,0.8411759,0.7876165,0.9051902,0.858552,0.8312192,0.7609631,0.9203004,0.8420799,0.1092547,0.1261899,0.09923291,0.1023408,0.7312475,0.7022008,0.9253129,0.9395498,0.9066312,0.8631683,0.9347405,0.9529412,0.9070944,0.8663493,0.3431873,0.3334825,0.236164,0.2421262,0.8829577,0.7168644,0.2886984,0.2200744,0.2614281,0.3094179
785,0.1250572,0.1639734,0.25784,0.2652911,0.3636831,0.428691,0.6839095,0.5987658,0.834196,0.7800433,0.8396801,0.7856564,0.9031272,0.8567602,0.8297827,0.7593399,0.9184848,0.8401464,0.108821,0.1257045,0.09933402,0.1021398,0.737594,0.7065653,0.923037,0.9376407,0.904813,0.8613518,0.9327934,0.9504893,0.9055724,0.8644694,0.3414269,0.3319333,0.2352683,0.2413657,0.8816381,0.7157482,0.2893407,0.2201451,0.2624027,0.3105375
790,0.1257256,0.1650253,0.2590263,0.266169,0.3656335,0.431027,0.6919204,0.6060153,0.8377697,0.7847022,0.8415358,0.7866984,0.9047704,0.8582218,0.8321768,0.7615117,0.9206754,0.8419529,0.1088979,0.1254717,0.09991799,0.1023347,0.7465705,0.7140086,0.9248302,0.9390734,0.9065668,0.8627217,0.9341382,0.9519868,0.9074645,0.866049,0.3411155,0.3317022,0.2350162,0.2413532,0.8834313,0.7172293,0.2912742,0.2209253,0.2647975,0.3130037
795,0.1259141,0.1654154,0.2589884,0.2663844,0.36623,0.431867,0.6977766,0.6120604,0.8389565,0.7878569,0.8409296,0.7865388,0.9045502,0.8578302,0.8326237,0.7615357,0.9210663,0.8424167,0.1084295,0.1250149,0.100182,0.1023013,0.75278,0.7195003,0.9244351,0.9383315,0.9059554,0.8620743,0.9334245,0.9513433,0.9071469,0.8660122,0.3401661,0.3308668,0.234306,0.2405788,0.8831962,0.7169554,0.2924449,0.2214344,0.2664282,0.314679
800,0.126032,0.1656477,0.2590524,0.266537,0.3667404,0.4328038,0.7027179,0.6165066,0.8394445,0.7896649,0.8395486,0.7852484,0.903286,0.8566464,0.8319873,0.7607765,0.9201813,0.8410326,0.1078223,0.1248269,0.1004155,0.1023543,0.7573516,0.7231516,0.9223051,0.9364879,0.9042941,0.8608012,0.9314652,0.9495271,0.9059492,0.8641834,0.338874,0.3298177,0.2336946,0.239935,0.882309,0.7160618,0.2934497,0.2220872,0.2679809,0.3163375
805,0.1268266,0.1670711,0.2610708,0.2680674,0.3699571,0.4363334,0.7110323,0.6237056,0.8446385,0.7949967,0.843173,0.7879616,0.9070582,0.8601829,0.83565,0.7644674,0.9244446,0.8444164,0.1083277,0.1249606,0.1016245,0.1028147,0.7652321,0.7295985,0.9256675,0.9394683,0.9081967,0.8645911,0.9355509,0.9525657,0.9102224,0.8678538,0.3395425,0.330732,0.234558,0.2405303,0.886558,0.7196,0.2964711,0.2238957,0.2714878,0.3199334
810,0.127485,0.1676555,0.2616196,0.268964,0.3712504,0.4380848,0.7166595,0.6288179,0.8460444,0.7979434,0.8435789,0.7889851,0.9074044,0.8602292,0.8363293,0.7657123,0.9255058,0.845312,0.1081416,0.1250106,0.1021855,0.1030936,0.7693099,0.7332258,0.9258785,0.9397939,0.9082859,0.8648173,0.935075,0.953427,0.9104696,0.8686431,0.3395619,0.3305663,0.2341373,0.2406594,0.8864694,0.7199135,0.2981094,0.2246967,0.2739237,0.3230206
815,0.1278837,0.1680121,0.2623725,0.2693955,0.3723186,0.4400206,0.7203758,0.6326945,0.8468737,0.7992296,0.843064,0.7877355,0.906636,0.8598224,0.8360719,0.7655526,0.9247754,0.8443296,0.1080747,0.124679,0.1026011,0.1032429,0.7720237,0.7350839,0.9253516,0.9387598,0.9077911,0.8636285,0.9347807,0.9521769,0.9096109,0.8678288,0.3388339,0.3301744,0.2340161,0.2404075,0.8861895,0.7195919,0.2998542,0.225182,0.2763412,0.3250303
820,0.1285129,0.168827,0.2635286,0.2703091,0.3742226,0.4422533,0.7251604,0.6370627,0.8482038,0.801789,0.8433662,0.7879139,0.906471,0.8600839,0.8366151,0.7660718,0.9254829,0.8453863,0.1078892,0.1247942,0.1032741,0.1033632,0.7754438,0.737959,0.9251822,0.939019,0.9082022,0.863844,0.9349769,0.9522099,0.9100624,0.8681983,0.3386233,0.330045,0.2340201,0.2404202,0.8866453,0.7200284,0.3016849,0.2259735,0.2794121,0.3279171
825,0.1291837,0.1699085,0.2647138,0.2714276,0.3764826,0.4451606,0.730026,0.6415465,0.8494358,0.8043176,0.8434166,0.7885637,0.9063146,0.8608028,0.8373522,0.7667084,0.9264382,0.8462671,0.1078623,0.1247671,0.1040322,0.1035874,0.7779398,0.7408209,0.925308,0.9389836,0.9086118,0.8638039,0.9348436,0.9525371,0.9102735,0.868978,0.3387073,0.3302829,0.2340407,0.2407017,0.8872489,0.720747,0.3035752,0.2270771,0.2823098,0.3310003
830,0.1304103,0.1710458,0.2664565,0.2728398,0.3791497,0.4481269,0.7344742,0.6454858,0.8509763,0.805871,0.8435656,0.7882253,0.9065548,0.860792,0.8376418,0.7670622,0.926693,0.8457822,0.1080529,0.1250357,0.1049567,0.1040016,0.7806391,0.7424394,0.9252689,0.9385669,0.9087213,0.8635192,0.934422,0.9518622,0.9103423,0.8686062,0.3388867,0.3304314,0.2342997,0.2412337,0.8873398,0.7210014,0.3057796,0.2279879,0.2854005,0.3340288
835,0.1310428,0.1718046,0.2679573,0.2742851,0.3815492,0.4508089,0.7371103,0.6487069,0.8505998,0.8066094,0.8431265,0.7869033,0.9060435,0.8599386,0.8372347,0.7672775,0.9262921,0.8455108,0.1083718,0.125373,0.1056188,0.1042955,0.7819428,0.7431621,0.9242775,0.9368887,0.907703,0.8623645,0.9335171,0.9512177,0.9096392,0.8677747,0.3390737,0.3304291,0.2344065,0.2411596,0.8869346,0.7204721,0.3076918,0.2289114,0.2885846,0.336894
840,0.1325733,0.1737756,0.2705366,0.2764693,0.384527,0.4542417,0.7415049,0.6522879,0.8527848,0.8089435,0.844271,0.7873843,0.9061677,0.8602447,0.8376817,0.7670277,0.9267689,0.845857,0.1090052,0.1259836,0.1070683,0.1046405,0.785239,0.7454507,0.925145,0.9370761,0.9089708,0.8629893,0.9350832,0.9511257,0.9095915,0.8681224,0.3397297,0.3316246,0.235781,0.2422452,0.8868357,0.7205449,0.3101577,0.2302551,0.2924338,0.3406882
845,0.1346116,0.1760413,0.2732221,0.2792857,0.3885457,0.4587631,0.7453969,0.6558638,0.8535365,0.8109544,0.8443596,0.7876918,0.9063691,0.8612498,0.8388535,0.7683798,0.9279381,0.8470662,0.1096956,0.1268639,0.108324,0.1058228,0.7871816,0.7475619,0.9251918,0.9376315,0.908694,0.8631149,0.934551,0.9509821,0.910633,0.8688127,0.3411754,0.3327223,0.2366492,0.2435398,0.8879929,0.7216301,0.3126976,0.231623,0.2968093,0.3448839
850,0.1362782,0.17769,0.2758347,0.2817344,0.3919294,0.4628819,0.7482137,0.6587752,0.8536167,0.8120279,0.8438267,0.7873597,0.9064496,0.8611717,0.8392144,0.7688438,0.9277467,0.846727,0.1103007,0.1275878,0.1096486,0.1065651,0.7885283,0.7487684,0.9244751,0.9367276,0.9081129,0.8628444,0.9336327,0.9508791,0.9104696,0.8687199,0.3422251,0.3340463,0.2372971,0.2444868,0.888079,0.7218936,0.3155045,0.2331706,0.3008126,0.3483956
855,0.1381874,0.1800085,0.278859,0.2846588,0.3961863,0.4677056,0.7518015,0.6621519,0.8548743,0.8134122,0.8438293,0.787347,0.9067035,0.8615754,0.8395435,0.769546,0.9281883,0.846828,0.1114381,0.1284924,0.1109429,0.1073597,0.7913135,0.7510211,0.9243816,0.9368094,0.9081661,0.863049,0.9337134,0.9508286,0.9108297,0.8691159,0.3436657,0.3355479,0.2383649,0.246079,0.8883691,0.7222286,0.3182959,0.2344152,0.3049009,0.3523514
860,0.140299,0.1825972,0.2822236,0.287907,0.4008563,0.4731101,0.7546129,0.6657591,0.8554724,0.8154735,0.8441533,0.7876276,0.9074868,0.8621827,0.8405666,0.7705182,0.928955,0.8471926,0.11226,0.1294895,0.1124445,0.1081115,0.7939656,0.7537048,0.9245046,0.9375411,0.9084244,0.8629332,0.9340377,0.9518181,0.911152,0.8697063,0.3453337,0.3369653,0.239559,0.2475898,0.8890508,0.722383,0.3211717,0.2359037,0.3090567,0.3563208
865,0.1427987,0.185167,0.2863732,0.2914268,0.4059722,0.4784646,0.7578577,0.668138,0.8564794,0.816645,0.8447624,0.7870361,0.9072146,0.8618689,0.8409242,0.7705956,0.9288459,0.8475901,0.1133207,0.1306745,0.1138357,0.108895,0.7970569,0.7560331,0.9246778,0.9362962,0.9091802,0.8627521,0.9343817,0.9508225,0.9113181,0.8695087,0.3470277,0.3388592,0.241132,0.2490997,0.8891259,0.7224739,0.3237903,0.2374215,0.3137263,0.3604276
870,0.1454553,0.1880471,0.290344,0.2952225,0.4110093,0.4839198,0.7605079,0.6701576,0.8564416,0.8171748,0.8441103,0.7870428,0.9064661,0.8611056,0.8404713,0.7704985,0.9284101,0.8467522,0.113975,0.1321066,0.1151101,0.1095378,0.7991923,0.7578904,0.9241431,0.9366826,0.9083261,0.8616208,0.9335442,0.9505566,0.9105397,0.8689205,0.3487839,0.3406823,0.2421155,0.250971,0.8888435,0.7217127,0.3264427,0.2385801,0.3177882,0.364155
875,0.1485055,0.1914074,0.2944241,0.3000506,0.4169317,0.4910383,0.7635674,0.6726512,0.8572796,0.8177035,0.8439434,0.7859524,0.9067055,0.8615962,0.8415045,0.7709454,0.9292263,0.8473911,0.115121,0.1333823,0.1169219,0.1103654,0.8029994,0.7599763,0.9232234,0.936272,0.908962,0.8615894,0.9337679,0.9498379,0.9105973,0.8695794,0.3517557,0.3433604,0.2442709,0.2532837,0.889308,0.7216567,0.3295851,0.2402963,0.3225124,0.3680975
880,0.1521859,0.1951233,0.3000507,0.3049049,0.4236402,0.496884,0.7659037,0.6748932,0.8578595,0.8184335,0.8438239,0.786135,0.9055177,0.8605607,0.8412757,0.7698421,0.9283908,0.8457777,0.116785,0.1349365,0.1184759,0.1115891,0.8062608,0.7627578,0.9237065,0.9355188,0.9075499,0.8611049,0.9328436,0.94974,0.9105172,0.8680342,0.3540426,0.345679,0.2466302,0.2555627,0.8886927,0.7204527,0.3325266,0.2416088,0.3270887,0.3722038
885,0.1563596,0.1995489,0.3060156,0.3106836,0.430733,0.504512,0.7686012,0.6769789,0.8580152,0.8190356,0.843472,0.7862435,0.905194,0.8601572,0.8408586,0.7694443,0.9290016,0.8453536,0.1185124,0.1369893,0.1204956,0.112998,0.8095537,0.7649878,0.9226914,0.9355961,0.9076656,0.8608275,0.932327,0.9496674,0.9101155,0.8679005,0.3569886,0.3487396,0.2485301,0.2585559,0.88848,0.720082,0.335465,0.2433621,0.3320416,0.377137
890,0.1607485,0.2044269,0.3124371,0.3168665,0.4389619,0.5128289,0.7713741,0.6793308,0.8587255,0.8202332,0.8448029,0.7855962,0.9059464,0.8599558,0.8418661,0.7698121,0.9291841,0.8449122,0.1203882,0.1391075,0.1224869,0.1142953,0.8138348,0.768029,0.9233003,0.9358161,0.9081998,0.861254,0.9329215,0.9494088,0.9103071,0.867709,0.3606915,0.352333,0.2510154,0.2621234,0.8885161,0.7201573,0.3392954,0.2449469,0.3374195,0.3818561
895,0.1655528,0.2096022,0.3194194,0.3233719,0.4472147,0.5209441,0.7737221,0.6810534,0.8590412,0.8199238,0.8443408,0.7854816,0.9051979,0.8587766,0.8413754,0.7694808,0.9282548,0.8441399,0.1223001,0.141604,0.1244995,0.1156229,0.8168015,0.7697793,0.9231665,0.9344217,0.9084272,0.8599846,0.9322227,0.9481363,0.9095994,0.8665993,0.3641841,0.3556862,0.2535648,0.2652294,0.8882208,0.7196755,0.3426998,0.246522,0.3425921,0.3865348
900,0.1706183,0.2151791,0.3266468,0.3298707,0.4561385,0.5291995,0.7754812,0.6831351,0.8593016,0.8206658,0.8440316,0.7848762,0.9042586,0.858301,0.840719,0.7693951,0.9279599,0.843118,0.1241462,0.1437653,0.12675,0.1167515,0.8199352,0.7724692,0.923224,0.9335977,0.908003,0.8592107,0.9315877,0.9476606,0.9083931,0.8659669,0.3677672,0.3591999,0.256481,0.268649,0.8879261,0.7195252,0.3458211,0.2480458,0.3478136,0.3909672
905,0.1766062,0.2212719,0.3341656,0.3367919,0.465158,0.5393278,0.7770838,0.6856019,0.8592775,0.8210641,0.8434569,0.7841448,0.9039968,0.8579275,0.8405178,0.7698827,0.9283786,0.8428177,0.1263938,0.1463264,0.1287005,0.1182338,0.8227339,0.7746874,0.9217019,0.9328479,0.9067319,0.8580186,0.9307681,0.9471932,0.9084645,0.8662381,0.3715608,0.3632863,0.2592975,0.2720066,0.8872785,0.7198325,0.3490907,0.249917,0.3527471,0.3952092
910,0.1826666,0.2281521,0.3429942,0.3457522,0.476088,0.5498405,0.7787771,0.6892045,0.8588513,0.8232769,0.8439161,0.7859142,0.9042013,0.8587551,0.8416924,0.7706797,0.9281133,0.843322,0.1285522,0.1491618,0.1309797,0.1199901,0.8247621,0.7781951,0.9219846,0.9336994,0.9060978,0.8578719,0.930345,0.9475058,0.9077882,0.8661922,0.3762669,0.3670536,0.2625149,0.276202,0.8875862,0.7205371,0.3530504,0.2518362,0.3580877,0.3996392
915,0.1894368,0.2352851,0.3511753,0.3537137,0.4862027,0.5593718,0.7819418,0.6913002,0.8596156,0.8237386,0.8440743,0.7851257,0.9021773,0.8582885,0.8408691,0.7702422,0.9257405,0.8431172,0.1306892,0.1523784,0.1332388,0.1213871,0.8277621,0.7806146,0.9215048,0.9328957,0.9063181,0.859206,0.930657,0.9454497,0.9073108,0.8657591,0.3795787,0.3707395,0.266129,0.2805066,0.8865242,0.7202002,0.3560757,0.2538441,0.363417,0.4048143
920,0.1965632,0.2428102,0.361257,0.3628387,0.4972447,0.5705968,0.7847755,0.69346,0.859807,0.8246812,0.8439465,0.7858145,0.902,0.8585737,0.840955,0.7704808,0.925862,0.8431302,0.134081,0.1553583,0.135654,0.1228867,0.8300508,0.7822071,0.9210349,0.9331521,0.9061365,0.8600635,0.9302316,0.9452901,0.907043,0.8652483,0.3842076,0.3753895,0.2692036,0.2845077,0.8864478,0.7210509,0.3597843,0.2560059,0.3696008,0.409843
925,0.2048046,0.2508395,0.3708212,0.3717864,0.5088329,0.5811576,0.7863875,0.6952587,0.8603081,0.8253217,0.8436996,0.785795,0.9018911,0.8583806,0.8410391,0.7714971,0.9257427,0.8425015,0.1365244,0.1581845,0.1384979,0.1250785,0.8325992,0.7844547,0.9208636,0.9330444,0.9058821,0.8601669,0.9299167,0.945383,0.9067171,0.8654388,0.3887414,0.3800014,0.2723139,0.2893219,0.88639,0.7213662,0.3634135,0.2581757,0.3751839,0.4145882
930,0.2130274,0.2596226,0.3816171,0.3819013,0.5208479,0.5925242,0.7875908,0.6975926,0.8604971,0.825859,0.8431623,0.7861754,0.9020215,0.8589767,0.8416242,0.7721573,0.9256628,0.8431154,0.1396956,0.161477,0.1409391,0.1270282,0.8335095,0.785759,0.9201338,0.9320888,0.9056226,0.8601358,0.9286929,0.9442947,0.906904,0.8660229,0.3931725,0.3841825,0.2762188,0.2941699,0.8867163,0.7219873,0.3671722,0.26046,0.3803215,0.4192557
935,0.222335,0.2690376,0.3923491,0.3923408,0.5321818,0.6030806,0.7893621,0.6991218,0.8601882,0.8263142,0.842455,0.7857529,0.9013941,0.8580192,0.8419956,0.7721241,0.924484,0.8418214,0.1425498,0.1653307,0.1440199,0.1296313,0.8336645,0.7865284,0.9196636,0.9325895,0.9048836,0.859439,0.9271248,0.9432766,0.9062856,0.8653852,0.3973686,0.3878652,0.2800807,0.2991857,0.8860757,0.7216097,0.3710369,0.2626257,0.3856019,0.4245498
940,0.2323449,0.2790729,0.4046636,0.4016793,0.544529,0.613942,0.7916851,0.7006669,0.8600874,0.8261784,0.8428217,0.7837316,0.9008939,0.8572394,0.8415201,0.7718098,0.923977,0.8421621,0.146219,0.1688536,0.1485673,0.1322978,0.8367308,0.7872361,0.9193915,0.9301471,0.9059773,0.8584579,0.9290411,0.9423257,0.9054278,0.8644603,0.4016784,0.3918514,0.2836986,0.3040791,0.8859993,0.721448,0.374934,0.2652318,0.3922753,0.4297062
945,0.2420149,0.2884512,0.4154761,0.4133731,0.5564157,0.6243212,0.792131,0.7005159,0.8594555,0.8249013,0.8425974,0.7835646,0.9006444,0.8579412,0.8412862,0.7722612,0.9251915,0.8414623,0.1499157,0.1727394,0.152138,0.1344665,0.8368663,0.7873425,0.9205627,0.9296545,0.9035962,0.8574532,0.9270821,0.9423229,0.9058045,0.8644875,0.4063235,0.3970507,0.2872172,0.3080071,0.8867508,0.7221432,0.3798534,0.2677385,0.3981055,0.4336206
950,0.2530885,0.2988712,0.4283006,0.4231383,0.5690584,0.6338903,0.7941628,0.7008355,0.8628092,0.8244319,0.8427777,0.7825702,0.9016756,0.8573237,0.8438306,0.7716702,0.925245,0.8414463,0.1539496,0.1760452,0.1552423,0.1369308,0.8398799,0.786194,0.9204013,0.9306716,0.9069462,0.8577613,0.9286199,0.9407816,0.9056969,0.8641797,0.4117607,0.4017875,0.2917288,0.3136598,0.886989,0.7207962,0.3839447,0.2710156,0.4054202,0.4388135
955,0.2434074,0.313272,0.4280625,0.4232643,0.5717015,0.5762977,0.8045056,0.7096796,0.8978379,0.8469086,0.8691023,0.7872919,0.9021078,0.8248892,0.854506,0.7516866,0.9358962,0.8297117,0.1413397,0.1729762,0.1376708,0.1187356,0.8746811,0.8083753,0.9301438,0.906854,0.9283606,0.8569772,0.9424741,0.9375601,0.9190898,0.8454709,0.4098312,0.3876865,0.3039431,0.3077886,0.8796089,0.7043574,0.3765909,0.26061,0.4223497,0.4117517
960,0.2523724,0.3227549,0.4389255,0.4329934,0.584078,0.5863168,0.8049158,0.7094164,0.8973441,0.8462358,0.868921,0.7867069,0.9021538,0.8243539,0.8551838,0.7519391,0.9363199,0.8294381,0.1425379,0.1754308,0.1386178,0.1190783,0.8750535,0.8077011,0.9298882,0.9061174,0.9277188,0.8561575,0.9420507,0.9375483,0.9192876,0.8452778,0.4140228,0.3917135,0.306531,0.3109724,0.8796679,0.7038738,0.3800569,0.2623894,0.4272268,0.4153101
965,0.2624223,0.3330067,0.4504779,0.4433409,0.5962759,0.5960014,0.8056406,0.7094206,0.8973473,0.8460259,0.8689098,0.7864612,0.9015808,0.8235862,0.8553555,0.7519969,0.936049,0.8289135,0.1442831,0.1780886,0.1400418,0.1196964,0.8757885,0.8074968,0.9299426,0.9059849,0.92733,0.8554685,0.9419246,0.9378023,0.9188052,0.8449681,0.4178377,0.3955701,0.3092291,0.3147526,0.8793611,0.7030923,0.3834297,0.2640948,0.432517,0.4195393
970,0.2728357,0.3435245,0.4622642,0.4536989,0.6079205,0.6051228,0.8059701,0.7093003,0.8970426,0.845592,0.8686137,0.7861568,0.900291,0.8225603,0.8547714,0.7516055,0.9349393,0.8280818,0.1462515,0.1808667,0.1418271,0.1205449,0.8763204,0.807248,0.9295419,0.9056844,0.9265116,0.8545314,0.9415045,0.9377454,0.9177001,0.8441288,0.4212063,0.3991029,0.3120407,0.318705,0.8780838,0.7019586,0.3865132,0.2657876,0.4380053,0.4240085
975,0.2834873,0.3543001,0.4738768,0.464089,0.6192953,0.6141223,0.8057846,0.7090034,0.8960955,0.8447821,0.867789,0.7855941,0.8988392,0.8214722,0.8540531,0.7509754,0.9336545,0.8270168,0.148301,0.1838343,0.1438611,0.1217305,0.8762209,0.8066696,0.9283735,0.9048377,0.9251,0.853377,0.940558,0.9371693,0.9163013,0.8431546,0.4245489,0.4026425,0.3148186,0.3226028,0.8767747,0.7008519,0.3897842,0.2676223,0.4433081,0.4284047
980,0.2942802,0.365081,0.4853414,0.4742727,0.6305052,0.6227918,0.8054671,0.7085257,0.8949928,0.8437634,0.866802,0.7847887,0.897653,0.8204007,0.8535309,0.7504506,0.9325323,0.8259418,0.1501902,0.1867414,0.1459387,0.1230365,0.8758261,0.8058938,0.927088,0.9037744,0.9236757,0.8521695,0.9393613,0.9364597,0.9151555,0.8422214,0.4279434,0.4060452,0.3174165,0.3264754,0.8756987,0.6997867,0.3932757,0.269592,0.4485967,0.432835
985,0.3051108,0.3759575,0.4967339,0.4842832,0.6414358,0.6310267,0.8048643,0.7080338,0.8936141,0.842801,0.8656819,0.7839208,0.8962772,0.8192268,0.8526596,0.7497929,0.9313773,0.8248467,0.1522412,0.1897281,0.1482927,0.12453,0.8751869,0.8051308,0.9257246,0.902559,0.9221863,0.850884,0.9379841,0.9355744,0.9138559,0.8411161,0.4312114,0.409278,0.320105,0.3301567,0.8744218,0.6985512,0.3968234,0.2717061,0.4539599,0.4371694
990,0.3166139,0.3871258,0.5083324,0.4946573,0.6525,0.6394491,0.8050286,0.7082099,0.8929961,0.8424594,0.8651925,0.783557,0.8955131,0.8186234,0.8523799,0.7497146,0.930804,0.8243194,0.1548177,0.1929367,0.1511131,0.1263342,0.8750952,0.8049406,0.924998,0.901975,0.9214246,0.8502307,0.9370849,0.9351011,0.9131015,0.8405179,0.434718,0.4128764,0.3231482,0.3341858,0.873797,0.6979931,0.4006852,0.274214,0.4597993,0.4421518
995,0.3281654,0.3981252,0.5198779,0.5049532,0.6633211,0.6476484,0.8054968,0.708637,0.8926721,0.8424797,0.8650572,0.783397,0.8951743,0.8183319,0.8524452,0.7498263,0.9306856,0.824186,0.1572056,0.1960281,0.1540527,0.1282073,0.8753294,0.8050693,0.9246937,0.9016527,0.9212066,0.8500637,0.9364861,0.9348271,0.9127877,0.8402339,0.4381982,0.4163057,0.3260345,0.3380671,0.8733065,0.6976082,0.4047563,0.2768088,0.4656675,0.4471602
1000,0.3397773,0.4092635,0.5311997,0.5150361,0.6738791,0.6555414,0.8061568,0.70919,0.8925703,0.8425915,0.864949,0.7833545,0.8948528,0.8180616,0.8525049,0.7498959,0.9307206,0.8241611,0.1595751,0.1992106,0.1571511,0.1303378,0.8756517,0.8052968,0.9245942,0.9014689,0.9210988,0.8500283,0.9362614,0.9345556,0.9123518,0.8400048,0.4413668,0.4196213,0.3288115,0.3419001,0.872901,0.6972118,0.4089539,0.2795353,0.4716867,0.4523738
1005,0.3514005,0.4201659,0.5420238,0.5248337,0.6840324,0.6631954,0.806823,0.7097464,0.8925207,0.8426667,0.8648181,0.783332,0.8947189,0.8178343,0.8527032,0.750203,0.9307328,0.8241534,0.1618747,0.2023084,0.1604971,0.1327112,0.8761055,0.805472,0.9243554,0.9012641,0.9209964,0.8499211,0.9360989,0.9342199,0.912026,0.839872,0.4447017,0.4228674,0.331502,0.3456232,0.8727401,0.696997,0.4134423,0.28258,0.4778124,0.457614
1010,0.3632206,0.4307092,0.5529246,0.5340506,0.6935527,0.6698854,0.8074371,0.7099647,0.8923041,0.8423889,0.8645232,0.7827697,0.8941948,0.8172941,0.8526033,0.7499475,0.9304137,0.8235288,0.1644475,0.2052809,0.1642516,0.1351985,0.8762428,0.8052025,0.9237644,0.9006529,0.920787,0.8494565,0.9355142,0.9335495,0.9115123,0.8393596,0.4475126,0.4257205,0.3344489,0.3493269,0.8723174,0.6964086,0.4177686,0.2855109,0.4841619,0.4628957
1015,0.3743372,0.4412528,0.5632063,0.5431862,0.7029704,0.6767636,0.8082125,0.710705,0.8923366,0.8424893,0.864625,0.7827114,0.8942344,0.817116,0.853138,0.7503451,0.9305297,0.8235413,0.1666209,0.2081448,0.1679457,0.1378692,0.8766701,0.8054848,0.9237413,0.9004513,0.9209551,0.849469,0.9353833,0.9332854,0.9116254,0.8392311,0.4506252,0.4287937,0.3368536,0.3525404,0.8724157,0.6964641,0.4227466,0.2889097,0.490306,0.4680638
1020,0.3857186,0.4516122,0.5734129,0.5519894,0.7116915,0.6831173,0.8091794,0.7115111,0.8925337,0.8428155,0.8648555,0.7828116,0.8940423,0.8168911,0.8534344,0.7503961,0.9305249,0.823419,0.1689173,0.2109728,0.1721346,0.1408274,0.8773867,0.8060054,0.9236266,0.9003155,0.921091,0.8496448,0.9352136,0.9331843,0.911441,0.8391095,0.4531289,0.4314422,0.3394769,0.3559238,0.8722985,0.696317,0.427504,0.2921547,0.49689,0.4736044
1025,0.3968482,0.4616106,0.5832484,0.5606765,0.7202371,0.6895046,0.8101213,0.7124374,0.8927973,0.8432456,0.8649672,0.7831526,0.8939395,0.8171195,0.8537881,0.7507386,0.9306276,0.8236296,0.1710643,0.2136091,0.1763656,0.1438007,0.8778867,0.8065292,0.9236029,0.9000776,0.9212482,0.849902,0.9348962,0.933018,0.9115105,0.8391823,0.4557523,0.4340138,0.3418704,0.3590338,0.8723676,0.6965241,0.4327022,0.2958732,0.5033668,0.4792986
1030,0.407682,0.4715763,0.5925622,0.5691318,0.7282432,0.6956343,0.8109565,0.7134606,0.8926656,0.8436075,0.865126,0.7832605,0.8938935,0.8172129,0.8540727,0.7510998,0.9307828,0.8237575,0.1731057,0.2162685,0.180754,0.1471071,0.8782058,0.807184,0.9232,0.9000036,0.9213124,0.8500603,0.9347676,0.932737,0.9116122,0.8392161,0.4581157,0.4364097,0.3438623,0.3619027,0.8721672,0.69678,0.4378833,0.2995568,0.5096805,0.4849075
1035,0.4185604,0.4811797,0.6018978,0.5771721,0.736039,0.701673,0.8120044,0.7146014,0.89305,0.8441848,0.8655208,0.7836373,0.894194,0.8175135,0.854643,0.7516665,0.9312633,0.8242164,0.1750939,0.2185894,0.1856609,0.1505475,0.8790149,0.8079869,0.9231859,0.9000577,0.9217015,0.8504898,0.9347783,0.9329019,0.9118298,0.8395058,0.4604556,0.4387662,0.3460498,0.3648538,0.8723698,0.6973348,0.4434074,0.3036459,0.516501,0.4909313
1040,0.4290009,0.4905351,0.6109916,0.5848454,0.743337,0.7070943,0.8132063,0.7157995,0.893487,0.8447091,0.8660595,0.7840631,0.8943993,0.8177968,0.8550233,0.7521837,0.9315602,0.8245729,0.1771056,0.220804,0.1908204,0.1542546,0.8797529,0.8087608,0.9234155,0.9001454,0.9221277,0.8509263,0.9349828,0.9329212,0.9120837,0.8397962,0.4624127,0.4407184,0.348143,0.3673664,0.8725864,0.6976076,0.4488023,0.3078415,0.5233817,0.4969214
1045,0.4388282,0.499121,0.6188201,0.592102,0.749801,0.7118676,0.8137088,0.7166076,0.8932462,0.8449254,0.8659051,0.784039,0.8941039,0.8176793,0.8551391,0.752324,0.9313838,0.8245101,0.1787206,0.2228461,0.1957567,0.1580224,0.8799029,0.8093053,0.9230209,0.8998023,0.9218345,0.850938,0.9344547,0.9324009,0.9118029,0.8396041,0.4641382,0.4422767,0.3495102,0.3694819,0.8721637,0.6976194,0.4542315,0.3119103,0.5298014,0.5028308
1050,0.4481053,0.5073148,0.6264955,0.5988804,0.7560362,0.7168714,0.8145709,0.7177364,0.8932633,0.8455036,0.8660571,0.7845392,0.8944802,0.8181062,0.8554632,0.7529274,0.9315959,0.8250031,0.1800393,0.2246081,0.2011332,0.1620085,0.8804426,0.810124,0.9229473,0.899866,0.9218503,0.8513491,0.9343755,0.9322296,0.9120311,0.8399888,0.465712,0.4437405,0.3509156,0.3713454,0.8722391,0.6980779,0.4599891,0.3164631,0.5364053,0.5086275
1055,0.4574527,0.5155763,0.6338649,0.6056672,0.7621027,0.7217342,0.8154888,0.7192187,0.893656,0.8462702,0.8663554,0.7849966,0.8949614,0.8186722,0.8561501,0.7535465,0.9320731,0.825627,0.1815522,0.2263434,0.206848,0.1664346,0.8809093,0.8112916,0.923086,0.9000291,0.9221376,0.8517772,0.9342287,0.9323291,0.9123853,0.8402426,0.4671191,0.4451501,0.352291,0.3735197,0.8726643,0.698858,0.4660346,0.3211609,0.5432029,0.5151443
1060,0.4665071,0.5233185,0.6413861,0.6121383,0.7672069,0.7262025,0.8170444,0.7207928,0.8946287,0.8473642,0.8673839,0.7858388,0.8947526,0.8191351,0.8562586,0.7541135,0.9319892,0.8260601,0.1828909,0.2277864,0.21307,0.1709559,0.8822521,0.8126852,0.9237553,0.9006749,0.923027,0.8526438,0.9349477,0.932792,0.9121835,0.8406677,0.4680988,0.4463866,0.3536775,0.3752054,0.8723146,0.6993265,0.4719362,0.3260788,0.5504906,0.5215389
1065,0.4741994,0.5303152,0.6475348,0.6178731,0.7718797,0.7301919,0.8176019,0.7218262,0.8945103,0.8479099,0.8671896,0.7863028,0.894411,0.8194489,0.856347,0.7545563,0.9317605,0.8264069,0.1837515,0.229077,0.219003,0.1755702,0.8825379,0.8136017,0.9233463,0.9006456,0.9229805,0.8530731,0.9345723,0.9327629,0.9118631,0.8408836,0.4688783,0.4472616,0.3543121,0.3763264,0.8719069,0.6996016,0.4778854,0.3309572,0.5572879,0.5276156
1070,0.4815588,0.5367121,0.6531504,0.6228213,0.7762118,0.7338351,0.8177422,0.7225368,0.8937876,0.8480372,0.8667919,0.7864075,0.8941125,0.819593,0.8563914,0.7551088,0.9315976,0.8267118,0.1846537,0.2300803,0.225391,0.1804965,0.8822016,0.8139732,0.9225506,0.9003453,0.9225928,0.853249,0.933706,0.9323003,0.9115874,0.8410535,0.4694313,0.4481418,0.3551256,0.3776533,0.8715221,0.6999541,0.4838828,0.3361561,0.5640075,0.5338029
1075,0.488288,0.5427745,0.6581922,0.6275146,0.7806035,0.7373379,0.8179306,0.7232199,0.8932662,0.8481415,0.8665323,0.7864347,0.8942969,0.819947,0.8568326,0.7558477,0.9317265,0.8271766,0.1851419,0.2310218,0.2317132,0.1855989,0.8819411,0.8143238,0.9218233,0.8997423,0.9221537,0.8532699,0.9328877,0.9318674,0.9116404,0.841304,0.4697206,0.4485345,0.3553826,0.3783461,0.8717657,0.7003028,0.4899932,0.3415101,0.5705673,0.5397704
1080,0.4949212,0.548235,0.6629421,0.6317802,0.7844244,0.7401722,0.8181673,0.7236818,0.8927448,0.8479171,0.8661611,0.7862109,0.8941764,0.8199053,0.8572709,0.7563985,0.9317253,0.827218,0.1855687,0.231496,0.2384537,0.1909206,0.8817376,0.8143286,0.9212568,0.8988968,0.9215981,0.8530709,0.9322763,0.9310907,0.9115064,0.8412191,0.4699789,0.4487718,0.3556885,0.3790101,0.8717398,0.7003014,0.4965504,0.3470509,0.5772541,0.5458227
1085,0.5017039,0.554069,0.6681139,0.636366,0.7886288,0.7430142,0.8195941,0.724664,0.8934768,0.8486671,0.8668826,0.7867954,0.8948414,0.8203319,0.8580236,0.7571713,0.9324189,0.8276408,0.1861041,0.2324702,0.2455602,0.1966827,0.8825898,0.8151213,0.9218917,0.8989857,0.922488,0.8536135,0.9328262,0.9313976,0.9122334,0.8416209,0.4706152,0.4493223,0.3561108,0.3796504,0.8724394,0.7008166,0.5036301,0.3528882,0.5848359,0.5523675
1090,0.5075618,0.5590971,0.6727931,0.640326,0.7920525,0.7453782,0.8202376,0.7253337,0.893918,0.8490277,0.8672795,0.7871947,0.8953325,0.8204234,0.858727,0.7574956,0.9330421,0.8277553,0.1865253,0.2330711,0.2530433,0.2027077,0.883288,0.8153848,0.9220411,0.8992587,0.9228697,0.8535957,0.9330353,0.9314346,0.9128026,0.8415989,0.4711675,0.4495097,0.3563529,0.3799997,0.8725954,0.7008452,0.5105561,0.3589841,0.5919655,0.5585208
1095,0.5137469,0.563512,0.6775428,0.6439295,0.7953257,0.7472811,0.8213585,0.7256048,0.894392,0.8487352,0.8677959,0.7870141,0.8957428,0.8203368,0.8591813,0.7577033,0.9334425,0.8276942,0.1872751,0.2335214,0.2611253,0.2088134,0.8839506,0.8151248,0.9226112,0.8990414,0.9232079,0.8535286,0.9332841,0.9313003,0.9130635,0.841382,0.471307,0.4496404,0.3569247,0.3806485,0.8727972,0.7008977,0.517906,0.3653514,0.5995021,0.5649311
1100,0.5189822,0.5677029,0.681149,0.6472742,0.79827,0.7488176,0.8220438,0.7258551,0.8946072,0.8486794,0.8681461,0.787119,0.8960265,0.8200688,0.8598487,0.7577426,0.9336377,0.8275229,0.1876536,0.2339818,0.2690955,0.2153066,0.8843417,0.8150278,0.9226102,0.8991953,0.9234627,0.8532962,0.933229,0.9308867,0.9131957,0.8412017,0.4714681,0.449816,0.3569978,0.3807713,0.8729838,0.7006032,0.5252132,0.3718071,0.6065376,0.5708398
1105,0.5241667,0.5719574,0.685382,0.6507216,0.801345,0.7503304,0.8232231,0.7262834,0.8951781,0.8488571,0.8691308,0.7873964,0.8967972,0.8200552,0.8606446,0.7581758,0.9342576,0.8276482,0.1882992,0.2345678,0.2777109,0.2221817,0.8854564,0.8151528,0.9228559,0.8993953,0.9239904,0.8533459,0.9338575,0.9310527,0.9138685,0.8412594,0.4714128,0.4499212,0.357475,0.3810174,0.873484,0.7006215,0.5325347,0.3784388,0.6141907,0.5770897
1110,0.5287302,0.5753398,0.688939,0.6534723,0.8040475,0.7516189,0.8238082,0.7262145,0.8955801,0.8486682,0.8695529,0.7872264,0.8973405,0.8198779,0.8613927,0.7584067,0.9347796,0.82757,0.1885353,0.2346101,0.2861436,0.228898,0.8861039,0.8148474,0.9229549,0.8996171,0.9243282,0.8529418,0.9338808,0.9309133,0.914265,0.8413424,0.4716193,0.4500839,0.3573194,0.3811032,0.8741887,0.7005444,0.5402519,0.3852904,0.6217506,0.5831107
1115,0.5330626,0.5784963,0.6921377,0.6559547,0.8063443,0.7524005,0.8242577,0.7259039,0.8959909,0.8482472,0.869952,0.7873819,0.8977109,0.8195565,0.8619069,0.7585078,0.9352416,0.8273679,0.188727,0.2350151,0.2950709,0.2360685,0.8864879,0.8144308,0.9230409,0.8994593,0.9247057,0.852542,0.933987,0.9307405,0.9146564,0.8410655,0.4712435,0.4498538,0.3573042,0.3809211,0.874264,0.700108,0.5477582,0.3920534,0.6289629,0.5888124
1120,0.5368583,0.5810646,0.6950082,0.6581241,0.80828,0.7525524,0.8241801,0.7248699,0.895891,0.8472146,0.8697352,0.7868673,0.8974289,0.8186454,0.8622357,0.7583318,0.9352007,0.8266743,0.189119,0.2352711,0.304035,0.2434288,0.8864163,0.8133032,0.9226273,0.8990692,0.9245494,0.851715,0.933346,0.9302837,0.9144528,0.840318,0.4711226,0.4496797,0.3575398,0.3810475,0.8742111,0.6994185,0.5551871,0.3991215,0.6360874,0.5943812
1125,0.5399457,0.5825867,0.6973202,0.6595227,0.8100379,0.7518276,0.8239356,0.7229058,0.8956679,0.8456153,0.8698711,0.7857664,0.8974685,0.8175185,0.8625086,0.7578738,0.9350615,0.8256397,0.189297,0.2352562,0.3130606,0.2506852,0.8864091,0.811051,0.9224721,0.8985513,0.924161,0.8502135,0.9332954,0.9296564,0.9144225,0.8395259,0.4710662,0.4496743,0.3573515,0.3805129,0.8740522,0.6981069,0.5630581,0.4062669,0.6431329,0.5991152
1130,0.5424749,0.5830516,0.699908,0.6603093,0.8114627,0.749501,0.8234223,0.7197962,0.895602,0.8431001,0.8698788,0.7840706,0.8971996,0.8152955,0.8628442,0.7565433,0.9348558,0.8233411,0.1897186,0.2350745,0.3225637,0.2577704,0.8863036,0.8074997,0.9224373,0.8977499,0.9237377,0.8478407,0.9332645,0.9288445,0.914326,0.837559,0.4708607,0.449285,0.3573579,0.3797612,0.873493,0.6958656,0.5705226,0.4130842,0.6504222,0.6030651
1135,0.5450103,0.5830106,0.7018771,0.660842,0.8126389,0.7454116,0.8224959,0.7156543,0.8951223,0.8397193,0.8696041,0.7821794,0.8967818,0.8125381,0.8631033,0.7546666,0.9347544,0.8204795,0.1901502,0.2350017,0.3321647,0.2652163,0.885772,0.8027717,0.9219276,0.8972244,0.9232541,0.8450081,0.9329677,0.9279686,0.913763,0.835326,0.4706828,0.4487442,0.3574671,0.3789562,0.8731676,0.6924421,0.5779909,0.4198603,0.6570761,0.6062706
1140,0.5467258,0.5822806,0.7036552,0.6603846,0.8132101,0.7400928,0.8211048,0.7108533,0.8942706,0.8356127,0.8691509,0.7793723,0.896007,0.8088067,0.8630113,0.7523511,0.9340323,0.8166782,0.1902587,0.2348145,0.3414441,0.2725075,0.8849552,0.7973111,0.9214811,0.8959538,0.9222686,0.841224,0.9325811,0.9266036,0.913066,0.8321553,0.4706474,0.448461,0.3575147,0.3778653,0.8723247,0.6883896,0.5855275,0.4267336,0.6636062,0.6085191
1145,0.5478397,0.5808472,0.7046497,0.6597151,0.8130578,0.7345715,0.818826,0.7052299,0.8929899,0.8311108,0.8680287,0.7766967,0.8944621,0.805067,0.862273,0.7497351,0.9323772,0.8126921,0.1903348,0.2343413,0.3508844,0.2796484,0.8838016,0.7914655,0.9202027,0.8944784,0.9203374,0.8372158,0.9312369,0.9250498,0.911357,0.8288847,0.4705356,0.4478723,0.3572077,0.376509,0.8707318,0.6840363,0.5929766,0.4334394,0.6692581,0.6103364
1150,0.5489095,0.5792935,0.7057683,0.6593303,0.8127043,0.728645,0.8168229,0.6995926,0.8915365,0.8266252,0.8671557,0.7739064,0.8928501,0.800962,0.8617508,0.7473086,0.9309679,0.8085513,0.1905487,0.2340392,0.3603822,0.286887,0.8825874,0.7854101,0.9193007,0.8935024,0.9184524,0.8330444,0.9304461,0.9235823,0.9098505,0.8255316,0.4703,0.4473798,0.3571706,0.3754598,0.8693275,0.6797755,0.6002021,0.4402498,0.6751999,0.611975
1155,0.549198,0.576982,0.7067288,0.658218,0.812299,0.72153,0.8143867,0.6932042,0.8902333,0.8215658,0.8663833,0.7706973,0.8912879,0.7964069,0.8614234,0.744375,0.929506,0.8039249,0.1906273,0.2337109,0.3698596,0.2939734,0.8813218,0.7785222,0.9185594,0.8925291,0.9167738,0.8284705,0.9296612,0.922392,0.9082658,0.8217776,0.4701872,0.4469888,0.3569703,0.3739708,0.867854,0.6746077,0.6076317,0.4467851,0.680702,0.6124489
1160,0.5495535,0.5740689,0.7080771,0.6569381,0.8119146,0.713631,0.8122045,0.6858509,0.8890595,0.8158193,0.8658822,0.7672709,0.8900429,0.7911637,0.8611092,0.7409931,0.9283821,0.7987121,0.1911157,0.2333445,0.3796922,0.3008994,0.8803192,0.7708487,0.9178458,0.8911741,0.9152396,0.8237553,0.9290915,0.921102,0.9067922,0.8174779,0.4702645,0.4466806,0.3571625,0.3725886,0.8665401,0.6686695,0.615036,0.4530746,0.6867003,0.6124216
1165,0.5498504,0.5713716,0.7086922,0.6550909,0.811154,0.7050465,0.8099193,0.6788051,0.8877807,0.8100621,0.8648434,0.7633342,0.8883182,0.7853684,0.860355,0.737195,0.9265885,0.7926996,0.191292,0.2329729,0.3892438,0.3077818,0.8788887,0.7629488,0.9167889,0.8898982,0.9132684,0.8187493,0.9282278,0.9195378,0.905082,0.8125211,0.4704417,0.4462603,0.3571606,0.3710066,0.8646882,0.6623728,0.6220517,0.4592901,0.6919523,0.61202
1170,0.5507517,0.5693997,0.7094665,0.6536487,0.8105878,0.6973816,0.8080121,0.6727703,0.8866236,0.8049121,0.8642626,0.7598788,0.8868295,0.7799935,0.8599487,0.7336217,0.9251463,0.7873908,0.1919049,0.2328656,0.3992757,0.3149511,0.877754,0.7560016,0.9159693,0.8886152,0.911447,0.8145985,0.9271715,0.9181131,0.903673,0.8079755,0.4703186,0.4457297,0.3574126,0.3699796,0.8633004,0.6565465,0.6292711,0.4653074,0.697549,0.6122301
1175,0.5510816,0.5677475,0.7099375,0.6529868,0.8097595,0.6920186,0.8058211,0.6682899,0.8853796,0.8013534,0.8632758,0.7574621,0.8849017,0.77596,0.8590682,0.730943,0.9233028,0.783368,0.1922543,0.2329343,0.4091684,0.3225507,0.8764285,0.7513185,0.915045,0.8875622,0.9098214,0.8116934,0.9264777,0.9170291,0.9017891,0.8045407,0.4705519,0.4455733,0.3573974,0.3691914,0.8615608,0.6522812,0.636093,0.4718783,0.7029842,0.6136966
1180,0.5507255,0.5670081,0.7099767,0.6529999,0.8080028,0.6885038,0.8027257,0.6654707,0.8831244,0.7993812,0.8617586,0.7561687,0.8817754,0.7731389,0.8573196,0.7290332,0.9207255,0.7805735,0.1926598,0.2331618,0.4191241,0.3308497,0.874289,0.7488211,0.9136004,0.8869399,0.9075195,0.8096047,0.9251911,0.9163519,0.8989148,0.8019482,0.4702591,0.4452521,0.3575848,0.3690195,0.8584732,0.6493178,0.6424895,0.4788212,0.7080042,0.6165581
1185,0.550265,0.5669022,0.709375,0.6531681,0.8065309,0.6869346,0.799343,0.663766,0.8803878,0.7981163,0.8594078,0.7552332,0.8788559,0.7716923,0.8559846,0.7281533,0.9184608,0.7791297,0.1928579,0.2335927,0.428981,0.33974,0.8711953,0.7475296,0.9114518,0.8856854,0.9046522,0.8081874,0.9231268,0.9152938,0.8963613,0.8005473,0.4701813,0.4452189,0.3574584,0.3690924,0.8557317,0.6477931,0.6490021,0.4864382,0.7125414,0.6206012
1190,0.5508451,0.5684984,0.7088783,0.654085,0.8054868,0.6878332,0.7971663,0.6644051,0.8778164,0.7984028,0.8577812,0.7554393,0.8765969,0.7722346,0.8548322,0.7287682,0.9164848,0.7795947,0.1933049,0.2341653,0.4395083,0.3492698,0.868683,0.7484539,0.9097249,0.8849818,0.9021057,0.8079029,0.9213263,0.9148326,0.8942268,0.8009893,0.4702876,0.4454029,0.3577078,0.369733,0.8536772,0.6484115,0.6560368,0.4949736,0.7172479,0.6261407
1195,0.5523766,0.5711978,0.7095972,0.656044,0.8051198,0.6907192,0.7961552,0.666443,0.8765073,0.8001319,0.8570659,0.7566637,0.8752022,0.774051,0.854595,0.7306859,0.9154207,0.7813765,0.1937373,0.2351937,0.4501283,0.3593843,0.8671857,0.7508408,0.909044,0.8849221,0.9007008,0.8085925,0.920496,0.9149842,0.8929147,0.8023226,0.470753,0.4461385,0.3580425,0.3709356,0.8527536,0.6504824,0.6634729,0.5042607,0.7226232,0.6328104
1200,0.5541111,0.5744121,0.7107724,0.6586679,0.8053267,0.6943824,0.7957012,0.6696315,0.8757823,0.8027554,0.8571599,0.7588257,0.8742495,0.7764025,0.8546612,0.7327768,0.9146294,0.7837045,0.1947434,0.2364782,0.4611552,0.3698512,0.8665739,0.7546891,0.9089087,0.8855819,0.8999884,0.8103402,0.9203251,0.9158771,0.8919995,0.8043903,0.4715024,0.4468398,0.3588369,0.3727454,0.8521049,0.6532509,0.6709707,0.5135921,0.7285722,0.6402992
1205,0.5569447,0.5787622,0.7119212,0.6613516,0.805456,0.6986095,0.7961076,0.6736414,0.8751912,0.8056572,0.8572635,0.7611697,0.8733098,0.7789879,0.8545857,0.7350329,0.9141045,0.7864677,0.1957971,0.2380076,0.4724437,0.3808687,0.8661988,0.7588161,0.908911,0.8862081,0.8997794,0.8121732,0.9203919,0.916692,0.8913356,0.8066335,0.4719745,0.4476897,0.3598337,0.3745899,0.8511649,0.6562818,0.6779859,0.5229207,0.7344955,0.6480194
1210,0.5608187,0.583869,0.7129411,0.6636502,0.805765,0.7029893,0.7973123,0.6781446,0.8750504,0.808454,0.8572155,0.7631513,0.8723504,0.7814914,0.8544532,0.7371995,0.9135555,0.7891483,0.1968841,0.2395454,0.4842269,0.3920115,0.8659555,0.762521,0.9086257,0.886687,0.8993766,0.8139874,0.9202715,0.9175248,0.890656,0.8088651,0.4728925,0.4487652,0.3605169,0.3764111,0.8508134,0.6596559,0.6851675,0.5324453,0.7402837,0.6557191
1215,0.5644875,0.5885294,0.7142794,0.6660644,0.8067686,0.7070739,0.7989425,0.6821142,0.8753061,0.8110905,0.8576276,0.7650079,0.8722927,0.7837938,0.8549372,0.7393873,0.9137294,0.7917589,0.1977412,0.2412863,0.4957932,0.4034768,0.8662154,0.765891,0.9089938,0.8876383,0.899841,0.8158697,0.9206836,0.9184591,0.890825,0.8107617,0.4736849,0.4497815,0.3611488,0.3781182,0.8509598,0.6626496,0.6927055,0.541963,0.7464782,0.6627455
1220,0.5682619,0.5924053,0.7158067,0.6680003,0.8083785,0.7103228,0.8009914,0.6850133,0.8761017,0.8128278,0.8584132,0.7664258,0.8730271,0.7855783,0.8559359,0.7410774,0.9146653,0.7936143,0.1988146,0.2426472,0.507838,0.4142652,0.8670991,0.7680669,0.909485,0.8883288,0.9008927,0.81744,0.9212996,0.9192247,0.8915898,0.8123601,0.4747504,0.450735,0.3620934,0.3796698,0.8518764,0.6647671,0.7004473,0.5510665,0.7531024,0.6691667
1225,0.5720968,0.5955313,0.7178816,0.669584,0.8104194,0.7126188,0.8032472,0.6874223,0.8772601,0.8142557,0.8596023,0.7673431,0.8742533,0.7867553,0.8571602,0.7424339,0.9160535,0.7948471,0.2003226,0.243995,0.5200548,0.4248203,0.8684971,0.7696564,0.9102027,0.8887701,0.9022146,0.8187315,0.9221015,0.9197392,0.892627,0.8134005,0.4754984,0.4517397,0.3635921,0.3814023,0.8531535,0.6659119,0.7081982,0.5597136,0.7601346,0.6751358
1230,0.5752475,0.5988057,0.7197618,0.6715939,0.8127854,0.7152324,0.8053122,0.689905,0.8787255,0.8161766,0.86074,0.7687721,0.8760139,0.7884443,0.8590038,0.7441087,0.91778,0.7967113,0.2015084,0.2455228,0.5319395,0.4356177,0.8700237,0.7719276,0.9111078,0.8893044,0.9036052,0.8201507,0.92287,0.9203466,0.8944748,0.8149059,0.4767638,0.4528768,0.3647209,0.3831657,0.854857,0.6677426,0.7162883,0.5684971,0.7670429,0.6813341
1235,0.5786299,0.6021656,0.7217607,0.6736616,0.8150809,0.7189271,0.8075087,0.6927134,0.880266,0.8182323,0.8622028,0.7702804,0.8776827,0.7906199,0.8604615,0.7461818,0.9194176,0.7989036,0.2026326,0.247066,0.5436767,0.4464308,0.8718166,0.7748699,0.91221,0.8897715,0.9053397,0.8221244,0.923873,0.9210621,0.8958508,0.8167844,0.4778141,0.4542283,0.3659417,0.3851182,0.8566572,0.6699834,0.7240958,0.5776494,0.7741202,0.6882708
1240,0.5814556,0.6054363,0.7235335,0.6756981,0.8170604,0.7226194,0.809006,0.6953371,0.8812756,0.8202078,0.8629076,0.7717804,0.879201,0.7926371,0.8618092,0.748143,0.9208658,0.8010386,0.2039074,0.2488035,0.5550901,0.457316,0.8729405,0.7775572,0.9128973,0.889914,0.9062701,0.8235701,0.9243188,0.9214864,0.8971808,0.8185367,0.4787399,0.4553243,0.3670457,0.3870066,0.8581423,0.6723049,0.7314474,0.5866611,0.7805722,0.6947452
1245,0.5839716,0.6077743,0.7249355,0.676984,0.8183846,0.7249839,0.8098168,0.6968439,0.8817005,0.8213248,0.8632932,0.7724053,0.8798833,0.793708,0.8621417,0.7492852,0.9215609,0.8022602,0.2051297,0.2500979,0.5660787,0.4673708,0.8735846,0.7790781,0.9129831,0.8897603,0.9066904,0.8242996,0.924398,0.9215263,0.8978078,0.8195294,0.4794894,0.4564118,0.3683039,0.3888254,0.8587348,0.6735237,0.7381392,0.5950764,0.7863731,0.7001913
1250,0.5865306,0.6098574,0.7263008,0.6780725,0.8197905,0.7267045,0.8107819,0.6978245,0.8823493,0.8219678,0.8638966,0.7728785,0.8807645,0.7944943,0.8628944,0.7501705,0.9223706,0.8031911,0.2063489,0.2516594,0.5768213,0.4772131,0.8743577,0.7799366,0.9132759,0.8898073,0.9075121,0.8249988,0.9247848,0.9218539,0.8986126,0.8202169,0.4805195,0.4576313,0.3695217,0.3903185,0.8592872,0.6745997,0.7447648,0.6031554,0.7922308,0.705002
1255,0.5886134,0.6114292,0.7275326,0.6785638,0.8208636,0.7270256,0.8112955,0.6978045,0.8826375,0.8218187,0.8642361,0.7726437,0.8812587,0.7943412,0.8632861,0.7501661,0.9229952,0.8031045,0.2076286,0.2530328,0.587293,0.4863358,0.8747485,0.7796413,0.9134445,0.8895133,0.9079401,0.8247111,0.9247487,0.9218696,0.8990709,0.8200278,0.481793,0.4586083,0.3707027,0.3915861,0.8593985,0.674486,0.7511024,0.6105735,0.7976066,0.708482
1260,0.5908228,0.612639,0.7287827,0.6789596,0.8218956,0.7266576,0.8119565,0.6972481,0.8831983,0.821197,0.8647087,0.772151,0.881712,0.7936038,0.8639777,0.7497993,0.9237663,0.8024959,0.2088249,0.2543586,0.5974551,0.4951094,0.8754162,0.7787592,0.9136737,0.8890678,0.9085511,0.8242943,0.9250541,0.9216946,0.8996648,0.8194026,0.482841,0.4594343,0.3719828,0.3928307,0.8598425,0.6737571,0.7572328,0.6173966,0.8029058,0.7115865
1265,0.5926421,0.6138015,0.72943,0.6793076,0.8226984,0.7259668,0.8119478,0.6968299,0.8829765,0.8205154,0.8645658,0.7716308,0.8818352,0.7928294,0.8642722,0.7493383,0.9240546,0.8016939,0.210122,0.2558593,0.6068851,0.503809,0.8754269,0.7780269,0.9133143,0.8885012,0.9084334,0.8237335,0.9247041,0.9212481,0.8995847,0.8186481,0.4838208,0.4603156,0.3730039,0.3941302,0.8598328,0.6729762,0.7629241,0.6238031,0.8075128,0.7144414
1270,0.5949042,0.6154838,0.7306294,0.6802439,0.8240995,0.7267543,0.8125176,0.6971217,0.8834091,0.8206722,0.8649678,0.7719935,0.8824077,0.7930394,0.8651857,0.7499993,0.9248961,0.8020635,0.2115616,0.2573986,0.6166441,0.5125547,0.8757833,0.7782641,0.9136176,0.8886053,0.9089516,0.8238128,0.9251859,0.9216819,0.900171,0.8190269,0.4853763,0.4618815,0.3744151,0.3958613,0.860495,0.6733766,0.7688274,0.6310614,0.8127606,0.7181009
1275,0.5970036,0.6166518,0.7318401,0.6806946,0.8251089,0.7270739,0.8128849,0.6969835,0.8837166,0.8202838,0.8652477,0.7718477,0.8825808,0.7928592,0.8656597,0.7501221,0.925131,0.8019624,0.2131215,0.2588409,0.6263618,0.5209143,0.8761746,0.7779732,0.913651,0.8882681,0.9092049,0.8235047,0.9251117,0.9212815,0.9004743,0.8188539,0.4865183,0.4630211,0.3760513,0.397488,0.8609067,0.6731957,0.7741922,0.637715,0.8176346,0.7213232
1280,0.5993378,0.6180195,0.7331117,0.6812679,0.8265709,0.7272742,0.813804,0.6968626,0.8842731,0.8201945,0.8659138,0.7716185,0.883344,0.792796,0.8664697,0.7503728,0.9258509,0.8018504,0.2147921,0.2606865,0.6360059,0.5294454,0.8770635,0.7777647,0.9137796,0.8877484,0.9098808,0.8233598,0.9254273,0.9210249,0.9012492,0.8187991,0.4876394,0.4642275,0.3776207,0.399195,0.8618816,0.67307,0.7800117,0.6442748,0.8226424,0.7244228
1285,0.6015825,0.6195587,0.7346576,0.6821976,0.8282835,0.7279465,0.8148127,0.6972109,0.8853034,0.820574,0.8665945,0.7718679,0.8846256,0.7929839,0.867503,0.7509469,0.9269708,0.8022132,0.2162866,0.2623418,0.645575,0.5378303,0.8783059,0.7780498,0.9144208,0.887875,0.910769,0.8235187,0.9259444,0.9213151,0.9023426,0.8191041,0.4891358,0.4657885,0.379033,0.4007631,0.8630696,0.6733705,0.7859858,0.6510184,0.8278209,0.727798
1290,0.6036896,0.621192,0.7360385,0.6831425,0.8297023,0.7289668,0.8157305,0.6977097,0.8861732,0.8209491,0.867379,0.7722819,0.8857449,0.7933218,0.8682515,0.751487,0.9278302,0.8026795,0.2179864,0.2643619,0.6548864,0.5463374,0.8793594,0.7787907,0.9148876,0.8878521,0.9114639,0.8237872,0.9261767,0.9214319,0.9032972,0.8194173,0.4905439,0.467215,0.3808028,0.4028182,0.864028,0.6737365,0.7915135,0.6575637,0.8328253,0.7316516
1295,0.6055283,0.6223544,0.7373492,0.6838474,0.8309042,0.7297298,0.8161811,0.6977173,0.8868259,0.8208493,0.8677793,0.7724225,0.8865675,0.7935241,0.8691238,0.7518762,0.9284949,0.8029662,0.2196739,0.2661439,0.6637592,0.5540688,0.8800625,0.7788867,0.9152046,0.8875449,0.9118794,0.8237468,0.9266784,0.9213389,0.9037099,0.8197017,0.4915733,0.4684377,0.3825267,0.4047373,0.8647978,0.6738394,0.796587,0.663747,0.8375328,0.7348918
1300,0.6068364,0.622757,0.7381088,0.68384,0.831531,0.7293189,0.8162035,0.6967506,0.8869861,0.8200512,0.86788,0.771842,0.8869011,0.7929255,0.8695317,0.7517002,0.9288819,0.8024896,0.221197,0.2677766,0.6716983,0.560884,0.8802136,0.7778062,0.9150894,0.8869008,0.9119387,0.822964,0.9266939,0.9207758,0.903999,0.8191774,0.4930632,0.4697583,0.3840156,0.4062979,0.8648841,0.6733486,0.8012547,0.6693361,0.8415399,0.7368876
1305,0.6076143,0.6224418,0.7384298,0.6835098,0.8316959,0.7274459,0.815719,0.6948532,0.8866143,0.818376,0.8676084,0.7707966,0.8866858,0.791536,0.8696352,0.7509566,0.9288746,0.8010451,0.2227905,0.2695154,0.678904,0.5667853,0.8799225,0.7756532,0.9147049,0.8861174,0.9114592,0.8213707,0.9261476,0.9200553,0.9038577,0.8178819,0.4944138,0.4708989,0.3853427,0.4074222,0.8647069,0.6718591,0.8054061,0.6739234,0.8448632,0.7375354
1310,0.6083919,0.6218719,0.7388442,0.6828079,0.8318398,0.7251105,0.8154553,0.6926761,0.8865221,0.8165693,0.8675959,0.7697026,0.8864551,0.7899186,0.8697389,0.7500143,0.9287277,0.7995151,0.2244641,0.2712158,0.6859016,0.5722399,0.8798302,0.7732866,0.9146634,0.8854232,0.9111782,0.8199674,0.9259169,0.91975,0.903677,0.8164888,0.496227,0.4724946,0.3872209,0.4088916,0.8645964,0.6700484,0.8094961,0.6783728,0.8481358,0.737856
1315,0.6088819,0.6209844,0.7390956,0.6821523,0.8318003,0.7227245,0.8148482,0.69028,0.8861725,0.8146586,0.867511,0.7684488,0.8862532,0.788412,0.8699626,0.7490824,0.9286573,0.7979789,0.2262157,0.2727932,0.692283,0.5770463,0.8794572,0.770736,0.9143636,0.8848979,0.9105013,0.8183402,0.925705,0.9191407,0.9034541,0.8151944,0.4978165,0.4738171,0.3888534,0.410217,0.8643844,0.6683559,0.8131685,0.6824946,0.8509747,0.738
1320,0.610392,0.6208487,0.7400416,0.6823231,0.831645,0.7204645,0.8136537,0.6875439,0.8854478,0.8125491,0.8671661,0.7671012,0.8851956,0.7867129,0.8695647,0.7480104,0.9275202,0.7963896,0.228167,0.274476,0.697981,0.581215,0.8788069,0.7679942,0.9138465,0.8841825,0.9093005,0.8164811,0.925258,0.918538,0.9022949,0.8138242,0.4991801,0.4753655,0.3906493,0.4116985,0.8634918,0.6664667,0.8159272,0.6860724,0.8529391,0.7376867
1325,0.6107671,0.6195174,0.7402819,0.6815486,0.8309713,0.7172092,0.8117865,0.6837851,0.8841559,0.8096066,0.8662589,0.7651271,0.883572,0.7844035,0.8688642,0.7465469,0.9262449,0.7940078,0.2296749,0.2758842,0.702238,0.5840482,0.8774846,0.7641504,0.9131024,0.8830998,0.9077031,0.8137189,0.9242642,0.9175456,0.9006592,0.811624,0.5005407,0.4766297,0.3920928,0.4125301,0.8620716,0.664004,0.8181216,0.6888569,0.8543581,0.7359657
1330,0.6096582,0.6169773,0.7396057,0.6797761,0.8299888,0.7125672,0.8090471,0.6789485,0.8821892,0.8058404,0.8651123,0.7627184,0.8821968,0.7814958,0.8683668,0.7447911,0.925136,0.7910464,0.2314101,0.2774042,0.7056264,0.5856639,0.8755054,0.7591478,0.9118809,0.8817856,0.9054286,0.8102632,0.9229309,0.9162783,0.8993945,0.8092747,0.5022573,0.4779217,0.3935315,0.4130085,0.8610784,0.6606191,0.8204289,0.6907425,0.8549836,0.7330874
1335,0.6082509,0.6133482,0.7389376,0.6776109,0.8284214,0.7067559,0.8066766,0.6731581,0.8806386,0.8013638,0.8640096,0.7599403,0.8805687,0.7777602,0.8677597,0.7425187,0.9238315,0.7873115,0.233229,0.2785843,0.7080739,0.5857927,0.8736237,0.7532856,0.9108748,0.8806336,0.9032401,0.8065973,0.9220783,0.9150996,0.8977764,0.8062415,0.5040712,0.4793635,0.3953326,0.4134809,0.8597368,0.6566693,0.822076,0.6917577,0.8553074,0.729279
1340,0.6069904,0.6095447,0.7384753,0.6756575,0.8262902,0.6998585,0.8032557,0.6664104,0.8785909,0.7963036,0.8625989,0.7564037,0.8782341,0.7732701,0.8666409,0.7394821,0.9214422,0.7826623,0.2349971,0.2798503,0.7089781,0.5840686,0.8714112,0.7465684,0.9095521,0.8793126,0.9005978,0.8020663,0.9207348,0.9135163,0.8953844,0.8023564,0.5056533,0.4804324,0.3970799,0.4137202,0.8575951,0.6516879,0.8224705,0.6911479,0.8546585,0.7241591
1345,0.6063968,0.6059684,0.7389902,0.6742207,0.8249032,0.6928961,0.7993132,0.6586357,0.8762257,0.7905968,0.8607791,0.752575,0.8750565,0.7683583,0.8649936,0.7362897,0.9186465,0.7775794,0.2367589,0.2807658,0.7080112,0.5803821,0.8690732,0.7391499,0.9082111,0.877869,0.8976387,0.7972153,0.9191806,0.912076,0.8921482,0.7979738,0.5072286,0.4815351,0.3987067,0.4134031,0.8549268,0.6463808,0.8217886,0.6893468,0.8532369,0.717914
1350,0.6036705,0.600921,0.7377733,0.6716664,0.8218685,0.6847675,0.793628,0.6499333,0.8727339,0.784143,0.8579466,0.7482744,0.8704464,0.7626022,0.8625307,0.7320364,0.9146133,0.771702,0.2381923,0.2814763,0.7056692,0.5763084,0.8653013,0.7311652,0.9063117,0.8757861,0.8937517,0.7917869,0.9166334,0.9099262,0.8875182,0.7928975,0.5082066,0.4821647,0.3998605,0.4128544,0.8510838,0.640196,0.8196993,0.686321,0.8502388,0.7108943
1355,0.5992216,0.5955089,0.7352059,0.6686195,0.8174328,0.6767468,0.7862691,0.6407757,0.8673911,0.7775475,0.8537021,0.7436671,0.8640927,0.7565078,0.8588411,0.7275233,0.9096379,0.7658011,0.2394037,0.2822642,0.70503,0.5746253,0.8598003,0.7234662,0.9029511,0.8731626,0.888418,0.7861491,0.912559,0.9070225,0.8815587,0.7873999,0.5089153,0.4826503,0.4005965,0.412219,0.8457329,0.634072,0.8183098,0.6853459,0.8468974,0.7047396
1360,0.5943602,0.5900199,0.7317872,0.6655039,0.8123009,0.6698594,0.7781088,0.6320805,0.860887,0.7710915,0.8486212,0.7389526,0.8574572,0.7511238,0.8547775,0.7235764,0.9042982,0.760617,0.2404755,0.2827658,0.7020888,0.5717136,0.8530902,0.7159854,0.8985546,0.8701966,0.8821871,0.7812278,0.9076671,0.9037588,0.8754616,0.7824348,0.5097595,0.4832363,0.4012113,0.4117199,0.8394973,0.6285565,0.8160515,0.6845992,0.8424181,0.6990753
1365,0.5924925,0.5864666,0.7313259,0.6645501,0.8093653,0.6639857,0.7740796,0.6264131,0.8582553,0.7671707,0.8473232,0.736214,0.8534076,0.7466577,0.8528351,0.7208562,0.900724,0.7562639,0.2427504,0.2843488,0.7020706,0.5702542,0.8501263,0.7103985,0.8977339,0.8697497,0.8793802,0.7777855,0.9070048,0.9029943,0.8718646,0.7786011,0.5119486,0.4846078,0.4036212,0.4124784,0.835589,0.623992,0.8152662,0.6840474,0.8409154,0.6947916
1370,0.5903372,0.5823846,0.7299034,0.6624029,0.8064073,0.6574882,0.7699937,0.6202121,0.8552542,0.762303,0.8450109,0.7326583,0.8494266,0.7415847,0.8501262,0.7174541,0.8967351,0.7510195,0.2446678,0.2858019,0.7007327,0.5676827,0.846686,0.70398,0.8952674,0.8680288,0.8758914,0.7738019,0.9051169,0.9012662,0.8680643,0.774198,0.5132155,0.4856061,0.4053032,0.4126535,0.8317021,0.618548,0.8135086,0.68211,0.8386093,0.6896994
1375,0.5883158,0.5776829,0.7293758,0.6601843,0.8047239,0.6520302,0.7664317,0.6136348,0.853236,0.7572485,0.8434467,0.7290162,0.8474614,0.7375686,0.8486938,0.7147374,0.8941069,0.7465389,0.2467439,0.2867604,0.7005379,0.5647385,0.8445164,0.6972833,0.8937457,0.8663018,0.8732271,0.7699938,0.903937,0.8994112,0.8659934,0.7706034,0.515109,0.486943,0.4073867,0.4129423,0.8291368,0.6136997,0.8128964,0.6807163,0.837703,0.6848822
1380,0.583944,0.570125,0.7260742,0.6551285,0.8016549,0.6438199,0.7594196,0.6012068,0.8480505,0.7478145,0.8391128,0.7224773,0.8440452,0.7314748,0.8475289,0.7107623,0.8921562,0.7407761,0.2478144,0.2867397,0.6990041,0.5596707,0.8392261,0.6859813,0.8899519,0.8622543,0.867915,0.7638502,0.8990337,0.8956911,0.8630531,0.7652684,0.5167704,0.4880394,0.4076795,0.4117256,0.8266649,0.6073081,0.8134499,0.6790774,0.8338347,0.6765412
1385,0.5832844,0.5615054,0.7275957,0.6515633,0.800099,0.6305306,0.7581726,0.58794,0.8494312,0.7384489,0.8408415,0.7160747,0.842971,0.722188,0.8476369,0.704823,0.8902516,0.731013,0.2507704,0.2868513,0.7025537,0.5533582,0.8401133,0.6718271,0.8916979,0.862812,0.8669706,0.7567812,0.9016603,0.8949097,0.8615842,0.7574469,0.519849,0.4891045,0.4108488,0.4095516,0.8260305,0.5964191,0.8153494,0.6751097,0.8340966,0.6643592
1390,0.5770423,0.547574,0.7237017,0.6435677,0.7934885,0.612183,0.7502819,0.5680054,0.8439001,0.7233502,0.836587,0.7051694,0.8377766,0.7084562,0.8444573,0.6962721,0.8847758,0.7168577,0.2521522,0.2851534,0.6989114,0.5410031,0.833985,0.6510965,0.8880214,0.8588367,0.8595257,0.7464384,0.8983995,0.890608,0.8564595,0.7455592,0.5213013,0.4891348,0.4115775,0.4053461,0.8211876,0.5806061,0.8131668,0.6669058,0.8275293,0.6470824
1395,0.5695435,0.5321108,0.7203428,0.6355183,0.7859489,0.5920134,0.7415681,0.54597,0.8388416,0.7073271,0.8333247,0.6936747,0.8322689,0.6936413,0.8420052,0.6867387,0.8788569,0.7015891,0.2536337,0.2828093,0.6943771,0.526506,0.8284005,0.629293,0.8855893,0.8556622,0.8520671,0.7351575,0.8959937,0.8867913,0.8505258,0.7324671,0.5231783,0.4886116,0.412318,0.4005362,0.8166041,0.5633288,0.8113044,0.657664,0.8199596,0.6286169
1400,0.5584127,0.5148561,0.7143797,0.6271058,0.7752098,0.5716222,0.7287962,0.5227726,0.8305753,0.6908888,0.8277494,0.6819056,0.8239815,0.678165,0.8380798,0.6775408,0.8701656,0.6854803,0.2545739,0.2802382,0.6858007,0.510541,0.8189905,0.6068932,0.881266,0.852003,0.8412091,0.7233015,0.8916641,0.8825437,0.8420421,0.7187734,0.5249234,0.488581,0.4121895,0.3954002,0.8089615,0.5453511,0.8070807,0.6480574,0.8078905,0.6091262
1405,0.5442646,0.495896,0.7074221,0.6182361,0.7614648,0.5503225,0.7131326,0.4981307,0.8206608,0.6737808,0.8210547,0.6691982,0.8131641,0.6614231,0.8326263,0.6677332,0.8588147,0.668308,0.2549738,0.2770445,0.6740167,0.4926932,0.8075599,0.5837373,0.8762749,0.848297,0.8281488,0.7108064,0.8869777,0.8783239,0.8308342,0.7037841,0.5264699,0.4882768,0.4115759,0.3896359,0.7989558,0.5257963,0.8006595,0.636988,0.792536,0.5887693
1410,0.5294039,0.4775509,0.7009397,0.6106473,0.7457885,0.5294353,0.6963346,0.4744279,0.8105697,0.6578377,0.814778,0.657557,0.8007825,0.6441851,0.8266404,0.6582313,0.8457551,0.6508197,0.255524,0.2739493,0.6596926,0.4744045,0.7957453,0.561766,0.8720879,0.846212,0.8144115,0.6989293,0.8832086,0.8755631,0.8184835,0.6881896,0.5283651,0.4878162,0.4110745,0.3841083,0.7869603,0.5060916,0.7924517,0.6254199,0.7759554,0.5688481
1415,0.5137294,0.4609795,0.6938528,0.6042275,0.7281772,0.5100446,0.677222,0.4530213,0.7982433,0.6431396,0.8068261,0.6466774,0.7859606,0.6276023,0.8193382,0.6493222,0.8306178,0.6341844,0.2555209,0.2711375,0.6422085,0.4565999,0.781579,0.5424471,0.8663411,0.8432326,0.7988456,0.6872299,0.8776812,0.8726026,0.8039377,0.6728885,0.5295955,0.4872945,0.4096806,0.3788007,0.7726048,0.4878561,0.781687,0.6137268,0.7566175,0.5506676
1420,0.5001372,0.447314,0.6885662,0.59957,0.7116627,0.4942853,0.6584137,0.4346637,0.7859401,0.6305662,0.7992384,0.6373553,0.7716151,0.61343,0.8122509,0.6419978,0.8157788,0.6199228,0.255469,0.2688202,0.6244417,0.4404936,0.7680404,0.5264936,0.8608193,0.8402497,0.7837522,0.6759445,0.8725004,0.8698395,0.789832,0.6596693,0.5309843,0.4873651,0.408177,0.3741789,0.7583951,0.4727606,0.7705324,0.6033318,0.7379048,0.5348526
1425,0.4876795,0.4356278,0.6826379,0.5950983,0.6961755,0.4809583,0.6422095,0.4198147,0.774866,0.6197954,0.7923415,0.6297033,0.7586418,0.6015371,0.8059517,0.6361544,0.8011811,0.6080344,0.2557211,0.2671271,0.6087455,0.4273111,0.7561649,0.5138873,0.8551869,0.8366328,0.7697092,0.6661013,0.8680246,0.8673375,0.7770723,0.6485563,0.5321876,0.487393,0.4066915,0.370659,0.7460451,0.4607467,0.760079,0.5942169,0.7209128,0.5220774
1430,0.4772858,0.4262913,0.6771585,0.5907218,0.6828877,0.4698665,0.6296132,0.4085251,0.7658524,0.6111354,0.7863786,0.6232338,0.7477187,0.5914769,0.8004925,0.6310314,0.7885958,0.5980543,0.2559697,0.2661403,0.5951681,0.4161423,0.746491,0.5036963,0.8502238,0.8329943,0.7576206,0.6575956,0.8645676,0.8654582,0.7665039,0.6392794,0.5330228,0.4873655,0.4054387,0.3677042,0.7359148,0.4510356,0.7502114,0.5856127,0.7067803,0.5114186
1435,0.469112,0.4189092,0.6723287,0.5870738,0.6721012,0.4609162,0.6203365,0.3998375,0.7586425,0.6042731,0.7813923,0.617995,0.7389463,0.5831019,0.7958336,0.6267622,0.778478,0.5899597,0.2567303,0.2655739,0.5825582,0.4062841,0.738484,0.4954769,0.8456184,0.829711,0.7479614,0.6504418,0.8614038,0.8636264,0.7578455,0.6315483,0.534038,0.4877644,0.4048099,0.3655332,0.7276701,0.4431374,0.7410581,0.5776749,0.6951743,0.5025637
1440,0.4635161,0.4136539,0.6686795,0.5842202,0.6640515,0.4539676,0.6141663,0.3936557,0.7534497,0.5992796,0.7779524,0.6140088,0.7318851,0.5765719,0.792235,0.6234069,0.7708116,0.5836722,0.2582984,0.2657848,0.5725803,0.3983652,0.7327774,0.4892416,0.8426092,0.8274461,0.7411491,0.645495,0.8591468,0.8624315,0.7514105,0.625598,0.5352124,0.4881618,0.4053507,0.3646159,0.7212659,0.4367345,0.7331672,0.5704026,0.6870289,0.4962635
1445,0.4596124,0.4099129,0.6652145,0.5816972,0.6580453,0.4488292,0.6094348,0.3891808,0.7490692,0.5952747,0.7747303,0.6105666,0.7265052,0.571374,0.7895328,0.620721,0.7649679,0.5788991,0.2600678,0.2664903,0.5634604,0.3916632,0.7279636,0.4843743,0.8398198,0.8254027,0.7360315,0.641579,0.8572733,0.8614963,0.7467014,0.6208973,0.5367427,0.488906,0.4061714,0.3639342,0.7162597,0.4317692,0.7256353,0.5635268,0.6804867,0.4910691
1450,0.457007,0.4074482,0.6642275,0.5810036,0.6548522,0.4455042,0.6060587,0.3860157,0.7465949,0.5933598,0.772994,0.608291,0.7229614,0.5680688,0.7880031,0.6192597,0.7620169,0.5759197,0.2619549,0.2675911,0.5559085,0.3864052,0.7240651,0.4806894,0.8392941,0.8261477,0.7342244,0.6402339,0.8556874,0.860661,0.7430751,0.6175376,0.5392454,0.4905353,0.408066,0.3642235,0.7116439,0.4279897,0.720885,0.5589828,0.6764022,0.4877213
1455,0.4543632,0.4053767,0.6643026,0.5812586,0.6532027,0.443524,0.6027287,0.3836544,0.7451071,0.5926542,0.77161,0.6068212,0.7203541,0.5659022,0.7875898,0.6188788,0.761965,0.5745476,0.2639013,0.2687291,0.5499856,0.3827133,0.7199541,0.4776593,0.8400961,0.8286961,0.7341505,0.6404406,0.8541198,0.8601626,0.7400601,0.6148822,0.5425342,0.4933859,0.4103533,0.3650373,0.7069231,0.4251001,0.7191651,0.5575826,0.6737718,0.4854763
1460,0.4523696,0.4042972,0.6638225,0.5816064,0.6516885,0.4424387,0.5996584,0.3823156,0.743081,0.5925205,0.7700761,0.606058,0.7176602,0.5646604,0.7869633,0.618837,0.7617957,0.5740488,0.2660507,0.270359,0.5485842,0.3827765,0.7158135,0.4758299,0.8406069,0.8305998,0.7342726,0.6413483,0.8523384,0.8598433,0.7371359,0.613139,0.5459711,0.4959985,0.4127668,0.3666649,0.7019833,0.4231655,0.7194374,0.5589011,0.6723289,0.4849291
1465,0.4492219,0.4032049,0.6603796,0.5799181,0.6488,0.4413261,0.5958016,0.3817702,0.7392702,0.5920662,0.7671666,0.6048613,0.7134124,0.5633687,0.7847301,0.6181549,0.7599717,0.5733963,0.2680472,0.2719766,0.5500691,0.3852383,0.710726,0.4744957,0.8393749,0.8308765,0.732945,0.6413922,0.8495468,0.8589814,0.7334921,0.611459,0.5482869,0.4978209,0.4147761,0.3678658,0.6958154,0.4217411,0.7197039,0.5617958,0.67098,0.4847044
1470,0.4458316,0.4024622,0.6550946,0.5774238,0.6456036,0.4410928,0.5930372,0.3826829,0.7358146,0.5924393,0.7643979,0.6044878,0.7094302,0.5631278,0.7825838,0.6181489,0.7581283,0.5735654,0.2701057,0.2741866,0.5521174,0.3887596,0.706134,0.4745647,0.8382491,0.8312316,0.7322477,0.6421797,0.8473001,0.8587397,0.7307642,0.6110461,0.5506967,0.4999985,0.4171224,0.3696921,0.6899039,0.4217703,0.7195716,0.5652332,0.6700055,0.4858003
1475,0.4417363,0.4016166,0.648181,0.5734555,0.6422976,0.44076,0.5909128,0.3841181,0.7324972,0.5928161,0.7616999,0.6041384,0.7059193,0.5628423,0.7803996,0.6180394,0.7564638,0.5737029,0.272379,0.2766795,0.5535886,0.3920735,0.7021582,0.474762,0.836682,0.8310416,0.7319242,0.6429104,0.8450883,0.8581674,0.7284067,0.6107965,0.5529227,0.5019177,0.4194057,0.3713661,0.6844274,0.4220147,0.7185342,0.5675307,0.6696712,0.4867575
1480,0.4374926,0.3999422,0.6405696,0.5679861,0.6396419,0.4401701,0.5902416,0.385161,0.7305632,0.5928676,0.7599213,0.6033654,0.7034889,0.5622431,0.779022,0.6175805,0.7558002,0.5736055,0.2750671,0.2790378,0.55496,0.3944096,0.6997101,0.4747267,0.8354282,0.8306855,0.732448,0.6439849,0.8435619,0.8574678,0.7271917,0.6102756,0.5549621,0.5036048,0.4221044,0.3730567,0.680807,0.4220198,0.7173927,0.5683124,0.6705126,0.4875162
1485,0.4331871,0.3981365,0.6326013,0.5618659,0.6378967,0.4398153,0.5912299,0.3866799,0.7299803,0.5931576,0.7586237,0.6026197,0.7030166,0.5619577,0.7784118,0.6173548,0.7565244,0.5739484,0.2778864,0.2813944,0.5570517,0.3967838,0.6989914,0.4750485,0.8346905,0.8300567,0.7339783,0.645158,0.84288,0.8567112,0.727574,0.610148,0.5574559,0.5053741,0.4250459,0.3748768,0.6795,0.4226275,0.7168152,0.5685624,0.6725734,0.4885511
1490,0.4301329,0.3972605,0.6260861,0.5569276,0.6369486,0.440031,0.5937039,0.3892333,0.7309228,0.5942916,0.7584543,0.6028264,0.7039286,0.5624766,0.7786149,0.6176053,0.7585587,0.5749371,0.2813417,0.2842264,0.561338,0.4004406,0.6998999,0.4765058,0.8348256,0.8300277,0.7365759,0.6469743,0.8428496,0.8564891,0.7291947,0.6108001,0.5599024,0.5074594,0.428593,0.3773077,0.6798553,0.4240007,0.7177833,0.5696309,0.6763602,0.4906301
1495,0.4310618,0.3988868,0.6237023,0.5550691,0.6385027,0.4414596,0.596957,0.3924548,0.7324062,0.5957987,0.7590157,0.6033718,0.705553,0.5638441,0.7794189,0.6181345,0.7608747,0.5764906,0.2850508,0.2872959,0.5670281,0.4048674,0.7016107,0.4785043,0.8351029,0.8299106,0.7393801,0.6489359,0.8430892,0.8562652,0.7313297,0.6121235,0.5622348,0.5092362,0.4323176,0.3800143,0.6813328,0.4259292,0.7200103,0.5714858,0.6809978,0.493215
1500,0.4341904,0.4019088,0.6237869,0.5551859,0.6417074,0.443561,0.6009784,0.3960891,0.7347123,0.5977352,0.7604384,0.6046969,0.7081578,0.5658125,0.7807822,0.6191654,0.7640145,0.5786292,0.2888326,0.2905951,0.5734357,0.4097572,0.704415,0.4811218,0.8358225,0.8301574,0.7426121,0.6509782,0.8438494,0.856491,0.7341654,0.614024,0.5648122,0.5114915,0.4362447,0.3829487,0.6840541,0.4284189,0.7231513,0.5742128,0.6861188,0.4962173
1505,0.447272,0.4104593,0.6342737,0.5632456,0.6493458,0.4473862,0.605073,0.3995236,0.7373097,0.5995544,0.7616897,0.6058162,0.7108729,0.5677278,0.7818741,0.6201312,0.766897,0.5806592,0.2927183,0.2937285,0.5799361,0.4142631,0.7073489,0.4835977,0.8363742,0.8299497,0.7456489,0.6526827,0.8443756,0.8563544,0.7367963,0.6158058,0.5670552,0.5135338,0.4400798,0.3856747,0.687024,0.4309293,0.7262216,0.5770016,0.6912063,0.4990023
1510,0.463453,0.4203829,0.648211,0.5735862,0.6597197,0.4522861,0.6093193,0.4030262,0.7400538,0.6016505,0.7632632,0.6072482,0.7139596,0.5697945,0.7832649,0.6212354,0.77011,0.5828391,0.2964337,0.297055,0.5859652,0.4187222,0.7107285,0.4863393,0.8374342,0.830305,0.7487446,0.6543922,0.8452742,0.85673,0.7395422,0.6178152,0.5693273,0.5156012,0.4437354,0.3884967,0.6906006,0.4335123,0.729495,0.5796311,0.6963339,0.5018759
1515,0.473162,0.4267628,0.6558277,0.579047,0.6669059,0.4559976,0.6124572,0.4062455,0.7418886,0.6034168,0.7642905,0.6084835,0.7167497,0.5718116,0.7848338,0.6223151,0.7732371,0.5851192,0.2999098,0.3002052,0.5905137,0.4224127,0.7131557,0.4888179,0.8378662,0.8301154,0.7509547,0.6556379,0.8455332,0.8568414,0.7423254,0.6196909,0.5718692,0.5177171,0.446994,0.3911352,0.6938317,0.4360362,0.732417,0.5820696,0.7003026,0.5042869
1520,0.4799983,0.431861,0.6608453,0.5831807,0.6719067,0.4593016,0.6147808,0.4096142,0.7432843,0.6054592,0.7652943,0.6101043,0.7188464,0.5741893,0.7862129,0.6237208,0.7757092,0.5875025,0.3032407,0.303316,0.593672,0.425605,0.7148149,0.4915142,0.8382785,0.8305492,0.7527601,0.6571134,0.8458607,0.8574557,0.7445065,0.6219735,0.574536,0.5199466,0.4502419,0.3940418,0.6960824,0.4385834,0.7347057,0.5843788,0.7033435,0.5070169
1525,0.4861394,0.4376765,0.6657037,0.5881423,0.6755783,0.4631806,0.6161712,0.4141021,0.7440357,0.608478,0.766081,0.6128079,0.7195255,0.5773273,0.7866954,0.6255467,0.7766889,0.5905516,0.3065086,0.3070952,0.5955726,0.4293574,0.7156868,0.4956453,0.8385115,0.8312727,0.7541026,0.6587428,0.8462018,0.8582109,0.7453551,0.6248381,0.5768711,0.5222791,0.453445,0.3973613,0.6966582,0.4420646,0.7356202,0.5867777,0.7053931,0.5105011
1530,0.4908958,0.4441627,0.6695136,0.5933025,0.6782533,0.4685642,0.6168491,0.4203857,0.7443483,0.6129706,0.7664752,0.6167633,0.7196361,0.5822797,0.7868597,0.6285921,0.7771218,0.5954301,0.3096587,0.3117366,0.59646,0.4340698,0.7159252,0.5019342,0.8386248,0.8322909,0.754923,0.6608933,0.8464682,0.8595784,0.7457514,0.6293604,0.5793974,0.5252971,0.4564514,0.4015377,0.6966066,0.4477893,0.7358324,0.590562,0.7066595,0.5154918
1535,0.4942024,0.450703,0.6720864,0.5980949,0.6798576,0.4748318,0.616973,0.4277512,0.7440191,0.6182083,0.7664358,0.6213732,0.7193485,0.5883676,0.7866092,0.632043,0.7770833,0.6013671,0.312886,0.3168787,0.5964572,0.4393487,0.715605,0.5096059,0.8383572,0.8328995,0.7551249,0.6630336,0.8461775,0.8605464,0.7456167,0.6346909,0.581873,0.5284709,0.4593772,0.4063211,0.6960548,0.4549955,0.7353773,0.5950043,0.7071288,0.521409
1540,0.4969069,0.4564914,0.6745337,0.6024312,0.6812425,0.4807001,0.6172886,0.4345433,0.7439492,0.623133,0.766726,0.6257666,0.7192013,0.5942449,0.7865148,0.6354013,0.7771856,0.6070831,0.3164008,0.3219351,0.5966088,0.4441723,0.7156525,0.5168546,0.8382537,0.8331529,0.7553651,0.6649302,0.8460417,0.8612996,0.745473,0.6398219,0.5843596,0.5316559,0.4625067,0.4111621,0.6959032,0.4620511,0.7351816,0.5995006,0.7077455,0.5269907
1545,0.4995676,0.460905,0.677272,0.6058903,0.6828999,0.4852406,0.6182335,0.4394468,0.744663,0.6266771,0.7674305,0.6290686,0.7198479,0.5984767,0.7869961,0.6379854,0.7777687,0.6113533,0.3201572,0.3264646,0.5974737,0.4477636,0.716473,0.5220513,0.8385617,0.8333662,0.7558399,0.6663048,0.8461978,0.8620949,0.7459556,0.6435785,0.5870995,0.534663,0.4658339,0.4152969,0.6967607,0.46752,0.7358084,0.6030735,0.7089483,0.5311449
1550,0.5022888,0.46368,0.6802207,0.608184,0.6851711,0.4879326,0.6197032,0.4419765,0.7459736,0.6285324,0.7686455,0.6307856,0.7214906,0.600575,0.7881564,0.6395601,0.7791834,0.6136171,0.3242116,0.3302534,0.5992244,0.4498236,0.7181566,0.524697,0.8391944,0.8338467,0.7568358,0.6668933,0.8467651,0.8627117,0.747363,0.6455359,0.5904129,0.5375664,0.4694991,0.4183039,0.6987129,0.4705417,0.7375581,0.6053098,0.7108087,0.5331744
1555,0.504888,0.4651325,0.6827189,0.6093471,0.6874031,0.488846,0.6212584,0.4428028,0.7473881,0.6289426,0.7697784,0.6310712,0.7231306,0.6009142,0.7892722,0.6399886,0.7805577,0.614083,0.3284561,0.333437,0.601263,0.4508046,0.7198414,0.525456,0.8395876,0.8336719,0.7577588,0.666726,0.8470444,0.8627841,0.7486693,0.6458208,0.5935955,0.5400164,0.4733047,0.42057,0.7008597,0.4713911,0.7394449,0.6061204,0.7128807,0.533748
1560,0.5077544,0.4673416,0.6853253,0.6111161,0.6899415,0.4901675,0.6232998,0.4446305,0.7492381,0.630242,0.7712108,0.6323036,0.7250572,0.6019834,0.7906423,0.6408795,0.7822931,0.6151659,0.3330424,0.3371627,0.604117,0.4529629,0.7219349,0.5272652,0.8406285,0.8341317,0.7592528,0.6674587,0.8478701,0.8634424,0.7502058,0.6467584,0.5970676,0.5428378,0.4776263,0.423596,0.7030777,0.4727547,0.7416555,0.6075946,0.7155829,0.5354844
1565,0.5095437,0.4699474,0.6863496,0.6125587,0.6912352,0.4922387,0.6239892,0.447509,0.7495956,0.6319664,0.7710603,0.6337364,0.7256733,0.6037508,0.7905357,0.6415858,0.782778,0.6168749,0.3367844,0.3409648,0.6059893,0.4558834,0.7226351,0.5301971,0.8400856,0.8335416,0.7594199,0.6679395,0.8472638,0.8628525,0.7505673,0.6481845,0.5994918,0.5449947,0.4809486,0.4266704,0.7038767,0.4751384,0.7425358,0.6095424,0.7167845,0.5378771
1570,0.5120919,0.473898,0.6882122,0.615158,0.6935794,0.4962033,0.6255633,0.4520914,0.7511172,0.6353814,0.7719768,0.6366538,0.7274423,0.6075555,0.7917111,0.6438824,0.7845311,0.6205934,0.3409329,0.3455866,0.6086364,0.4601368,0.7243462,0.5349993,0.8405169,0.8340135,0.7607719,0.6697568,0.8478633,0.863634,0.7522274,0.6516201,0.6026371,0.5481015,0.4848703,0.4308145,0.705946,0.4795306,0.7445338,0.6130946,0.7189929,0.541925
1575,0.5144798,0.477622,0.6895867,0.6172422,0.695598,0.5001362,0.6268067,0.4564258,0.7519403,0.6383745,0.7726081,0.6391988,0.7288041,0.6111317,0.7924344,0.6460993,0.7858525,0.6240878,0.3449352,0.3500843,0.6108742,0.4641387,0.725507,0.5395479,0.8405214,0.8339791,0.761835,0.6711973,0.8481025,0.8639951,0.7534503,0.6547443,0.6054265,0.5509631,0.4885195,0.4348125,0.7074912,0.4838507,0.7460268,0.6163315,0.7209615,0.5457364
1580,0.5172795,0.4815631,0.6911644,0.6195391,0.6978559,0.5041649,0.6283897,0.4606926,0.7530696,0.6415165,0.7737846,0.6419122,0.7303063,0.614652,0.7935401,0.6485692,0.7874788,0.6277264,0.3491252,0.3547646,0.613351,0.4683568,0.7268668,0.5440357,0.8410892,0.8346326,0.7633489,0.6731496,0.8487317,0.8649002,0.7549771,0.6579117,0.608605,0.5540811,0.492412,0.4389633,0.7090185,0.4880543,0.7476778,0.6198304,0.7232341,0.549657
1585,0.5197257,0.484913,0.6923389,0.6210675,0.6995335,0.5073162,0.6298003,0.4642459,0.7538344,0.6437324,0.7741247,0.6437225,0.7311232,0.6171197,0.7937701,0.6499983,0.7883447,0.6302941,0.3533386,0.3589702,0.6160915,0.4722613,0.7279266,0.5475484,0.8408329,0.8343315,0.7642782,0.6743811,0.848465,0.8646302,0.7557651,0.660105,0.6111243,0.5566206,0.4962174,0.4425798,0.7099614,0.4913473,0.7488684,0.6226147,0.725214,0.5528627
1590,0.5235205,0.4889944,0.6952384,0.6234324,0.7032225,0.5114802,0.6332092,0.4686264,0.7565112,0.6469294,0.7761973,0.6464997,0.734078,0.6207025,0.7955178,0.6523098,0.7910954,0.6338738,0.3585167,0.3639718,0.6213478,0.4774075,0.7312925,0.5521951,0.8422039,0.8348902,0.7669216,0.6764675,0.8498808,0.8654909,0.7584237,0.6633756,0.6146275,0.5599368,0.501213,0.4469313,0.7133933,0.4954925,0.7523281,0.6267076,0.7296005,0.5570283
1595,0.5280086,0.4933499,0.6985347,0.6257946,0.7076516,0.5158732,0.6377432,0.473524,0.7601655,0.6503721,0.7789159,0.6492893,0.7381051,0.6245037,0.7974896,0.6543568,0.7944704,0.6375319,0.3639407,0.3692039,0.6273824,0.482686,0.7359437,0.5573207,0.8436241,0.8349411,0.7701523,0.6783381,0.8513765,0.8658987,0.7617818,0.6667566,0.6178614,0.5629515,0.5062823,0.4515081,0.7183409,0.4998039,0.7564201,0.6306614,0.7349308,0.5615134
1600,0.5332686,0.4982415,0.7025525,0.6287342,0.7131985,0.5209644,0.6433113,0.4792291,0.765019,0.6546296,0.7823186,0.6528888,0.7436443,0.6290639,0.8003926,0.6570497,0.7989741,0.6419632,0.3699611,0.3748627,0.6340801,0.4882985,0.7418513,0.5633301,0.8455576,0.8352481,0.7740476,0.6808558,0.8534906,0.8667702,0.7662991,0.6707924,0.6214102,0.566373,0.5119205,0.456869,0.7247938,0.5049863,0.7613932,0.6349925,0.7412921,0.566977
1605,0.5385393,0.5031254,0.7065814,0.6315266,0.719081,0.5263723,0.6491199,0.4849456,0.7702063,0.6588243,0.7858171,0.6564813,0.7496247,0.6336683,0.8036883,0.659852,0.8038508,0.6467197,0.3761808,0.3807955,0.6407884,0.4938465,0.7481912,0.5695511,0.8474569,0.8355989,0.7781715,0.6832474,0.8556058,0.8674162,0.77134,0.6749544,0.6251821,0.5698912,0.5178019,0.462227,0.7319829,0.5104799,0.7666621,0.6392692,0.747816,0.5724705
1610,0.5436414,0.5075687,0.7104945,0.6338186,0.7249696,0.5315161,0.6546406,0.4900465,0.7751235,0.6624312,0.7890735,0.6593698,0.7555926,0.6379818,0.8069788,0.662368,0.8087336,0.6509657,0.3823794,0.3863377,0.6471134,0.4986883,0.7542521,0.5750056,0.8493411,0.8356456,0.7820658,0.6852966,0.8577597,0.8676714,0.7763194,0.6788203,0.6289777,0.5733152,0.5236744,0.4672811,0.7389364,0.5155015,0.77188,0.6433064,0.7541409,0.5773893
1615,0.5486676,0.511787,0.7146862,0.6362334,0.7308875,0.5362979,0.6599231,0.4945625,0.7799602,0.6658126,0.7923999,0.6622129,0.7616577,0.6419453,0.8104654,0.6646788,0.8137277,0.6550076,0.3886155,0.3917851,0.6533824,0.5033096,0.76002,0.5799931,0.8512002,0.835742,0.7860504,0.6874413,0.8598779,0.8681267,0.7813969,0.682488,0.6329632,0.5766918,0.5296614,0.4722482,0.74578,0.5199592,0.7772021,0.6472664,0.7606068,0.5820372
1620,0.5531073,0.5153388,0.7185758,0.6382883,0.736524,0.5405355,0.6648178,0.498604,0.784571,0.6688464,0.7956501,0.6645375,0.7671964,0.6454427,0.8136567,0.6667135,0.8186395,0.658609,0.3947389,0.3970915,0.6586418,0.50713,0.7656248,0.5844457,0.853003,0.8355717,0.7899994,0.6894547,0.8619317,0.8685061,0.7862318,0.6856567,0.6367477,0.5798957,0.5355158,0.4770012,0.7520092,0.5239099,0.7819391,0.6504248,0.7666206,0.5863658
1625,0.5563923,0.5180397,0.7214434,0.6398534,0.7411203,0.5439984,0.6686551,0.5019007,0.7882152,0.6713818,0.7980701,0.6664579,0.7716676,0.6481943,0.8160063,0.6679977,0.8224928,0.6612138,0.4002335,0.4019061,0.6620661,0.5097385,0.7699941,0.5882584,0.8541023,0.8355016,0.7932689,0.6910339,0.8633218,0.8682486,0.7900587,0.6879458,0.6400942,0.5825133,0.5410556,0.4812837,0.7568368,0.5270135,0.7853014,0.6523674,0.771769,0.5897945
1630,0.5593132,0.5204812,0.724308,0.6415279,0.7456532,0.5478063,0.6719388,0.5049325,0.7916696,0.6738093,0.8006347,0.6683946,0.7759288,0.6509827,0.8184312,0.6696051,0.8262964,0.6640842,0.4054737,0.4066505,0.6649151,0.5119665,0.7739546,0.5919372,0.8551685,0.8357023,0.7964131,0.6928263,0.8647878,0.868358,0.7940276,0.6906351,0.6438887,0.5855819,0.5466743,0.4855633,0.7611944,0.5301421,0.7883785,0.6544297,0.7768144,0.5931616
1635,0.5616604,0.5221885,0.7268002,0.6424018,0.7491642,0.5507344,0.6741307,0.5071552,0.7942607,0.6751759,0.8025136,0.6694281,0.7792007,0.6527256,0.8196763,0.6705195,0.8289232,0.666049,0.4111028,0.4108737,0.6675742,0.5135255,0.7772855,0.5945941,0.855518,0.8348825,0.798871,0.6937042,0.8652511,0.8676875,0.7968831,0.6923122,0.6468934,0.5879482,0.5518993,0.4892221,0.7645162,0.5321634,0.7905363,0.6555844,0.7802758,0.5957544
1640,0.5630911,0.5231611,0.7290943,0.6433014,0.7529085,0.5533297,0.6757836,0.5084835,0.7964051,0.6764387,0.8038144,0.6703,0.7824745,0.6543391,0.8211731,0.6713724,0.831932,0.6676946,0.4160661,0.4147125,0.6696801,0.5146671,0.7803325,0.5967335,0.8560628,0.8343956,0.8010544,0.6943471,0.8658661,0.8671414,0.7998392,0.6937956,0.6500561,0.5904955,0.557012,0.492387,0.7677208,0.534075,0.7929735,0.6566904,0.7834175,0.5975766
1645,0.5631534,0.5224499,0.7310421,0.6436252,0.7558452,0.5549279,0.6764324,0.5083414,0.7981133,0.6766958,0.8048001,0.6704113,0.7852653,0.6548328,0.82242,0.6714199,0.8341151,0.6683635,0.4205237,0.4176158,0.6700668,0.5139795,0.7826319,0.5977861,0.856452,0.8330336,0.8027678,0.6946535,0.8660637,0.8661613,0.8021076,0.6943221,0.6527167,0.5925188,0.5618699,0.4952367,0.7703142,0.5349594,0.7945914,0.6568235,0.7865759,0.5986894
1650,0.5613743,0.5198848,0.7328819,0.6433857,0.7587665,0.5553613,0.6763027,0.5069225,0.7999944,0.6761333,0.8061433,0.6699319,0.7877777,0.6545154,0.8235001,0.671003,0.8358771,0.6679394,0.4244688,0.4197372,0.6687737,0.5109212,0.7851471,0.5973222,0.857061,0.8321208,0.8047814,0.694542,0.8663286,0.8652905,0.8039682,0.6939607,0.6554012,0.5939373,0.566865,0.4975897,0.7725928,0.5347013,0.7956014,0.6555492,0.7889431,0.5988225
1655,0.5583691,0.515798,0.7336195,0.6419734,0.7613755,0.554656,0.6749893,0.5038531,0.8013751,0.6744057,0.8066919,0.6682586,0.7901134,0.6532266,0.8241765,0.6699532,0.8377455,0.6669151,0.4276637,0.4208688,0.6630347,0.5040597,0.7862102,0.5953175,0.8565524,0.8303899,0.8059687,0.6935098,0.8664315,0.8637024,0.8058718,0.6926849,0.6584053,0.5955307,0.5708636,0.4987583,0.7742592,0.5333831,0.7946906,0.6516013,0.7896497,0.5967417
1660,0.5529684,0.5093265,0.7340164,0.6394053,0.7627355,0.5520562,0.6721306,0.4986852,0.8019406,0.6708776,0.806545,0.6649197,0.7915218,0.6504802,0.8244438,0.6676938,0.8387324,0.664465,0.4298989,0.420429,0.64465,0.4859098,0.7868327,0.5912449,0.8560092,0.8276942,0.8064627,0.6915443,0.8658561,0.8612123,0.8072768,0.690416,0.6607141,0.5965641,0.5747593,0.498373,0.7746407,0.5297759,0.787421,0.6399728,0.7871211,0.5912976
1665,0.5438406,0.4982597,0.7312207,0.6338835,0.7623329,0.5463528,0.6666761,0.4890988,0.7995179,0.6638303,0.8031192,0.6586239,0.7910767,0.6447505,0.8226901,0.6635607,0.8376965,0.6588678,0.4295036,0.4168676,0.6177931,0.4624576,0.7839131,0.5824938,0.8524234,0.8229042,0.8042377,0.68714,0.8620668,0.8568074,0.8061581,0.6851525,0.6613343,0.5955232,0.5768225,0.4953729,0.7730486,0.5231693,0.7737197,0.6196505,0.7800656,0.5813619
1670,0.5326723,0.4850332,0.7260413,0.6247712,0.7606667,0.5362533,0.658487,0.4754595,0.794573,0.6525284,0.7978989,0.6484898,0.7895513,0.6346884,0.8209668,0.6564013,0.836123,0.6493144,0.4269741,0.4098299,0.6249969,0.4615637,0.7787092,0.5679491,0.8467222,0.8170052,0.7993839,0.6797481,0.8561545,0.8505393,0.8043736,0.6757799,0.6617557,0.5934687,0.5760381,0.4879251,0.7709066,0.5119266,0.77844,0.6178831,0.7785551,0.5709971
1675,0.5187923,0.468134,0.7173358,0.6129572,0.7566813,0.5213457,0.647394,0.4573943,0.7861815,0.6375597,0.7893862,0.6351042,0.7863482,0.6211624,0.8175978,0.6468152,0.8318214,0.6360895,0.4218017,0.39999,0.6110042,0.4437719,0.7702035,0.5493392,0.837611,0.8085851,0.7914617,0.6704007,0.8471445,0.8420941,0.8007882,0.6634368,0.660515,0.5886582,0.5725667,0.477949,0.7665306,0.4961498,0.7754804,0.6069798,0.7689296,0.554111
1680,0.5020786,0.4516798,0.7065198,0.6008684,0.7483755,0.5063317,0.6329082,0.4403501,0.775805,0.6232448,0.7792768,0.6223047,0.7794945,0.6056435,0.810493,0.635675,0.8243679,0.6202882,0.415157,0.3901257,0.5868423,0.4221004,0.7604553,0.5323898,0.8270178,0.8003765,0.7817519,0.6613559,0.8364693,0.8333901,0.7940026,0.6485068,0.6558616,0.5823309,0.5675942,0.4688736,0.7575865,0.4792035,0.761529,0.5865608,0.7544823,0.5380036
1685,0.4856669,0.4379683,0.6930945,0.5902766,0.7400695,0.4953884,0.6179775,0.427626,0.763686,0.6120406,0.7660761,0.6111784,0.7715495,0.596513,0.8020738,0.6263654,0.8155587,0.6099195,0.4073216,0.3820931,0.5767935,0.415073,0.7482268,0.5201571,0.8131652,0.7905324,0.7708104,0.6538889,0.8230283,0.8233498,0.7853966,0.6394156,0.6514339,0.5762738,0.5608389,0.4619153,0.7479624,0.4671495,0.7538969,0.5773898,0.7417294,0.5274099
1690,0.4655174,0.4274482,0.6759953,0.5811033,0.7259137,0.4851353,0.5998479,0.4206721,0.74673,0.6046276,0.750141,0.6036919,0.759351,0.5883625,0.7880836,0.6147301,0.8019611,0.6001295,0.3960614,0.3758038,0.5677294,0.4130416,0.7308661,0.5141357,0.7966906,0.780465,0.7567646,0.645888,0.8058856,0.8121656,0.7725713,0.6305311,0.6414041,0.5663905,0.5501052,0.4565123,0.7333753,0.4556694,0.7461781,0.5718104,0.7265814,0.5207694
1695,0.4494632,0.4198556,0.6566247,0.5710558,0.7086519,0.4804022,0.5838344,0.4174836,0.728012,0.5981087,0.7309164,0.5972706,0.7446412,0.5831138,0.7719924,0.6068126,0.7850029,0.5938106,0.386151,0.3715569,0.5507824,0.4081112,0.7110983,0.510468,0.7768362,0.7671124,0.7395663,0.6398576,0.7866531,0.7991863,0.7582634,0.6242605,0.6273674,0.5576886,0.5388193,0.4541424,0.7167482,0.4488241,0.7300645,0.5650613,0.7061535,0.5166506
1700,0.4365823,0.4140399,0.6347026,0.559221,0.689889,0.4751416,0.5661896,0.4148135,0.7056863,0.5891666,0.7100963,0.5892456,0.72675,0.5791976,0.7518728,0.5989164,0.7656337,0.5870039,0.3777812,0.3655536,0.5280715,0.4006971,0.686528,0.5042904,0.7535855,0.752109,0.7214696,0.6328983,0.7632688,0.783817,0.7396707,0.6177121,0.6124117,0.5502606,0.5254565,0.4499985,0.6958879,0.4446377,0.707761,0.5560052,0.6791671,0.5110474
