Wavelength_nm,AZURITE - GAMBOGE GA on Paper,AZURITE - GAMBOGE GA on Parchment,AZURITE - LEAD WHITE Glair on Paper,AZURITE - LEAD WHITE Glair on Parchment,AZURITE - LEAD WHITE GA on Paper,AZURITE - LEAD WHITE GA on Parchment,CARMINE - GAMBOGE GA on Paper,CARMINE - GAMBOGE GA on Parchment,CARMINE - LEAD WHITE GA on Paper,CARMINE - LEAD WHITE GA on Parchment,CINNABAR - LEAD TIN YELLOW - LEAD WHITE Glair on Paper,CINNABAR - LEAD TIN YELLOW - LEAD WHITE Glair on Parchment,CINNABAR - LEAD TIN-YELLOW - LEAD WHITE GA on Paper,CINNABAR - LEAD TIN YELLOW - LEAD WHITE GA on Parchment,CINNABAR - LEAD WHITE Glair on Paper,CINNABAR - LEAD WHITE Glair on Parchment,CINNABAR - LEAD WHITE GA on Paper,CINNABAR - LEAD WHITE GA on Parchment,GAMBOGE - MALACHITE GA on Paper,GAMBOGE - MALACHITE GA on Parchment,GAMBOGE - VERDIGRIS GA on Paper,GAMBOGE - VERDIGRIS GA on Parchment,INDIGO - ORPIMENT GA on Paper,INDIGO - ORPIMENT GA on Parchment,LEAD TIN YELLOW - LEAD WHITE Glair on Paper,LEAD TIN YELLOW - LEAD WHITE Glair on Parchment,LEAD TIN YELLOW - LEAD WHITE GA on Paper,LEAD TIN YELLOW - LEAD WHITE GA on Parchment,MINIUM - LEAD TIN YELLOW Glair on Paper,MINIUM - LEAD TIN YELLOW Glair on Parchment,MINIUM - LEAD TIN YELLOW GA on Paper,MINIUM - LEAD TIN YELLOW GA on Parchment,MALACHITE - LEAD WHITE Glair on Paper,MALACHITE - LEAD WHITE Glair on Parchment,MALACHITE - LEAD WHITE GA on Paper,MALACHITE - LEAD WHITE GA on Parchment,SAFFRON - GAMBOGE GA on Paper,SAFFRON - GAMBOGE GA on Parchment,VERDIGRIS - LEAD WHITE Glair on Paper,VERDIGRIS - LEAD WHITE Glair on Parchment,VERDIGRIS - LEAD WHITE GA on Paper,VERDIGRIS - LEAD WHITE GA on Parchment
2500.354054,0.761636,0.930343,0.485203,0.538636,0.632729,0.836649,0.709168,0.803203,0.321369,0.526238,0.373499,0.514636,0.91362,0.76491,0.445241,0.507768,0.681354,0.814882,0.787815,0.726474,0.91069,0.80355,0.303744,0.700712,0.320159,0.514636,0.634211,0.400705,0.0749796,0.361077,0.874525,0.517907,0.440917,0.362912,0.746478,0.782219,0.420593,0.741908,0.484656,0.805763,0.760895,0.763083
2501.51972,0.783734,0.932613,0.478634,0.536488,0.630799,0.843684,0.714686,0.803601,0.316466,0.520127,0.372943,0.520494,0.911593,0.777207,0.444066,0.504006,0.674932,0.814437,0.790942,0.728508,0.923674,0.80779,0.305764,0.7012,0.321998,0.520494,0.626422,0.399526,0.126274,0.363491,0.865793,0.526556,0.441018,0.360721,0.744048,0.77286,0.416263,0.740972,0.481521,0.802187,0.760823,0.778787
2502.686474,0.803253,0.935448,0.474718,0.536283,0.632158,0.849829,0.721872,0.805283,0.312859,0.513264,0.370677,0.523274,0.913273,0.785105,0.442418,0.503718,0.66952,0.816892,0.78774,0.736224,0.940161,0.80553,0.3089,0.703174,0.323268,0.523274,0.618458,0.398686,0.158673,0.363753,0.855388,0.535119,0.441703,0.36127,0.746107,0.761491,0.413134,0.742435,0.477546,0.796351,0.763308,0.792765
2503.854316,0.8046,0.941729,0.473365,0.535361,0.642112,0.858065,0.728275,0.805224,0.311755,0.512266,0.368883,0.527064,0.905528,0.793745,0.447125,0.508903,0.66344,0.835894,0.791347,0.747969,0.939359,0.802693,0.309227,0.696836,0.32221,0.527064,0.610782,0.399562,0.143802,0.361756,0.852918,0.534996,0.439007,0.365738,0.739288,0.758271,0.411995,0.740509,0.470502,0.788561,0.769609,0.780547
2505.023249,0.801551,0.946779,0.473478,0.537141,0.646845,0.856421,0.724845,0.815739,0.313688,0.515657,0.367031,0.530134,0.908902,0.792718,0.445208,0.509942,0.660923,0.835355,0.792429,0.744517,0.932993,0.810337,0.306171,0.700145,0.319463,0.530134,0.607413,0.400051,0.132805,0.362094,0.861326,0.53529,0.438081,0.367685,0.740284,0.766941,0.409698,0.739802,0.466701,0.784164,0.77351,0.783168
2506.193274,0.794279,0.947663,0.473581,0.53401,0.645398,0.858325,0.721047,0.816773,0.314406,0.51514,0.367601,0.526229,0.903869,0.786472,0.447142,0.508727,0.660113,0.833153,0.786277,0.744165,0.935525,0.811927,0.305437,0.703645,0.320001,0.526229,0.606673,0.401706,0.12623,0.363478,0.862236,0.536703,0.437799,0.370279,0.74313,0.775513,0.411197,0.735404,0.463337,0.785755,0.773674,0.787477
2507.364393,0.789573,0.950392,0.476416,0.534771,0.644383,0.858276,0.72212,0.818529,0.317914,0.516615,0.367587,0.522939,0.898501,0.780433,0.447705,0.508595,0.659194,0.831785,0.78238,0.746958,0.932444,0.813902,0.304451,0.700415,0.322209,0.522939,0.60857,0.402561,0.120525,0.363152,0.858307,0.536854,0.435423,0.36982,0.741723,0.774705,0.411508,0.736675,0.464111,0.785574,0.771322,0.79123
2508.536606,0.78263,0.949559,0.477583,0.538819,0.644017,0.855439,0.723187,0.818519,0.317937,0.516827,0.368034,0.52167,0.898787,0.777081,0.445745,0.509806,0.661289,0.833825,0.78016,0.749123,0.932546,0.815818,0.303382,0.701565,0.322894,0.52167,0.608778,0.401804,0.116901,0.363237,0.854048,0.534592,0.433901,0.370677,0.737539,0.770359,0.410621,0.736023,0.468274,0.783972,0.771512,0.79385
2509.709916,0.778506,0.950705,0.479063,0.540796,0.645361,0.855822,0.721768,0.820107,0.317978,0.518644,0.368329,0.5207,0.899005,0.77396,0.445043,0.509823,0.662027,0.837241,0.779578,0.751923,0.930001,0.815835,0.302601,0.700816,0.323987,0.5207,0.611641,0.401845,0.109529,0.364136,0.852803,0.532325,0.433295,0.371249,0.734233,0.771249,0.410946,0.735643,0.469282,0.784633,0.771528,0.796034
2510.884324,0.775274,0.946653,0.480115,0.540811,0.643883,0.856046,0.718691,0.821507,0.317308,0.520403,0.368739,0.520627,0.897313,0.771968,0.444783,0.507762,0.66273,0.837244,0.777261,0.75203,0.927323,0.816459,0.30164,0.699537,0.325232,0.520627,0.614191,0.401626,0.106431,0.365162,0.852127,0.530728,0.433135,0.371115,0.731741,0.771586,0.411752,0.735893,0.470659,0.786403,0.76881,0.797328
2512.059831,0.776606,0.943256,0.480861,0.5422,0.639312,0.858698,0.715421,0.822628,0.316406,0.520643,0.370149,0.521687,0.897946,0.772202,0.444132,0.505546,0.664233,0.833861,0.774412,0.750632,0.928536,0.821426,0.300865,0.698812,0.325608,0.521687,0.615532,0.401604,0.11008,0.365694,0.851857,0.530515,0.433526,0.371054,0.732337,0.770734,0.412604,0.739163,0.472967,0.790934,0.766156,0.801912
2513.23644,0.779927,0.940339,0.481594,0.543652,0.636279,0.859721,0.712793,0.821923,0.315412,0.518594,0.370002,0.522383,0.897914,0.773236,0.443358,0.503339,0.664986,0.830224,0.771147,0.748644,0.929742,0.822635,0.299978,0.696035,0.324935,0.522383,0.615901,0.400297,0.111411,0.365367,0.849198,0.530802,0.432525,0.370337,0.733548,0.768889,0.412503,0.741454,0.475068,0.794071,0.764069,0.805049
2514.414152,0.784952,0.941661,0.482698,0.543109,0.636352,0.863243,0.712393,0.82026,0.315277,0.51743,0.368767,0.524266,0.896039,0.775819,0.444276,0.502813,0.664378,0.83397,0.77165,0.747906,0.93308,0.823356,0.299822,0.693528,0.324199,0.524266,0.616121,0.399216,0.112148,0.364463,0.846593,0.530068,0.431876,0.369198,0.733326,0.767769,0.41167,0.743335,0.476449,0.796884,0.763363,0.802896
2515.592968,0.790566,0.944397,0.482042,0.541704,0.63734,0.866305,0.712249,0.81809,0.315198,0.518384,0.367652,0.525653,0.89328,0.776459,0.444241,0.501619,0.66218,0.838489,0.776345,0.747167,0.935179,0.823167,0.29947,0.689798,0.322946,0.525653,0.616145,0.39932,0.11184,0.363155,0.843707,0.526815,0.431072,0.367044,0.731418,0.767372,0.409446,0.744437,0.476305,0.797868,0.761924,0.797608
2516.772889,0.794771,0.947032,0.481432,0.541143,0.637737,0.867411,0.711911,0.819355,0.314809,0.522041,0.366972,0.527801,0.895253,0.777509,0.44344,0.500651,0.66228,0.840022,0.781054,0.745845,0.934755,0.824225,0.299271,0.690207,0.321239,0.527801,0.616557,0.400425,0.112415,0.362823,0.842215,0.525064,0.430963,0.365491,0.731891,0.769056,0.407515,0.746382,0.47591,0.80069,0.761244,0.796014
2517.953918,0.796435,0.94693,0.480619,0.540441,0.636467,0.863845,0.710128,0.81937,0.314382,0.524452,0.366221,0.529542,0.895842,0.779347,0.443084,0.499054,0.6624,0.839603,0.78109,0.741569,0.93478,0.822604,0.299579,0.693859,0.319314,0.529542,0.615666,0.401244,0.113379,0.362696,0.840073,0.524902,0.431104,0.364994,0.731739,0.768158,0.405906,0.747018,0.475459,0.803301,0.760104,0.794903
2519.136056,0.798639,0.947517,0.479224,0.538568,0.636097,0.862769,0.708132,0.816505,0.314473,0.524543,0.367055,0.530491,0.893095,0.780607,0.443906,0.498121,0.660886,0.84046,0.78125,0.738204,0.936029,0.820384,0.299816,0.695796,0.318146,0.530491,0.613658,0.401866,0.113815,0.362537,0.839839,0.524766,0.430964,0.365232,0.731456,0.769201,0.403817,0.746934,0.474089,0.803576,0.760244,0.792295
2520.319305,0.797839,0.946411,0.478745,0.537348,0.634405,0.86454,0.706564,0.812755,0.314366,0.522511,0.368285,0.53075,0.886806,0.781282,0.444994,0.497484,0.657165,0.840871,0.781566,0.737914,0.931105,0.818246,0.29956,0.694482,0.317169,0.53075,0.609898,0.402382,0.113649,0.362367,0.840332,0.525683,0.430432,0.365727,0.729918,0.772359,0.401493,0.745878,0.472012,0.801588,0.760018,0.789169
2521.503665,0.794812,0.946119,0.479122,0.538208,0.63318,0.864001,0.707494,0.810436,0.314322,0.521324,0.369181,0.529822,0.883834,0.783291,0.446437,0.498382,0.654595,0.841946,0.783035,0.739389,0.925983,0.817503,0.299002,0.69458,0.316943,0.529822,0.607655,0.402392,0.112989,0.362175,0.843655,0.526802,0.429891,0.3656,0.728249,0.774664,0.399232,0.747373,0.471178,0.800549,0.758572,0.789791
2522.68914,0.787618,0.946945,0.478957,0.539114,0.632371,0.859354,0.707938,0.807017,0.313147,0.519063,0.369411,0.527094,0.882271,0.78253,0.446283,0.500948,0.652855,0.842246,0.782917,0.739976,0.920377,0.81546,0.297933,0.695083,0.316963,0.527094,0.605162,0.401833,0.112159,0.361317,0.845866,0.525421,0.430225,0.365717,0.726933,0.77311,0.397383,0.747091,0.470425,0.795659,0.755556,0.788961
2523.875729,0.780338,0.948906,0.478203,0.541481,0.630431,0.8564,0.708517,0.805942,0.311785,0.516952,0.369851,0.524757,0.881679,0.781711,0.445084,0.503828,0.651713,0.844682,0.780956,0.741348,0.913836,0.810686,0.29671,0.697064,0.317269,0.524757,0.601888,0.401976,0.111347,0.360427,0.847751,0.523678,0.431595,0.367365,0.723841,0.772707,0.396523,0.746222,0.469321,0.790574,0.753425,0.786487
2525.063435,0.774802,0.948164,0.476717,0.543014,0.627675,0.854447,0.706864,0.806553,0.310283,0.51643,0.370133,0.522281,0.880581,0.780842,0.443745,0.505156,0.649926,0.846242,0.777269,0.74116,0.906604,0.802113,0.295386,0.697516,0.3189,0.522281,0.600892,0.401139,0.111107,0.361134,0.849137,0.522105,0.432807,0.367776,0.719658,0.774563,0.396216,0.745667,0.466742,0.784181,0.749744,0.782853
2526.25226,0.770021,0.946665,0.476573,0.54476,0.625358,0.853264,0.703292,0.807952,0.3088,0.515928,0.369477,0.520643,0.883741,0.780966,0.44381,0.506276,0.648508,0.848908,0.77367,0.741281,0.901139,0.793404,0.294529,0.697007,0.32099,0.520643,0.600949,0.400142,0.11199,0.363262,0.853333,0.522766,0.434398,0.367847,0.719379,0.775689,0.396166,0.743647,0.462885,0.777339,0.745133,0.780184
2527.442204,0.766096,0.942867,0.476518,0.54508,0.621404,0.852904,0.700792,0.808557,0.307984,0.514523,0.367842,0.520382,0.885977,0.779578,0.443375,0.50759,0.646313,0.848671,0.768119,0.738651,0.893926,0.787204,0.293188,0.696026,0.322023,0.520382,0.597935,0.398917,0.112121,0.364341,0.854687,0.524214,0.435956,0.368422,0.72026,0.773601,0.39657,0.740302,0.458778,0.772273,0.740399,0.778057
2528.63327,0.764822,0.943184,0.47565,0.545069,0.617395,0.854234,0.700806,0.809224,0.307549,0.512186,0.36547,0.52116,0.888211,0.778968,0.441394,0.508088,0.644881,0.847074,0.766157,0.736295,0.889436,0.784931,0.291384,0.695883,0.322087,0.52116,0.595084,0.397244,0.111243,0.364022,0.854177,0.524525,0.436671,0.368567,0.719722,0.772291,0.397257,0.73693,0.454755,0.770005,0.737733,0.776886
2529.82546,0.765266,0.944685,0.475444,0.544726,0.616782,0.852194,0.700341,0.809718,0.307039,0.509479,0.36125,0.521254,0.887366,0.777889,0.439216,0.506823,0.644396,0.844216,0.766307,0.734089,0.884007,0.777937,0.289553,0.693527,0.321396,0.521254,0.59578,0.39605,0.110804,0.363185,0.852095,0.524355,0.436237,0.366898,0.717131,0.770838,0.397184,0.731543,0.45058,0.767161,0.734753,0.773764
2531.018774,0.767617,0.946871,0.476473,0.543211,0.618206,0.851124,0.700693,0.81162,0.307317,0.509987,0.35787,0.522293,0.887857,0.776068,0.438412,0.507244,0.644945,0.843237,0.768402,0.732885,0.880398,0.768615,0.288665,0.691618,0.321631,0.522293,0.598777,0.396506,0.111265,0.362884,0.850442,0.523772,0.436446,0.365694,0.716797,0.768042,0.396738,0.728434,0.446417,0.765508,0.733052,0.770195
2532.213214,0.76818,0.943134,0.475878,0.541386,0.617515,0.848418,0.698976,0.811137,0.30667,0.512202,0.35606,0.523578,0.8868,0.773065,0.43733,0.506089,0.646525,0.840777,0.770551,0.733066,0.874561,0.759145,0.287903,0.68825,0.321407,0.523578,0.600873,0.397105,0.112178,0.362415,0.845992,0.522168,0.434442,0.364818,0.716744,0.763289,0.395382,0.726076,0.441664,0.761942,0.728655,0.765563
2533.408782,0.766833,0.9409,0.475313,0.540756,0.61651,0.844201,0.695979,0.811471,0.30546,0.514785,0.354312,0.526121,0.885614,0.772863,0.43605,0.503648,0.648285,0.837296,0.772378,0.734656,0.868759,0.753862,0.28777,0.684779,0.321064,0.526121,0.601933,0.396277,0.112526,0.361216,0.842771,0.521779,0.432631,0.36498,0.715716,0.759332,0.394776,0.722972,0.438181,0.760524,0.722734,0.763137
2534.605479,0.765056,0.94025,0.475447,0.539007,0.615923,0.83648,0.693756,0.809227,0.30525,0.514703,0.353276,0.528302,0.881395,0.773301,0.43417,0.50057,0.648124,0.832356,0.773556,0.732556,0.863904,0.748432,0.287575,0.680355,0.321269,0.528302,0.601215,0.394111,0.112256,0.360214,0.839745,0.52198,0.431002,0.365387,0.713542,0.75376,0.393514,0.71908,0.435397,0.759423,0.719268,0.760148
2535.803308,0.765382,0.940551,0.475434,0.537436,0.615428,0.831106,0.692021,0.80685,0.305227,0.513715,0.35492,0.530388,0.878494,0.773904,0.43424,0.499074,0.647608,0.828405,0.776052,0.731402,0.859623,0.746647,0.287074,0.677011,0.321036,0.530388,0.60022,0.392511,0.112268,0.360608,0.838524,0.522726,0.429973,0.365719,0.71286,0.752059,0.390603,0.717855,0.43323,0.757277,0.718899,0.758256
2537.002269,0.762439,0.937647,0.475754,0.537784,0.613677,0.828144,0.690195,0.804448,0.303819,0.512177,0.357603,0.530657,0.879146,0.773124,0.437717,0.49873,0.647047,0.826781,0.777638,0.732384,0.85217,0.746513,0.286115,0.675025,0.320375,0.530657,0.599793,0.391169,0.112577,0.361164,0.841306,0.523446,0.430667,0.366936,0.712245,0.752431,0.388226,0.718269,0.431822,0.755093,0.716242,0.75813
2538.202365,0.759918,0.936201,0.475625,0.537935,0.613142,0.827993,0.689869,0.802417,0.301635,0.511873,0.360141,0.528736,0.882105,0.771472,0.441021,0.499222,0.646385,0.827177,0.779941,0.732255,0.84497,0.747388,0.284876,0.674338,0.320854,0.528736,0.599731,0.389742,0.11183,0.361079,0.845701,0.523536,0.432158,0.368057,0.712587,0.751213,0.387741,0.719963,0.431871,0.755057,0.712401,0.757597
2539.403597,0.75892,0.937892,0.472833,0.535738,0.612379,0.826107,0.688906,0.797398,0.30021,0.511413,0.361428,0.525831,0.880043,0.766052,0.440457,0.499477,0.643955,0.825696,0.778294,0.729409,0.836645,0.747787,0.28375,0.67317,0.321456,0.525831,0.597416,0.388834,0.110805,0.360528,0.845282,0.521582,0.433423,0.368461,0.711652,0.748372,0.387276,0.719924,0.430597,0.751415,0.70978,0.753708
2540.605966,0.758673,0.937669,0.470177,0.535412,0.610136,0.824286,0.687056,0.79338,0.300286,0.50932,0.362517,0.522945,0.878321,0.760599,0.439648,0.500035,0.643117,0.823767,0.773064,0.726515,0.828483,0.746583,0.282921,0.673491,0.321473,0.522945,0.59602,0.388708,0.110719,0.360706,0.843968,0.519081,0.433392,0.36892,0.710172,0.749118,0.38651,0.72112,0.429687,0.746894,0.707586,0.750147
2541.809474,0.757488,0.932608,0.468604,0.536903,0.607033,0.825181,0.683653,0.790268,0.299991,0.505327,0.363451,0.52104,0.877533,0.755684,0.439915,0.500111,0.643839,0.819462,0.767507,0.722849,0.823491,0.742171,0.281743,0.673865,0.321173,0.52104,0.597671,0.388957,0.111442,0.361657,0.841142,0.515684,0.432619,0.368789,0.70786,0.75225,0.384934,0.721734,0.429578,0.742071,0.702906,0.746855
2543.014123,0.756568,0.929625,0.467854,0.539847,0.606903,0.82718,0.681786,0.787645,0.299323,0.501858,0.363556,0.520665,0.878327,0.750834,0.439681,0.50241,0.643655,0.817999,0.763314,0.720482,0.82111,0.737816,0.280238,0.675034,0.320357,0.520665,0.599776,0.389663,0.111785,0.362849,0.836107,0.513298,0.433024,0.368539,0.706954,0.755025,0.382611,0.719362,0.428563,0.739027,0.699893,0.746093
2544.219915,0.757329,0.926074,0.466109,0.541733,0.607813,0.826783,0.681772,0.78511,0.298838,0.498658,0.361786,0.52035,0.876484,0.745256,0.437112,0.50422,0.642518,0.816708,0.757889,0.718437,0.817532,0.734722,0.278646,0.675957,0.31945,0.52035,0.599213,0.38915,0.110738,0.362662,0.827687,0.511527,0.434035,0.368141,0.704684,0.754916,0.380715,0.715831,0.426558,0.737321,0.699836,0.746071
2545.42685,0.759381,0.923346,0.465268,0.543025,0.60811,0.826523,0.682827,0.784312,0.297742,0.497247,0.359382,0.521257,0.874543,0.741505,0.434523,0.50451,0.644081,0.816419,0.755861,0.718298,0.817875,0.732562,0.276754,0.678047,0.319272,0.521257,0.598771,0.388821,0.109149,0.362109,0.821774,0.509913,0.434897,0.367757,0.700547,0.754496,0.379794,0.713032,0.424553,0.73649,0.700926,0.746945
2546.634931,0.759441,0.918285,0.465763,0.544661,0.607809,0.82585,0.680476,0.783121,0.296105,0.496886,0.357033,0.522754,0.873466,0.739227,0.432848,0.504418,0.645793,0.815073,0.755625,0.717331,0.817125,0.728133,0.274293,0.676967,0.319572,0.522754,0.600565,0.38929,0.1081,0.362002,0.818256,0.508245,0.434869,0.366592,0.695466,0.752813,0.378033,0.71004,0.421972,0.732764,0.70034,0.747497
2547.844159,0.759726,0.913094,0.466538,0.545703,0.606964,0.828408,0.676554,0.781815,0.294749,0.49694,0.354689,0.524354,0.875135,0.739765,0.431294,0.504257,0.646899,0.814619,0.756109,0.7179,0.814869,0.722797,0.271805,0.674346,0.319383,0.524354,0.60107,0.389343,0.108405,0.362324,0.817857,0.506404,0.434441,0.365794,0.693053,0.749841,0.375712,0.710725,0.418372,0.728966,0.699593,0.748949
2549.054537,0.757812,0.906958,0.466138,0.545687,0.604681,0.830339,0.672183,0.777812,0.292998,0.496057,0.352083,0.524781,0.871065,0.742168,0.428146,0.502215,0.645359,0.812315,0.756359,0.71914,0.812398,0.718647,0.270057,0.669318,0.317403,0.524781,0.597399,0.388638,0.109291,0.360567,0.817547,0.503921,0.432973,0.365238,0.692443,0.74671,0.373469,0.71049,0.413997,0.7248,0.697348,0.748154
2550.266065,0.755813,0.905596,0.467727,0.545856,0.602482,0.82968,0.66915,0.774,0.292202,0.49535,0.349734,0.525704,0.864361,0.746062,0.425916,0.500324,0.64264,0.810323,0.758195,0.720616,0.815324,0.717454,0.269816,0.66608,0.31707,0.525704,0.594035,0.387787,0.108834,0.358273,0.817559,0.502687,0.433092,0.365729,0.692557,0.7461,0.372742,0.706777,0.411119,0.723855,0.695349,0.747653
2551.478745,0.753186,0.903624,0.470061,0.545505,0.599685,0.826619,0.666063,0.769457,0.293123,0.494736,0.349427,0.526437,0.859818,0.749061,0.424588,0.49859,0.64118,0.809125,0.760542,0.7205,0.817239,0.713936,0.269939,0.665359,0.318552,0.526437,0.591656,0.386593,0.107372,0.358581,0.816665,0.502589,0.434565,0.366121,0.693642,0.743203,0.372394,0.702518,0.409516,0.725003,0.694235,0.746134
2552.692578,0.751039,0.902868,0.472025,0.546263,0.596918,0.826115,0.662461,0.767044,0.294049,0.495982,0.350795,0.527764,0.86124,0.751917,0.42598,0.4993,0.640101,0.811145,0.762931,0.722647,0.817128,0.711433,0.269764,0.666809,0.320022,0.527764,0.591038,0.385686,0.105875,0.361388,0.819085,0.502914,0.437866,0.36716,0.697087,0.741991,0.371501,0.701109,0.409227,0.72588,0.692891,0.744006
2553.907568,0.747638,0.903009,0.474675,0.547351,0.594977,0.826736,0.660739,0.763549,0.294264,0.497832,0.352493,0.528509,0.86507,0.7542,0.429663,0.500894,0.640258,0.815931,0.764208,0.725645,0.817955,0.709603,0.269131,0.667457,0.322201,0.528509,0.590258,0.384622,0.104005,0.363961,0.825358,0.503206,0.442218,0.369386,0.698554,0.740896,0.370817,0.699103,0.409373,0.725319,0.692301,0.74149
2555.123714,0.747384,0.903445,0.477339,0.547488,0.595344,0.829246,0.661752,0.759329,0.294096,0.499925,0.354888,0.528662,0.868474,0.758052,0.43212,0.502827,0.64133,0.821136,0.767218,0.726083,0.818109,0.708847,0.268727,0.668536,0.324644,0.528662,0.587883,0.383981,0.10548,0.366425,0.831752,0.504157,0.44636,0.371474,0.69983,0.741062,0.370848,0.696315,0.40984,0.7262,0.694947,0.739273
2556.341019,0.746759,0.904345,0.478375,0.545149,0.595011,0.830429,0.662,0.75491,0.293492,0.499341,0.356217,0.527971,0.866857,0.759638,0.432791,0.503905,0.640786,0.822927,0.768391,0.721926,0.812062,0.708049,0.268633,0.668181,0.324847,0.527971,0.584966,0.383634,0.101213,0.368439,0.833177,0.502377,0.448106,0.372053,0.700587,0.743442,0.370151,0.691492,0.409085,0.728306,0.695862,0.733698
2557.559485,0.745722,0.904836,0.478552,0.542912,0.593376,0.834921,0.660761,0.753428,0.29248,0.497457,0.356493,0.526069,0.866156,0.759649,0.433883,0.503698,0.641461,0.820758,0.769222,0.717983,0.80488,0.704324,0.269421,0.665429,0.322764,0.526069,0.583998,0.383602,0.0990461,0.369093,0.830254,0.498787,0.447172,0.371693,0.700316,0.747818,0.36895,0.687724,0.407686,0.730367,0.692834,0.728981
2558.779113,0.746653,0.904066,0.477491,0.541579,0.590228,0.837425,0.659757,0.754427,0.290974,0.494923,0.355761,0.522424,0.863889,0.757688,0.433791,0.501407,0.639595,0.813034,0.767492,0.715325,0.800018,0.698452,0.269244,0.66081,0.320422,0.522424,0.584385,0.383184,0.0974243,0.367346,0.825021,0.496255,0.445653,0.370964,0.697979,0.750284,0.366602,0.684229,0.40589,0.73171,0.688176,0.725941
2559.999905,0.749602,0.904294,0.474278,0.541391,0.586718,0.834357,0.659531,0.755882,0.289134,0.493019,0.353113,0.517592,0.85646,0.754326,0.430635,0.498026,0.633245,0.804847,0.763188,0.713792,0.79502,0.695341,0.268297,0.657604,0.317746,0.517592,0.582939,0.381863,0.095046,0.363862,0.819512,0.496488,0.444671,0.370221,0.696432,0.750984,0.364006,0.682108,0.404104,0.733988,0.685101,0.724494
2561.221862,0.750244,0.901129,0.471456,0.540578,0.583267,0.827571,0.659156,0.755022,0.287976,0.491562,0.349293,0.513254,0.846078,0.748809,0.426809,0.493759,0.627363,0.800556,0.759359,0.71051,0.787763,0.694303,0.2676,0.654893,0.31518,0.513254,0.577855,0.380784,0.0918824,0.359369,0.812665,0.497904,0.442415,0.369362,0.693656,0.749119,0.362139,0.681596,0.40227,0.734151,0.680757,0.72347
2562.444986,0.749698,0.901696,0.47121,0.540742,0.580816,0.822013,0.660899,0.754313,0.287773,0.492817,0.347464,0.512658,0.841891,0.744639,0.426915,0.491744,0.626156,0.800241,0.760301,0.708364,0.782715,0.693464,0.266624,0.65465,0.314317,0.512658,0.574049,0.381778,0.0893881,0.356214,0.809121,0.49994,0.44106,0.369492,0.690973,0.746633,0.361422,0.683638,0.401388,0.731853,0.676621,0.723373
2563.669278,0.748322,0.90459,0.471222,0.541628,0.578659,0.817933,0.659904,0.753009,0.287461,0.494615,0.346873,0.513754,0.842414,0.741792,0.427787,0.491401,0.626172,0.800389,0.761694,0.707426,0.776075,0.690543,0.264869,0.654407,0.31353,0.513754,0.573641,0.382264,0.0896733,0.354649,0.805449,0.501686,0.440972,0.369756,0.688782,0.743251,0.361007,0.686595,0.400785,0.728277,0.672378,0.722198
2564.894742,0.7496,0.907997,0.470867,0.5428,0.577542,0.814458,0.657774,0.751634,0.286629,0.494695,0.346516,0.513887,0.842768,0.74028,0.427716,0.490612,0.625461,0.802166,0.762217,0.70732,0.770026,0.688009,0.262675,0.653557,0.311355,0.513887,0.57204,0.382145,0.0936394,0.353273,0.801641,0.502748,0.441211,0.370041,0.689889,0.739056,0.360937,0.68812,0.3995,0.727493,0.670397,0.722298
2566.121377,0.750719,0.907048,0.47097,0.544112,0.576934,0.807694,0.654647,0.750471,0.285771,0.493659,0.346547,0.511967,0.837907,0.736706,0.427734,0.489057,0.623506,0.800557,0.760208,0.705915,0.76659,0.687164,0.261575,0.652692,0.309693,0.511967,0.568146,0.381954,0.098184,0.350282,0.797326,0.503375,0.441745,0.370297,0.692206,0.732849,0.36065,0.685756,0.397952,0.72704,0.668741,0.720865
2567.349187,0.751937,0.905506,0.474312,0.547216,0.578403,0.800442,0.649496,0.750005,0.286309,0.493436,0.347931,0.514074,0.837779,0.734057,0.430619,0.489316,0.623848,0.802265,0.75779,0.70609,0.769543,0.687525,0.261635,0.655654,0.311441,0.514074,0.568432,0.3818,0.100459,0.350489,0.798656,0.504989,0.443934,0.371535,0.695601,0.729579,0.360388,0.684127,0.399351,0.727426,0.667086,0.720512
2568.578171,0.750973,0.902568,0.477553,0.550649,0.580289,0.795226,0.642668,0.748791,0.286829,0.493878,0.349785,0.518196,0.842014,0.730507,0.432491,0.490674,0.623937,0.807033,0.755482,0.706846,0.770954,0.686375,0.260836,0.659334,0.313903,0.518196,0.568318,0.380303,0.101585,0.353319,0.799901,0.504787,0.445128,0.372426,0.6987,0.727767,0.35976,0.68382,0.401697,0.727119,0.664639,0.718498
2569.808333,0.748781,0.901562,0.481129,0.554112,0.583475,0.795795,0.638816,0.749103,0.286033,0.493686,0.350564,0.520365,0.848228,0.728065,0.432219,0.493539,0.622125,0.811375,0.753859,0.708871,0.772141,0.686412,0.259051,0.661379,0.315098,0.520365,0.568212,0.379137,0.102767,0.356395,0.801464,0.502961,0.445643,0.374212,0.700375,0.726712,0.358237,0.684534,0.403052,0.72551,0.664662,0.718079
2571.039674,0.747462,0.901091,0.48821,0.558114,0.589614,0.798169,0.638441,0.748126,0.285677,0.492967,0.35155,0.522134,0.854225,0.73092,0.432971,0.496953,0.622079,0.815173,0.753532,0.709429,0.776244,0.685915,0.257163,0.661033,0.316946,0.522134,0.570289,0.37906,0.105324,0.359498,0.806885,0.502107,0.446975,0.375954,0.700758,0.726591,0.356033,0.684613,0.403388,0.724331,0.667231,0.719755
2572.272196,0.750304,0.898625,0.494468,0.562895,0.595538,0.803509,0.637349,0.748491,0.284745,0.492114,0.352049,0.52452,0.858306,0.73617,0.435348,0.499843,0.623797,0.817633,0.755037,0.706823,0.777995,0.686033,0.256076,0.660708,0.317893,0.52452,0.572751,0.379209,0.10971,0.36229,0.811608,0.501275,0.44741,0.376397,0.700511,0.7298,0.354145,0.685311,0.403213,0.724732,0.668008,0.721187
2573.505899,0.753707,0.896394,0.497285,0.565804,0.596881,0.810342,0.634008,0.749736,0.282791,0.490571,0.350623,0.524736,0.857624,0.736492,0.435888,0.499233,0.62273,0.814691,0.754855,0.700099,0.774893,0.68788,0.255381,0.658654,0.316595,0.524736,0.572189,0.378049,0.10755,0.362609,0.811948,0.497532,0.445031,0.375694,0.698983,0.733458,0.351691,0.684236,0.40156,0.7232,0.66517,0.720226
2574.740787,0.760314,0.898088,0.49928,0.567609,0.596984,0.8179,0.632915,0.748566,0.281772,0.490854,0.349002,0.524945,0.857933,0.737743,0.435336,0.496976,0.622606,0.810627,0.754104,0.69582,0.777098,0.691415,0.255083,0.655458,0.316946,0.524945,0.571069,0.376607,0.107883,0.362364,0.810888,0.493942,0.442727,0.374315,0.698719,0.738424,0.349226,0.6828,0.399596,0.722938,0.664305,0.722152
2575.97686,0.766284,0.900457,0.500647,0.570782,0.59608,0.820045,0.633678,0.746315,0.281399,0.48873,0.347104,0.525045,0.857472,0.740382,0.432632,0.494988,0.620908,0.807223,0.752586,0.695593,0.780908,0.693682,0.253402,0.65144,0.318526,0.525045,0.57221,0.375379,0.106054,0.361806,0.811801,0.491372,0.441403,0.372816,0.698113,0.741262,0.347008,0.681227,0.397247,0.724685,0.664263,0.725834
2577.214121,0.770226,0.906562,0.500376,0.575641,0.595278,0.822335,0.635031,0.744218,0.281108,0.485405,0.345186,0.525207,0.854545,0.742797,0.42886,0.493495,0.617451,0.805145,0.753762,0.697526,0.782446,0.69558,0.251871,0.648005,0.319015,0.525207,0.573148,0.376112,0.10326,0.36103,0.813235,0.490068,0.441067,0.372006,0.696343,0.745218,0.346058,0.680248,0.395834,0.728259,0.662839,0.729311
2578.452571,0.771393,0.912591,0.501498,0.578991,0.594822,0.823049,0.63699,0.740813,0.281743,0.484342,0.344621,0.527128,0.853274,0.744879,0.427361,0.493828,0.617469,0.80518,0.756961,0.698953,0.781117,0.696389,0.251116,0.645732,0.31876,0.527128,0.572865,0.377992,0.101001,0.360772,0.811912,0.488789,0.441206,0.371073,0.694357,0.749771,0.346371,0.680358,0.396444,0.728718,0.660899,0.729883
2579.692211,0.772962,0.921134,0.503155,0.582367,0.593878,0.820415,0.638468,0.740896,0.281912,0.48526,0.344968,0.528056,0.85481,0.745537,0.426787,0.494232,0.620733,0.802945,0.758888,0.701443,0.778156,0.69512,0.250662,0.646985,0.316655,0.528056,0.573431,0.379467,0.0991615,0.359202,0.808885,0.48861,0.442481,0.37046,0.692674,0.750181,0.347178,0.681064,0.396834,0.725036,0.660369,0.728099
2580.933045,0.773699,0.924189,0.504682,0.585926,0.593022,0.81708,0.638916,0.740772,0.280379,0.486816,0.345138,0.526985,0.852287,0.743625,0.425602,0.493338,0.62278,0.801198,0.759526,0.703721,0.774673,0.691107,0.249343,0.648085,0.313927,0.526985,0.573915,0.379405,0.0994114,0.35768,0.805328,0.489479,0.44526,0.370468,0.690172,0.74684,0.346868,0.679439,0.396158,0.723319,0.659114,0.726709
2582.175072,0.775206,0.922425,0.506616,0.590064,0.59169,0.812647,0.638824,0.739646,0.278969,0.487683,0.34546,0.526052,0.850151,0.741449,0.425439,0.491646,0.622636,0.803653,0.759277,0.704566,0.774213,0.689287,0.24778,0.648163,0.312907,0.526052,0.571783,0.379011,0.100098,0.356163,0.803989,0.490128,0.448754,0.370698,0.68915,0.74511,0.345683,0.675859,0.394951,0.72553,0.658572,0.727161
2583.418296,0.773561,0.918272,0.507414,0.591803,0.588517,0.805773,0.636982,0.738276,0.278405,0.487051,0.344546,0.523925,0.848183,0.737934,0.424748,0.488127,0.621826,0.804216,0.755783,0.704896,0.774072,0.687231,0.247595,0.647773,0.312719,0.523925,0.567926,0.378302,0.0990715,0.353065,0.801794,0.489169,0.450349,0.369783,0.687074,0.742834,0.344249,0.672577,0.393224,0.726296,0.657456,0.72468
2584.662717,0.769959,0.916614,0.507063,0.592008,0.587444,0.801848,0.634026,0.737491,0.277627,0.487499,0.343774,0.523404,0.850055,0.736826,0.424202,0.486947,0.622837,0.804526,0.751632,0.708607,0.774094,0.684185,0.247762,0.649878,0.312769,0.523404,0.567845,0.378354,0.0966191,0.35204,0.802471,0.487885,0.450112,0.369991,0.68641,0.740638,0.343195,0.671157,0.392677,0.72727,0.658896,0.72151
2585.908337,0.764539,0.913242,0.504972,0.59014,0.586369,0.800904,0.631574,0.736701,0.275701,0.488247,0.34285,0.521396,0.850244,0.733582,0.422471,0.487761,0.622834,0.802064,0.749013,0.710762,0.771216,0.679631,0.247144,0.652225,0.312171,0.521396,0.567141,0.378045,0.0947569,0.351636,0.799727,0.485296,0.448023,0.370247,0.683975,0.736988,0.34253,0.669828,0.391217,0.727537,0.661063,0.71774
2587.155159,0.759148,0.906766,0.504217,0.588552,0.586001,0.803562,0.632426,0.738072,0.273876,0.488356,0.342247,0.518839,0.851237,0.733177,0.421612,0.489856,0.622554,0.800578,0.748714,0.711151,0.769393,0.675681,0.246409,0.654715,0.311801,0.518839,0.568392,0.378554,0.094528,0.351847,0.799648,0.483925,0.446706,0.370842,0.680989,0.734582,0.341509,0.669619,0.389622,0.727351,0.662922,0.715941
2588.403184,0.753634,0.89638,0.504714,0.588519,0.586574,0.805891,0.633168,0.73749,0.273081,0.489372,0.342591,0.520734,0.852918,0.737892,0.424611,0.492884,0.624661,0.801361,0.748945,0.71052,0.768795,0.67142,0.245602,0.657059,0.313979,0.520734,0.571994,0.379273,0.0963099,0.354747,0.805637,0.484759,0.447784,0.371674,0.679718,0.735923,0.339774,0.671403,0.389449,0.725931,0.664311,0.71589
2589.652413,0.749791,0.88998,0.501929,0.588184,0.584641,0.809434,0.629755,0.738584,0.272232,0.490564,0.342334,0.523675,0.850635,0.739654,0.427788,0.494253,0.626789,0.802825,0.747615,0.706557,0.766636,0.669971,0.244965,0.660295,0.315733,0.523675,0.574034,0.378419,0.0986049,0.35714,0.807991,0.485815,0.447744,0.372518,0.679446,0.737614,0.336729,0.674658,0.389164,0.722644,0.663584,0.715937
2590.902849,0.746135,0.889623,0.494199,0.580637,0.577581,0.807789,0.623357,0.740977,0.271307,0.489564,0.339255,0.519695,0.842031,0.735423,0.424579,0.489948,0.620758,0.798161,0.741237,0.699439,0.760848,0.672561,0.244128,0.65989,0.314187,0.519695,0.570507,0.37531,0.0995105,0.352744,0.802863,0.483305,0.443196,0.371933,0.677515,0.734741,0.333611,0.674492,0.386558,0.718079,0.659023,0.713254
2592.154493,0.743125,0.893886,0.487593,0.57277,0.572391,0.802612,0.621417,0.742108,0.270864,0.489404,0.33657,0.516552,0.834243,0.735403,0.420309,0.48714,0.614894,0.794187,0.736918,0.69628,0.756949,0.675343,0.241935,0.658409,0.314187,0.516552,0.5671,0.373098,0.0989332,0.349122,0.797729,0.480743,0.438348,0.371511,0.677137,0.735017,0.333584,0.675796,0.384807,0.717347,0.655628,0.712956
2593.407346,0.737757,0.900719,0.482637,0.568282,0.570244,0.796749,0.622115,0.743567,0.27052,0.488034,0.335591,0.515066,0.828457,0.73584,0.417403,0.487496,0.610813,0.795026,0.735413,0.694265,0.753686,0.676062,0.239927,0.655681,0.315329,0.515066,0.567682,0.372763,0.0979395,0.348609,0.793835,0.48027,0.435491,0.371524,0.676905,0.736236,0.33423,0.677411,0.382608,0.717508,0.652601,0.714993
2594.661412,0.733412,0.910027,0.479392,0.565426,0.570223,0.797053,0.622581,0.744636,0.270996,0.488428,0.337111,0.514727,0.828863,0.736413,0.417777,0.490347,0.608144,0.798119,0.735736,0.692923,0.754284,0.678454,0.238843,0.653039,0.31702,0.514727,0.569585,0.37385,0.0981387,0.350769,0.794156,0.481977,0.436111,0.372227,0.678679,0.739241,0.335942,0.677903,0.383075,0.718976,0.650634,0.718389
2595.916691,0.730659,0.915065,0.478977,0.563108,0.569789,0.796836,0.620906,0.745363,0.271498,0.490467,0.339287,0.51717,0.829638,0.737592,0.42003,0.494152,0.607973,0.799078,0.736361,0.691981,0.7545,0.68038,0.237794,0.651475,0.318112,0.51717,0.57027,0.374584,0.0989909,0.353437,0.794877,0.48257,0.438381,0.372772,0.681179,0.74117,0.336866,0.67884,0.385869,0.721435,0.650577,0.718681
2597.173185,0.729502,0.91708,0.479734,0.563007,0.56773,0.795112,0.618451,0.748428,0.271278,0.492175,0.340091,0.51881,0.829618,0.737965,0.421447,0.495835,0.609406,0.798344,0.738242,0.690627,0.753782,0.681004,0.236912,0.651492,0.317696,0.51881,0.569659,0.374819,0.0983497,0.353915,0.795339,0.483807,0.440171,0.373585,0.681242,0.739836,0.335103,0.680515,0.386611,0.724168,0.649657,0.718903
2598.430896,0.727927,0.912757,0.481808,0.563918,0.567144,0.798291,0.618028,0.747824,0.270775,0.493598,0.340353,0.521157,0.829778,0.740167,0.423433,0.497168,0.610374,0.800463,0.740746,0.688865,0.753616,0.680473,0.234759,0.650517,0.317949,0.521157,0.567323,0.376129,0.0972729,0.355347,0.799014,0.486977,0.442571,0.374919,0.680175,0.737942,0.332103,0.682149,0.386609,0.725944,0.647123,0.720371
2599.689825,0.729533,0.910207,0.484151,0.565082,0.567543,0.80355,0.618227,0.745061,0.271368,0.493259,0.34021,0.525964,0.833,0.74422,0.424964,0.49886,0.611032,0.804106,0.740998,0.690108,0.755605,0.680199,0.232632,0.648968,0.318404,0.525964,0.564619,0.377254,0.0952581,0.357225,0.80221,0.489933,0.444939,0.376055,0.680287,0.737317,0.32993,0.683166,0.387067,0.726042,0.645491,0.721521
2600.949976,0.731655,0.910208,0.483283,0.563986,0.565809,0.807375,0.616981,0.741018,0.271635,0.491602,0.338279,0.526033,0.832902,0.744073,0.422073,0.498334,0.610889,0.801992,0.737523,0.694614,0.755912,0.678357,0.232493,0.646158,0.316578,0.526033,0.562722,0.376457,0.0938009,0.356545,0.798418,0.490176,0.444593,0.375103,0.678731,0.732707,0.328254,0.680185,0.385425,0.723291,0.645791,0.719567
2602.211348,0.733763,0.909964,0.480373,0.564063,0.566574,0.813922,0.615303,0.739617,0.270905,0.492288,0.336825,0.524,0.834407,0.743207,0.419489,0.498693,0.611481,0.796254,0.737717,0.700428,0.755377,0.678423,0.232948,0.645375,0.315017,0.524,0.563061,0.37632,0.0935875,0.356673,0.795808,0.491015,0.44338,0.373994,0.678664,0.729576,0.327328,0.676306,0.383172,0.720585,0.649448,0.71575
2603.473945,0.734838,0.90618,0.47903,0.566506,0.569129,0.818075,0.614544,0.738068,0.269927,0.493355,0.336823,0.524909,0.836068,0.74117,0.419887,0.500824,0.612871,0.791878,0.741021,0.703775,0.753303,0.676989,0.233116,0.645606,0.314653,0.524909,0.564136,0.376576,0.0938867,0.358874,0.794021,0.492379,0.44353,0.373441,0.678355,0.729192,0.327174,0.674333,0.382058,0.720277,0.651617,0.712753
2604.737767,0.73596,0.898842,0.480161,0.571225,0.571524,0.820902,0.616298,0.736856,0.269696,0.493821,0.337998,0.528047,0.839224,0.742533,0.422161,0.502073,0.614511,0.793973,0.743253,0.707391,0.751439,0.674495,0.233522,0.646538,0.314723,0.528047,0.566444,0.376663,0.0941804,0.360585,0.794889,0.492831,0.445709,0.374768,0.678353,0.732054,0.326974,0.674756,0.382258,0.722073,0.652037,0.712447
2606.002817,0.734087,0.888583,0.479688,0.573549,0.572557,0.823285,0.615962,0.733996,0.269527,0.494373,0.33818,0.530715,0.839662,0.743113,0.42339,0.500933,0.616555,0.795843,0.741929,0.710147,0.749487,0.671936,0.233503,0.64728,0.314742,0.530715,0.568789,0.375544,0.0946296,0.361004,0.796459,0.491975,0.448061,0.376148,0.678873,0.733875,0.325541,0.675119,0.382338,0.720208,0.651892,0.711822
2607.269096,0.733157,0.886731,0.478195,0.572925,0.572157,0.824547,0.612699,0.733334,0.269337,0.494529,0.336778,0.530921,0.83771,0.740591,0.421443,0.499171,0.615963,0.795848,0.74038,0.710345,0.748717,0.670788,0.232575,0.647136,0.313229,0.530921,0.570838,0.373792,0.0949598,0.359343,0.796821,0.491199,0.448237,0.376211,0.680551,0.733516,0.32357,0.67415,0.38154,0.717864,0.650354,0.708614
2608.536607,0.733315,0.889218,0.474426,0.568881,0.567965,0.817507,0.610074,0.732932,0.267994,0.493243,0.332869,0.525897,0.831251,0.736124,0.416115,0.494644,0.608856,0.789782,0.736072,0.709077,0.744495,0.669615,0.231548,0.645199,0.309644,0.525897,0.569421,0.372429,0.0949022,0.353313,0.792436,0.488559,0.443857,0.374554,0.678401,0.731391,0.323067,0.670943,0.379226,0.715546,0.644663,0.702867
2609.80535,0.733526,0.889793,0.473783,0.569716,0.567325,0.811314,0.613198,0.731797,0.266706,0.494927,0.332254,0.524462,0.82735,0.733781,0.414667,0.49404,0.606448,0.789061,0.734101,0.707441,0.741896,0.668693,0.229982,0.647749,0.309064,0.524462,0.568785,0.373728,0.0946289,0.3513,0.791846,0.488556,0.441404,0.374241,0.678539,0.735496,0.324358,0.671438,0.379002,0.715298,0.64044,0.703188
2611.075328,0.731705,0.889762,0.477266,0.572782,0.570485,0.809337,0.617462,0.730158,0.266563,0.497454,0.335783,0.526468,0.826805,0.732001,0.417082,0.496482,0.610172,0.796957,0.733685,0.702673,0.744329,0.668401,0.228613,0.650324,0.311247,0.526468,0.571242,0.37639,0.0946282,0.352745,0.797918,0.491158,0.443144,0.374628,0.682231,0.742741,0.324293,0.672545,0.380403,0.718497,0.63931,0.706534
2612.346543,0.730467,0.891715,0.480485,0.574689,0.573272,0.807543,0.618167,0.730062,0.267497,0.498685,0.338409,0.528505,0.827557,0.730647,0.420006,0.49863,0.615315,0.802752,0.733228,0.699322,0.750795,0.668344,0.228029,0.65079,0.314067,0.528505,0.572865,0.378221,0.096007,0.353447,0.805589,0.491842,0.444088,0.374552,0.686405,0.747891,0.324309,0.672794,0.381832,0.722566,0.640321,0.709087
2613.618996,0.731041,0.890939,0.482194,0.576236,0.573751,0.801148,0.616466,0.730332,0.26745,0.497988,0.33843,0.531776,0.826981,0.729902,0.422432,0.499979,0.619307,0.803608,0.735033,0.696765,0.755258,0.667411,0.227218,0.651742,0.316883,0.531776,0.572084,0.378584,0.0967721,0.353112,0.807988,0.48963,0.443972,0.374089,0.686681,0.750557,0.323417,0.673222,0.38247,0.723584,0.641009,0.710291
2614.89269,0.733841,0.890831,0.484842,0.576717,0.572319,0.797467,0.616294,0.729904,0.266303,0.496806,0.337479,0.536314,0.829984,0.731101,0.425485,0.500157,0.624006,0.805758,0.738939,0.695248,0.75557,0.667581,0.225934,0.655102,0.319363,0.536314,0.57075,0.378363,0.0954616,0.354132,0.80893,0.489055,0.444453,0.374191,0.685453,0.751481,0.320732,0.674331,0.383177,0.723959,0.641487,0.712291
2616.167625,0.735274,0.890032,0.485041,0.573092,0.571128,0.797351,0.616407,0.729151,0.265315,0.493998,0.334542,0.536388,0.829601,0.730828,0.425691,0.498063,0.624178,0.808429,0.737967,0.694804,0.751503,0.668627,0.225122,0.65806,0.318861,0.536388,0.56776,0.378027,0.0937261,0.354579,0.805397,0.48844,0.443035,0.372664,0.68161,0.748712,0.317254,0.673188,0.383434,0.720153,0.639961,0.713004
2617.443805,0.736932,0.892923,0.483381,0.569481,0.57118,0.797535,0.615941,0.729096,0.265752,0.491891,0.331417,0.533404,0.829067,0.730451,0.423831,0.495811,0.621288,0.809203,0.734209,0.695975,0.750302,0.670359,0.226152,0.658475,0.317766,0.533404,0.565745,0.378059,0.0935581,0.354552,0.800785,0.487881,0.441905,0.371469,0.677362,0.745241,0.314906,0.672787,0.383684,0.714515,0.63968,0.714522
2618.72123,0.737814,0.895473,0.480939,0.567402,0.569613,0.797123,0.613919,0.728607,0.266432,0.490779,0.329183,0.52833,0.828006,0.729374,0.421821,0.493203,0.617381,0.804384,0.732411,0.696041,0.749222,0.671029,0.228475,0.655454,0.316782,0.52833,0.563518,0.377467,0.0946351,0.354295,0.794859,0.487701,0.441748,0.370748,0.673988,0.741823,0.313857,0.673154,0.382426,0.71316,0.639935,0.715433
2619.999902,0.737027,0.896894,0.479778,0.567891,0.570337,0.799758,0.611544,0.730204,0.267488,0.49081,0.328164,0.526519,0.828541,0.73059,0.421825,0.493171,0.615275,0.801681,0.737334,0.696101,0.747317,0.67257,0.22957,0.653926,0.317224,0.526519,0.563828,0.378099,0.0953602,0.355618,0.795207,0.48862,0.443437,0.371866,0.674411,0.743561,0.314777,0.675463,0.38202,0.717356,0.641228,0.715894
2621.279824,0.734435,0.895156,0.479681,0.568975,0.571929,0.801467,0.608998,0.729483,0.268152,0.489913,0.327761,0.526788,0.826534,0.731965,0.423074,0.494357,0.614533,0.804674,0.741213,0.698504,0.744133,0.671094,0.229847,0.652675,0.31736,0.526788,0.56614,0.378959,0.0955738,0.357762,0.795585,0.488153,0.446753,0.375456,0.674746,0.744785,0.316409,0.67721,0.382828,0.722296,0.640442,0.716205
2622.560997,0.731684,0.891633,0.478823,0.568092,0.571256,0.801818,0.6058,0.729525,0.269061,0.489379,0.328181,0.524975,0.827651,0.735054,0.424139,0.493683,0.613081,0.807759,0.742135,0.70179,0.743263,0.670142,0.230849,0.651557,0.316204,0.524975,0.567876,0.378894,0.0952976,0.357966,0.795793,0.487244,0.449771,0.379014,0.675054,0.744395,0.317102,0.679562,0.38259,0.72531,0.639301,0.717344
2623.843423,0.726933,0.888151,0.477484,0.566125,0.570635,0.803313,0.602201,0.730469,0.270081,0.491398,0.329718,0.525294,0.83243,0.74177,0.426276,0.495652,0.614262,0.808285,0.743987,0.703843,0.745242,0.671387,0.231001,0.650539,0.3161,0.525294,0.570559,0.37822,0.0951074,0.358879,0.800423,0.488404,0.452786,0.381236,0.679539,0.745216,0.317524,0.681375,0.382394,0.727406,0.641054,0.71732
2625.127104,0.724625,0.88799,0.476111,0.566608,0.570716,0.808461,0.601288,0.732095,0.270486,0.493993,0.3315,0.527991,0.839931,0.749076,0.428919,0.501849,0.616466,0.807624,0.746309,0.706111,0.747723,0.673896,0.230653,0.649874,0.316558,0.527991,0.574772,0.378519,0.094847,0.362184,0.805716,0.489854,0.456062,0.382412,0.684614,0.747617,0.318457,0.681328,0.383308,0.731849,0.64268,0.716784
2626.412041,0.72282,0.88415,0.471076,0.56467,0.568002,0.811495,0.60141,0.73526,0.27047,0.495642,0.33214,0.526196,0.842123,0.750628,0.427848,0.504063,0.614813,0.804193,0.74274,0.705943,0.747391,0.677401,0.230976,0.648979,0.31558,0.526196,0.576164,0.380527,0.094374,0.363121,0.803466,0.490854,0.456321,0.38207,0.6854,0.747835,0.318367,0.680432,0.383312,0.732544,0.640995,0.716216
2627.698237,0.719837,0.879216,0.468075,0.562186,0.568067,0.814526,0.602039,0.740401,0.270877,0.498974,0.334715,0.524892,0.842057,0.748858,0.426415,0.505608,0.615632,0.806545,0.738823,0.704063,0.749368,0.681832,0.230812,0.650896,0.315365,0.524892,0.5772,0.382713,0.0936968,0.363582,0.803461,0.493743,0.457957,0.382833,0.687567,0.750774,0.318658,0.682698,0.38389,0.733375,0.640762,0.716549
2628.985693,0.715612,0.875044,0.465845,0.559295,0.568774,0.814708,0.6016,0.744166,0.270093,0.500959,0.336909,0.523879,0.840921,0.744292,0.424671,0.504541,0.617042,0.808638,0.737975,0.701404,0.752006,0.683624,0.229975,0.652394,0.314857,0.523879,0.576255,0.382727,0.0936882,0.362802,0.804371,0.495116,0.458374,0.384057,0.689867,0.752642,0.31954,0.685184,0.384435,0.734122,0.641235,0.712512
2630.274412,0.713813,0.874774,0.461753,0.554844,0.567162,0.810806,0.602984,0.748033,0.269357,0.50089,0.33611,0.521633,0.838933,0.738624,0.421514,0.501118,0.615632,0.807156,0.740653,0.700644,0.75266,0.685869,0.230717,0.654141,0.313583,0.521633,0.57242,0.381783,0.0947396,0.359096,0.801912,0.494554,0.454621,0.384743,0.69089,0.751866,0.321344,0.686419,0.383405,0.731086,0.641913,0.709026
2631.564394,0.713708,0.872885,0.458203,0.550446,0.565494,0.807015,0.608155,0.750361,0.269021,0.499707,0.335585,0.521068,0.839245,0.73665,0.419759,0.499488,0.612842,0.807496,0.744547,0.70011,0.751506,0.687939,0.231365,0.656838,0.313489,0.521068,0.571004,0.380885,0.0950646,0.356724,0.800263,0.49399,0.452392,0.385325,0.691431,0.751238,0.32285,0.686441,0.383034,0.726635,0.644191,0.709582
2632.855643,0.714222,0.87109,0.456784,0.547372,0.565901,0.807063,0.61383,0.752105,0.268634,0.499188,0.336514,0.522779,0.840893,0.737076,0.420499,0.498474,0.612219,0.811775,0.746347,0.700637,0.749575,0.691257,0.231476,0.659799,0.314676,0.522779,0.572906,0.380054,0.0945725,0.357263,0.800227,0.49562,0.452587,0.385621,0.694867,0.751381,0.322963,0.686022,0.38443,0.72618,0.647556,0.710815
2634.148159,0.713448,0.871546,0.454829,0.544035,0.566586,0.806161,0.616774,0.753642,0.269602,0.49845,0.336952,0.522702,0.837776,0.735524,0.420645,0.495695,0.610592,0.815617,0.743444,0.699795,0.747899,0.696222,0.232817,0.66119,0.315631,0.522702,0.57372,0.379192,0.0948376,0.356667,0.798672,0.496749,0.45139,0.384809,0.696899,0.750745,0.322942,0.685985,0.385382,0.725658,0.648961,0.711564
2635.441945,0.713611,0.876552,0.455955,0.543689,0.568326,0.806399,0.619184,0.755415,0.272043,0.498753,0.338391,0.524741,0.839485,0.736206,0.422198,0.495308,0.610931,0.819216,0.741604,0.699448,0.75101,0.700862,0.234474,0.661842,0.318328,0.524741,0.576986,0.380563,0.0962228,0.357224,0.801609,0.498584,0.45206,0.38581,0.697688,0.751111,0.324531,0.688744,0.38735,0.72643,0.651941,0.715486
2636.737002,0.712856,0.881377,0.459151,0.545935,0.570345,0.808366,0.622091,0.756375,0.273674,0.498613,0.340205,0.529654,0.841557,0.738619,0.424827,0.496721,0.614028,0.820963,0.743791,0.700486,0.754994,0.70124,0.235135,0.66182,0.321284,0.529654,0.58246,0.381933,0.0970183,0.35947,0.80539,0.50102,0.454718,0.387402,0.699054,0.751149,0.325933,0.690923,0.389167,0.730283,0.653702,0.719249
2638.033333,0.711281,0.887593,0.463029,0.550227,0.572634,0.812475,0.625786,0.756263,0.274158,0.498482,0.341959,0.536441,0.843523,0.742292,0.426493,0.499871,0.619378,0.824072,0.74945,0.704458,0.758826,0.700107,0.234781,0.662488,0.323697,0.536441,0.589002,0.383237,0.0971659,0.361984,0.811617,0.502916,0.457383,0.38862,0.701397,0.752787,0.327074,0.690849,0.390869,0.73374,0.65673,0.723929
2639.330939,0.710308,0.893209,0.466051,0.554359,0.574298,0.815417,0.627877,0.753518,0.273919,0.498492,0.34365,0.541843,0.845378,0.745256,0.427749,0.502053,0.62346,0.826577,0.752746,0.710393,0.762426,0.697872,0.234238,0.662939,0.325173,0.541843,0.591474,0.384324,0.0976191,0.364446,0.814369,0.503786,0.458799,0.388614,0.701277,0.753114,0.326931,0.68843,0.392067,0.734947,0.659553,0.727569
2640.629823,0.710623,0.898122,0.467875,0.556411,0.575168,0.816813,0.62862,0.752474,0.273683,0.499653,0.344698,0.545681,0.848757,0.750168,0.429081,0.50264,0.626521,0.82586,0.753642,0.716246,0.766548,0.69741,0.234306,0.664352,0.32548,0.545681,0.590917,0.384343,0.0975994,0.365536,0.814252,0.504585,0.459266,0.387008,0.700282,0.753745,0.326128,0.687363,0.391911,0.737478,0.662404,0.731939
2641.929985,0.709828,0.89859,0.468403,0.557208,0.575491,0.821291,0.630036,0.753271,0.273361,0.501921,0.344533,0.548196,0.849599,0.757644,0.430047,0.504719,0.629741,0.822787,0.753399,0.721789,0.768118,0.697984,0.234048,0.664933,0.324848,0.548196,0.59132,0.384516,0.0979095,0.365274,0.812475,0.503994,0.459684,0.385541,0.701918,0.755485,0.325746,0.686733,0.39093,0.740295,0.664757,0.737484
2643.231428,0.710003,0.897268,0.466593,0.55793,0.575962,0.828355,0.631129,0.754897,0.273061,0.503141,0.342934,0.548027,0.847472,0.761071,0.428902,0.505954,0.63118,0.819353,0.752067,0.726798,0.767269,0.69839,0.234074,0.663953,0.322918,0.548027,0.591503,0.386204,0.0981271,0.364745,0.807165,0.503233,0.459791,0.383812,0.702059,0.756243,0.325087,0.686743,0.390236,0.741257,0.664686,0.743046
2644.534155,0.70936,0.893633,0.463219,0.556557,0.575615,0.83112,0.629688,0.756723,0.272857,0.503591,0.34084,0.543732,0.841636,0.758783,0.424811,0.503048,0.629006,0.816961,0.748976,0.728697,0.767036,0.698647,0.234083,0.663083,0.320081,0.543732,0.588932,0.388586,0.0975601,0.363265,0.799892,0.503932,0.458367,0.381877,0.698431,0.754836,0.323939,0.68933,0.390629,0.739486,0.664294,0.744717
2645.838166,0.706725,0.890242,0.463638,0.556797,0.577764,0.831655,0.628063,0.75727,0.27242,0.50605,0.341001,0.541346,0.840843,0.756682,0.423364,0.501935,0.629578,0.821119,0.750124,0.729692,0.768975,0.699324,0.233866,0.665361,0.318663,0.541346,0.587678,0.389889,0.0967203,0.363121,0.798489,0.50543,0.45891,0.382966,0.697606,0.755906,0.324143,0.694355,0.392223,0.740903,0.665284,0.743241
2647.143463,0.702567,0.886581,0.462562,0.556053,0.578577,0.830004,0.627093,0.754889,0.271008,0.508517,0.340404,0.538662,0.842711,0.754127,0.422922,0.499811,0.629604,0.823663,0.754005,0.730011,0.768885,0.698239,0.23407,0.667015,0.31656,0.538662,0.584316,0.389617,0.0965842,0.362169,0.797502,0.505385,0.458336,0.384447,0.698759,0.757478,0.324287,0.69646,0.393213,0.742759,0.664803,0.739402
2648.450049,0.702124,0.886768,0.459825,0.552888,0.578138,0.829667,0.628165,0.753762,0.27099,0.509861,0.339443,0.534717,0.843348,0.755082,0.421274,0.498573,0.628323,0.824985,0.759719,0.731436,0.765861,0.697483,0.23516,0.668092,0.314218,0.534717,0.581099,0.390951,0.096728,0.359377,0.799238,0.505496,0.457449,0.384958,0.700334,0.760661,0.323762,0.698691,0.393228,0.742489,0.664304,0.739386
2649.757926,0.70455,0.885381,0.457755,0.549832,0.577808,0.82972,0.627894,0.75515,0.271991,0.508542,0.339417,0.531349,0.841493,0.759859,0.420627,0.499648,0.626093,0.825977,0.761917,0.73162,0.762377,0.697171,0.235485,0.668141,0.313593,0.531349,0.5818,0.392707,0.0963766,0.358157,0.801112,0.506858,0.457692,0.38531,0.70235,0.763748,0.322962,0.700974,0.392586,0.742665,0.665317,0.741077
2651.067095,0.707688,0.883021,0.457028,0.547657,0.576853,0.829157,0.62553,0.759359,0.272623,0.507808,0.338867,0.529558,0.838995,0.763357,0.420856,0.499645,0.624018,0.825719,0.761855,0.730739,0.760441,0.70161,0.234826,0.667921,0.314085,0.529558,0.583532,0.392969,0.0960597,0.357692,0.799346,0.509552,0.457909,0.385467,0.707299,0.765389,0.322651,0.704631,0.391699,0.745073,0.664784,0.742724
2652.377558,0.710815,0.882572,0.457509,0.546255,0.575016,0.8277,0.623206,0.765768,0.273991,0.508399,0.33824,0.52878,0.837662,0.763919,0.421679,0.497855,0.62239,0.825127,0.761336,0.730537,0.759859,0.707467,0.23514,0.668054,0.315535,0.52878,0.584009,0.392877,0.0968078,0.357359,0.797912,0.510507,0.458525,0.386846,0.711624,0.764761,0.322984,0.710992,0.391515,0.747673,0.662111,0.744941
2653.689317,0.715283,0.885009,0.458466,0.547476,0.575283,0.82751,0.621404,0.7741,0.275654,0.510159,0.338225,0.529046,0.841673,0.764313,0.422944,0.498528,0.622482,0.825932,0.762999,0.732578,0.764542,0.711603,0.236001,0.669795,0.317692,0.529046,0.587787,0.393572,0.0977767,0.359385,0.798412,0.511232,0.460695,0.389228,0.714811,0.763829,0.323712,0.71765,0.392199,0.749681,0.661185,0.747969
2655.002375,0.718662,0.888686,0.457902,0.5494,0.574727,0.828957,0.621182,0.780473,0.276618,0.513007,0.337665,0.529877,0.844349,0.763168,0.423138,0.50079,0.62281,0.824496,0.76567,0.733685,0.769958,0.712807,0.237595,0.671809,0.31879,0.529877,0.59212,0.393731,0.0982908,0.360878,0.796291,0.512484,0.4614,0.390503,0.716456,0.761356,0.324134,0.721372,0.392295,0.748634,0.661512,0.749576
2656.316732,0.722651,0.895489,0.457806,0.55167,0.573741,0.831601,0.623726,0.785516,0.277767,0.516201,0.337242,0.532831,0.843873,0.76224,0.423494,0.501897,0.623534,0.822024,0.766654,0.737529,0.772514,0.714227,0.239465,0.676231,0.318804,0.532831,0.592958,0.394409,0.0984758,0.362208,0.795363,0.513532,0.460423,0.391434,0.715643,0.760756,0.325167,0.721801,0.391977,0.748605,0.664782,0.753766
2657.632392,0.727007,0.900822,0.45834,0.552841,0.57445,0.834611,0.62654,0.789857,0.27885,0.519109,0.337534,0.536931,0.8413,0.762616,0.424446,0.50223,0.626328,0.820677,0.766236,0.742629,0.775821,0.716562,0.240207,0.681957,0.31897,0.536931,0.591714,0.395655,0.098267,0.36473,0.796268,0.514129,0.460424,0.392202,0.713369,0.762614,0.326955,0.720578,0.392617,0.752114,0.668112,0.757852
2658.949356,0.730148,0.904228,0.459703,0.553678,0.576838,0.840037,0.631319,0.796433,0.279834,0.521555,0.338375,0.540668,0.840163,0.766429,0.425862,0.503476,0.630826,0.822933,0.768115,0.747582,0.779946,0.718833,0.240713,0.68848,0.319768,0.540668,0.59273,0.396879,0.0984864,0.367442,0.79832,0.514471,0.462426,0.393419,0.713663,0.768451,0.329185,0.721912,0.394655,0.757137,0.671543,0.761159
2660.267625,0.731332,0.906915,0.459488,0.554937,0.577823,0.84487,0.635223,0.801563,0.280954,0.523259,0.338327,0.540683,0.83921,0.768524,0.425651,0.502876,0.632558,0.823596,0.769972,0.751456,0.781838,0.719099,0.241293,0.691691,0.319135,0.540683,0.592838,0.397704,0.0994674,0.368118,0.798208,0.514982,0.463373,0.394672,0.715143,0.771595,0.330253,0.726588,0.395621,0.756965,0.674728,0.76563
2661.587202,0.731611,0.912468,0.457557,0.557574,0.57904,0.846851,0.638088,0.804513,0.283094,0.525334,0.337429,0.537385,0.838226,0.766347,0.422883,0.500677,0.630139,0.823993,0.772545,0.752068,0.783387,0.720746,0.242758,0.692099,0.317338,0.537385,0.589926,0.399194,0.0998476,0.366978,0.799249,0.519078,0.46188,0.395168,0.715438,0.772724,0.330887,0.730631,0.395729,0.754452,0.678501,0.769294
2662.908089,0.728847,0.915735,0.455741,0.558409,0.58077,0.845384,0.641299,0.804112,0.285241,0.526298,0.336312,0.5319,0.835002,0.761801,0.419518,0.498142,0.626423,0.822767,0.775222,0.751088,0.784701,0.723742,0.244999,0.691204,0.315609,0.5319,0.585224,0.401137,0.0996811,0.365196,0.800071,0.522931,0.460344,0.395666,0.714734,0.77555,0.33145,0.732648,0.396775,0.752015,0.682854,0.767175
2664.230288,0.726221,0.916888,0.45681,0.559,0.583609,0.84468,0.646341,0.801796,0.286789,0.526763,0.336442,0.529443,0.836907,0.760623,0.420188,0.498585,0.627424,0.825542,0.779677,0.751208,0.789025,0.727648,0.247093,0.691975,0.315583,0.529443,0.582226,0.403098,0.100412,0.364005,0.802592,0.525931,0.462421,0.397875,0.71803,0.781638,0.332593,0.736052,0.399552,0.751155,0.686484,0.765175
2665.5538,0.727091,0.914617,0.45477,0.555606,0.582332,0.842663,0.649906,0.801071,0.286609,0.525322,0.334235,0.524458,0.832648,0.758937,0.41835,0.495907,0.625524,0.824601,0.780989,0.750353,0.790213,0.729815,0.24953,0.690169,0.31298,0.524458,0.57711,0.404459,0.101781,0.360499,0.799257,0.527002,0.460653,0.397334,0.719671,0.784222,0.332471,0.734959,0.400809,0.747054,0.685473,0.765168
2666.878628,0.731075,0.916451,0.451849,0.549692,0.580706,0.84365,0.651527,0.803839,0.286669,0.522914,0.332895,0.517872,0.82292,0.759842,0.414398,0.490861,0.619618,0.821333,0.779324,0.748962,0.788035,0.732027,0.252515,0.687532,0.309623,0.517872,0.572683,0.40731,0.101677,0.355949,0.795053,0.527795,0.456048,0.394936,0.719974,0.784782,0.333169,0.732418,0.40099,0.741103,0.684885,0.766175
2668.204774,0.735225,0.921412,0.454137,0.546988,0.581568,0.846922,0.653273,0.8065,0.287513,0.521237,0.335335,0.514995,0.817677,0.76321,0.414243,0.48966,0.615562,0.820791,0.777646,0.745409,0.78748,0.73561,0.254312,0.685666,0.309243,0.514995,0.572072,0.409106,0.100722,0.355162,0.791781,0.530285,0.454054,0.393821,0.724852,0.786174,0.335439,0.732187,0.402045,0.740999,0.686156,0.767498
2669.532239,0.739502,0.926112,0.459826,0.549045,0.58488,0.850987,0.658189,0.810113,0.289199,0.522723,0.338637,0.517545,0.819621,0.768709,0.41753,0.492299,0.617419,0.824097,0.780035,0.745236,0.791747,0.740835,0.255445,0.685512,0.312184,0.517545,0.57621,0.410128,0.101648,0.357289,0.793668,0.53424,0.455412,0.395745,0.734167,0.78984,0.337855,0.737102,0.403993,0.746547,0.687977,0.772535
2670.861025,0.743443,0.929075,0.465194,0.554098,0.590377,0.853262,0.663257,0.811732,0.291047,0.526704,0.343203,0.523492,0.825095,0.776477,0.421973,0.496517,0.623953,0.83009,0.784934,0.749934,0.799272,0.743222,0.25677,0.687285,0.317946,0.523492,0.58294,0.412227,0.104341,0.36095,0.800821,0.537359,0.459204,0.400021,0.742155,0.792087,0.339947,0.743479,0.406547,0.751736,0.689702,0.777472
2672.191135,0.747868,0.932883,0.468909,0.560107,0.595192,0.852975,0.66512,0.81277,0.291538,0.53031,0.347575,0.527647,0.830837,0.782261,0.425092,0.501782,0.631309,0.835699,0.791392,0.754864,0.810124,0.745452,0.259026,0.691672,0.322767,0.527647,0.591415,0.413955,0.105879,0.364135,0.806243,0.540955,0.463351,0.402,0.74592,0.790794,0.341188,0.749808,0.408201,0.755021,0.692033,0.781672
2673.522571,0.75308,0.937018,0.47232,0.563157,0.597402,0.853345,0.665757,0.817131,0.291688,0.532309,0.349929,0.529496,0.83458,0.784768,0.426843,0.506308,0.636761,0.840531,0.797337,0.758222,0.815769,0.746742,0.261902,0.698181,0.324267,0.529496,0.598964,0.413785,0.10602,0.365323,0.807523,0.543575,0.46581,0.400788,0.7471,0.787795,0.342488,0.754977,0.409902,0.7572,0.693738,0.78483
2674.855334,0.759314,0.944524,0.476412,0.564909,0.601334,0.856962,0.669531,0.825521,0.292438,0.535286,0.351822,0.534016,0.837891,0.791646,0.428912,0.509626,0.643093,0.847682,0.802222,0.765537,0.81738,0.749945,0.263657,0.707032,0.324871,0.534016,0.604591,0.414386,0.105175,0.366849,0.812366,0.545573,0.469123,0.400605,0.748294,0.788021,0.345334,0.759192,0.412806,0.761614,0.696388,0.788479
2676.189426,0.764073,0.951403,0.481665,0.568361,0.608544,0.863267,0.674223,0.832933,0.293833,0.540481,0.355189,0.541577,0.843193,0.801192,0.432447,0.5145,0.651919,0.855409,0.809601,0.774182,0.823083,0.753217,0.263777,0.71372,0.327723,0.541577,0.610987,0.415583,0.104373,0.370822,0.818494,0.547669,0.474111,0.402527,0.753045,0.790238,0.349215,0.762263,0.416952,0.769725,0.700919,0.790223
2677.52485,0.767796,0.958792,0.486926,0.574223,0.61644,0.8712,0.679995,0.84048,0.296022,0.546838,0.359799,0.549826,0.852743,0.811181,0.437828,0.520935,0.661668,0.864232,0.817815,0.78459,0.83091,0.753817,0.264027,0.719633,0.332204,0.549826,0.618896,0.416605,0.105721,0.376426,0.82681,0.550816,0.480017,0.406205,0.76217,0.795233,0.352593,0.767989,0.421173,0.779993,0.709436,0.791024
2678.861607,0.76945,0.965516,0.488429,0.579148,0.620939,0.874767,0.682605,0.845194,0.298903,0.552349,0.361989,0.553527,0.863589,0.815735,0.439954,0.523295,0.666735,0.866513,0.821076,0.792645,0.83636,0.754504,0.264937,0.723729,0.333626,0.553527,0.623399,0.416731,0.104078,0.378992,0.834888,0.553666,0.485205,0.409635,0.766151,0.799059,0.354386,0.773651,0.422463,0.786721,0.716756,0.791831
2680.1997,0.770391,0.970706,0.488701,0.581851,0.624599,0.877311,0.685824,0.849893,0.302206,0.557181,0.361601,0.554955,0.874886,0.816241,0.439389,0.525293,0.667905,0.865607,0.825252,0.796984,0.838809,0.758862,0.266329,0.72753,0.333448,0.554955,0.625235,0.417723,0.102312,0.380216,0.842185,0.556,0.489695,0.412441,0.768072,0.804103,0.356395,0.776261,0.421897,0.792148,0.72215,0.791212
2681.53913,0.769648,0.971511,0.490206,0.582947,0.627811,0.879847,0.690474,0.853,0.304632,0.559612,0.360651,0.557044,0.883341,0.815928,0.440618,0.527204,0.668251,0.865861,0.830905,0.800452,0.839902,0.761775,0.268187,0.730992,0.334003,0.557044,0.625863,0.419479,0.102102,0.382142,0.846317,0.55597,0.494205,0.415021,0.771224,0.809308,0.358396,0.778126,0.422796,0.796542,0.727461,0.787844
2682.8799,0.772225,0.969403,0.493024,0.584464,0.629381,0.883691,0.695248,0.857402,0.306098,0.561788,0.360162,0.560443,0.889592,0.816515,0.443979,0.530078,0.670349,0.871735,0.835442,0.802201,0.845137,0.763413,0.270134,0.735629,0.334879,0.560443,0.626725,0.421626,0.103324,0.384354,0.851311,0.557553,0.498178,0.416847,0.774205,0.814145,0.360268,0.781811,0.425869,0.79904,0.732638,0.788676
2684.222011,0.775994,0.968518,0.492394,0.584549,0.628779,0.887377,0.699577,0.867406,0.306326,0.562972,0.35823,0.559908,0.888308,0.81582,0.442848,0.529876,0.669102,0.873253,0.835818,0.801805,0.848902,0.765202,0.27277,0.734303,0.333701,0.559908,0.626686,0.423107,0.104201,0.384868,0.851822,0.56037,0.496601,0.416676,0.775063,0.817187,0.36078,0.78235,0.42807,0.797486,0.735494,0.793483
2685.565465,0.778376,0.973394,0.493298,0.587132,0.632396,0.893556,0.704609,0.878058,0.307829,0.564569,0.359573,0.560509,0.888178,0.818679,0.443027,0.529396,0.667698,0.873712,0.837199,0.802135,0.853609,0.770023,0.275674,0.732551,0.334407,0.560509,0.628787,0.425577,0.103403,0.386837,0.856215,0.563278,0.495624,0.418193,0.780032,0.825769,0.362115,0.784784,0.431379,0.798246,0.742645,0.799603
2686.910265,0.782304,0.978139,0.498748,0.59444,0.63981,0.900743,0.709226,0.883786,0.310752,0.567001,0.364497,0.566671,0.895331,0.82503,0.448085,0.533532,0.671575,0.879189,0.84211,0.803913,0.860769,0.775919,0.277111,0.735775,0.338331,0.566671,0.634302,0.42803,0.103499,0.392098,0.867928,0.56679,0.499071,0.421838,0.789999,0.837449,0.363849,0.791649,0.436566,0.804257,0.750824,0.807002
2688.256413,0.787612,0.981927,0.503681,0.601934,0.646438,0.904633,0.713207,0.88704,0.31336,0.570272,0.367954,0.574531,0.900824,0.832473,0.452946,0.537596,0.679549,0.886582,0.84892,0.810269,0.869887,0.779974,0.278395,0.740782,0.342635,0.574531,0.641636,0.430245,0.10598,0.395668,0.881355,0.571883,0.503744,0.426116,0.799435,0.846639,0.364148,0.801233,0.441207,0.808625,0.75603,0.81702
2689.60391,0.792189,0.985726,0.5054,0.604611,0.649158,0.902434,0.71524,0.885827,0.313567,0.571528,0.368712,0.576267,0.900118,0.834854,0.453384,0.53552,0.682817,0.889324,0.855214,0.818666,0.878013,0.782108,0.280734,0.743418,0.344442,0.576267,0.644326,0.43172,0.108232,0.394606,0.885913,0.574552,0.505197,0.427262,0.801978,0.847789,0.362828,0.807977,0.442949,0.804738,0.756156,0.825198
2690.952758,0.79805,0.991479,0.506364,0.60501,0.64899,0.897939,0.71533,0.889094,0.312988,0.569908,0.367024,0.569539,0.896074,0.833059,0.449274,0.53051,0.681593,0.891062,0.863047,0.825297,0.882089,0.789847,0.285428,0.746639,0.342997,0.569539,0.642329,0.432633,0.108785,0.390542,0.880186,0.575466,0.504126,0.424564,0.801214,0.843953,0.361368,0.815509,0.444456,0.800027,0.754939,0.834222
2692.30296,0.807199,0.996559,0.509448,0.604813,0.649937,0.899208,0.718027,0.898957,0.31387,0.568681,0.364802,0.562093,0.889051,0.834493,0.443882,0.526779,0.679712,0.893287,0.869329,0.828155,0.880037,0.798513,0.290914,0.751096,0.340506,0.562093,0.640192,0.433606,0.109317,0.386365,0.873954,0.576994,0.502165,0.422764,0.803894,0.84052,0.36255,0.822871,0.447711,0.799017,0.755182,0.842524
2693.654518,0.819257,1.00619,0.515142,0.605556,0.654149,0.905485,0.725953,0.909639,0.31645,0.571785,0.364892,0.559846,0.884224,0.841514,0.440482,0.525042,0.68079,0.895961,0.873542,0.83514,0.883176,0.806693,0.29652,0.755331,0.340471,0.559846,0.640703,0.436536,0.110961,0.383759,0.873831,0.581116,0.501189,0.424643,0.80888,0.839317,0.366996,0.829073,0.45232,0.801941,0.75951,0.849688
2695.007433,0.830984,1.01709,0.521995,0.608259,0.661128,0.910038,0.735263,0.917226,0.320834,0.578019,0.367493,0.560681,0.883809,0.84923,0.441498,0.524971,0.683655,0.897597,0.8778,0.843204,0.892092,0.813408,0.302649,0.758271,0.342849,0.560681,0.642403,0.439761,0.113279,0.38436,0.874478,0.587035,0.501383,0.428122,0.814497,0.838548,0.372252,0.832869,0.457772,0.808889,0.766489,0.856063
2696.361708,0.842543,1.0238,0.527111,0.614143,0.666963,0.915242,0.74382,0.922929,0.325347,0.58323,0.371032,0.562144,0.884953,0.857405,0.443827,0.525046,0.686393,0.89943,0.880426,0.851918,0.899672,0.821791,0.309336,0.76318,0.344939,0.562144,0.645624,0.442205,0.114681,0.386057,0.875764,0.5929,0.501958,0.431259,0.820621,0.841506,0.377006,0.837988,0.462432,0.817065,0.774596,0.861636
2697.717345,0.853541,1.02639,0.532107,0.620704,0.671621,0.921539,0.749462,0.927216,0.329843,0.586457,0.373767,0.561256,0.885709,0.863226,0.444665,0.524501,0.68864,0.898599,0.881355,0.860095,0.906707,0.830045,0.315992,0.770006,0.345656,0.561256,0.650026,0.444612,0.112092,0.386321,0.875198,0.596535,0.503321,0.433083,0.823273,0.844357,0.381842,0.843218,0.466098,0.823553,0.780585,0.866356
2699.074346,0.868259,1.03052,0.54087,0.627043,0.678903,0.930378,0.757608,0.934926,0.334416,0.591753,0.376025,0.562221,0.890194,0.868616,0.447198,0.525909,0.693215,0.900492,0.887199,0.867763,0.913732,0.836976,0.323267,0.780015,0.346911,0.562221,0.65522,0.44845,0.111694,0.387463,0.874129,0.599695,0.506577,0.434698,0.826865,0.848357,0.387373,0.848567,0.470088,0.832555,0.787634,0.870899
2700.432712,0.881932,1.03645,0.552005,0.633343,0.686748,0.937129,0.767653,0.944599,0.338516,0.598573,0.378911,0.564517,0.895119,0.873824,0.451765,0.527769,0.697903,0.906584,0.892713,0.873939,0.921409,0.841953,0.331881,0.790007,0.348378,0.564517,0.660952,0.452618,0.113725,0.389131,0.874618,0.604098,0.509721,0.436539,0.830999,0.851775,0.39277,0.855522,0.474249,0.840599,0.796677,0.874724
2701.792447,0.894899,1.04454,0.564343,0.641583,0.697465,0.944303,0.776488,0.956017,0.342522,0.605148,0.382937,0.568452,0.900358,0.88172,0.457562,0.532542,0.705086,0.915516,0.900163,0.879721,0.93538,0.848731,0.340416,0.798433,0.350486,0.568452,0.669031,0.457751,0.116752,0.392555,0.881596,0.61245,0.51343,0.439405,0.838478,0.859033,0.397759,0.865235,0.480025,0.845315,0.809002,0.883471
2703.153551,0.90588,1.05291,0.573751,0.651746,0.711929,0.951273,0.785423,0.969139,0.346238,0.609791,0.386593,0.574328,0.908551,0.893851,0.462631,0.538072,0.712886,0.920162,0.913912,0.886614,0.948621,0.858504,0.348647,0.803631,0.353274,0.574328,0.677711,0.46247,0.119347,0.39803,0.889299,0.621344,0.517864,0.442598,0.847088,0.869232,0.401185,0.873949,0.487037,0.849748,0.821785,0.891495
2704.516028,0.918336,1.06073,0.580984,0.662469,0.726138,0.95777,0.792251,0.983214,0.349819,0.614555,0.390332,0.581121,0.92078,0.906026,0.466937,0.542142,0.719954,0.924152,0.930912,0.898071,0.962244,0.871694,0.356612,0.810437,0.355098,0.581121,0.684755,0.466649,0.121051,0.403833,0.894683,0.629516,0.52314,0.446355,0.854992,0.881225,0.403651,0.88377,0.494175,0.856502,0.835724,0.896288
2705.879879,0.930176,1.06495,0.585688,0.669231,0.735409,0.963884,0.795668,1.00128,0.353251,0.617886,0.392859,0.585005,0.929717,0.91171,0.468257,0.543508,0.724823,0.927225,0.943691,0.90773,0.976195,0.88283,0.364373,0.817813,0.354716,0.585005,0.688652,0.470145,0.122847,0.405271,0.898089,0.637727,0.526245,0.447763,0.861506,0.888715,0.406714,0.89318,0.499159,0.858733,0.842491,0.900906
2707.245106,0.939895,1.07172,0.588869,0.671708,0.740902,0.971341,0.802205,1.02134,0.357096,0.621286,0.393218,0.58273,0.933863,0.912928,0.467069,0.542904,0.728245,0.928172,0.952039,0.915021,0.989416,0.89134,0.372647,0.823975,0.352915,0.58273,0.690797,0.473149,0.124904,0.401537,0.901901,0.645544,0.527263,0.446708,0.868617,0.893878,0.410879,0.902608,0.501268,0.856631,0.842869,0.907605
2708.611711,0.945977,1.0809,0.59124,0.67186,0.744785,0.97712,0.811222,1.03549,0.361034,0.624903,0.39362,0.578553,0.935861,0.909892,0.464511,0.541246,0.72971,0.929516,0.957886,0.921328,1.00105,0.898163,0.381054,0.82853,0.35171,0.578553,0.691479,0.476364,0.127229,0.397853,0.90461,0.651488,0.527031,0.446162,0.875272,0.899856,0.415806,0.911938,0.502879,0.853007,0.844038,0.913801
2709.979697,0.953098,1.0943,0.593621,0.6748,0.751087,0.98322,0.823936,1.05231,0.365834,0.629437,0.395775,0.576669,0.937641,0.90888,0.460255,0.54178,0.731836,0.936832,0.965941,0.929146,1.00936,0.907672,0.389221,0.835444,0.352297,0.576669,0.693678,0.482607,0.129964,0.398082,0.910568,0.658382,0.527864,0.447381,0.88412,0.906882,0.422514,0.92611,0.50753,0.855177,0.852066,0.920214
2711.349065,0.96203,1.10553,0.597779,0.680518,0.759436,0.991031,0.841494,1.0688,0.371733,0.635257,0.399476,0.577571,0.939941,0.910941,0.458324,0.544644,0.736204,0.94235,0.974785,0.935804,1.01408,0.913716,0.396719,0.840584,0.354337,0.577571,0.699618,0.490258,0.133116,0.401371,0.922773,0.667111,0.52956,0.450236,0.893518,0.913101,0.431251,0.9427,0.512813,0.863164,0.863615,0.926634
2712.719818,0.970184,1.117,0.603708,0.685816,0.770265,1.00067,0.860624,1.08401,0.379513,0.643365,0.405044,0.581587,0.948998,0.91616,0.461722,0.548471,0.743457,0.947789,0.982715,0.945319,1.02626,0.918359,0.403548,0.845188,0.358137,0.581587,0.709145,0.49749,0.136397,0.406583,0.939354,0.677747,0.533752,0.453461,0.902789,0.920223,0.441241,0.961416,0.519431,0.87419,0.875387,0.935973
2714.091957,0.97371,1.12596,0.608549,0.690362,0.780187,1.00727,0.876765,1.0968,0.387837,0.652243,0.410759,0.586007,0.961646,0.922697,0.466883,0.552445,0.749146,0.954995,0.989249,0.951561,1.04076,0.922081,0.409478,0.85161,0.362666,0.586007,0.716933,0.504135,0.138541,0.412974,0.952622,0.686968,0.53959,0.455975,0.912117,0.926296,0.450848,0.980072,0.527309,0.884476,0.885052,0.948821
2715.465486,0.977996,1.12962,0.61103,0.694627,0.784386,1.01496,0.89137,1.10818,0.3943,0.658128,0.415835,0.586268,0.966797,0.92872,0.467609,0.552913,0.75226,0.961704,0.992931,0.958784,1.05217,0.930273,0.416429,0.859901,0.365779,0.586268,0.724305,0.510548,0.139651,0.416085,0.956758,0.691781,0.542022,0.458407,0.920548,0.934334,0.459974,0.99551,0.533402,0.892168,0.893583,0.965667
2716.840405,0.988082,1.13124,0.614178,0.69697,0.787547,1.02443,0.905752,1.11606,0.401819,0.66353,0.421417,0.584825,0.964463,0.935036,0.46844,0.551295,0.757987,0.964898,0.995548,0.972717,1.06632,0.940017,0.422828,0.86742,0.368968,0.584825,0.731527,0.517537,0.140832,0.415958,0.95492,0.696321,0.542746,0.461022,0.926996,0.942086,0.469659,1.00461,0.540103,0.897753,0.905437,0.979202
2718.216717,1.00767,1.13794,0.621975,0.701975,0.795733,1.03427,0.924354,1.12767,0.410688,0.673948,0.427308,0.588101,0.965752,0.947537,0.474201,0.551438,0.769667,0.96922,1.00199,0.987819,1.08541,0.94977,0.428406,0.878906,0.37403,0.588101,0.738754,0.527314,0.143706,0.418247,0.961717,0.704626,0.54618,0.464219,0.936358,0.952807,0.478717,1.01757,0.548294,0.906015,0.921811,0.991283
2719.594424,1.02243,1.1463,0.628067,0.705958,0.808367,1.03649,0.946532,1.14279,0.418504,0.685022,0.431917,0.591174,0.96776,0.961068,0.479956,0.550043,0.780252,0.970494,1.00633,0.99728,1.10366,0.95664,0.434829,0.890881,0.377563,0.591174,0.743869,0.535874,0.14798,0.42201,0.970666,0.711858,0.548442,0.466132,0.944604,0.960278,0.486469,1.03688,0.556104,0.909342,0.935194,1.00282
2720.973529,1.03654,1.15632,0.633382,0.710707,0.824788,1.03695,0.969351,1.15262,0.427353,0.695778,0.437189,0.594036,0.973836,0.974116,0.483925,0.548825,0.791215,0.969284,1.01585,1.00945,1.12431,0.967051,0.44176,0.901879,0.379739,0.594036,0.751573,0.543283,0.15216,0.42704,0.977613,0.718038,0.549852,0.468417,0.957028,0.968013,0.494925,1.05959,0.566074,0.912357,0.949848,1.01818
2722.354033,1.05093,1.16177,0.640673,0.717581,0.839809,1.03747,0.988007,1.15879,0.437177,0.705346,0.442648,0.598657,0.982801,0.988026,0.486413,0.548997,0.802393,0.96899,1.03253,1.0226,1.14367,0.981189,0.44926,0.91112,0.382306,0.598657,0.758953,0.550029,0.155909,0.432504,0.979601,0.723352,0.552902,0.471475,0.969243,0.974558,0.502645,1.08157,0.576871,0.917712,0.968038,1.02914
2723.735939,1.06923,1.17109,0.65013,0.727952,0.856037,1.04374,1.00777,1.17178,0.446751,0.712762,0.448556,0.604679,0.995548,1.00018,0.489285,0.550799,0.811769,0.973855,1.05037,1.03686,1.1649,0.998053,0.458841,0.921984,0.385393,0.604679,0.76603,0.558163,0.159606,0.436669,0.983782,0.7294,0.556442,0.475549,0.981021,0.98526,0.510582,1.10662,0.588252,0.926617,0.992087,1.0358
2725.119248,1.08629,1.17757,0.659725,0.738046,0.871951,1.05262,1.03192,1.19159,0.457294,0.718861,0.454753,0.608358,1.00739,1.00999,0.491914,0.554227,0.820616,0.978531,1.06237,1.0455,1.1834,1.01254,0.469973,0.932215,0.388649,0.608358,0.775482,0.566336,0.163629,0.43859,0.994382,0.736398,0.558327,0.479713,0.997935,0.997547,0.521065,1.12898,0.598566,0.934875,1.00844,1.044
2726.503963,1.10052,1.18648,0.672368,0.748518,0.888914,1.0651,1.05718,1.21066,0.469635,0.726216,0.463055,0.613379,1.02531,1.02101,0.497393,0.561229,0.833314,0.988911,1.07274,1.05205,1.20143,1.02693,0.481793,0.942675,0.394126,0.613379,0.7889,0.574695,0.168001,0.442042,1.01345,0.747414,0.562052,0.484698,1.01958,1.01244,0.533993,1.14913,0.609674,0.944724,1.02336,1.05452
2727.890086,1.10954,1.19803,0.687639,0.760252,0.907956,1.07565,1.07666,1.2238,0.482319,0.732514,0.47401,0.623629,1.04504,1.02853,0.504672,0.569363,0.849746,1.00635,1.08467,1.06009,1.21795,1.03698,0.493615,0.953121,0.401478,0.623629,0.804284,0.584544,0.172523,0.450138,1.03553,0.759986,0.569059,0.491159,1.03814,1.02739,0.548121,1.16525,0.622504,0.956582,1.04158,1.06128
2729.277619,1.11942,1.21068,0.703174,0.771567,0.930034,1.08785,1.09659,1.23972,0.495046,0.736633,0.483874,0.634675,1.06113,1.03694,0.510964,0.57722,0.86711,1.02892,1.10261,1.07399,1.2297,1.04505,0.505998,0.965662,0.407938,0.634675,0.822063,0.59586,0.17599,0.459973,1.05616,0.771491,0.576627,0.497784,1.05505,1.03893,0.563625,1.18066,0.635784,0.969899,1.06001,1.06724
2730.666565,1.12496,1.21745,0.71856,0.781442,0.949454,1.10019,1.12197,1.25543,0.508288,0.740286,0.491632,0.643059,1.07965,1.04679,0.518163,0.585015,0.880462,1.04843,1.12427,1.08353,1.22917,1.05724,0.518426,0.97632,0.412575,0.643059,0.840242,0.606598,0.178334,0.468553,1.07173,0.783934,0.583582,0.503279,1.07145,1.04678,0.578248,1.19786,0.647822,0.981955,1.07579,1.07402
2732.056924,1.12648,1.22455,0.73615,0.794167,0.969783,1.11745,1.15014,1.2654,0.522074,0.747599,0.499719,0.653383,1.1059,1.06322,0.527392,0.594067,0.893764,1.0676,1.14382,1.09351,1.23467,1.072,0.531648,0.987762,0.417779,0.653383,0.858774,0.618769,0.18082,0.47766,1.0896,0.798961,0.593014,0.509478,1.09074,1.05944,0.59248,1.21904,0.661144,0.996031,1.09592,1.08794
2733.448701,1.12963,1.23446,0.752524,0.805908,0.988509,1.12977,1.17319,1.26993,0.532445,0.75545,0.507964,0.660694,1.12639,1.07841,0.531976,0.601548,0.906066,1.08543,1.15856,1.10253,1.2483,1.08032,0.545809,0.999327,0.423009,0.660694,0.873633,0.632165,0.184047,0.485953,1.10322,0.812212,0.601787,0.514971,1.10771,1.07077,0.607866,1.23322,0.67384,1.00796,1.1176,1.10294
2734.841896,1.13964,1.244,0.760368,0.813619,1.00471,1.14242,1.18971,1.28991,0.540552,0.759225,0.514367,0.659501,1.1319,1.08523,0.529208,0.601991,0.915284,1.09678,1.168,1.11138,1.26499,1.08973,0.561244,1.0091,0.424234,0.659501,0.886639,0.645782,0.188369,0.487851,1.10961,0.823914,0.603514,0.518444,1.1172,1.07438,0.62269,1.249,0.684012,1.012,1.13733,1.11371
2736.236512,1.15008,1.24642,0.764378,0.82081,1.01872,1.15046,1.20419,1.30486,0.550716,0.762879,0.518129,0.656862,1.126,1.09061,0.526404,0.595515,0.917678,1.09553,1.17355,1.12522,1.27693,1.10184,0.574104,1.01242,0.423509,0.656862,0.893987,0.657702,0.193097,0.48648,1.11082,0.835369,0.601033,0.520829,1.12199,1.07297,0.634349,1.2625,0.690949,1.00944,1.154,1.12156
2737.632551,1.16371,1.24812,0.772981,0.830091,1.03401,1.15615,1.22705,1.31995,0.561476,0.772156,0.520594,0.656653,1.11933,1.09847,0.525681,0.589079,0.920954,1.09001,1.18539,1.13939,1.29246,1.1117,0.587639,1.01915,0.423746,0.656653,0.898729,0.669729,0.19732,0.487957,1.11699,0.845656,0.600092,0.522475,1.13256,1.07443,0.645401,1.2782,0.696351,1.00915,1.17051,1.13255
2739.030015,1.17723,1.24625,0.77925,0.83596,1.04657,1.15776,1.24964,1.33751,0.571898,0.78271,0.522333,0.654987,1.11542,1.09909,0.523291,0.584191,0.92726,1.0815,1.19503,1.14943,1.30887,1.11741,0.603245,1.02628,0.42236,0.654987,0.904346,0.67943,0.201243,0.489049,1.11863,0.850624,0.60031,0.523061,1.14149,1.07447,0.655783,1.29462,0.702063,1.01076,1.18139,1.14363
2740.428907,1.1962,1.24751,0.789004,0.843716,1.05657,1.15839,1.27374,1.34704,0.584235,0.79511,0.528033,0.656093,1.12588,1.10228,0.521699,0.583958,0.937501,1.0767,1.20053,1.16175,1.32214,1.1272,0.617124,1.03114,0.42272,0.656093,0.915904,0.689104,0.205854,0.49237,1.11921,0.85574,0.604614,0.525021,1.15593,1.07981,0.668214,1.30814,0.711383,1.01718,1.19671,1.15294
2741.829228,1.21311,1.25076,0.803201,0.855917,1.06518,1.15975,1.29487,1.35295,0.59648,0.806406,0.536704,0.661491,1.14089,1.11375,0.52311,0.588544,0.949992,1.07789,1.20682,1.17174,1.33103,1.13955,0.628898,1.03513,0.427644,0.661491,0.925389,0.701367,0.211309,0.499232,1.12138,0.861467,0.610927,0.529273,1.17571,1.08565,0.681053,1.31625,0.722963,1.02527,1.21833,1.16081
2743.230981,1.2287,1.25769,0.815769,0.870605,1.08283,1.16732,1.31647,1.36898,0.609884,0.81575,0.546842,0.668976,1.16425,1.12391,0.529279,0.596756,0.966694,1.08557,1.21562,1.18063,1.34158,1.15276,0.641588,1.04354,0.435734,0.668976,0.936454,0.715025,0.217687,0.507811,1.1362,0.869742,0.617796,0.534997,1.19704,1.09564,0.694053,1.32703,0.737657,1.03843,1.24074,1.17418
2744.634169,1.24241,1.25642,0.826764,0.882845,1.10404,1.16926,1.33003,1.38594,0.624483,0.823459,0.557258,0.675856,1.19309,1.12869,0.538632,0.605926,0.985143,1.09901,1.22083,1.18355,1.3495,1.16187,0.653764,1.04958,0.444432,0.675856,0.951357,0.724688,0.224006,0.516791,1.15403,0.882571,0.626676,0.541104,1.21645,1.10779,0.707384,1.33345,0.752297,1.04874,1.25331,1.18756
2746.038792,1.25363,1.25899,0.842564,0.893965,1.12368,1.17482,1.33908,1.39869,0.638693,0.829088,0.569256,0.68545,1.22127,1.13632,0.549957,0.614053,1.00531,1.1172,1.22963,1.18514,1.35958,1.17257,0.666375,1.05277,0.453203,0.68545,0.969086,0.732928,0.228847,0.526403,1.17597,0.898322,0.637282,0.547343,1.23514,1.11628,0.722625,1.34019,0.766257,1.05723,1.26286,1.19696
2747.444854,1.2562,1.26754,0.858794,0.905079,1.14022,1.18429,1.34402,1.40063,0.652954,0.83146,0.581254,0.69758,1.24028,1.14323,0.561151,0.62142,1.02533,1.13577,1.23865,1.18969,1.36705,1.18009,0.677983,1.05379,0.46121,0.69758,0.986706,0.742479,0.232373,0.536709,1.20153,0.908512,0.647132,0.553142,1.24859,1.12025,0.738012,1.34163,0.779478,1.06707,1.2679,1.19905
2748.852356,1.25465,1.28117,0.872543,0.915015,1.15291,1.19685,1.3582,1.40318,0.667921,0.834688,0.591517,0.710086,1.25436,1.15013,0.571916,0.629104,1.04182,1.15968,1.24643,1.20083,1.37176,1.18591,0.68962,1.06021,0.469001,0.710086,1.00719,0.751859,0.234804,0.546947,1.22453,0.915437,0.655811,0.558937,1.26147,1.13353,0.753124,1.34305,0.791608,1.08086,1.27667,1.2035
2750.261302,1.24909,1.29175,0.885492,0.923576,1.15743,1.20828,1.36979,1.40549,0.681527,0.840436,0.599258,0.717523,1.26392,1.15283,0.576023,0.633264,1.04921,1.17936,1.25267,1.20497,1.36773,1.19729,0.701603,1.06881,0.473984,0.717523,1.0266,0.759206,0.237128,0.553051,1.24112,0.922526,0.662045,0.563055,1.27118,1.14955,0.768442,1.34633,0.801462,1.09068,1.28512,1.20956
2751.671692,1.24902,1.30422,0.899514,0.935401,1.17018,1.22496,1.37357,1.3956,0.694685,0.850508,0.606417,0.71994,1.27136,1.1583,0.575766,0.636061,1.05535,1.19411,1.25869,1.21054,1.37486,1.20447,0.714165,1.07845,0.47783,0.71994,1.04411,0.771557,0.240274,0.557086,1.26259,0.929196,0.66724,0.568381,1.27711,1.16426,0.785174,1.36027,0.812049,1.09798,1.29206,1.21491
2753.08353,1.25309,1.3147,0.908844,0.941905,1.18693,1.23161,1.37226,1.3882,0.707388,0.859011,0.61271,0.718855,1.27267,1.15834,0.574877,0.636219,1.05997,1.20207,1.26355,1.21534,1.39235,1.20094,0.726239,1.08569,0.481699,0.718855,1.05614,0.785362,0.244344,0.560086,1.28348,0.933282,0.669666,0.57338,1.27399,1.17248,0.800153,1.37768,0.822124,1.09901,1.29548,1.21133
2754.496817,1.25716,1.32006,0.91406,0.946041,1.2046,1.2444,1.36927,1.40543,0.722578,0.865152,0.617608,0.71764,1.26978,1.16015,0.574204,0.63403,1.06254,1.21021,1.27361,1.21435,1.41235,1.20195,0.738477,1.09318,0.485008,0.71764,1.06592,0.797404,0.248881,0.560531,1.30005,0.938342,0.670676,0.577718,1.27049,1.17482,0.812934,1.39954,0.831868,1.09625,1.3041,1.20982
2755.911556,1.25559,1.31503,0.919226,0.952339,1.2159,1.2649,1.36961,1.41591,0.738188,0.86909,0.620858,0.719046,1.26792,1.16566,0.575635,0.631295,1.06212,1.2158,1.28613,1.21597,1.42681,1.20757,0.750727,1.0967,0.487855,0.719046,1.06834,0.807558,0.252428,0.560532,1.30544,0.940994,0.672211,0.582158,1.26379,1.17918,0.825102,1.4049,0.839391,1.09588,1.31417,1.22041
2757.327749,1.25404,1.31344,0.92684,0.960703,1.22252,1.28896,1.37681,1.41895,0.7509,0.873626,0.624714,0.723004,1.2715,1.17213,0.579313,0.631698,1.07195,1.2207,1.29743,1.22255,1.44793,1.21333,0.763773,1.10003,0.489987,0.723004,1.0704,0.817594,0.25444,0.56261,1.31679,0.945412,0.676683,0.586867,1.265,1.19103,0.8413,1.40379,0.846228,1.10232,1.33052,1.23886
2758.745398,1.25198,1.31298,0.934161,0.969503,1.22365,1.30004,1.39019,1.41994,0.761516,0.879329,0.628617,0.725267,1.27339,1.17345,0.582224,0.635607,1.0871,1.21448,1.29594,1.23002,1.46546,1.21736,0.776524,1.0991,0.491121,0.725267,1.0744,0.82534,0.25681,0.565096,1.32235,0.950753,0.683408,0.590877,1.27183,1.20002,0.857257,1.40325,0.85534,1.11008,1.34536,1.25462
2760.164506,1.2552,1.31842,0.944322,0.976978,1.22786,1.29968,1.42094,1.42734,0.77393,0.885943,0.635346,0.729953,1.2873,1.17701,0.584428,0.642475,1.10579,1.20594,1.29462,1.2352,1.47413,1.2223,0.78755,1.10101,0.494385,0.729953,1.0782,0.833648,0.261027,0.570337,1.32763,0.958104,0.692756,0.596136,1.28042,1.21204,0.872163,1.40177,0.869677,1.11976,1.36106,1.27296
2761.585074,1.25983,1.32602,0.95277,0.979623,1.2386,1.3013,1.4495,1.43724,0.78697,0.89189,0.642637,0.737385,1.30514,1.18853,0.585669,0.649338,1.12479,1.20081,1.30092,1.23472,1.47624,1.22836,0.796974,1.10248,0.499634,0.737385,1.08168,0.843722,0.26615,0.576607,1.33583,0.966917,0.700247,0.604224,1.29148,1.22077,0.885054,1.39331,0.884181,1.12865,1.37666,1.2911
2763.007106,1.26608,1.33123,0.9583,0.980797,1.24902,1.30508,1.4788,1.44693,0.80088,0.898296,0.649247,0.744784,1.32117,1.20148,0.590745,0.654646,1.14869,1.20286,1.31338,1.23544,1.49439,1.23634,0.807244,1.10691,0.505871,0.744784,1.08915,0.855973,0.271802,0.582008,1.35189,0.978761,0.710061,0.613998,1.3063,1.22908,0.899297,1.39653,0.899396,1.14001,1.39601,1.30978
2764.430602,1.27003,1.32812,0.966448,0.981156,1.25579,1.29996,1.49686,1.4414,0.813957,0.90323,0.654401,0.753965,1.34202,1.21144,0.599405,0.657549,1.16799,1.2092,1.32308,1.23686,1.51204,1.23906,0.817204,1.10652,0.512342,0.753965,1.10026,0.868493,0.276858,0.58796,1.36817,0.991751,0.722547,0.622529,1.31982,1.23853,0.912928,1.39762,0.912356,1.14549,1.40761,1.32054
2765.855567,1.27737,1.32457,0.976956,0.983762,1.26919,1.2943,1.50558,1.43721,0.823593,0.906339,0.660034,0.7659,1.3666,1.22455,0.606829,0.658513,1.18171,1.21201,1.33184,1.24122,1.52658,1.24323,0.828462,1.09755,0.518355,0.7659,1.11305,0.879861,0.280719,0.594802,1.38672,1.00337,0.734442,0.630678,1.33898,1.24812,0.924705,1.39423,0.921959,1.15443,1.4124,1.32256
2767.282001,1.27795,1.32557,0.98053,0.985408,1.28131,1.28662,1.50585,1.43326,0.830731,0.907353,0.666659,0.776888,1.38,1.22575,0.611808,0.65931,1.19583,1.20847,1.33047,1.24827,1.54045,1.2494,0.838391,1.08829,0.523153,0.776888,1.12341,0.890311,0.284648,0.601803,1.39948,1.01366,0.743166,0.638693,1.35498,1.25888,0.930954,1.39103,0.931908,1.16814,1.40949,1.32285
2768.709907,1.2765,1.34116,0.985777,0.989225,1.29098,1.27709,1.51958,1.43286,0.838363,0.90996,0.675023,0.786298,1.38426,1.21751,0.615459,0.661713,1.21167,1.20767,1.32591,1.26262,1.54451,1.25509,0.849798,1.09717,0.527741,0.786298,1.13588,0.903171,0.288476,0.609653,1.39512,1.02366,0.750319,0.648305,1.36879,1.27336,0.938568,1.40244,0.94387,1.18285,1.40741,1.32691
2770.139287,1.27993,1.35493,0.992718,0.994724,1.29814,1.2661,1.52575,1.4232,0.844284,0.913704,0.682825,0.790545,1.38499,1.20877,0.613613,0.662008,1.22164,1.20697,1.32749,1.26727,1.53546,1.25338,0.85966,1.11642,0.530589,0.790545,1.14511,0.914115,0.292913,0.613716,1.37995,1.03073,0.755873,0.657806,1.3773,1.27611,0.949929,1.4164,0.954919,1.1865,1.40181,1.32556
2771.570144,1.28715,1.36689,0.999066,1.0001,1.31226,1.26531,1.52889,1.41054,0.855832,0.92057,0.690724,0.791391,1.39589,1.21135,0.612843,0.663857,1.23258,1.21153,1.33767,1.27301,1.53298,1.25108,0.865842,1.1349,0.535239,0.791391,1.15621,0.926807,0.297785,0.616902,1.3839,1.03755,0.761699,0.666832,1.37893,1.27211,0.962497,1.43665,0.965428,1.19074,1.3963,1.31805
2773.00248,1.29354,1.36764,1.00105,0.999569,1.32772,1.26367,1.52816,1.41146,0.869657,0.927903,0.699506,0.79568,1.41402,1.22083,0.617359,0.668279,1.24384,1.21464,1.34707,1.27752,1.53092,1.252,0.870201,1.14538,0.542526,0.79568,1.16415,0.936467,0.30288,0.622944,1.38892,1.04331,0.769376,0.674843,1.37122,1.27216,0.970838,1.44553,0.972551,1.19459,1.38899,1.30743
2774.436298,1.31287,1.36574,1.00708,1.0033,1.33871,1.277,1.53227,1.42306,0.881683,0.937508,0.707981,0.801904,1.43229,1.23778,0.626653,0.675824,1.2569,1.22779,1.36228,1.28138,1.53419,1.25908,0.877362,1.15594,0.551444,0.801904,1.17222,0.940982,0.30807,0.630475,1.39599,1.04807,0.779081,0.680599,1.37143,1.27525,0.979906,1.43379,0.978453,1.20335,1.39031,1.30241
2775.871598,1.3225,1.36533,1.01369,1.01038,1.33245,1.29889,1.53743,1.43434,0.890307,0.943439,0.714085,0.80457,1.43343,1.25179,0.637046,0.682727,1.25961,1.24343,1.37712,1.28492,1.52698,1.26498,0.882728,1.16636,0.558592,0.80457,1.17703,0.94179,0.311683,0.635713,1.40862,1.05018,0.784023,0.684611,1.37739,1.27662,0.989078,1.42114,0.982611,1.21446,1.39031,1.30501
2777.308385,1.31672,1.37553,1.01679,1.01781,1.32828,1.31688,1.54438,1.45247,0.899199,0.951569,0.719757,0.806641,1.43751,1.26003,0.643459,0.688757,1.25334,1.2527,1.37972,1.28786,1.51477,1.26842,0.885945,1.17379,0.562444,0.806641,1.1806,0.943797,0.314224,0.64015,1.42543,1.0574,0.788892,0.688544,1.39174,1.28033,0.99913,1.4389,0.987344,1.22149,1.38887,1.3192
2778.746659,1.31058,1.38181,1.01957,1.02767,1.33375,1.32673,1.54835,1.4662,0.908563,0.962729,0.725867,0.807876,1.44677,1.266,0.646928,0.695599,1.24139,1.25468,1.37487,1.29058,1.50277,1.26641,0.890699,1.1765,0.56547,0.807876,1.18717,0.947004,0.317982,0.645055,1.42054,1.06203,0.796868,0.69341,1.40366,1.28102,1.00921,1.45534,0.997911,1.22211,1.38707,1.32613
2780.186425,1.31628,1.38698,1.02486,1.0361,1.34801,1.33723,1.55809,1.47286,0.920441,0.970978,0.735363,0.814408,1.46551,1.27437,0.652378,0.703882,1.24031,1.26672,1.37635,1.29035,1.4944,1.26783,0.90026,1.18469,0.571163,0.814408,1.20479,0.949247,0.323267,0.650871,1.42323,1.06248,0.80667,0.702328,1.41668,1.28725,1.01778,1.46789,1.0164,1.23382,1.3878,1.34228
2781.627682,1.32799,1.38965,1.02289,1.03335,1.35113,1.3494,1.5628,1.4705,0.934415,0.974779,0.742564,0.820891,1.46815,1.27525,0.654829,0.709154,1.24298,1.28294,1.37231,1.28976,1.47348,1.27342,0.910678,1.18906,0.576178,0.820891,1.22262,0.952952,0.328711,0.652641,1.46069,1.06134,0.816816,0.711563,1.43052,1.291,1.02358,1.47614,1.03056,1.24756,1.37657,1.36712
2783.070435,1.33675,1.38932,1.01849,1.02862,1.3437,1.36232,1.57068,1.4715,0.950941,0.985033,0.747978,0.825188,1.4608,1.27309,0.656236,0.712171,1.25482,1.29695,1.38201,1.30261,1.46844,1.28028,0.922804,1.19006,0.581698,0.825188,1.23993,0.962011,0.333618,0.652666,1.51517,1.06775,0.826823,0.719455,1.44926,1.29771,1.03595,1.49176,1.03744,1.25698,1.36916,1.39192
2784.514686,1.33953,1.37079,1.02103,1.02745,1.33915,1.37149,1.56526,1.46432,0.964138,0.994113,0.753181,0.831841,1.46077,1.28627,0.659785,0.714803,1.26838,1.30089,1.39402,1.31529,1.48285,1.27493,0.935905,1.1878,0.589285,0.831841,1.25659,0.973354,0.337355,0.654798,1.5583,1.07696,0.83297,0.727423,1.46932,1.3024,1.04819,1.49546,1.04199,1.25958,1.37387,1.40836
2785.960436,1.34503,1.3425,1.02578,1.02937,1.34507,1.37425,1.56259,1.45579,0.975315,1.00087,0.75969,0.843629,1.47301,1.30381,0.66581,0.717231,1.27965,1.30676,1.39777,1.31987,1.50224,1.27204,0.949008,1.18487,0.597884,0.843629,1.26934,0.986839,0.340749,0.65896,1.59131,1.08741,0.837634,0.737373,1.49004,1.30612,1.06105,1.49069,1.05293,1.27039,1.38444,1.41277
2787.407688,1.34266,1.32849,1.02689,1.03107,1.35177,1.36913,1.5627,1.43673,0.987497,1.00665,0.767513,0.856878,1.47756,1.30934,0.671507,0.719424,1.2994,1.31472,1.38969,1.31847,1.51335,1.28007,0.957232,1.1832,0.606761,0.856878,1.26969,1.00214,0.34489,0.664153,1.60537,1.09774,0.843573,0.74747,1.50266,1.30641,1.07232,1.49227,1.06545,1.28457,1.39,1.40865
2788.856445,1.33943,1.34187,1.03793,1.04,1.36019,1.3683,1.56539,1.42129,0.998776,1.01148,0.779546,0.87166,1.4842,1.31561,0.67789,0.727139,1.32943,1.32277,1.39256,1.32124,1.51391,1.28854,0.964355,1.19233,0.617882,0.87166,1.26551,1.02192,0.348835,0.672055,1.596,1.10964,0.85289,0.7569,1.51693,1.30628,1.08679,1.49833,1.0782,1.28991,1.39668,1.40656
2790.306708,1.33538,1.35302,1.05217,1.04931,1.36367,1.36326,1.55213,1.40713,1.00545,1.01226,0.790693,0.884651,1.50048,1.32389,0.685157,0.736374,1.35599,1.33231,1.39971,1.31454,1.50834,1.28612,0.967352,1.1984,0.630108,0.884651,1.26413,1.03976,0.353212,0.679447,1.58837,1.12172,0.862742,0.764991,1.52453,1.30325,1.0983,1.48325,1.08902,1.28927,1.40183,1.39831
2791.75848,1.32589,1.35786,1.06222,1.05505,1.36809,1.36251,1.53802,1.40697,1.01842,1.01507,0.801924,0.897524,1.51958,1.33966,0.693084,0.745228,1.37489,1.34347,1.39794,1.30818,1.51103,1.29643,0.967071,1.19442,0.643571,0.897524,1.26989,1.05336,0.357743,0.687746,1.59938,1.13311,0.876432,0.774606,1.51799,1.30555,1.1076,1.46152,1.10031,1.30241,1.4176,1.38416
2793.211764,1.31984,1.35301,1.06653,1.05694,1.36671,1.36792,1.52228,1.41066,1.02948,1.02263,0.814268,0.911184,1.52247,1.35285,0.702567,0.753305,1.38657,1.34937,1.39151,1.29966,1.52018,1.31429,0.966476,1.19106,0.656074,0.911184,1.26706,1.06219,0.361411,0.696562,1.59298,1.1393,0.896354,0.786947,1.50327,1.31427,1.11687,1.42978,1.10828,1.31526,1.43221,1.36988
2794.666562,1.32921,1.34721,1.07708,1.06241,1.3606,1.37643,1.51308,1.40894,1.03766,1.03523,0.821979,0.923127,1.52302,1.36147,0.716319,0.761263,1.3974,1.35655,1.39402,1.29135,1.53206,1.32596,0.970982,1.19415,0.669448,0.923127,1.2661,1.06765,0.363874,0.705768,1.58247,1.13994,0.91943,0.800031,1.49323,1.3234,1.12762,1.403,1.11361,1.33221,1.45383,1.37506
2796.122876,1.32487,1.34758,1.08949,1.06714,1.35203,1.38218,1.50056,1.41639,1.04673,1.04379,0.825708,0.93348,1.51173,1.36512,0.727509,0.767677,1.38631,1.36228,1.38895,1.27506,1.52217,1.32497,0.977118,1.19451,0.681027,0.93348,1.26644,1.06792,0.365076,0.712858,1.57902,1.13788,0.938772,0.810941,1.48164,1.32698,1.13422,1.40398,1.11779,1.34608,1.46923,1.38675
2797.580709,1.32271,1.36053,1.09931,1.07284,1.35175,1.38627,1.49149,1.434,1.05724,1.04767,0.829011,0.942005,1.51404,1.35914,0.73437,0.774127,1.36719,1.37423,1.3729,1.2642,1.50003,1.31607,0.980971,1.1934,0.690928,0.942005,1.26892,1.06541,0.367337,0.717838,1.57248,1.13998,0.957019,0.821974,1.47927,1.32661,1.14339,1.43028,1.12922,1.35375,1.48228,1.40056
2799.040062,1.32245,1.36557,1.10566,1.08412,1.35147,1.37981,1.47671,1.43127,1.0639,1.04694,0.832087,0.944485,1.53652,1.34104,0.738391,0.77533,1.35803,1.38112,1.35663,1.2707,1.47925,1.30114,0.984163,1.18873,0.696356,0.944485,1.28064,1.06124,0.372012,0.720208,1.54542,1.13449,0.974644,0.835036,1.47306,1.32372,1.15195,1.44394,1.14693,1.35216,1.48779,1.40068
2800.500939,1.32744,1.3701,1.10946,1.0995,1.34927,1.37629,1.47499,1.42369,1.07785,1.04744,0.835977,0.952011,1.56851,1.32234,0.74115,0.776184,1.36709,1.38575,1.347,1.29266,1.47845,1.29025,0.994158,1.18755,0.701708,0.952011,1.29995,1.05454,0.377257,0.72424,1.54304,1.12749,0.992374,0.84817,1.47527,1.33132,1.15624,1.46437,1.15939,1.36319,1.48154,1.4076
2801.963342,1.33545,1.36657,1.10695,1.10371,1.34014,1.3774,1.49239,1.4276,1.09616,1.04595,0.837134,0.959296,1.57265,1.2927,0.740565,0.779035,1.37213,1.38651,1.34923,1.31709,1.47085,1.27706,1.00061,1.19126,0.707774,0.959296,1.31079,1.05043,0.381504,0.726828,1.56262,1.12494,1.00418,0.858643,1.48394,1.33116,1.15801,1.48317,1.15967,1.37218,1.46226,1.42247
2803.427272,1.34019,1.35902,1.10928,1.10939,1.33823,1.3884,1.52324,1.43216,1.11514,1.05015,0.841229,0.96499,1.58505,1.27711,0.73931,0.784583,1.37377,1.38192,1.36888,1.3426,1.47603,1.26558,1.01047,1.19972,0.715314,0.96499,1.32378,1.05378,0.384852,0.730066,1.56986,1.12883,1.00711,0.869977,1.49674,1.33068,1.16699,1.49197,1.15976,1.38308,1.46344,1.42926
2804.892734,1.35071,1.3426,1.12054,1.11762,1.33266,1.39517,1.55454,1.41096,1.12542,1.05716,0.848194,0.971057,1.60537,1.29158,0.740065,0.789976,1.37675,1.37003,1.37955,1.35908,1.48959,1.25148,1.02462,1.21248,0.724689,0.971057,1.3335,1.05817,0.388292,0.733382,1.57043,1.13379,1.00491,0.884269,1.50085,1.32866,1.17408,1.48745,1.16903,1.39255,1.47954,1.41993
2806.359728,1.3651,1.32627,1.13491,1.12623,1.33419,1.39741,1.58554,1.40297,1.13223,1.06644,0.854879,0.98521,1.61861,1.30528,0.746308,0.795039,1.39188,1.36969,1.38198,1.36997,1.49547,1.24676,1.03492,1.22878,0.733648,0.98521,1.34547,1.06859,0.393463,0.739197,1.5903,1.144,1.00571,0.897389,1.50973,1.32541,1.18771,1.48402,1.1872,1.39986,1.48399,1.41447
2807.828257,1.36245,1.32092,1.14726,1.13542,1.34636,1.3946,1.58975,1.40538,1.13998,1.07259,0.86116,0.99854,1.59839,1.30835,0.75208,0.799159,1.41779,1.36895,1.38904,1.3692,1.49625,1.25014,1.03809,1.2367,0.74046,0.99854,1.34809,1.08139,0.400244,0.745251,1.59573,1.15227,1.01127,0.903592,1.51974,1.3269,1.19547,1.46859,1.20273,1.39634,1.4704,1.40679
2809.298324,1.36127,1.3303,1.1658,1.14729,1.35836,1.39255,1.58408,1.4194,1.15047,1.07759,0.869972,1.00735,1.58659,1.32337,0.758299,0.806454,1.44203,1.36307,1.41069,1.36801,1.49827,1.25577,1.03914,1.24717,0.746898,1.00735,1.35199,1.09631,0.406734,0.751814,1.59319,1.16545,1.01819,0.908696,1.53282,1.34262,1.19266,1.44753,1.21967,1.39449,1.44601,1.41051
2810.769932,1.35762,1.33537,1.18021,1.15796,1.36571,1.38462,1.57268,1.43908,1.15487,1.0789,0.876538,1.0136,1.60483,1.34423,0.768449,0.813629,1.45431,1.36266,1.41965,1.36569,1.49525,1.2567,1.03735,1.25261,0.753839,1.0136,1.369,1.10621,0.412632,0.757364,1.60423,1.17719,1.02279,0.915516,1.53283,1.35298,1.18895,1.42467,1.23396,1.39802,1.42335,1.41483
2812.243081,1.3419,1.34444,1.18639,1.17233,1.38237,1.38853,1.56669,1.46569,1.16611,1.08818,0.884014,1.02423,1.62189,1.36799,0.781261,0.822689,1.46576,1.38585,1.41457,1.35805,1.49665,1.27073,1.03286,1.25549,0.764664,1.02423,1.38904,1.11601,0.417268,0.762829,1.61854,1.18337,1.03643,0.923355,1.51786,1.36235,1.2004,1.40785,1.25169,1.4068,1.43897,1.42275
2813.717776,1.32557,1.35083,1.18728,1.18169,1.39481,1.39581,1.54703,1.47904,1.17823,1.10392,0.892951,1.03534,1.62556,1.38223,0.793081,0.831487,1.47487,1.41467,1.41001,1.33552,1.49462,1.29193,1.02793,1.25446,0.773878,1.03534,1.3902,1.12522,0.419249,0.767806,1.63591,1.1769,1.05392,0.928746,1.49166,1.37112,1.21571,1.39426,1.26276,1.40307,1.45482,1.44202
2815.194019,1.3198,1.35181,1.19545,1.18549,1.40858,1.40867,1.52134,1.48214,1.18849,1.11909,0.90029,1.04847,1.6347,1.39192,0.807976,0.839133,1.48213,1.44591,1.41175,1.31734,1.49872,1.30693,1.03074,1.25654,0.782181,1.04847,1.38389,1.13483,0.419664,0.774245,1.66402,1.16736,1.06727,0.940245,1.46342,1.37803,1.22309,1.39226,1.27695,1.40788,1.46961,1.47766
2816.671811,1.31703,1.35222,1.20612,1.18281,1.41846,1.41979,1.49766,1.48477,1.19591,1.12672,0.904385,1.06832,1.62411,1.38866,0.822909,0.846038,1.47065,1.47731,1.40964,1.30305,1.49422,1.30843,1.03614,1.25803,0.792412,1.06832,1.37309,1.13968,0.421415,0.776999,1.68522,1.16553,1.07328,0.957279,1.44075,1.38133,1.22538,1.38733,1.29431,1.42317,1.4775,1.48996
2818.151155,1.32056,1.3677,1.21587,1.18047,1.42619,1.42664,1.48386,1.48502,1.20165,1.12925,0.911652,1.08638,1.6242,1.37672,0.835443,0.854887,1.45403,1.50459,1.41078,1.29959,1.48098,1.31091,1.03837,1.2598,0.806904,1.08638,1.37454,1.14187,0.425829,0.777351,1.71223,1.17136,1.08585,0.976073,1.43461,1.38036,1.23704,1.39184,1.30906,1.43724,1.48736,1.48242
2819.632054,1.31336,1.37565,1.21783,1.17758,1.42767,1.42439,1.47866,1.47643,1.2054,1.1281,0.923744,1.09987,1.63837,1.36438,0.842472,0.861799,1.43798,1.51219,1.40593,1.3068,1.48857,1.31851,1.03784,1.25437,0.819751,1.09987,1.38241,1.14359,0.430963,0.778654,1.72042,1.1773,1.10421,0.991552,1.44268,1.37591,1.24686,1.40914,1.31558,1.44016,1.48687,1.46161
2821.114511,1.31399,1.37923,1.21691,1.18439,1.42599,1.42139,1.48921,1.48499,1.21336,1.13138,0.93609,1.12015,1.6722,1.37044,0.849998,0.87491,1.43447,1.52293,1.40309,1.31346,1.52799,1.32759,1.0399,1.25232,0.83601,1.12015,1.3816,1.14746,0.433714,0.785641,1.72034,1.18322,1.12537,1.00575,1.46723,1.37579,1.25801,1.43225,1.32009,1.45968,1.48764,1.44711
2822.598527,1.3156,1.37743,1.21384,1.1859,1.42303,1.42298,1.50197,1.49996,1.2131,1.13,0.944792,1.13235,1.70747,1.37411,0.856613,0.887665,1.43341,1.52357,1.40843,1.30867,1.54414,1.32771,1.03762,1.25792,0.856419,1.13235,1.36784,1.15217,0.433804,0.793246,1.69694,1.18774,1.14038,1.02554,1.48816,1.37075,1.26663,1.4353,1.32413,1.48494,1.49717,1.43716
2824.084105,1.31817,1.37189,1.21578,1.19493,1.42018,1.429,1.51501,1.49484,1.21242,1.13077,0.956453,1.13629,1.75016,1.37191,0.86159,0.899525,1.43343,1.50441,1.41163,1.30416,1.54821,1.3306,1.04,1.26654,0.877248,1.13629,1.36118,1.15707,0.434337,0.799744,1.66527,1.20482,1.15305,1.04772,1.50135,1.37387,1.26849,1.42971,1.33117,1.51496,1.51349,1.43506
2825.571248,1.3342,1.36156,1.2251,1.21164,1.40371,1.42248,1.52552,1.47703,1.21571,1.13232,0.966375,1.14179,1.76516,1.37103,0.867367,0.910961,1.43667,1.46678,1.41247,1.3043,1.54346,1.32428,1.04568,1.26884,0.895431,1.14179,1.35872,1.15769,0.437885,0.803822,1.63464,1.22402,1.16464,1.06569,1.51919,1.378,1.25906,1.42744,1.33308,1.53133,1.51841,1.42757
2827.059957,1.34508,1.35421,1.2423,1.23545,1.40632,1.42551,1.53594,1.47896,1.2258,1.12992,0.972197,1.15471,1.75162,1.38143,0.877733,0.917261,1.45878,1.4416,1.41437,1.32314,1.54919,1.30829,1.04823,1.2749,0.908153,1.15471,1.3668,1.16108,0.444197,0.808095,1.61309,1.24014,1.18319,1.07928,1.56252,1.3823,1.24971,1.42883,1.33733,1.54315,1.51306,1.43243
2828.550237,1.33971,1.34517,1.25776,1.25906,1.41964,1.42999,1.53913,1.47532,1.23664,1.12315,0.975023,1.16249,1.72145,1.39353,0.885009,0.92027,1.48041,1.42373,1.4125,1.3437,1.55332,1.2914,1.04499,1.28138,0.912839,1.16249,1.37008,1.16335,0.45109,0.810857,1.57423,1.25069,1.20079,1.08399,1.59706,1.3927,1.24175,1.42516,1.33525,1.55337,1.4873,1.429
2830.042088,1.34903,1.3424,1.27292,1.2802,1.42587,1.43273,1.55086,1.47465,1.24809,1.12336,0.979679,1.16267,1.71856,1.40951,0.889886,0.927953,1.48893,1.41542,1.4088,1.36908,1.54505,1.28091,1.04298,1.28627,0.915979,1.16267,1.37583,1.16505,0.456222,0.815024,1.55354,1.25625,1.2122,1.08634,1.6176,1.41298,1.23683,1.43493,1.33207,1.55594,1.46321,1.41718
2831.535514,1.35365,1.33965,1.27989,1.29698,1.42773,1.43322,1.56014,1.48042,1.25047,1.12327,0.98303,1.15496,1.7483,1.41063,0.894336,0.93419,1.48657,1.42471,1.39563,1.38679,1.51903,1.26655,1.04485,1.27967,0.919958,1.15496,1.38794,1.16342,0.459717,0.818934,1.54658,1.24843,1.21822,1.08127,1.61935,1.41733,1.24244,1.45061,1.32754,1.53398,1.45152,1.40899
2833.030517,1.34205,1.34077,1.28438,1.31235,1.43541,1.43358,1.56635,1.49198,1.25614,1.13182,0.984175,1.15105,1.78784,1.4021,0.899045,0.936653,1.49715,1.45161,1.38968,1.38987,1.49392,1.26585,1.04749,1.27007,0.920889,1.15105,1.39928,1.16496,0.462234,0.822877,1.54507,1.23285,1.22092,1.06766,1.60524,1.41819,1.25406,1.46816,1.32235,1.50408,1.44987,1.4262
2834.527099,1.33526,1.33447,1.29034,1.31227,1.43628,1.43401,1.55809,1.48713,1.25875,1.14119,0.983697,1.14616,1.82149,1.39066,0.899408,0.931899,1.50409,1.47472,1.39158,1.38461,1.47816,1.27327,1.04912,1.2608,0.909949,1.14616,1.39861,1.16521,0.463828,0.826228,1.56904,1.20855,1.21449,1.05387,1.57188,1.42264,1.25407,1.48187,1.31582,1.47789,1.43149,1.44023
2836.025264,1.33381,1.33556,1.29839,1.29864,1.43194,1.45361,1.54959,1.46976,1.25708,1.14749,0.983727,1.14432,1.83138,1.38646,0.900277,0.922897,1.50279,1.49628,1.40199,1.39179,1.4822,1.28199,1.05778,1.2638,0.894767,1.14432,1.39573,1.16807,0.465733,0.828373,1.60232,1.19385,1.20632,1.05229,1.54097,1.43384,1.25523,1.48533,1.32004,1.466,1.43559,1.43772
2837.525013,1.33467,1.3475,1.3043,1.28019,1.42169,1.46924,1.54568,1.45103,1.24549,1.15373,0.981636,1.14449,1.81662,1.38164,0.899255,0.912912,1.49302,1.50413,1.4089,1.38663,1.47982,1.28769,1.06688,1.26505,0.884969,1.14449,1.39616,1.1688,0.469649,0.828253,1.62605,1.19387,1.2009,1.05337,1.52547,1.4414,1.2682,1.46548,1.32266,1.45561,1.46086,1.41407
2839.026349,1.33922,1.3774,1.30968,1.26417,1.41669,1.46637,1.55569,1.4439,1.23438,1.16107,0.980945,1.14003,1.82275,1.37912,0.896548,0.907061,1.48367,1.5087,1.41478,1.37003,1.48456,1.29582,1.07836,1.26822,0.878946,1.14003,1.4084,1.16727,0.474247,0.832437,1.67724,1.19849,1.20542,1.04764,1.52888,1.44877,1.29435,1.45579,1.32574,1.44044,1.49089,1.39286
2840.529274,1.33689,1.39683,1.30481,1.24233,1.40838,1.44217,1.56472,1.43902,1.22648,1.1606,0.979713,1.13214,1.81283,1.37075,0.890257,0.902612,1.47337,1.50838,1.41618,1.34638,1.50775,1.3039,1.08777,1.2691,0.869597,1.13214,1.41016,1.16524,0.476438,0.837574,1.72559,1.20027,1.20966,1.03846,1.548,1.44915,1.31234,1.45864,1.32903,1.42728,1.50425,1.37905
2842.033792,1.33636,1.40453,1.29899,1.23027,1.39748,1.41825,1.55987,1.45002,1.2181,1.16344,0.974775,1.12792,1.81373,1.36619,0.883561,0.899346,1.47557,1.51365,1.41819,1.32056,1.53627,1.31304,1.09476,1.26924,0.860924,1.12792,1.40364,1.16921,0.474669,0.842351,1.75587,1.20202,1.21099,1.03662,1.56837,1.43959,1.32825,1.45686,1.3376,1.43245,1.51145,1.38787
2843.539904,1.33144,1.40226,1.28848,1.21847,1.38134,1.41645,1.54486,1.46067,1.20964,1.16388,0.965804,1.11837,1.81422,1.36603,0.875185,0.889796,1.47863,1.50291,1.4182,1.30104,1.54433,1.31724,1.09567,1.27202,0.855578,1.11837,1.39304,1.16618,0.471414,0.844822,1.75685,1.20626,1.20696,1.04213,1.5686,1.4315,1.33132,1.43446,1.3381,1.43831,1.52026,1.40592
2845.047614,1.3319,1.39792,1.28584,1.22184,1.36708,1.41441,1.54988,1.46408,1.21557,1.15932,0.961881,1.11136,1.78946,1.36601,0.869893,0.883119,1.47755,1.47809,1.42089,1.29494,1.5432,1.32446,1.09604,1.27858,0.85455,1.11136,1.38908,1.16296,0.470744,0.845268,1.74675,1.2231,1.20309,1.04776,1.56482,1.42847,1.32903,1.41081,1.33092,1.45408,1.53352,1.43061
2846.556923,1.34271,1.401,1.2856,1.23587,1.35453,1.40032,1.54906,1.46154,1.22547,1.14998,0.959153,1.11186,1.7482,1.36161,0.865554,0.881833,1.46214,1.4484,1.41737,1.29865,1.53456,1.32195,1.09882,1.27937,0.851348,1.11186,1.38144,1.16456,0.473552,0.843152,1.7218,1.23115,1.19982,1.04878,1.56579,1.4201,1.31916,1.39037,1.31557,1.47025,1.54249,1.44844
2848.067834,1.35567,1.40809,1.28389,1.25013,1.356,1.40516,1.54227,1.46387,1.23251,1.14354,0.957091,1.11644,1.69757,1.36486,0.859145,0.880504,1.447,1.43975,1.41185,1.31683,1.5302,1.31829,1.10408,1.28765,0.846987,1.11644,1.37651,1.16583,0.476598,0.841992,1.71224,1.23701,1.19621,1.04753,1.56913,1.41535,1.30823,1.38861,1.30126,1.48386,1.55346,1.47024
2849.58035,1.36133,1.39956,1.27166,1.26201,1.35547,1.41866,1.53386,1.45952,1.24264,1.13561,0.955943,1.1178,1.6385,1.36419,0.848311,0.882311,1.44469,1.43108,1.39628,1.32663,1.51609,1.3144,1.10192,1.29606,0.843845,1.1178,1.37474,1.16228,0.478428,0.842681,1.69585,1.2414,1.18247,1.0391,1.55739,1.40901,1.30851,1.4037,1.28281,1.48121,1.54857,1.47758
2851.094474,1.36879,1.39084,1.25881,1.27033,1.3601,1.43161,1.53294,1.45182,1.26072,1.12984,0.961381,1.11586,1.61391,1.35906,0.838156,0.888834,1.43888,1.41601,1.38356,1.33704,1.50805,1.30793,1.10191,1.2994,0.843799,1.11586,1.38149,1.16402,0.479855,0.845069,1.69041,1.23555,1.1683,1.03142,1.54199,1.4081,1.31126,1.42092,1.2684,1.46178,1.5465,1.46983
2852.610207,1.36685,1.37709,1.24468,1.26932,1.37229,1.43443,1.5311,1.44751,1.26849,1.1314,0.965859,1.1065,1.64013,1.3519,0.831092,0.888229,1.42149,1.39559,1.38365,1.34724,1.51065,1.29598,1.10514,1.29739,0.843351,1.1065,1.39272,1.16594,0.481721,0.846295,1.68453,1.22394,1.15639,1.02243,1.51391,1.40298,1.30855,1.43246,1.25188,1.45058,1.52784,1.47458
2854.127553,1.36018,1.36527,1.23892,1.26715,1.38733,1.4355,1.51896,1.45335,1.27052,1.14218,0.969003,1.10118,1.69921,1.34918,0.828396,0.883639,1.43508,1.38035,1.39455,1.35738,1.53027,1.29458,1.10576,1.29716,0.837625,1.10118,1.41013,1.16519,0.483907,0.848904,1.67829,1.22213,1.14612,1.01289,1.49855,1.40214,1.30606,1.45552,1.23456,1.44928,1.48895,1.49358
2855.646514,1.36059,1.35705,1.23698,1.26347,1.40021,1.43828,1.49233,1.4459,1.27148,1.15023,0.970728,1.09488,1.74056,1.35142,0.823538,0.876957,1.45416,1.37669,1.39572,1.36352,1.54617,1.29522,1.10902,1.29511,0.827526,1.09488,1.41905,1.16452,0.486093,0.851244,1.6684,1.22285,1.13517,1.00414,1.49572,1.40312,1.29989,1.47549,1.22754,1.43335,1.45459,1.48458
2857.167092,1.35846,1.35774,1.23299,1.25885,1.40753,1.45361,1.4875,1.43886,1.27226,1.15785,0.972786,1.09116,1.75105,1.36222,0.819122,0.870948,1.45212,1.3822,1.39426,1.37309,1.55492,1.30078,1.11591,1.29033,0.821435,1.09116,1.41795,1.16717,0.488301,0.854962,1.66405,1.23108,1.13127,0.998709,1.50049,1.40316,1.30453,1.49386,1.22529,1.42157,1.45448,1.46094
2858.689291,1.35201,1.3595,1.23543,1.252,1.41268,1.46426,1.50333,1.44886,1.26814,1.16559,0.971094,1.08519,1.75211,1.36494,0.816333,0.866328,1.43921,1.3803,1.39508,1.3717,1.57318,1.30061,1.11729,1.28546,0.817767,1.08519,1.41188,1.16517,0.490858,0.859938,1.68399,1.24243,1.13586,0.992357,1.50757,1.39829,1.30671,1.49683,1.21856,1.41152,1.4635,1.4438
2860.213113,1.34544,1.36461,1.24238,1.24755,1.43182,1.46335,1.52838,1.46103,1.27035,1.17324,0.969112,1.07907,1.76056,1.35975,0.817058,0.867686,1.45045,1.38451,1.40257,1.36981,1.59807,1.29272,1.11974,1.28938,0.814979,1.07907,1.41349,1.15917,0.493309,0.86664,1.73573,1.2518,1.14458,0.985966,1.51802,1.40298,1.30284,1.50008,1.21806,1.39873,1.46998,1.43948
2861.73856,1.33265,1.35839,1.24102,1.23894,1.44804,1.46073,1.5409,1.46077,1.26973,1.17276,0.968887,1.07427,1.73358,1.35754,0.816512,0.86877,1.46744,1.39189,1.40793,1.36899,1.60136,1.282,1.12462,1.28218,0.811985,1.07427,1.41283,1.15323,0.494334,0.870025,1.7612,1.25195,1.15166,0.97905,1.52172,1.401,1.30069,1.5087,1.21887,1.39073,1.46715,1.4352
2863.265635,1.32109,1.35199,1.24425,1.23145,1.45445,1.46766,1.56382,1.46872,1.26178,1.17395,0.967598,1.07304,1.71171,1.36947,0.817607,0.865778,1.4801,1.41989,1.41241,1.37791,1.60452,1.27701,1.13304,1.27332,0.809624,1.07304,1.4187,1.14722,0.494145,0.870635,1.76751,1.2463,1.15661,0.977724,1.55284,1.39594,1.30332,1.51877,1.22568,1.39711,1.46198,1.44337
2864.79434,1.30651,1.34584,1.25069,1.22073,1.45093,1.46923,1.6034,1.47694,1.25022,1.17149,0.966583,1.06944,1.69813,1.38239,0.817968,0.86053,1.48138,1.44785,1.40958,1.38962,1.59643,1.27091,1.13761,1.27076,0.807393,1.06944,1.41493,1.14079,0.494676,0.869604,1.78632,1.23845,1.16019,0.981424,1.56846,1.39523,1.29905,1.50775,1.22912,1.40281,1.46102,1.4564
2866.324679,1.29588,1.34839,1.25975,1.22386,1.44474,1.4524,1.63326,1.48612,1.24235,1.16589,0.969407,1.069,1.68129,1.38171,0.817538,0.860889,1.47831,1.47274,1.41072,1.39787,1.57321,1.26924,1.13756,1.26703,0.805804,1.069,1.40824,1.14861,0.496961,0.871067,1.80352,1.24234,1.16615,0.986314,1.57653,1.3923,1.2985,1.48997,1.23533,1.41498,1.47553,1.46951
2867.856654,1.28953,1.35592,1.2562,1.23448,1.42979,1.4339,1.63096,1.48266,1.22998,1.16116,0.972148,1.06974,1.65898,1.3664,0.815809,0.863529,1.46558,1.49145,1.40863,1.38779,1.53661,1.27199,1.13193,1.26466,0.802207,1.06974,1.39638,1.15662,0.500423,0.873091,1.79636,1.2467,1.16887,0.988245,1.58712,1.38609,1.30158,1.47535,1.23905,1.4195,1.49378,1.47254
2869.390267,1.28899,1.35927,1.25862,1.24411,1.41096,1.43517,1.63204,1.46983,1.22122,1.16049,0.975997,1.06839,1.62614,1.35901,0.81446,0.866111,1.4593,1.5094,1.40404,1.36822,1.49579,1.27617,1.12698,1.27334,0.801384,1.06839,1.38615,1.15916,0.503171,0.877128,1.77545,1.25458,1.16835,0.990656,1.59373,1.38105,1.30849,1.47854,1.24161,1.42292,1.50544,1.47703
2870.925521,1.28771,1.35406,1.26498,1.24982,1.40049,1.44222,1.63332,1.44165,1.22153,1.157,0.978748,1.06481,1.58975,1.35702,0.811115,0.866357,1.47127,1.51435,1.39372,1.34999,1.46251,1.27445,1.11763,1.2771,0.801765,1.06481,1.38856,1.15932,0.506051,0.880138,1.73512,1.25638,1.16479,0.991559,1.588,1.3724,1.31615,1.48011,1.24973,1.42259,1.49867,1.47261
2872.462419,1.29609,1.35634,1.27294,1.25076,1.40326,1.45251,1.6342,1.42056,1.22145,1.1559,0.982236,1.0639,1.60873,1.36267,0.807576,0.867304,1.47682,1.50722,1.38977,1.3426,1.46137,1.27116,1.11328,1.2769,0.799775,1.0639,1.3973,1.16892,0.509363,0.88207,1.71808,1.25473,1.16216,0.996878,1.5822,1.37751,1.32807,1.46522,1.2577,1.42007,1.48789,1.46502
2874.000964,1.30068,1.36029,1.27898,1.25293,1.39753,1.45737,1.61994,1.40752,1.21213,1.16183,0.985019,1.06385,1.65399,1.37425,0.804504,0.865571,1.4656,1.49794,1.39189,1.3424,1.47631,1.26711,1.11326,1.27335,0.797029,1.06385,1.39428,1.17803,0.511616,0.88364,1.7107,1.25656,1.15659,1.00377,1.57476,1.3931,1.33924,1.43535,1.26318,1.41965,1.46614,1.45745
2875.541157,1.30389,1.36574,1.28961,1.26408,1.38506,1.4634,1.59064,1.40101,1.21613,1.16979,0.989062,1.0672,1.70336,1.37812,0.804161,0.86514,1.45963,1.50153,1.39437,1.34008,1.49318,1.26936,1.11208,1.27216,0.796274,1.0672,1.39269,1.18536,0.513005,0.887268,1.68695,1.26785,1.15332,1.00919,1.58317,1.40758,1.34855,1.43466,1.27497,1.41678,1.44635,1.45056
2877.083002,1.30986,1.3613,1.30327,1.27282,1.37519,1.4569,1.5679,1.3974,1.23064,1.17224,0.989391,1.06962,1.74233,1.37228,0.803432,0.867934,1.4482,1.50388,1.39014,1.32572,1.49698,1.27418,1.11311,1.26872,0.796844,1.06962,1.38435,1.19432,0.514569,0.889916,1.64398,1.27516,1.14985,1.01057,1.58702,1.41265,1.35017,1.44299,1.2846,1.41334,1.42492,1.44461
2878.626502,1.31497,1.3457,1.32452,1.27658,1.38016,1.45795,1.57679,1.41055,1.24882,1.17404,0.987961,1.07187,1.77996,1.37397,0.802566,0.872591,1.42403,1.49568,1.38923,1.31653,1.51057,1.281,1.11288,1.26577,0.798626,1.07187,1.37576,1.20287,0.515569,0.89109,1.6288,1.27749,1.14952,1.01504,1.57536,1.41533,1.35115,1.45528,1.28506,1.4264,1.40908,1.44681
2880.171658,1.3136,1.33581,1.34032,1.27579,1.39322,1.46527,1.5836,1.43714,1.26512,1.17136,0.984827,1.07293,1.79886,1.37574,0.804866,0.874056,1.40581,1.46923,1.39193,1.31502,1.53935,1.28744,1.1076,1.26439,0.800004,1.07293,1.37531,1.20375,0.516004,0.892285,1.65887,1.26911,1.15174,1.02027,1.55562,1.41746,1.34728,1.45881,1.27976,1.42508,1.40632,1.44547
2881.718474,1.3221,1.34021,1.34387,1.27601,1.41647,1.47606,1.58048,1.45932,1.27983,1.17101,0.983181,1.07553,1.80961,1.38555,0.809478,0.873786,1.42645,1.451,1.39889,1.31814,1.55783,1.29486,1.10744,1.26938,0.805658,1.07553,1.39149,1.19831,0.516729,0.893917,1.70614,1.25397,1.15065,1.02333,1.53965,1.42492,1.34246,1.45979,1.27582,1.41552,1.42051,1.44458
2883.266953,1.33085,1.3363,1.33426,1.27194,1.43722,1.47742,1.57631,1.47454,1.28976,1.17149,0.981492,1.07638,1.79486,1.40644,0.811092,0.867587,1.44188,1.4437,1.40775,1.32102,1.56458,1.29575,1.1152,1.27345,0.811651,1.07638,1.40127,1.18706,0.517028,0.89205,1.72836,1.23313,1.14685,1.01711,1.52912,1.43543,1.33757,1.46622,1.26804,1.41656,1.43349,1.44495
2884.817096,1.33053,1.33725,1.32791,1.2669,1.45434,1.46553,1.58382,1.48722,1.30101,1.17656,0.982428,1.08002,1.79815,1.41998,0.811509,0.86094,1.43141,1.446,1.41473,1.32815,1.58578,1.29498,1.12703,1.28089,0.814146,1.08002,1.40987,1.17695,0.516873,0.889109,1.76782,1.21331,1.14532,1.01095,1.54981,1.45063,1.32947,1.48061,1.25866,1.42578,1.43921,1.45202
2886.368908,1.32037,1.34545,1.32588,1.26335,1.45342,1.44413,1.56892,1.50213,1.30794,1.17809,0.98526,1.0825,1.80721,1.41225,0.808889,0.857491,1.41837,1.43841,1.40765,1.33271,1.58933,1.29307,1.13339,1.28502,0.812387,1.0825,1.41455,1.17477,0.517157,0.885878,1.82916,1.19929,1.14542,1.00964,1.54426,1.44794,1.31455,1.4872,1.2486,1.42604,1.43818,1.46467
2887.922389,1.3101,1.3554,1.31761,1.26969,1.45437,1.41749,1.53107,1.51686,1.31474,1.17678,0.988682,1.0841,1.79351,1.39982,0.807896,0.857975,1.42415,1.43374,1.40826,1.33541,1.57697,1.29558,1.13601,1.28191,0.810186,1.0841,1.41774,1.17539,0.518678,0.887142,1.86347,1.1976,1.15427,1.01027,1.54053,1.42952,1.30148,1.49071,1.24399,1.43109,1.44139,1.46932
2889.477544,1.3069,1.36269,1.30038,1.2712,1.46522,1.39172,1.53509,1.51752,1.31646,1.17368,0.99088,1.08148,1.75179,1.385,0.810033,0.857969,1.42795,1.42923,1.4047,1.32744,1.55403,1.29841,1.13415,1.27769,0.809116,1.08148,1.4069,1.17048,0.521018,0.890369,1.84651,1.20041,1.16864,1.01504,1.54801,1.41007,1.2958,1.47993,1.23553,1.44049,1.44778,1.45464
2891.034375,1.31491,1.36742,1.29583,1.26734,1.47829,1.38743,1.57793,1.51451,1.30803,1.17237,0.99454,1.08117,1.69844,1.3761,0.815085,0.860298,1.44449,1.42506,1.39488,1.32251,1.53656,1.30087,1.13559,1.27766,0.807816,1.08117,1.39577,1.17074,0.52276,0.894152,1.8084,1.21154,1.18354,1.02114,1.5505,1.39436,1.2951,1.46775,1.23031,1.45267,1.45133,1.44389
2892.592884,1.32539,1.36652,1.28581,1.26209,1.4835,1.3943,1.60998,1.50563,1.28871,1.16722,0.997923,1.08489,1.64138,1.36985,0.815926,0.864679,1.47276,1.4187,1.39478,1.32247,1.52821,1.2994,1.13936,1.27339,0.805815,1.08489,1.39406,1.16818,0.524184,0.894547,1.77829,1.21595,1.18833,1.02045,1.5407,1.37968,1.29273,1.44547,1.23023,1.44883,1.45011,1.43945
2894.153074,1.33279,1.36966,1.27464,1.26271,1.47332,1.41189,1.63017,1.49142,1.27565,1.16217,1.00163,1.09186,1.62482,1.37176,0.813922,0.872694,1.49038,1.41848,1.40155,1.32923,1.53125,1.28938,1.14603,1.26774,0.803997,1.09186,1.38677,1.16409,0.525584,0.897321,1.78231,1.21814,1.18767,1.02004,1.53275,1.38146,1.30238,1.41345,1.22631,1.43798,1.45887,1.44257
2895.714948,1.32423,1.36942,1.27638,1.26379,1.45013,1.41971,1.62733,1.46437,1.26899,1.1599,1.00868,1.09567,1.61621,1.3753,0.811504,0.878566,1.48156,1.4168,1.40195,1.34214,1.52594,1.27282,1.14672,1.26219,0.803434,1.09567,1.37286,1.16023,0.52768,0.901805,1.78789,1.22568,1.18503,1.02102,1.52458,1.39198,1.31794,1.39251,1.22448,1.42985,1.46574,1.43839
2897.278509,1.31639,1.36865,1.29477,1.25854,1.42711,1.41989,1.62999,1.44422,1.27432,1.15829,1.01725,1.09881,1.61517,1.37072,0.812275,0.883883,1.47429,1.41985,1.40747,1.35086,1.51785,1.26379,1.14005,1.25842,0.805138,1.09881,1.37603,1.16494,0.531338,0.905727,1.77133,1.23754,1.18538,1.02668,1.52104,1.39922,1.3274,1.40516,1.23544,1.43276,1.46078,1.43447
2898.84376,1.30867,1.35668,1.31653,1.2473,1.41003,1.41383,1.64673,1.4306,1.28055,1.14672,1.02128,1.09858,1.6174,1.36474,0.813,0.889845,1.48498,1.42239,1.41497,1.34833,1.50581,1.25992,1.13625,1.2502,0.806409,1.09858,1.37875,1.17533,0.535232,0.906913,1.73212,1.24472,1.18333,1.03549,1.52257,1.40244,1.32925,1.41797,1.2477,1.43119,1.44226,1.4303
2900.410702,1.30008,1.34145,1.33482,1.24854,1.40192,1.41977,1.65013,1.42741,1.28605,1.13768,1.02132,1.09441,1.62902,1.37219,0.814888,0.891741,1.48862,1.4369,1.41593,1.35665,1.5049,1.25831,1.13829,1.24929,0.809485,1.09441,1.37959,1.18421,0.537437,0.908695,1.72422,1.24708,1.17818,1.04615,1.53515,1.40492,1.3391,1.42781,1.25806,1.42582,1.44059,1.4248
2901.97934,1.29397,1.33379,1.34331,1.25593,1.38959,1.42808,1.62941,1.42827,1.2855,1.1334,1.01999,1.09065,1.63205,1.37788,0.818982,0.886464,1.48126,1.45412,1.40571,1.36885,1.51074,1.25505,1.13701,1.25538,0.811579,1.09065,1.39037,1.18674,0.538701,0.913183,1.73789,1.24004,1.17391,1.05453,1.53848,1.40653,1.35203,1.43996,1.26265,1.41165,1.45061,1.41041
2903.549675,1.29854,1.33448,1.35131,1.26838,1.38359,1.42544,1.60564,1.42361,1.28118,1.13868,1.02092,1.089,1.64643,1.38316,0.822217,0.88133,1.48294,1.46708,1.39555,1.37411,1.51022,1.25374,1.13357,1.26914,0.814079,1.089,1.40113,1.19084,0.540408,0.918751,1.76276,1.23522,1.17494,1.05978,1.52629,1.42278,1.36138,1.45841,1.26256,1.39741,1.45541,1.40829
2905.12171,1.29411,1.33025,1.35455,1.28114,1.37208,1.40854,1.57318,1.41411,1.279,1.14992,1.01977,1.08175,1.65394,1.39217,0.823518,0.875201,1.47317,1.47214,1.39023,1.3724,1.50411,1.25183,1.13096,1.28115,0.814886,1.08175,1.38756,1.19422,0.542236,0.91994,1.77395,1.23923,1.17979,1.05685,1.53172,1.44121,1.36849,1.48168,1.25875,1.38551,1.45068,1.41968
2906.695449,1.28252,1.33902,1.35761,1.29117,1.35732,1.39712,1.53146,1.41491,1.28453,1.15979,1.01785,1.07903,1.66306,1.39443,0.824487,0.871318,1.45339,1.48014,1.38161,1.36826,1.50685,1.24814,1.13218,1.28987,0.815277,1.07903,1.39022,1.19789,0.545007,0.919784,1.79075,1.24423,1.1885,1.05236,1.5525,1.45031,1.37926,1.50625,1.26316,1.38179,1.44245,1.43258
2908.270894,1.27346,1.35388,1.35082,1.29239,1.34168,1.38979,1.47518,1.4287,1.28615,1.16498,1.01416,1.07948,1.67124,1.38098,0.823549,0.867524,1.44678,1.48142,1.36361,1.36189,1.50326,1.24231,1.1295,1.29137,0.81442,1.07948,1.4052,1.20097,0.549111,0.920322,1.79618,1.24403,1.19597,1.05051,1.55068,1.43698,1.38358,1.51812,1.2723,1.37953,1.42958,1.43458
2909.848047,1.26815,1.35602,1.33351,1.28726,1.35082,1.37836,1.43943,1.43805,1.29306,1.17109,1.01203,1.07995,1.66636,1.37155,0.82546,0.864042,1.45145,1.49248,1.35475,1.35145,1.50606,1.24672,1.12634,1.2853,0.812356,1.07995,1.41535,1.19655,0.552834,0.926861,1.78688,1.24971,1.20469,1.05472,1.54924,1.41767,1.38236,1.51323,1.27797,1.39239,1.41802,1.4273
2911.426912,1.26462,1.3512,1.31725,1.27436,1.37345,1.36461,1.45286,1.442,1.29994,1.17761,1.00867,1.08046,1.64881,1.36566,0.8293,0.859191,1.44272,1.50149,1.34601,1.3344,1.51278,1.25358,1.12126,1.27471,0.810957,1.08046,1.42402,1.18332,0.555022,0.93436,1.74508,1.2521,1.21439,1.06286,1.5505,1.40021,1.37288,1.49045,1.27707,1.41076,1.4072,1.41581
2913.007491,1.26803,1.35088,1.30427,1.2657,1.38457,1.36994,1.47536,1.44676,1.30203,1.18371,1.00858,1.08997,1.6482,1.36411,0.833646,0.85718,1.44444,1.50222,1.35121,1.32328,1.52252,1.25926,1.12044,1.27164,0.811766,1.08997,1.43088,1.17356,0.556395,0.938875,1.7094,1.24653,1.22342,1.06321,1.55421,1.38191,1.36611,1.47108,1.27857,1.42608,1.40284,1.41645
2914.589788,1.26718,1.349,1.2834,1.25755,1.38328,1.37892,1.47643,1.43851,1.30439,1.18339,1.01099,1.09755,1.66038,1.36002,0.835077,0.859343,1.44231,1.49095,1.37264,1.30809,1.52283,1.25803,1.12104,1.27237,0.812871,1.09755,1.4286,1.16427,0.558512,0.940494,1.69435,1.23946,1.22313,1.05862,1.54766,1.36242,1.35705,1.44932,1.27535,1.43229,1.40623,1.42606
2916.173804,1.267,1.34602,1.27016,1.25047,1.38569,1.3834,1.46673,1.42624,1.31265,1.18509,1.01364,1.09801,1.68475,1.35957,0.835323,0.863665,1.42427,1.48148,1.39548,1.29983,1.52135,1.2569,1.12099,1.27266,0.813645,1.09801,1.4219,1.15799,0.561875,0.94423,1.69831,1.23744,1.22159,1.05924,1.53325,1.35145,1.34953,1.43214,1.27139,1.43823,1.41846,1.4354
2917.759543,1.26654,1.33973,1.26937,1.23661,1.39066,1.37941,1.45816,1.41648,1.31862,1.18603,1.0194,1.09644,1.69946,1.361,0.833952,0.865164,1.40361,1.46924,1.40712,1.29865,1.51425,1.26231,1.11405,1.26654,0.816586,1.09644,1.4192,1.15431,0.56577,0.945057,1.7025,1.23983,1.22402,1.06609,1.53067,1.34322,1.33847,1.4201,1.27572,1.4358,1.41518,1.43701
2919.347007,1.26979,1.33959,1.27212,1.21677,1.39356,1.37637,1.47912,1.41801,1.32995,1.179,1.02751,1.1038,1.7027,1.36766,0.834604,0.86727,1.40193,1.46126,1.41245,1.3002,1.51018,1.2781,1.11173,1.25717,0.820804,1.1038,1.42156,1.15712,0.568471,0.942254,1.71123,1.24331,1.23198,1.08181,1.54227,1.34271,1.32022,1.41954,1.28529,1.43117,1.4071,1.43517
2920.9362,1.27044,1.33282,1.27417,1.2048,1.39405,1.37988,1.50094,1.41866,1.33184,1.16815,1.03376,1.10836,1.69715,1.38166,0.835408,0.867909,1.40466,1.45489,1.4153,1.30134,1.50175,1.28958,1.11693,1.24472,0.823862,1.10836,1.41265,1.15908,0.568337,0.939859,1.71347,1.24394,1.24211,1.09631,1.55151,1.34637,1.30379,1.42414,1.28579,1.42313,1.41658,1.42443
2922.527124,1.27176,1.32281,1.28376,1.21069,1.39201,1.38528,1.51097,1.41994,1.32011,1.16675,1.04303,1.10695,1.71933,1.39666,0.836913,0.869454,1.41209,1.45256,1.4122,1.3047,1.49464,1.29329,1.12064,1.24475,0.827552,1.10695,1.40134,1.16396,0.56661,0.942073,1.73438,1.24601,1.25693,1.11063,1.56895,1.35283,1.30062,1.42949,1.27829,1.42251,1.44251,1.41479
2924.119782,1.27919,1.31233,1.29601,1.22474,1.38346,1.37952,1.52336,1.41649,1.29871,1.16576,1.05268,1.10804,1.7404,1.40565,0.837555,0.873817,1.41955,1.44219,1.40055,1.30542,1.48829,1.28311,1.12112,1.2526,0.827943,1.10804,1.39287,1.17424,0.565381,0.943031,1.76899,1.24673,1.27539,1.12281,1.57783,1.36162,1.29408,1.43986,1.26501,1.42372,1.45581,1.40589
2925.714176,1.28654,1.30456,1.30989,1.24661,1.37536,1.36837,1.54271,1.41783,1.28133,1.16492,1.06049,1.11128,1.74289,1.4193,0.838591,0.881371,1.43081,1.42993,1.39981,1.31195,1.48247,1.27544,1.12079,1.26326,0.828274,1.11128,1.3758,1.19051,0.565211,0.942574,1.81012,1.25366,1.29451,1.13333,1.57952,1.3828,1.29245,1.45497,1.2578,1.42533,1.4572,1.40363
2927.31031,1.28638,1.29614,1.31694,1.26512,1.36747,1.35692,1.5424,1.42628,1.27927,1.1648,1.06096,1.1112,1.72034,1.43339,0.838856,0.884872,1.43521,1.4253,1.40457,1.31446,1.4785,1.26761,1.11843,1.26825,0.828972,1.1112,1.35049,1.19797,0.565608,0.939035,1.82865,1.2625,1.30902,1.13641,1.5983,1.39603,1.29788,1.4606,1.26328,1.42738,1.45285,1.39611
2928.908187,1.2835,1.29516,1.31428,1.27456,1.37043,1.35469,1.53457,1.44057,1.28881,1.16885,1.05428,1.11873,1.70008,1.43334,0.838802,0.888567,1.43896,1.43384,1.40165,1.3117,1.48427,1.25483,1.11862,1.27547,0.829752,1.11873,1.34619,1.19699,0.56686,0.939179,1.83426,1.26916,1.32253,1.13577,1.61107,1.40046,1.30942,1.46662,1.27738,1.43418,1.44903,1.38214
2930.507809,1.28106,1.29619,1.30784,1.27286,1.37134,1.35601,1.52708,1.45039,1.29093,1.17441,1.04629,1.12853,1.68968,1.41521,0.83819,0.891624,1.4473,1.4412,1.38875,1.30439,1.48557,1.24635,1.11773,1.28249,0.828972,1.12853,1.34508,1.19377,0.567974,0.942391,1.81507,1.27128,1.32597,1.13418,1.59186,1.3975,1.31998,1.47214,1.28586,1.4354,1.44093,1.37395
2932.10918,1.27989,1.30074,1.30881,1.27122,1.36828,1.35495,1.52218,1.45667,1.2958,1.17554,1.04661,1.13609,1.6714,1.40714,0.83951,0.894411,1.46035,1.45107,1.378,1.29521,1.48637,1.24825,1.11681,1.28996,0.828841,1.13609,1.35173,1.18866,0.567511,0.948541,1.79118,1.26908,1.31816,1.13731,1.56533,1.39458,1.32508,1.47441,1.28977,1.44334,1.42381,1.3733
2933.712301,1.27394,1.30902,1.31743,1.27019,1.35855,1.34688,1.52018,1.4592,1.30733,1.1768,1.0496,1.1378,1.65424,1.39831,0.838567,0.895365,1.46792,1.45609,1.36827,1.28782,1.47723,1.24367,1.1179,1.29351,0.831144,1.1378,1.36276,1.17998,0.56772,0.955916,1.75862,1.2575,1.30941,1.14117,1.54025,1.38519,1.3229,1.4735,1.2917,1.44465,1.40393,1.37506
2935.317177,1.27564,1.32113,1.32314,1.27591,1.34891,1.34957,1.52327,1.45419,1.32427,1.18252,1.05171,1.14046,1.66363,1.38587,0.836279,0.897201,1.46967,1.45696,1.37507,1.28629,1.46956,1.2328,1.12364,1.29203,0.834292,1.14046,1.36451,1.17666,0.570577,0.963739,1.74021,1.24266,1.30834,1.13858,1.52059,1.37762,1.32725,1.47032,1.29011,1.43746,1.40191,1.38308
2936.923809,1.27364,1.33038,1.31733,1.27809,1.3434,1.35208,1.51635,1.44788,1.3381,1.18335,1.053,1.1396,1.66374,1.37653,0.834265,0.898653,1.45759,1.45089,1.38933,1.27916,1.4615,1.22147,1.12482,1.28826,0.834936,1.1396,1.35611,1.17254,0.574542,0.968165,1.7233,1.23341,1.30312,1.13724,1.49938,1.37703,1.32921,1.45407,1.28041,1.42369,1.4133,1.38923
2938.532201,1.27385,1.33408,1.31302,1.28135,1.3487,1.34308,1.51113,1.44941,1.34187,1.18036,1.0518,1.13704,1.65922,1.37258,0.832994,0.897952,1.44266,1.44964,1.39632,1.27527,1.45402,1.22126,1.12656,1.28697,0.835996,1.13704,1.35392,1.16844,0.577886,0.970105,1.70263,1.2298,1.30155,1.13757,1.47594,1.37541,1.33061,1.43867,1.28292,1.41139,1.42023,1.39878
2940.142356,1.27453,1.33502,1.31538,1.28139,1.35438,1.33508,1.51193,1.4465,1.34305,1.1705,1.04929,1.13593,1.65462,1.36481,0.832467,0.895178,1.43377,1.44308,1.39008,1.27388,1.44923,1.22857,1.12582,1.27792,0.837931,1.13593,1.35676,1.16465,0.579859,0.97104,1.68088,1.22351,1.30289,1.13676,1.46694,1.369,1.32783,1.427,1.29165,1.40338,1.41471,1.40325
2941.754276,1.27346,1.33514,1.32002,1.27974,1.36544,1.34846,1.5224,1.44037,1.35003,1.16909,1.05289,1.13681,1.6615,1.37569,0.835381,0.893773,1.43758,1.43921,1.37827,1.2823,1.45324,1.23972,1.12748,1.26899,0.837784,1.13681,1.35382,1.16326,0.580989,0.972682,1.66027,1.21533,1.3027,1.13757,1.47122,1.36474,1.32733,1.43431,1.29386,1.40103,1.42011,1.39854
2943.367964,1.27427,1.32378,1.3277,1.2823,1.38051,1.3645,1.5279,1.42715,1.3417,1.17401,1.05892,1.13261,1.67645,1.3897,0.838992,0.890287,1.44034,1.43533,1.36533,1.29214,1.46565,1.2455,1.13035,1.2699,0.837599,1.13261,1.34386,1.16253,0.581963,0.976363,1.63262,1.21064,1.30102,1.13755,1.4681,1.35774,1.32832,1.44481,1.2889,1.3974,1.43334,1.394
2944.983424,1.28112,1.31118,1.33757,1.29085,1.39565,1.37407,1.52641,1.4181,1.32244,1.17223,1.06335,1.12952,1.69465,1.39377,0.841864,0.889937,1.44598,1.4291,1.35958,1.29953,1.48201,1.25327,1.12863,1.28103,0.838418,1.12952,1.34887,1.17131,0.583811,0.98221,1.61568,1.21331,1.29813,1.13813,1.46888,1.35222,1.33015,1.44986,1.27937,1.40205,1.44202,1.40228
2946.600658,1.28941,1.30028,1.34223,1.29794,1.39806,1.3745,1.52018,1.40677,1.30893,1.16657,1.06083,1.13075,1.69015,1.39824,0.842777,0.891938,1.43361,1.42591,1.3586,1.3068,1.49157,1.25529,1.1236,1.28742,0.836305,1.13075,1.35424,1.18159,0.585824,0.982054,1.61564,1.21269,1.29086,1.13324,1.47599,1.34384,1.32635,1.45209,1.26671,1.41436,1.43744,1.40923
2948.21967,1.28941,1.2955,1.35202,1.30284,1.39671,1.37663,1.5127,1.40003,1.3103,1.1709,1.05875,1.12809,1.67361,1.40204,0.845161,0.891967,1.41041,1.43439,1.36597,1.31836,1.50352,1.25456,1.11784,1.28604,0.833825,1.12809,1.35575,1.18579,0.586459,0.97758,1.624,1.21164,1.28041,1.12979,1.49078,1.33995,1.3226,1.45083,1.26855,1.42993,1.42207,1.40838
2949.840461,1.28363,1.29523,1.35397,1.30029,1.39717,1.37595,1.50065,1.39183,1.31977,1.17985,1.05596,1.1211,1.65349,1.39294,0.846872,0.892164,1.39158,1.44998,1.3669,1.31898,1.50952,1.25035,1.11083,1.28124,0.833936,1.1211,1.35186,1.1828,0.586119,0.973483,1.63293,1.21222,1.27272,1.12555,1.50395,1.34104,1.32269,1.44458,1.27995,1.43526,1.40816,1.39872
2951.463036,1.28629,1.30462,1.34977,1.29153,1.3929,1.38002,1.49502,1.38146,1.32483,1.19045,1.04881,1.12348,1.65494,1.38031,0.848335,0.899385,1.39125,1.47259,1.36171,1.31471,1.50978,1.24564,1.10651,1.28532,0.836372,1.12348,1.35031,1.18072,0.585916,0.972939,1.64247,1.21997,1.27277,1.11883,1.51184,1.34957,1.32442,1.45342,1.28472,1.43606,1.41323,1.3994
2953.087396,1.29039,1.31695,1.34934,1.28486,1.37882,1.38224,1.49619,1.37209,1.31603,1.19513,1.04516,1.1307,1.65012,1.3661,0.849025,0.906902,1.39946,1.48491,1.34681,1.31057,1.49936,1.24021,1.10336,1.29134,0.839709,1.1307,1.35798,1.18325,0.585812,0.971766,1.63771,1.22964,1.26772,1.10987,1.50937,1.35548,1.31789,1.46084,1.28336,1.44154,1.41295,1.40951
2954.713546,1.2886,1.33036,1.34696,1.28517,1.36415,1.37587,1.50206,1.36662,1.31316,1.19545,1.05138,1.13508,1.66159,1.36464,0.847906,0.912887,1.41943,1.4834,1.32923,1.30932,1.48923,1.23293,1.10329,1.29372,0.845176,1.13508,1.37749,1.18394,0.585649,0.973215,1.64346,1.23586,1.26267,1.10399,1.50956,1.35855,1.30985,1.45893,1.28796,1.44672,1.40371,1.41672
2956.341487,1.27944,1.33459,1.34398,1.28456,1.35009,1.3621,1.50325,1.365,1.31988,1.19974,1.05728,1.13364,1.69437,1.36283,0.844437,0.915562,1.43509,1.47799,1.31869,1.3062,1.47357,1.22077,1.10557,1.28736,0.849557,1.13364,1.3883,1.17772,0.587005,0.976255,1.66621,1.23485,1.26275,1.10096,1.50287,1.36237,1.30301,1.44788,1.29038,1.44123,1.40014,1.42006
2957.971223,1.27456,1.33957,1.34522,1.29015,1.3502,1.35987,1.4994,1.36596,1.32228,1.20695,1.05982,1.13845,1.72562,1.36631,0.842624,0.917672,1.43815,1.46964,1.32864,1.30271,1.46908,1.21275,1.10974,1.27502,0.853488,1.13845,1.39489,1.17194,0.589862,0.980977,1.70825,1.23176,1.27111,1.10158,1.49626,1.37465,1.30005,1.43325,1.29386,1.43548,1.40473,1.41937
2959.602757,1.26632,1.34245,1.33971,1.29182,1.35347,1.36177,1.49375,1.36967,1.31837,1.20737,1.06121,1.14589,1.74,1.36596,0.84318,0.917885,1.43044,1.45234,1.34551,1.29753,1.4656,1.20835,1.11243,1.26016,0.856197,1.14589,1.39183,1.1634,0.591656,0.982958,1.73456,1.22898,1.27521,1.10626,1.49479,1.38605,1.29265,1.41783,1.3002,1.42766,1.40444,1.4085
2961.236092,1.26247,1.33593,1.34164,1.2956,1.35376,1.35601,1.50929,1.38341,1.31361,1.20002,1.06187,1.15337,1.75515,1.35741,0.846845,0.915746,1.42475,1.44671,1.35725,1.29419,1.45852,1.21409,1.11476,1.25138,0.857912,1.15337,1.39065,1.16074,0.592169,0.986881,1.74291,1.22669,1.27765,1.10819,1.48956,1.38556,1.28807,1.41159,1.31723,1.43089,1.40245,1.3974
2962.871231,1.26427,1.32203,1.34817,1.30153,1.35266,1.3525,1.52702,1.39531,1.30886,1.18903,1.06388,1.1558,1.76782,1.3505,0.85045,0.914314,1.41971,1.44142,1.35947,1.29586,1.45527,1.22065,1.11187,1.24398,0.859907,1.1558,1.39164,1.16362,0.593371,0.990055,1.74007,1.21983,1.27812,1.10409,1.48238,1.37538,1.28787,1.40644,1.33313,1.43963,1.39683,1.3783
2964.508176,1.2683,1.31154,1.3495,1.30691,1.36052,1.36484,1.53716,1.41139,1.30609,1.19023,1.07215,1.15633,1.77411,1.36412,0.853303,0.915309,1.42107,1.43718,1.35777,1.30555,1.47513,1.22821,1.10911,1.24429,0.860966,1.15633,1.38809,1.16265,0.596737,0.991871,1.7283,1.21522,1.28054,1.10551,1.47825,1.36474,1.2953,1.40642,1.34023,1.44124,1.39644,1.36908
2966.146931,1.27339,1.30055,1.35028,1.30842,1.36465,1.36456,1.53427,1.42528,1.29709,1.19009,1.07753,1.15253,1.75587,1.36999,0.855042,0.914032,1.41462,1.42677,1.35004,1.30799,1.50168,1.23484,1.10969,1.25526,0.862223,1.15253,1.38082,1.16061,0.600928,0.993712,1.71359,1.21678,1.28286,1.11136,1.46721,1.35535,1.29904,1.40627,1.33325,1.43704,1.39408,1.37015
2967.787499,1.28362,1.29644,1.36297,1.31817,1.36256,1.36432,1.51822,1.43794,1.29236,1.18549,1.07685,1.15116,1.72361,1.36824,0.857451,0.91195,1.3984,1.414,1.35072,1.30066,1.51237,1.24149,1.10621,1.26443,0.864397,1.15116,1.38327,1.16298,0.604339,0.992288,1.71224,1.22086,1.28283,1.11466,1.46583,1.34893,1.30282,1.4153,1.32152,1.43879,1.38063,1.37305
2969.429883,1.28836,1.29452,1.37755,1.32718,1.35653,1.36307,1.50637,1.43801,1.29411,1.18407,1.07461,1.14515,1.68934,1.37092,0.859315,0.909949,1.37166,1.40492,1.35808,1.29114,1.50242,1.24543,1.09603,1.26915,0.863245,1.14515,1.38295,1.16112,0.605938,0.98651,1.70765,1.21962,1.27671,1.11651,1.47457,1.33644,1.30286,1.42393,1.31344,1.4366,1.36012,1.37062
2971.074086,1.28938,1.29752,1.39208,1.33073,1.35062,1.36079,1.50173,1.43601,1.29613,1.18793,1.07478,1.13291,1.66087,1.36799,0.860679,0.909263,1.35548,1.40994,1.36268,1.29328,1.492,1.24789,1.09221,1.27727,0.862267,1.13291,1.37892,1.15988,0.606376,0.982917,1.70898,1.22002,1.27005,1.12133,1.47992,1.32754,1.3027,1.42918,1.31195,1.43841,1.35211,1.36815
2972.72011,1.29501,1.30232,1.39915,1.33074,1.34172,1.35625,1.49131,1.43082,1.29793,1.19069,1.07419,1.12307,1.63106,1.35653,0.861509,0.913085,1.35826,1.42073,1.35718,1.29372,1.47837,1.24766,1.09103,1.28287,0.864949,1.12307,1.37045,1.15842,0.607428,0.980187,1.70167,1.22058,1.2686,1.12369,1.4712,1.32365,1.30736,1.42756,1.30628,1.43787,1.36088,1.36398
2974.36796,1.30679,1.31034,1.39971,1.33342,1.3343,1.35145,1.48003,1.42003,1.305,1.19193,1.07541,1.12334,1.61437,1.36011,0.860891,0.918506,1.37676,1.43282,1.3538,1.29717,1.46355,1.24871,1.08776,1.28516,0.869898,1.12334,1.36602,1.15698,0.609278,0.981105,1.67811,1.21934,1.2695,1.12382,1.47003,1.32776,1.30878,1.43216,1.29704,1.4372,1.38033,1.36971
2976.017637,1.30854,1.31353,1.38743,1.3371,1.33252,1.34408,1.47312,1.40778,1.30833,1.19459,1.07698,1.124,1.6108,1.37263,0.860237,0.918371,1.39332,1.4455,1.34832,1.303,1.44602,1.24493,1.0873,1.28111,0.873469,1.124,1.37036,1.15556,0.611002,0.987683,1.63957,1.21532,1.2655,1.1238,1.47596,1.32612,1.30016,1.43376,1.29324,1.44239,1.38295,1.3747
2977.669145,1.30056,1.3142,1.37223,1.34159,1.33278,1.34145,1.48134,1.39889,1.31042,1.19951,1.07729,1.11986,1.63715,1.38652,0.862165,0.915547,1.41379,1.45793,1.34196,1.30623,1.43937,1.23658,1.09214,1.27643,0.875925,1.11986,1.3737,1.15321,0.611958,0.996245,1.61912,1.21216,1.26802,1.12688,1.47701,1.32715,1.29705,1.43462,1.29877,1.44559,1.3833,1.37928
2979.322487,1.28966,1.3134,1.36539,1.341,1.33486,1.33514,1.48584,1.39157,1.30799,1.19885,1.07717,1.1203,1.65874,1.39021,0.864658,0.914197,1.42565,1.46449,1.34244,1.30308,1.42913,1.23205,1.09395,1.27021,0.875251,1.1203,1.36585,1.15289,0.613015,0.999649,1.62185,1.20582,1.26972,1.13079,1.46902,1.33626,1.30008,1.43613,1.29957,1.44521,1.39057,1.38236
2980.977666,1.28329,1.3216,1.36435,1.34161,1.34627,1.3394,1.4839,1.38568,1.30848,1.19988,1.07838,1.1308,1.67514,1.38818,0.866785,0.916915,1.42941,1.46913,1.3607,1.30092,1.4255,1.23518,1.09665,1.2614,0.875162,1.1308,1.35845,1.15511,0.614754,1.00347,1.63905,1.20383,1.27221,1.13503,1.46796,1.34549,1.30796,1.4346,1.30393,1.44447,1.40112,1.38485
2982.634685,1.27537,1.3264,1.35855,1.34222,1.35377,1.35139,1.48836,1.38153,1.31284,1.20363,1.07844,1.14091,1.70251,1.38008,0.869107,0.919706,1.42283,1.4691,1.37501,1.29945,1.42014,1.23383,1.10114,1.24914,0.876194,1.14091,1.3489,1.15453,0.616064,1.00834,1.65071,1.2036,1.27544,1.13376,1.46898,1.34813,1.31042,1.42506,1.30879,1.43911,1.40781,1.37969
2984.293548,1.27068,1.31939,1.35675,1.33943,1.35423,1.35032,1.5113,1.38529,1.31854,1.20616,1.08149,1.14965,1.72868,1.37764,0.871686,0.921439,1.41102,1.47766,1.38364,1.3033,1.4186,1.23207,1.10394,1.24233,0.876895,1.14965,1.34699,1.15593,0.617722,1.01516,1.66225,1.20232,1.28218,1.13226,1.46895,1.34716,1.31137,1.41716,1.31205,1.44389,1.41219,1.37243
2985.954257,1.26736,1.31254,1.35242,1.3285,1.35624,1.34633,1.52455,1.38773,1.31634,1.20213,1.08583,1.15778,1.73479,1.37699,0.87088,0.923401,1.40327,1.4797,1.38711,1.30453,1.4275,1.22793,1.10325,1.23411,0.876921,1.15778,1.34745,1.15824,0.620947,1.01892,1.67493,1.20425,1.28837,1.13162,1.46447,1.34675,1.31143,1.4091,1.31236,1.44491,1.41095,1.36511
2987.616815,1.26698,1.3212,1.34739,1.32004,1.36133,1.352,1.52407,1.39541,1.31234,1.19793,1.09075,1.16834,1.73546,1.37859,0.869317,0.927142,1.40795,1.47502,1.39129,1.29689,1.45085,1.22437,1.10419,1.22623,0.877969,1.16834,1.34674,1.1567,0.624986,1.02165,1.68452,1.21064,1.2918,1.13632,1.45703,1.34939,1.30814,1.39929,1.31145,1.44203,1.40518,1.36526
2989.281225,1.26646,1.3267,1.34758,1.31656,1.36035,1.35359,1.51006,1.40189,1.30878,1.19457,1.09223,1.17574,1.72548,1.3732,0.86738,0.929576,1.41323,1.46568,1.39495,1.2855,1.46519,1.21693,1.10694,1.22543,0.87995,1.17574,1.34289,1.15469,0.628034,1.02267,1.68414,1.21739,1.28833,1.13927,1.45597,1.34773,1.3018,1.39174,1.30939,1.44178,1.39316,1.35852
2990.947491,1.27253,1.33031,1.35368,1.3204,1.36095,1.35833,1.49117,1.41381,1.30889,1.19464,1.09194,1.18274,1.71517,1.36982,0.869729,0.931274,1.41253,1.45092,1.40097,1.27432,1.46662,1.2104,1.10839,1.23333,0.883608,1.18274,1.34242,1.15346,0.63016,1.02005,1.68767,1.22668,1.28666,1.13906,1.46355,1.34765,1.30175,1.40435,1.31639,1.44298,1.37872,1.35611
2992.615616,1.27684,1.33262,1.35692,1.32142,1.36295,1.35822,1.47653,1.42431,1.30603,1.19239,1.09218,1.18433,1.70419,1.36643,0.871597,0.932921,1.4056,1.43511,1.40266,1.2714,1.45971,1.21116,1.10297,1.24256,0.88461,1.18433,1.3394,1.15075,0.632504,1.01758,1.67152,1.23245,1.28158,1.13374,1.46128,1.34371,1.30163,1.40848,1.32615,1.43958,1.36864,1.35792
2994.285602,1.28081,1.33475,1.36323,1.32176,1.35929,1.35353,1.46354,1.42833,1.3026,1.19088,1.09351,1.18148,1.69763,1.35595,0.869728,0.93643,1.40507,1.43104,1.3979,1.28369,1.46342,1.2089,1.1029,1.25057,0.884928,1.18148,1.33095,1.15379,0.635807,1.01943,1.6586,1.22974,1.27591,1.12732,1.45201,1.33598,1.3026,1.40515,1.33208,1.44452,1.37455,1.35907
2995.957453,1.28532,1.33462,1.36421,1.32698,1.34643,1.35206,1.44629,1.42347,1.30199,1.18902,1.09308,1.17617,1.67844,1.34149,0.868649,0.940566,1.4044,1.43164,1.38908,1.29154,1.4706,1.20122,1.1022,1.24914,0.886045,1.17617,1.32654,1.15612,0.639059,1.02003,1.6523,1.22059,1.27446,1.12602,1.44538,1.32513,1.30316,1.40061,1.33524,1.44863,1.37714,1.35728
2997.631173,1.29211,1.33217,1.35197,1.33243,1.33262,1.34715,1.43729,1.41643,1.30498,1.18887,1.09653,1.17284,1.65162,1.34241,0.868465,0.941413,1.40802,1.44067,1.38224,1.29766,1.47926,1.20001,1.09907,1.24379,0.890679,1.17284,1.33113,1.15874,0.641308,1.02323,1.64949,1.21322,1.27766,1.13163,1.4529,1.32267,1.30228,1.40475,1.33611,1.44714,1.37009,1.3523
2999.306763,1.29658,1.32498,1.33456,1.33474,1.32051,1.34015,1.43997,1.41153,1.29911,1.19093,1.09877,1.16684,1.63904,1.34847,0.868204,0.939938,1.40675,1.45394,1.36185,1.29907,1.48384,1.20002,1.10021,1.2368,0.894552,1.16684,1.34238,1.16063,0.642894,1.02932,1.64207,1.20846,1.28029,1.13456,1.456,1.32049,1.29876,1.41274,1.33517,1.44427,1.35509,1.33923
3000.984228,1.29666,1.32138,1.33298,1.34008,1.30928,1.33909,1.45795,1.41537,1.28698,1.19393,1.10125,1.1628,1.63481,1.34996,0.870995,0.938653,1.40379,1.46284,1.34681,1.29763,1.48538,1.20721,1.10095,1.23309,0.896967,1.1628,1.35265,1.16098,0.644247,1.03165,1.64351,1.21068,1.28814,1.1379,1.44805,1.32069,1.30057,1.42239,1.33102,1.44581,1.35569,1.33341
3002.66357,1.29512,1.31877,1.34216,1.33929,1.30178,1.33189,1.47017,1.41519,1.28422,1.19627,1.10484,1.16665,1.6276,1.34383,0.874046,0.938805,1.40236,1.45781,1.3453,1.29591,1.47925,1.21955,1.09749,1.22913,0.900512,1.16665,1.3567,1.16222,0.646003,1.02696,1.65704,1.21091,1.29885,1.14005,1.44559,1.32035,1.3039,1.42636,1.32077,1.44214,1.36823,1.3362
3004.344792,1.29425,1.3182,1.35012,1.33789,1.30341,1.32823,1.47579,1.4104,1.29423,1.20674,1.10721,1.17454,1.64212,1.33511,0.876868,0.939975,1.39676,1.45249,1.34864,1.29735,1.48007,1.23059,1.0946,1.2265,0.908166,1.17454,1.36196,1.16332,0.648057,1.0248,1.67294,1.21067,1.31527,1.13892,1.45362,1.318,1.30805,1.42014,1.31378,1.43486,1.38172,1.3438
3006.027899,1.28496,1.31606,1.35169,1.33757,1.30389,1.32845,1.4793,1.40051,1.3004,1.21927,1.10853,1.17651,1.65722,1.3353,0.88014,0.939755,1.3804,1.44753,1.34552,1.29797,1.47656,1.23584,1.09355,1.22421,0.915563,1.17651,1.36451,1.16031,0.64996,1.02821,1.70281,1.20979,1.32698,1.1354,1.45514,1.31066,1.30321,1.40991,1.30603,1.42755,1.39506,1.34576
3007.712892,1.27519,1.30919,1.35406,1.33204,1.3067,1.32765,1.48473,1.38691,1.30251,1.22369,1.1125,1.17768,1.66222,1.34568,0.882888,0.940145,1.36817,1.44385,1.34737,1.2998,1.4699,1.24361,1.0944,1.22609,0.919291,1.17768,1.36486,1.15543,0.651986,1.03316,1.74499,1.20798,1.33654,1.14121,1.45137,1.3023,1.2908,1.40301,1.29591,1.4216,1.408,1.34671
3009.399775,1.26639,1.30773,1.35358,1.32215,1.31259,1.32818,1.4839,1.37805,1.29852,1.21747,1.11564,1.18406,1.67222,1.34981,0.884935,0.939848,1.36275,1.44512,1.35077,1.29304,1.46684,1.24827,1.09331,1.2264,0.920095,1.18406,1.36232,1.15268,0.653532,1.03748,1.76156,1.20588,1.33838,1.14856,1.4426,1.29727,1.27283,1.39177,1.28625,1.42079,1.4129,1.34887
3011.088552,1.26078,1.3162,1.35249,1.32191,1.32162,1.32811,1.48775,1.37878,1.29324,1.2112,1.1192,1.19714,1.69206,1.35366,0.890234,0.939981,1.36228,1.44578,1.35698,1.28523,1.4636,1.24875,1.09288,1.22731,0.923711,1.19714,1.36493,1.15079,0.6542,1.04219,1.76061,1.20705,1.32933,1.15339,1.43055,1.29759,1.26372,1.38545,1.28896,1.43668,1.40425,1.35362
3012.779225,1.25302,1.3187,1.34803,1.3181,1.33331,1.32662,1.48753,1.38261,1.28984,1.20636,1.12085,1.20821,1.69822,1.35278,0.89565,0.938771,1.37433,1.43415,1.35795,1.28643,1.45559,1.24352,1.09046,1.23098,0.924756,1.20821,1.3667,1.14365,0.655068,1.04526,1.74619,1.20875,1.3166,1.15569,1.42247,1.29635,1.26856,1.38426,1.29827,1.45346,1.39017,1.36061
3014.471797,1.24815,1.32201,1.34246,1.30963,1.34354,1.3286,1.48536,1.39496,1.28859,1.201,1.12391,1.21304,1.70631,1.35358,0.903432,0.938352,1.38512,1.4193,1.35544,1.29379,1.44739,1.23799,1.08628,1.23933,0.921777,1.21304,1.36423,1.13461,0.657257,1.05027,1.7304,1.21045,1.31606,1.15667,1.42424,1.30245,1.27596,1.39174,1.30744,1.46349,1.38621,1.37326
3016.166273,1.24185,1.3263,1.34102,1.30899,1.34337,1.33066,1.48291,1.40203,1.28802,1.19193,1.12763,1.21495,1.71275,1.35921,0.907664,0.940868,1.38615,1.40727,1.35073,1.30163,1.43476,1.22848,1.08078,1.24773,0.916988,1.21495,1.35487,1.12751,0.660648,1.05425,1.71044,1.20925,1.31975,1.15112,1.42722,1.30854,1.27775,1.39461,1.31088,1.47309,1.38517,1.3831
3017.862654,1.23535,1.33499,1.34899,1.31826,1.34488,1.33168,1.48503,1.39535,1.288,1.18226,1.13109,1.21532,1.71184,1.36412,0.908012,0.947708,1.3857,1.41125,1.35003,1.30896,1.42429,1.21267,1.08166,1.25561,0.913034,1.21532,1.34995,1.12486,0.663794,1.05885,1.70173,1.20742,1.32224,1.15048,1.43079,1.31196,1.28428,1.40128,1.30867,1.48548,1.38383,1.38806
3019.560945,1.23721,1.33895,1.35216,1.32619,1.34289,1.33293,1.4965,1.38603,1.28967,1.17068,1.13127,1.21314,1.69921,1.3644,0.909006,0.954385,1.38541,1.42002,1.34903,1.30986,1.41699,1.19646,1.08125,1.25738,0.909732,1.21314,1.34802,1.11885,0.665659,1.06249,1.69637,1.21382,1.32818,1.15446,1.43304,1.31772,1.29057,1.40617,1.30218,1.48919,1.37503,1.38349
3021.261148,1.24483,1.33857,1.3466,1.32661,1.33338,1.32945,1.51152,1.38464,1.29348,1.16633,1.13534,1.21272,1.67994,1.3667,0.910457,0.960039,1.3889,1.43039,1.34613,1.31162,1.41658,1.1873,1.08166,1.25363,0.908433,1.21272,1.34501,1.1115,0.667625,1.06604,1.69022,1.22484,1.33741,1.15882,1.43493,1.32645,1.29842,1.40441,1.29929,1.48994,1.35721,1.37345
3022.963267,1.24734,1.33497,1.34339,1.32508,1.32224,1.32182,1.5193,1.3922,1.29123,1.16455,1.14182,1.2068,1.6548,1.37362,0.910246,0.965423,1.3894,1.43788,1.33967,1.31149,1.42235,1.18263,1.08558,1.24435,0.905822,1.2068,1.3483,1.10808,0.670736,1.06638,1.67196,1.2289,1.34128,1.15789,1.42895,1.33408,1.30594,1.39619,1.30121,1.48569,1.33717,1.36451
3024.667305,1.25411,1.32597,1.3504,1.32702,1.31769,1.32706,1.52446,1.40515,1.29117,1.16364,1.14981,1.20227,1.63443,1.38157,0.912254,0.969362,1.38743,1.4434,1.34891,1.3107,1.43143,1.18916,1.08635,1.24189,0.906758,1.20227,1.35432,1.11115,0.674335,1.06486,1.65224,1.23235,1.34334,1.15569,1.42639,1.34009,1.31056,1.38832,1.30876,1.48137,1.33685,1.36383
3026.373265,1.2644,1.31196,1.35901,1.32402,1.31364,1.33403,1.52076,1.40392,1.29551,1.16767,1.15294,1.20164,1.62413,1.38084,0.913439,0.96988,1.3856,1.44128,1.35834,1.30892,1.43563,1.19639,1.0839,1.24192,0.91118,1.20164,1.35634,1.11813,0.677533,1.06717,1.64233,1.22978,1.34624,1.14949,1.43019,1.34121,1.31002,1.38189,1.31712,1.46666,1.3423,1.36169
3028.081151,1.27393,1.30221,1.36074,1.32114,1.31167,1.33997,1.51043,1.39484,1.29841,1.17721,1.15329,1.20274,1.62128,1.37633,0.912843,0.971556,1.38398,1.44296,1.36054,1.30613,1.44429,1.20285,1.08469,1.24156,0.916356,1.20274,1.35508,1.12484,0.679951,1.07291,1.64993,1.22288,1.34687,1.1412,1.42988,1.34128,1.31421,1.3823,1.32481,1.44917,1.3409,1.36038
3029.790965,1.27837,1.29487,1.35256,1.32034,1.31115,1.34366,1.49367,1.38761,1.2932,1.18259,1.15546,1.20186,1.60806,1.37981,0.911053,0.97415,1.38018,1.44503,1.3609,1.29742,1.45089,1.21007,1.08718,1.24039,0.921666,1.20186,1.34869,1.12913,0.681811,1.07607,1.67277,1.21129,1.33608,1.13332,1.42403,1.33333,1.31636,1.38067,1.32783,1.43415,1.34115,1.35833
3031.502711,1.28448,1.28734,1.34437,1.32018,1.31154,1.34552,1.47514,1.38991,1.27934,1.18422,1.15894,1.20282,1.60986,1.38242,0.908089,0.975857,1.38012,1.45228,1.36356,1.29219,1.45296,1.22017,1.0909,1.24216,0.927869,1.20282,1.34325,1.13582,0.682298,1.07456,1.69538,1.19898,1.32405,1.13115,1.42274,1.3227,1.31406,1.37582,1.33007,1.43966,1.34714,1.35671
3033.216393,1.28995,1.28262,1.33498,1.3179,1.30875,1.34194,1.45254,1.39303,1.26592,1.18511,1.1584,1.20589,1.62786,1.37799,0.905461,0.973767,1.3781,1.45922,1.35893,1.2887,1.45438,1.22392,1.0938,1.24057,0.932315,1.20589,1.33923,1.14364,0.680733,1.07092,1.69301,1.19056,1.30891,1.13242,1.41826,1.31404,1.3065,1.37665,1.33188,1.46634,1.34538,1.34893
3034.932013,1.28863,1.28104,1.3251,1.31589,1.30711,1.33836,1.44159,1.39312,1.26216,1.18859,1.15538,1.21434,1.64305,1.37442,0.905931,0.971079,1.37812,1.45573,1.34975,1.28596,1.4574,1.22102,1.09695,1.23681,0.936676,1.21434,1.34156,1.1497,0.678356,1.06808,1.69001,1.18843,1.29161,1.1335,1.40828,1.30635,1.30255,1.38643,1.33979,1.49415,1.34032,1.34342
3036.649575,1.28236,1.27791,1.31317,1.30459,1.30127,1.33686,1.44395,1.39119,1.26079,1.19324,1.14906,1.22165,1.65278,1.36734,0.906716,0.966172,1.38006,1.4407,1.34289,1.28118,1.46264,1.2135,1.09694,1.23108,0.937129,1.22165,1.34284,1.1507,0.677513,1.06394,1.69216,1.18703,1.27915,1.13025,1.3969,1.29708,1.30021,1.39652,1.34364,1.50374,1.34229,1.34552
3038.369082,1.2761,1.28548,1.31243,1.29996,1.29448,1.33617,1.44744,1.3951,1.25783,1.19536,1.14449,1.22711,1.66197,1.36292,0.908933,0.963398,1.37008,1.43136,1.34424,1.27632,1.46605,1.2091,1.09471,1.23134,0.935306,1.22711,1.33908,1.14924,0.677882,1.06074,1.69975,1.18804,1.27609,1.12478,1.39047,1.29219,1.29332,1.41763,1.33681,1.5065,1.3555,1.34903
3040.090538,1.26506,1.29821,1.32454,1.30982,1.294,1.33399,1.44693,1.38846,1.25482,1.19215,1.13911,1.23304,1.66007,1.36491,0.909567,0.965863,1.35857,1.4242,1.34415,1.26354,1.46023,1.20489,1.0951,1.23432,0.934978,1.23304,1.33685,1.14469,0.677566,1.05593,1.7011,1.19065,1.27269,1.11665,1.38612,1.28825,1.28492,1.44133,1.32127,1.50413,1.36591,1.35138
3041.813945,1.2542,1.31237,1.34301,1.32211,1.30196,1.33149,1.4525,1.37416,1.25876,1.19065,1.13541,1.23849,1.65796,1.3618,0.909713,0.970765,1.35729,1.4281,1.34225,1.25067,1.45258,1.20468,1.09718,1.23211,0.935971,1.23849,1.33782,1.13909,0.675806,1.05482,1.69117,1.19514,1.26654,1.11213,1.38414,1.29007,1.28347,1.45947,1.30698,1.50092,1.37403,1.34765
3043.539307,1.24762,1.31953,1.35102,1.32627,1.30197,1.32524,1.46561,1.36533,1.26998,1.19019,1.13466,1.23846,1.6594,1.35095,0.908387,0.97245,1.35764,1.42892,1.33909,1.24879,1.44654,1.20561,1.09506,1.23057,0.933663,1.23846,1.33771,1.13067,0.673728,1.05672,1.67348,1.20278,1.26214,1.10887,1.38164,1.29422,1.27647,1.46265,1.29988,1.49226,1.37212,1.34148
3045.266628,1.24205,1.31969,1.35118,1.32882,1.29646,1.31517,1.47575,1.36673,1.27925,1.18995,1.13918,1.23517,1.65656,1.34926,0.906143,0.973357,1.35278,1.42797,1.33601,1.25241,1.4411,1.20975,1.09373,1.23219,0.929418,1.23517,1.33892,1.12635,0.67303,1.05746,1.6707,1.20982,1.25824,1.10643,1.3856,1.29852,1.27103,1.45558,1.30539,1.48275,1.36105,1.34429
3046.995911,1.23459,1.31172,1.3515,1.33144,1.29535,1.30679,1.47107,1.37423,1.28055,1.18615,1.14482,1.22983,1.6389,1.35702,0.904347,0.973605,1.3495,1.43156,1.33115,1.25068,1.44042,1.21455,1.09132,1.23356,0.92705,1.22983,1.34168,1.12716,0.673043,1.05508,1.65451,1.21004,1.25214,1.10179,1.39871,1.30096,1.27095,1.44011,1.31015,1.46967,1.35302,1.34653
3048.727158,1.23404,1.29965,1.3546,1.33239,1.30023,1.30614,1.46916,1.38086,1.27882,1.18107,1.14726,1.22786,1.62285,1.36029,0.905503,0.974597,1.34765,1.43488,1.33207,1.25342,1.44404,1.22131,1.08937,1.24155,0.928134,1.22786,1.34631,1.12931,0.672982,1.059,1.63203,1.20893,1.25403,1.09459,1.41435,1.30124,1.27264,1.4267,1.31092,1.45277,1.35819,1.34707
3050.460375,1.23417,1.29177,1.35472,1.32848,1.303,1.30751,1.46804,1.37404,1.27101,1.18033,1.14666,1.22689,1.61312,1.35894,0.906841,0.974459,1.34596,1.42852,1.3342,1.261,1.43898,1.22727,1.09053,1.24529,0.928624,1.22689,1.35022,1.12885,0.672966,1.06976,1.63484,1.20501,1.26113,1.08861,1.41974,1.30059,1.27627,1.4192,1.31134,1.43225,1.35871,1.34175
3052.195562,1.23708,1.29348,1.34421,1.32904,1.30771,1.31478,1.46665,1.36877,1.26547,1.18372,1.14792,1.22461,1.62318,1.35957,0.905828,0.976089,1.35256,1.42069,1.33406,1.26905,1.43969,1.23393,1.09347,1.24082,0.928838,1.22461,1.35105,1.12996,0.672827,1.0772,1.6578,1.19917,1.26538,1.08821,1.42245,1.30379,1.28703,1.41618,1.31267,1.4237,1.35326,1.33824
3053.932726,1.24085,1.29443,1.3264,1.32686,1.31384,1.31678,1.47016,1.37081,1.2562,1.18405,1.1485,1.21804,1.64024,1.35739,0.90414,0.975182,1.36521,1.41949,1.33225,1.27806,1.43833,1.23714,1.09236,1.2326,0.928513,1.21804,1.34937,1.12935,0.671708,1.07876,1.66868,1.18987,1.26328,1.08941,1.42976,1.30611,1.29495,1.40623,1.31247,1.4205,1.34945,1.33647
3055.671867,1.24654,1.2936,1.3213,1.31775,1.31251,1.31342,1.47346,1.37801,1.24079,1.18617,1.14812,1.20944,1.66125,1.35543,0.901865,0.970124,1.37962,1.43147,1.32911,1.29613,1.42458,1.23611,1.09158,1.22544,0.927905,1.20944,1.34591,1.12995,0.668834,1.07645,1.67764,1.18146,1.26408,1.09144,1.43684,1.30733,1.29764,1.39513,1.31419,1.43215,1.34817,1.33801
3057.412991,1.25315,1.29211,1.32394,1.30372,1.30222,1.31144,1.46304,1.38454,1.23223,1.18678,1.14257,1.20323,1.67189,1.35499,0.898945,0.965122,1.39059,1.4364,1.32114,1.30711,1.40984,1.22703,1.09192,1.21828,0.924751,1.20323,1.34008,1.13321,0.665046,1.0719,1.68421,1.17754,1.26558,1.09334,1.43411,1.30449,1.29187,1.38419,1.31713,1.45025,1.34515,1.33779
3059.1561,1.25536,1.29347,1.3238,1.29397,1.28913,1.31437,1.46212,1.39633,1.23707,1.18662,1.13711,1.19972,1.67846,1.35974,0.898074,0.960706,1.39639,1.42818,1.31781,1.30816,1.40958,1.21509,1.09184,1.21753,0.921492,1.19972,1.33812,1.13658,0.662305,1.0674,1.69649,1.18141,1.26559,1.09284,1.42978,1.30326,1.28312,1.37503,1.32304,1.4612,1.34388,1.33782
3060.901197,1.25608,1.29513,1.32197,1.28513,1.27711,1.32001,1.47569,1.4104,1.24435,1.18654,1.13312,1.1955,1.68139,1.36531,0.899233,0.951601,1.39283,1.42032,1.32626,1.3057,1.41335,1.20551,1.08736,1.22071,0.917576,1.1955,1.33445,1.13681,0.660955,1.05888,1.70776,1.18915,1.26225,1.08715,1.42786,1.30219,1.27132,1.37062,1.32245,1.4635,1.34232,1.3371
3062.648287,1.25729,1.30537,1.33031,1.28409,1.28042,1.33067,1.47843,1.42062,1.25307,1.18513,1.12904,1.19325,1.67303,1.36901,0.900878,0.943383,1.39074,1.42549,1.33612,1.29881,1.41444,1.2019,1.08173,1.22744,0.913471,1.19325,1.33646,1.13457,0.659128,1.05039,1.71226,1.19671,1.25668,1.08154,1.42574,1.29764,1.26012,1.3755,1.31128,1.46737,1.34313,1.33411
3064.397372,1.25584,1.31589,1.34196,1.28642,1.28966,1.33652,1.48034,1.4152,1.26078,1.18243,1.1209,1.19252,1.65681,1.37074,0.89871,0.938284,1.39346,1.43011,1.33409,1.28365,1.41747,1.1983,1.07747,1.22836,0.909883,1.19252,1.34534,1.12916,0.655529,1.04523,1.70739,1.19634,1.24569,1.07565,1.42128,1.28876,1.25252,1.38111,1.29584,1.46636,1.34661,1.32896
3066.148456,1.2573,1.31852,1.34981,1.28779,1.29061,1.33312,1.48912,1.40834,1.27174,1.18507,1.11578,1.19341,1.64596,1.37394,0.893712,0.934128,1.39724,1.43106,1.33227,1.27668,1.41661,1.1987,1.07196,1.22836,0.905919,1.19341,1.35328,1.12701,0.651137,1.04384,1.70078,1.19407,1.23422,1.07038,1.42022,1.28747,1.24999,1.38812,1.29164,1.46961,1.3477,1.3278
3067.901543,1.25721,1.31118,1.34656,1.28759,1.28722,1.32382,1.49101,1.40475,1.28188,1.18586,1.11254,1.19385,1.64091,1.37591,0.886084,0.929029,1.39271,1.42526,1.33297,1.27756,1.41165,1.19994,1.06669,1.23446,0.900373,1.19385,1.35729,1.12913,0.647182,1.04035,1.69967,1.19814,1.22131,1.0673,1.42529,1.28867,1.24477,1.38667,1.29453,1.46816,1.3383,1.32916
3069.656635,1.25153,1.29771,1.34517,1.28929,1.29072,1.31999,1.48563,1.40162,1.28648,1.18305,1.10688,1.19398,1.63938,1.375,0.879715,0.926409,1.38424,1.42955,1.33102,1.27654,1.41569,1.20386,1.0633,1.24107,0.895937,1.19398,1.3527,1.13003,0.643501,1.03314,1.7001,1.20558,1.20514,1.06564,1.43843,1.28679,1.24307,1.38241,1.29453,1.45945,1.32919,1.33272
3071.413737,1.24193,1.28478,1.34606,1.2845,1.29565,1.32191,1.47255,1.39255,1.28464,1.17932,1.09989,1.19476,1.62188,1.36709,0.875011,0.925014,1.38181,1.43874,1.32666,1.27467,1.42336,1.20712,1.06038,1.24753,0.894322,1.19476,1.34284,1.12796,0.639638,1.0277,1.67698,1.20732,1.19147,1.06266,1.44429,1.28154,1.24484,1.37733,1.28463,1.44803,1.32919,1.33772
3073.172852,1.23996,1.28039,1.34549,1.27787,1.29822,1.32161,1.46625,1.38272,1.28018,1.17569,1.09506,1.19663,1.60346,1.35547,0.872246,0.926068,1.37745,1.44131,1.3247,1.28043,1.43088,1.20732,1.06189,1.25129,0.894472,1.19663,1.3423,1.12731,0.636175,1.02948,1.65739,1.20251,1.19128,1.05973,1.43814,1.27829,1.25023,1.38008,1.27586,1.43845,1.33621,1.33983
3074.933982,1.24199,1.27927,1.33627,1.27976,1.30223,1.32013,1.46349,1.36484,1.27625,1.17072,1.08956,1.19282,1.59937,1.34792,0.869489,0.927841,1.36801,1.4349,1.32303,1.28347,1.43264,1.20732,1.06557,1.24481,0.892922,1.19282,1.34465,1.12547,0.633441,1.03045,1.65884,1.19982,1.19408,1.0578,1.42885,1.27834,1.25649,1.39197,1.27392,1.43031,1.33539,1.33652
3076.697132,1.24488,1.28515,1.31823,1.28475,1.30826,1.32362,1.45735,1.34818,1.27444,1.16679,1.08417,1.18856,1.61718,1.34495,0.865955,0.929863,1.36668,1.42948,1.32542,1.28098,1.44051,1.20984,1.06741,1.23411,0.888898,1.18856,1.34277,1.12359,0.63066,1.02835,1.66525,1.20094,1.19593,1.05669,1.42349,1.28384,1.25957,1.40564,1.27577,1.42786,1.33614,1.33846
3078.462306,1.24329,1.29361,1.30147,1.27974,1.3079,1.31853,1.44918,1.33775,1.26517,1.16407,1.08077,1.18404,1.63325,1.34032,0.86252,0.929168,1.36915,1.42689,1.32468,1.27743,1.44067,1.20681,1.06781,1.22639,0.883813,1.18404,1.33203,1.11954,0.626997,1.02477,1.66322,1.19478,1.19878,1.05338,1.41535,1.28859,1.25933,1.41092,1.27746,1.42348,1.33673,1.34108
3080.229506,1.246,1.29957,1.29764,1.27539,1.29819,1.31281,1.44054,1.33715,1.25469,1.16495,1.07826,1.17789,1.64162,1.34008,0.859375,0.927788,1.3726,1.42791,1.32211,1.2766,1.43239,1.20283,1.07161,1.22407,0.879397,1.17789,1.32132,1.11746,0.623636,1.02038,1.66835,1.19014,1.2034,1.04918,1.40513,1.29353,1.26012,1.41125,1.28539,1.42849,1.33169,1.34518
3081.998736,1.25403,1.30465,1.2976,1.27563,1.2867,1.31298,1.4276,1.34933,1.2504,1.16475,1.07442,1.17043,1.64146,1.34051,0.857763,0.928538,1.37504,1.42382,1.32408,1.27282,1.42587,1.1991,1.0764,1.22192,0.874562,1.17043,1.31533,1.11575,0.621742,1.01553,1.66457,1.19285,1.20503,1.04619,1.39243,1.29776,1.25419,1.40393,1.29416,1.4373,1.32555,1.34441
3083.769999,1.26111,1.31288,1.29662,1.27744,1.28002,1.31512,1.43211,1.37003,1.25025,1.16553,1.07677,1.16441,1.64393,1.34641,0.858016,0.92809,1.37924,1.41469,1.32887,1.27416,1.41992,1.19483,1.07865,1.22151,0.870991,1.16441,1.31709,1.11428,0.621185,1.0109,1.65235,1.19831,1.20433,1.04731,1.38816,1.30337,1.24769,1.3978,1.29975,1.43886,1.32577,1.33643
3085.5433,1.26701,1.31631,1.29528,1.27418,1.27637,1.3193,1.44408,1.38641,1.24964,1.16936,1.08201,1.16211,1.64577,1.34985,0.858525,0.92425,1.3797,1.40698,1.32981,1.27416,1.40996,1.18921,1.07905,1.22047,0.867931,1.16211,1.32476,1.11535,0.619987,1.00411,1.64035,1.19989,1.19982,1.04822,1.39101,1.30287,1.24339,1.39647,1.29937,1.43764,1.33083,1.32397
3087.318641,1.27141,1.32148,1.29409,1.26661,1.27852,1.32671,1.45056,1.39269,1.24889,1.17652,1.08305,1.16182,1.64365,1.35102,0.857701,0.920349,1.37968,1.40131,1.32762,1.26756,1.40854,1.18534,1.08197,1.21786,0.865871,1.16182,1.33149,1.11801,0.617531,0.999785,1.64252,1.19843,1.19155,1.04954,1.39207,1.29909,1.24459,1.39555,1.29546,1.44397,1.34082,1.31707
3089.096027,1.27119,1.32177,1.29087,1.25597,1.27802,1.32798,1.46607,1.3847,1.24768,1.17753,1.08066,1.15893,1.63718,1.35355,0.853287,0.91696,1.37727,1.39146,1.32259,1.2614,1.41256,1.18341,1.07998,1.21176,0.864202,1.15893,1.32743,1.11808,0.614885,0.997977,1.65076,1.19027,1.17855,1.04974,1.38824,1.29321,1.249,1.38686,1.29409,1.44609,1.34782,1.31628
3090.87546,1.26608,1.31366,1.2835,1.24607,1.27244,1.32374,1.48258,1.38318,1.24772,1.17598,1.08157,1.15621,1.63164,1.35665,0.849324,0.914016,1.37335,1.37672,1.32064,1.26166,1.41129,1.18738,1.07542,1.21371,0.862661,1.15621,1.32008,1.11916,0.612402,0.994547,1.66183,1.18597,1.16997,1.05062,1.39163,1.2935,1.2554,1.37752,1.29867,1.44505,1.34492,1.31935
3092.656945,1.2575,1.30263,1.27215,1.23525,1.26774,1.31816,1.48314,1.38902,1.24736,1.17724,1.0787,1.15561,1.62239,1.35407,0.848,0.910242,1.36392,1.36514,1.31559,1.2638,1.40682,1.19307,1.07411,1.21984,0.859347,1.15561,1.31219,1.12077,0.609985,0.987144,1.66918,1.18797,1.16778,1.05178,1.39671,1.29467,1.25818,1.37153,1.29965,1.43918,1.33738,1.31947
3094.440484,1.25164,1.29422,1.26897,1.22706,1.26695,1.31434,1.48271,1.39277,1.24546,1.18174,1.07253,1.15365,1.61299,1.35045,0.849324,0.909116,1.35585,1.3674,1.31036,1.2675,1.4053,1.20022,1.07288,1.22492,0.857535,1.15365,1.30557,1.12085,0.607084,0.982351,1.66552,1.18818,1.16611,1.0525,1.39227,1.28853,1.26106,1.37239,1.29501,1.42868,1.33326,1.32291
3096.226081,1.24747,1.2852,1.26714,1.21879,1.26719,1.30648,1.48867,1.39104,1.23968,1.18123,1.06974,1.14782,1.60161,1.34911,0.84899,0.909178,1.34968,1.3715,1.30771,1.26942,1.39974,1.20234,1.07096,1.22654,0.859937,1.14782,1.30345,1.12166,0.604005,0.983172,1.65246,1.1844,1.16479,1.04946,1.3745,1.27791,1.26327,1.37339,1.28894,1.41467,1.33124,1.33244
3098.013741,1.2491,1.27935,1.2658,1.21568,1.27381,1.29345,1.49309,1.38901,1.2395,1.17627,1.06829,1.1435,1.61023,1.35152,0.846832,0.909718,1.34459,1.37769,1.3076,1.27171,1.39809,1.20052,1.07044,1.22144,0.863004,1.1435,1.30977,1.12145,0.600962,0.985477,1.64276,1.18165,1.16825,1.04582,1.36669,1.27307,1.26507,1.38116,1.2847,1.40406,1.32835,1.34003
3099.803465,1.24983,1.27715,1.26062,1.21831,1.27937,1.27954,1.48997,1.3813,1.24013,1.17158,1.06341,1.13654,1.62292,1.35293,0.844337,0.907849,1.34306,1.38262,1.30814,1.27197,1.40096,1.19696,1.06897,1.21406,0.86264,1.13654,1.31487,1.11866,0.597665,0.980987,1.63879,1.18254,1.17346,1.04202,1.37503,1.27464,1.2666,1.3898,1.28304,1.40006,1.32341,1.33921
3101.595259,1.24693,1.28145,1.25387,1.21878,1.282,1.27526,1.48143,1.3739,1.23455,1.17117,1.05976,1.13566,1.63688,1.35199,0.842553,0.906675,1.34564,1.38535,1.31503,1.26987,1.41419,1.19413,1.06939,1.21596,0.862347,1.13566,1.31983,1.11831,0.594292,0.97496,1.64569,1.18399,1.18025,1.03679,1.39216,1.27746,1.26909,1.39412,1.28467,1.40265,1.32398,1.33632
3103.389126,1.24131,1.28857,1.24975,1.2175,1.28186,1.27051,1.47116,1.36825,1.22736,1.17287,1.06011,1.13758,1.65,1.34648,0.840626,0.905271,1.34773,1.38688,1.31853,1.26463,1.42241,1.18953,1.07,1.22055,0.863115,1.13758,1.32219,1.12034,0.591045,0.972472,1.66098,1.18041,1.18578,1.02809,1.40485,1.27534,1.26844,1.39705,1.28231,1.40404,1.32139,1.33584
3105.185069,1.23982,1.29311,1.25079,1.22393,1.28041,1.27001,1.46429,1.36485,1.22892,1.17631,1.06003,1.13646,1.65735,1.34209,0.838815,0.902829,1.35325,1.39684,1.32457,1.2628,1.42194,1.18546,1.06967,1.22031,0.86256,1.13646,1.33,1.12392,0.589014,0.971598,1.67185,1.18418,1.18723,1.02045,1.41378,1.27335,1.26559,1.40417,1.28121,1.4055,1.31889,1.33546
3106.983091,1.24124,1.29534,1.25218,1.23121,1.28122,1.27407,1.4572,1.36559,1.23318,1.17659,1.05883,1.13317,1.65309,1.33934,0.836605,0.901509,1.35608,1.40852,1.33211,1.26611,1.41745,1.1777,1.06892,1.21842,0.861468,1.13317,1.33756,1.12603,0.588374,0.969927,1.65761,1.19064,1.18348,1.01514,1.41777,1.27136,1.25786,1.40968,1.27887,1.40175,1.3207,1.32852
3108.783197,1.24311,1.29687,1.25289,1.23127,1.28636,1.27833,1.45656,1.37022,1.23286,1.17544,1.06316,1.13339,1.64713,1.3389,0.83348,0.902097,1.35521,1.41808,1.33654,1.27133,1.4138,1.17165,1.06624,1.22024,0.860478,1.13339,1.34462,1.1277,0.58823,0.96944,1.64543,1.19067,1.17634,1.01126,1.42493,1.27075,1.25248,1.41797,1.27298,1.40272,1.32748,1.31704
3110.585391,1.24576,1.29565,1.25254,1.22809,1.28994,1.28144,1.45193,1.36867,1.23003,1.17294,1.06642,1.13258,1.64242,1.33658,0.829555,0.901098,1.35643,1.41978,1.33751,1.27023,1.41253,1.16942,1.06265,1.21946,0.859052,1.13258,1.34581,1.12552,0.58729,0.9686,1.64708,1.18843,1.16513,1.00698,1.42622,1.26737,1.24808,1.42198,1.26582,1.41002,1.33488,1.30525
3112.389674,1.24631,1.29756,1.25248,1.22357,1.29245,1.28894,1.44542,1.36221,1.23383,1.17056,1.06428,1.12978,1.63761,1.33871,0.826647,0.897743,1.36411,1.41931,1.33631,1.26883,1.42128,1.1725,1.06258,1.21885,0.857974,1.12978,1.33448,1.12156,0.58614,0.968579,1.65608,1.18541,1.15386,1.00524,1.42419,1.26238,1.24404,1.41281,1.26425,1.4216,1.34043,1.3043
3114.196053,1.24068,1.29844,1.24726,1.21793,1.29272,1.3005,1.44403,1.35905,1.23906,1.16629,1.05756,1.12639,1.63316,1.34368,0.823156,0.894411,1.36915,1.41637,1.33525,1.2663,1.4297,1.1778,1.06001,1.22027,0.85543,1.12639,1.31882,1.11843,0.585901,0.968575,1.65666,1.17769,1.14314,1.00517,1.42291,1.25655,1.24149,1.40093,1.26289,1.43526,1.33777,1.30577
3116.004529,1.23513,1.30471,1.23804,1.21309,1.28967,1.31043,1.44096,1.36925,1.24267,1.16466,1.05141,1.12403,1.62406,1.34703,0.821759,0.893296,1.37031,1.41065,1.33882,1.26558,1.43144,1.1864,1.0567,1.22459,0.852472,1.12403,1.31154,1.11452,0.585652,0.966929,1.64823,1.1767,1.14044,1.00695,1.42109,1.25768,1.23825,1.39967,1.25858,1.45111,1.33445,1.30715
3117.815107,1.23404,1.31125,1.23165,1.20379,1.28495,1.30875,1.43276,1.37625,1.24329,1.16644,1.04432,1.12015,1.60224,1.35093,0.823802,0.893265,1.37235,1.40584,1.33891,1.26979,1.43115,1.19065,1.05316,1.22607,0.847774,1.12015,1.30854,1.10832,0.585153,0.963298,1.6363,1.17822,1.14296,1.0071,1.41374,1.26348,1.22983,1.40213,1.25703,1.45752,1.33292,1.31047
3119.62779,1.2335,1.3118,1.23011,1.19725,1.28405,1.30333,1.43617,1.37543,1.24169,1.16755,1.03945,1.11436,1.58852,1.35767,0.827484,0.89534,1.37611,1.4059,1.33499,1.27333,1.43412,1.19242,1.04772,1.22531,0.845589,1.11436,1.30696,1.10393,0.584071,0.96175,1.6295,1.17952,1.14367,1.00731,1.40401,1.2719,1.22268,1.40858,1.26161,1.45523,1.32989,1.31924
3121.442582,1.22771,1.30654,1.22985,1.19524,1.28808,1.29926,1.44786,1.37461,1.23938,1.16522,1.03724,1.10833,1.59212,1.35793,0.82853,0.895079,1.37723,1.40537,1.32853,1.27394,1.43638,1.19336,1.04184,1.22204,0.844486,1.10833,1.30064,1.09941,0.582294,0.960761,1.61929,1.18338,1.14221,1.00712,1.39412,1.27913,1.21572,1.41351,1.26458,1.44511,1.32481,1.32657
3123.259487,1.22618,1.30408,1.2332,1.1949,1.29989,1.29647,1.45231,1.37609,1.24008,1.16493,1.03507,1.10409,1.60683,1.35287,0.828416,0.892737,1.38044,1.40586,1.32303,1.28226,1.43776,1.19456,1.03761,1.21946,0.840567,1.10409,1.29414,1.0946,0.580216,0.958303,1.61044,1.18607,1.14347,1.00927,1.39519,1.29022,1.20947,1.42139,1.2649,1.44095,1.32424,1.3279
3125.078508,1.22576,1.30079,1.23389,1.1929,1.30966,1.293,1.45036,1.37826,1.23602,1.16668,1.03382,1.10091,1.61362,1.3451,0.828294,0.888798,1.37795,1.40289,1.31563,1.29263,1.43193,1.194,1.03312,1.21709,0.836088,1.10091,1.29385,1.09599,0.577733,0.951475,1.60825,1.18259,1.14581,1.00999,1.40231,1.30142,1.20615,1.42178,1.26548,1.44617,1.32774,1.32435
3126.89965,1.22296,1.29238,1.23348,1.19169,1.31793,1.29192,1.45613,1.38347,1.23032,1.16997,1.035,1.10585,1.62386,1.33818,0.82778,0.886117,1.36996,1.39868,1.31372,1.29771,1.42671,1.19266,1.03124,1.21815,0.833797,1.10585,1.30159,1.10155,0.575016,0.945355,1.6088,1.1796,1.14553,1.00574,1.41088,1.30712,1.20418,1.41903,1.26377,1.44747,1.32644,1.32752
3128.722915,1.21766,1.28456,1.23233,1.19375,1.32676,1.28622,1.46063,1.38379,1.22812,1.17197,1.03756,1.11254,1.63088,1.33198,0.827271,0.884174,1.36031,1.39139,1.31313,1.29589,1.41774,1.19053,1.02924,1.21385,0.831794,1.11254,1.30567,1.10808,0.571973,0.94371,1.60834,1.17866,1.14427,1.0006,1.41322,1.31025,1.19976,1.41827,1.2587,1.43855,1.31959,1.33532
3130.548307,1.21474,1.28001,1.22734,1.19943,1.33281,1.28118,1.463,1.38316,1.22732,1.1722,1.04193,1.11404,1.62546,1.33171,0.826022,0.882835,1.34964,1.39246,1.31359,1.29457,1.40454,1.18583,1.02873,1.20398,0.82964,1.11404,1.30697,1.11589,0.569227,0.943656,1.60505,1.17807,1.14472,0.998494,1.41447,1.3126,1.19693,1.41413,1.25699,1.4308,1.32481,1.34089
3132.375831,1.21617,1.27411,1.21811,1.20131,1.33077,1.2813,1.46943,1.38194,1.22214,1.16795,1.04608,1.11192,1.60921,1.33192,0.823219,0.882954,1.33323,1.39807,1.31505,1.2963,1.39182,1.17798,1.02915,1.19707,0.826144,1.11192,1.30346,1.11918,0.567506,0.942804,1.59766,1.17458,1.14334,0.995085,1.41425,1.3082,1.19417,1.40564,1.25478,1.4273,1.32953,1.34147
3134.20549,1.2219,1.26937,1.21293,1.19882,1.32537,1.2826,1.47987,1.37834,1.21358,1.16567,1.04887,1.11321,1.60264,1.33133,0.82053,0.884165,1.31934,1.39986,1.31428,1.2967,1.38631,1.17646,1.02929,1.19333,0.821504,1.11321,1.30092,1.11936,0.56595,0.941862,1.59754,1.17054,1.14055,0.990851,1.41325,1.30437,1.18909,1.40115,1.24977,1.42691,1.32665,1.33697
3136.037287,1.22843,1.26688,1.21227,1.1983,1.31574,1.28241,1.48464,1.37166,1.20336,1.16433,1.04644,1.11358,1.60035,1.33748,0.817601,0.882329,1.31805,1.39328,1.31003,1.29033,1.38121,1.17757,1.02982,1.18597,0.817263,1.11358,1.29956,1.11736,0.56364,0.938645,1.60365,1.16661,1.13487,0.986555,1.40779,1.30069,1.18362,1.39122,1.24173,1.42691,1.32082,1.3319
3137.871227,1.23318,1.26489,1.21456,1.20202,1.30549,1.2894,1.48827,1.36795,1.19865,1.16371,1.04008,1.11326,1.59553,1.3486,0.814688,0.879258,1.32377,1.3911,1.30614,1.28248,1.38842,1.1788,1.03223,1.1798,0.814575,1.11326,1.29966,1.1155,0.561274,0.937254,1.61175,1.16306,1.127,0.983305,1.40371,1.29289,1.18667,1.37972,1.24069,1.42809,1.31565,1.3316
3139.707313,1.23392,1.2637,1.21204,1.20635,1.29466,1.29752,1.48902,1.36843,1.19472,1.16038,1.03028,1.11076,1.5863,1.35598,0.809613,0.877318,1.32694,1.3972,1.30726,1.27545,1.4033,1.18014,1.03363,1.18002,0.812134,1.11076,1.29992,1.11383,0.559331,0.937458,1.61382,1.16243,1.1209,0.980525,1.39836,1.28447,1.19128,1.37139,1.24151,1.43039,1.30526,1.32838
3141.54555,1.24034,1.26692,1.20861,1.20863,1.28545,1.2993,1.48618,1.3673,1.19292,1.15292,1.02197,1.10598,1.57452,1.36273,0.805637,0.877413,1.33302,1.40253,1.31203,1.27599,1.41633,1.1869,1.03597,1.18528,0.810654,1.10598,1.30034,1.1094,0.557243,0.937533,1.61151,1.16958,1.12126,0.978555,1.39425,1.28231,1.19362,1.36803,1.24047,1.42779,1.29914,1.32257
3143.385939,1.24427,1.27001,1.20997,1.20358,1.27689,1.29491,1.48145,1.35997,1.19149,1.1479,1.01622,1.10299,1.56785,1.36718,0.803636,0.876741,1.3435,1.40249,1.31101,1.27911,1.42948,1.19442,1.03641,1.19007,0.811019,1.10299,1.29633,1.10161,0.554963,0.93413,1.61266,1.17645,1.12111,0.975441,1.39598,1.28255,1.19567,1.36978,1.24192,1.41142,1.30008,1.31761
3145.228487,1.24186,1.27378,1.21449,1.2021,1.27124,1.29357,1.47875,1.35789,1.18742,1.1475,1.00997,1.10188,1.58096,1.3668,0.802629,0.874779,1.35149,1.40335,1.30796,1.27876,1.44204,1.20289,1.03449,1.19696,0.813305,1.10188,1.29266,1.09643,0.55235,0.929771,1.62206,1.18409,1.12024,0.972251,1.39687,1.28457,1.19888,1.38131,1.24655,1.39612,1.29968,1.31684
3147.073196,1.24009,1.27848,1.21832,1.20416,1.2692,1.293,1.46996,1.36391,1.18338,1.14736,1.00339,1.09943,1.59451,1.36068,0.800312,0.871334,1.35528,1.40069,1.30669,1.27528,1.45066,1.20821,1.03162,1.20125,0.813766,1.09943,1.28582,1.09349,0.549311,0.926509,1.62697,1.1917,1.11703,0.969297,1.38983,1.28222,1.20026,1.39364,1.24508,1.38634,1.29959,1.31119
3148.92007,1.24113,1.28559,1.22068,1.20546,1.2742,1.28926,1.45456,1.36795,1.18136,1.1486,0.99948,1.09663,1.59624,1.35552,0.798832,0.868157,1.36201,1.39447,1.30957,1.27337,1.45217,1.21102,1.02847,1.2029,0.813785,1.09663,1.28468,1.0911,0.546662,0.922807,1.63486,1.19496,1.11225,0.969333,1.38282,1.28198,1.2046,1.40711,1.24364,1.3886,1.30715,1.30493
3150.769113,1.23877,1.29236,1.22024,1.20389,1.27772,1.28586,1.43569,1.36547,1.17918,1.14802,0.997038,1.09499,1.60353,1.35192,0.796868,0.863441,1.36308,1.38676,1.3167,1.26802,1.44611,1.21119,1.02449,1.20064,0.815326,1.09499,1.29294,1.09227,0.544366,0.916576,1.6372,1.19277,1.10576,0.968206,1.37549,1.28291,1.20584,1.41752,1.24354,1.39233,1.31262,1.30318
3152.620328,1.23647,1.30151,1.21866,1.20195,1.28006,1.28648,1.42452,1.36722,1.17976,1.1472,0.996625,1.09587,1.62391,1.3473,0.794162,0.860585,1.36306,1.38097,1.32666,1.26368,1.4405,1.20707,1.02374,1.19907,0.817978,1.09587,1.30089,1.0961,0.541915,0.912655,1.62667,1.18909,1.10006,0.965764,1.37217,1.28556,1.20212,1.42356,1.2418,1.38987,1.31461,1.30807
3154.473721,1.23337,1.31001,1.21449,1.19956,1.28093,1.28426,1.41862,1.37135,1.18014,1.1454,0.997495,1.09348,1.63639,1.34154,0.792959,0.860559,1.35779,1.3718,1.33223,1.26004,1.43107,1.19941,1.02282,1.19593,0.819626,1.09348,1.30186,1.09944,0.539498,0.910995,1.61995,1.1821,1.098,0.965759,1.37021,1.28624,1.19746,1.42264,1.23689,1.38595,1.31674,1.313
3156.329293,1.23171,1.31287,1.20777,1.19439,1.27992,1.28399,1.41815,1.37496,1.17992,1.14353,1.00046,1.08755,1.63721,1.34308,0.793642,0.860547,1.34895,1.36715,1.33481,1.25611,1.42091,1.19263,1.02104,1.19175,0.819664,1.08755,1.3026,1.10307,0.537533,0.909702,1.61967,1.17428,1.09711,0.967936,1.37387,1.28061,1.19165,1.41977,1.23306,1.38763,1.32272,1.31771
3158.18705,1.23095,1.31034,1.20102,1.1863,1.27997,1.29038,1.42305,1.37241,1.17724,1.14293,1.00102,1.08334,1.62952,1.34342,0.793988,0.860245,1.34032,1.36233,1.33478,1.25479,1.40807,1.18545,1.01864,1.18592,0.815983,1.08334,1.30503,1.10384,0.535636,0.907441,1.61886,1.16583,1.09431,0.967827,1.3815,1.27145,1.17974,1.41863,1.23163,1.39078,1.32125,1.3155
3160.046996,1.232,1.308,1.19793,1.17972,1.28265,1.29964,1.43338,1.36791,1.1742,1.1461,0.999244,1.08082,1.62366,1.34167,0.794409,0.861012,1.33737,1.35496,1.33138,1.25781,1.39846,1.18144,1.01689,1.17911,0.81145,1.08082,1.31015,1.10555,0.533337,0.905048,1.62605,1.16155,1.09132,0.967248,1.38868,1.26797,1.16684,1.41753,1.23218,1.3915,1.31773,1.31136
3161.909133,1.23188,1.30685,1.19433,1.17378,1.28403,1.30657,1.44308,1.36056,1.1708,1.14641,0.997469,1.07594,1.61335,1.3456,0.794744,0.860663,1.34106,1.34786,1.32756,1.25404,1.39425,1.17911,1.01338,1.17199,0.807455,1.07594,1.31138,1.10586,0.531068,0.903687,1.634,1.15911,1.08856,0.965795,1.39277,1.26485,1.16098,1.40518,1.23271,1.39583,1.31697,1.31011
3163.773466,1.23456,1.30247,1.19011,1.16877,1.28871,1.31447,1.44904,1.35302,1.17197,1.14508,0.996032,1.07324,1.60387,1.34739,0.794686,0.859804,1.34423,1.35283,1.32362,1.25271,1.39534,1.17812,1.00909,1.16545,0.804283,1.07324,1.31154,1.10382,0.529411,0.904709,1.63327,1.15645,1.0875,0.964563,1.39795,1.25948,1.16155,1.39341,1.23612,1.4022,1.32045,1.30615
3165.639999,1.23831,1.29453,1.18244,1.16316,1.29365,1.31726,1.44779,1.34913,1.17402,1.14448,0.994494,1.07137,1.5906,1.34638,0.794634,0.856509,1.34307,1.36662,1.31766,1.26098,1.39539,1.17945,1.00791,1.16566,0.800045,1.07137,1.30887,1.10087,0.527878,0.903798,1.62233,1.15348,1.08941,0.962866,1.40336,1.25442,1.15857,1.38169,1.23851,1.40115,1.32087,1.29653
3167.508736,1.24601,1.2903,1.17333,1.1564,1.29803,1.31295,1.45027,1.34977,1.17366,1.14539,0.993175,1.07022,1.57821,1.34805,0.795912,0.853934,1.34526,1.37391,1.31082,1.27179,1.39593,1.18631,1.01049,1.17012,0.795307,1.07022,1.30104,1.09582,0.526149,0.899829,1.61812,1.15464,1.09241,0.960538,1.40886,1.25574,1.1566,1.37332,1.23766,1.3925,1.31925,1.28915
3169.37968,1.24849,1.28959,1.16575,1.14899,1.30127,1.30975,1.45688,1.3494,1.17034,1.14828,0.9899,1.06917,1.57109,1.34321,0.795349,0.851922,1.3456,1.37317,1.30367,1.27661,1.3996,1.19042,1.01085,1.17026,0.791851,1.06917,1.29127,1.08808,0.524139,0.892986,1.61114,1.1587,1.09261,0.956993,1.40949,1.26008,1.1579,1.37145,1.23592,1.38205,1.32239,1.28727
3171.252836,1.24835,1.28711,1.1618,1.14728,1.30041,1.30979,1.46283,1.34906,1.16546,1.15098,0.983644,1.06716,1.5668,1.33711,0.794306,0.849557,1.34266,1.37246,1.30369,1.27963,1.40734,1.18949,1.01071,1.17129,0.788799,1.06716,1.28533,1.08186,0.521643,0.886842,1.59529,1.16513,1.09264,0.951318,1.40403,1.26647,1.16157,1.37679,1.23414,1.38012,1.32695,1.28976
3173.128207,1.24733,1.2797,1.16043,1.14473,1.29627,1.30699,1.46902,1.3449,1.16448,1.14906,0.978474,1.06398,1.55157,1.33247,0.791188,0.846296,1.33964,1.37009,1.3076,1.27878,1.41002,1.18685,1.01155,1.1719,0.784671,1.06398,1.28001,1.07808,0.518979,0.881894,1.58464,1.16856,1.08969,0.943902,1.39581,1.27024,1.16499,1.38908,1.22767,1.38251,1.32841,1.29112
3175.005798,1.24481,1.276,1.16152,1.14166,1.2956,1.30239,1.47219,1.34092,1.16493,1.14518,0.977326,1.06136,1.53875,1.32852,0.786205,0.842398,1.34091,1.37039,1.31197,1.27437,1.40743,1.18573,1.01126,1.17479,0.781855,1.06136,1.27928,1.07609,0.517434,0.878729,1.58882,1.16998,1.08341,0.938183,1.38936,1.27656,1.17145,1.40335,1.22653,1.38775,1.33148,1.29184
3176.885612,1.24174,1.27775,1.1625,1.13915,1.29295,1.29821,1.465,1.34418,1.16202,1.14217,0.975227,1.05781,1.54056,1.32231,0.780719,0.837633,1.34001,1.37307,1.31831,1.26831,1.40548,1.18221,1.00982,1.17962,0.780778,1.05781,1.27961,1.07616,0.516617,0.877188,1.5848,1.16998,1.07712,0.933282,1.37916,1.28396,1.17425,1.41341,1.22623,1.38893,1.33329,1.29133
3178.767653,1.23855,1.28383,1.16125,1.13625,1.29233,1.29769,1.4627,1.36157,1.16004,1.1397,0.971421,1.05482,1.54756,1.32134,0.775921,0.835825,1.33881,1.37712,1.32183,1.26678,1.40228,1.17753,1.00958,1.18389,0.780814,1.05482,1.27481,1.0797,0.515402,0.876007,1.57781,1.17073,1.07342,0.929361,1.37209,1.28934,1.17346,1.42081,1.22188,1.38721,1.33529,1.29251
3180.651926,1.23332,1.28685,1.15875,1.13094,1.29073,1.29492,1.46242,1.38111,1.15911,1.13664,0.967163,1.0508,1.54634,1.32618,0.771328,0.835165,1.33291,1.37677,1.31959,1.26688,1.39935,1.17477,1.00711,1.18699,0.780572,1.0508,1.26572,1.08078,0.514152,0.875828,1.58623,1.16857,1.07055,0.92772,1.36803,1.28927,1.17231,1.4246,1.21629,1.38409,1.33328,1.29318
3182.538433,1.23167,1.2896,1.15866,1.1253,1.29032,1.291,1.45752,1.39291,1.15911,1.13369,0.963767,1.04711,1.54171,1.33548,0.767735,0.834924,1.32609,1.3742,1.31852,1.26597,1.40401,1.17694,1.00447,1.19143,0.779948,1.04711,1.26413,1.08102,0.513,0.878368,1.60209,1.16893,1.0675,0.928414,1.36766,1.28634,1.16911,1.42473,1.21504,1.38017,1.32922,1.29273
3184.42718,1.23255,1.29288,1.15989,1.12308,1.28916,1.28888,1.45452,1.39425,1.15523,1.13102,0.962462,1.04393,1.5282,1.34184,0.764791,0.835142,1.32133,1.36836,1.32474,1.26344,1.40453,1.18,1.00196,1.19396,0.778476,1.04393,1.27025,1.08158,0.511368,0.880918,1.61255,1.1723,1.06377,0.928587,1.3716,1.279,1.16076,1.41945,1.21498,1.37336,1.32214,1.28958
3186.31817,1.23477,1.29666,1.16421,1.12232,1.28263,1.2898,1.45613,1.39711,1.15131,1.13055,0.964336,1.04122,1.52243,1.34899,0.763246,0.834575,1.31949,1.36663,1.33613,1.26302,1.40321,1.18309,0.998918,1.19502,0.777214,1.04122,1.27529,1.08237,0.509967,0.882068,1.62217,1.17492,1.06179,0.929529,1.37366,1.27017,1.15584,1.41464,1.21588,1.36794,1.31985,1.28934
3188.211407,1.23714,1.2994,1.16878,1.11993,1.27128,1.28846,1.4535,1.39966,1.14888,1.12833,0.9655,1.03923,1.52772,1.35697,0.762546,0.833124,1.32086,1.36565,1.34153,1.26071,1.4048,1.18532,0.994502,1.19496,0.776953,1.03923,1.27688,1.08083,0.509135,0.88214,1.62663,1.17223,1.06185,0.930326,1.37341,1.26245,1.15385,1.40677,1.21841,1.36733,1.32257,1.28713
3190.106896,1.24204,1.29983,1.17161,1.12067,1.26587,1.28756,1.44541,1.4018,1.1455,1.12751,0.966479,1.03968,1.53928,1.36026,0.762212,0.833302,1.32121,1.36788,1.34112,1.26304,1.40974,1.18703,0.990846,1.19571,0.776378,1.03968,1.28166,1.07869,0.508178,0.88199,1.62835,1.16774,1.06228,0.93121,1.37789,1.26017,1.1498,1.40282,1.22036,1.36646,1.3208,1.27964
3192.004639,1.24574,1.30312,1.17127,1.12294,1.2669,1.28261,1.4327,1.3999,1.13979,1.12822,0.967214,1.03966,1.54471,1.35915,0.76306,0.832588,1.32225,1.37058,1.33887,1.2669,1.41659,1.18782,0.988023,1.19526,0.773833,1.03966,1.28225,1.07748,0.506573,0.879379,1.6297,1.16366,1.05965,0.930434,1.37955,1.2591,1.14151,1.40184,1.22011,1.35625,1.30998,1.27398
3193.904642,1.25011,1.31143,1.17049,1.12377,1.2703,1.27648,1.42366,1.39055,1.13317,1.12765,0.967047,1.03765,1.54552,1.35402,0.765841,0.832494,1.32702,1.36671,1.33184,1.26766,1.42532,1.18925,0.986092,1.1895,0.771464,1.03765,1.28356,1.07585,0.504533,0.87532,1.63585,1.16002,1.05718,0.930638,1.37871,1.25927,1.13457,1.40111,1.22045,1.34669,1.30214,1.27953
3195.806908,1.25198,1.31114,1.16984,1.12317,1.27172,1.27767,1.42483,1.37467,1.12729,1.12363,0.963568,1.03366,1.54171,1.34445,0.767264,0.832582,1.32458,1.35783,1.32109,1.26323,1.42859,1.18573,0.984714,1.18142,0.769243,1.03366,1.29012,1.0732,0.502286,0.870863,1.62545,1.15751,1.05428,0.930201,1.37837,1.25774,1.13392,1.40304,1.2196,1.34159,1.30591,1.28975
3197.711441,1.251,1.30249,1.1714,1.122,1.26883,1.28035,1.43506,1.36309,1.1246,1.11808,0.959659,1.03257,1.54002,1.33757,0.7664,0.832974,1.3183,1.35344,1.31501,1.25966,1.42796,1.17983,0.984211,1.17788,0.767097,1.03257,1.29811,1.07075,0.500108,0.86789,1.60142,1.15655,1.051,0.925417,1.3799,1.25652,1.13586,1.40685,1.21508,1.34011,1.31164,1.29883
3199.618246,1.24805,1.2971,1.1724,1.11815,1.26521,1.28209,1.44297,1.35755,1.12464,1.11262,0.958017,1.03266,1.54051,1.32938,0.762416,0.833406,1.31558,1.35149,1.31054,1.25749,1.42484,1.17377,0.981909,1.17627,0.765223,1.03266,1.30271,1.06952,0.498241,0.866137,1.58192,1.15206,1.04725,0.91943,1.37879,1.25682,1.13323,1.40608,1.20692,1.34344,1.31103,1.30394
3201.527326,1.24691,1.29717,1.17018,1.11583,1.26896,1.28472,1.4448,1.36257,1.12359,1.10916,0.957106,1.0335,1.5482,1.31999,0.758862,0.83308,1.317,1.34935,1.30807,1.2559,1.42221,1.16847,0.979087,1.17629,0.765364,1.0335,1.30493,1.06963,0.496786,0.865473,1.57525,1.14717,1.04321,0.915077,1.37583,1.26251,1.13099,1.39944,1.20402,1.34998,1.30782,1.30514
3203.438686,1.2442,1.29725,1.16279,1.11218,1.27162,1.28671,1.44442,1.3715,1.11947,1.10989,0.952513,1.03463,1.55682,1.31267,0.757019,0.832068,1.31676,1.34456,1.3082,1.25255,1.41752,1.16499,0.978412,1.17222,0.765855,1.03463,1.302,1.06812,0.495425,0.862977,1.57027,1.1439,1.03974,0.910331,1.36757,1.2682,1.12978,1.39142,1.2019,1.35435,1.30925,1.30571
3205.352329,1.23684,1.30145,1.15227,1.10762,1.27349,1.29253,1.44689,1.37763,1.11678,1.11336,0.946719,1.03556,1.56716,1.31106,0.75569,0.831738,1.3146,1.347,1.30774,1.25307,1.4165,1.16349,0.980081,1.166,0.765178,1.03556,1.2947,1.06679,0.494344,0.858912,1.56917,1.14159,1.03996,0.905874,1.36173,1.26984,1.12684,1.39198,1.19905,1.35839,1.31771,1.30916
3207.26826,1.2319,1.30431,1.14275,1.1047,1.27112,1.29525,1.44355,1.38043,1.115,1.11592,0.942288,1.03607,1.57293,1.30915,0.754036,0.82967,1.30931,1.35048,1.30387,1.25785,1.4228,1.16436,0.980357,1.16377,0.76338,1.03607,1.28524,1.06347,0.49367,0.856341,1.57276,1.14007,1.04177,0.902629,1.36026,1.26904,1.12289,1.39283,1.19643,1.3598,1.32139,1.31192
3209.186482,1.23304,1.30615,1.13764,1.10508,1.26444,1.29551,1.44152,1.38884,1.11464,1.11748,0.941019,1.0375,1.57774,1.31033,0.752923,0.826802,1.30406,1.35124,1.30399,1.26164,1.42789,1.16791,0.980026,1.16789,0.762127,1.0375,1.27997,1.05979,0.493107,0.855989,1.57839,1.14396,1.04255,0.899773,1.36178,1.26835,1.12275,1.39209,1.19138,1.36189,1.3216,1.31291
3211.107001,1.23264,1.30724,1.13296,1.1068,1.25626,1.29731,1.44745,1.39757,1.11379,1.11751,0.943061,1.0362,1.57693,1.3154,0.753026,0.823276,1.29782,1.35104,1.30927,1.25966,1.42576,1.17047,0.9774,1.17215,0.761754,1.0362,1.27583,1.05519,0.492483,0.854119,1.57742,1.15039,1.04245,0.896932,1.36478,1.26406,1.12228,1.39464,1.18673,1.3618,1.32093,1.31014
3213.029819,1.23324,1.30557,1.13017,1.10849,1.24816,1.29958,1.45099,1.40711,1.11268,1.11818,0.944938,1.03385,1.57365,1.32185,0.753718,0.820399,1.2944,1.35788,1.31629,1.2586,1.42193,1.17114,0.973154,1.17552,0.7626,1.03385,1.27096,1.05118,0.492318,0.850896,1.576,1.15515,1.04409,0.895489,1.36632,1.26157,1.12211,1.39729,1.19018,1.36144,1.32341,1.30559
3214.954942,1.23539,1.30081,1.12826,1.11054,1.24013,1.29908,1.44752,1.41396,1.11004,1.11862,0.943612,1.0306,1.57371,1.32524,0.754089,0.819416,1.29809,1.3663,1.31972,1.26164,1.41734,1.17234,0.969145,1.1766,0.764071,1.0306,1.26726,1.04834,0.492127,0.848759,1.57605,1.1596,1.04409,0.89467,1.36581,1.26098,1.12393,1.39525,1.1952,1.35957,1.32279,1.29879
3216.882373,1.23552,1.29803,1.12937,1.11503,1.24337,1.30078,1.44453,1.40977,1.10653,1.12063,0.942874,1.02853,1.57582,1.32849,0.75541,0.820338,1.30787,1.37449,1.32264,1.26685,1.41888,1.17665,0.966072,1.1766,0.764652,1.02853,1.25985,1.04877,0.491508,0.847916,1.58341,1.16575,1.04183,0.895425,1.36868,1.26191,1.12567,1.39769,1.19501,1.35543,1.31644,1.29265
3218.812117,1.23423,1.29588,1.13205,1.11972,1.2575,1.30362,1.43928,1.39345,1.10526,1.12267,0.943237,1.02698,1.57316,1.32848,0.757,0.820745,1.31919,1.37782,1.32265,1.26884,1.42259,1.18084,0.962631,1.17208,0.764676,1.02698,1.24814,1.05152,0.490998,0.846311,1.59593,1.16643,1.03953,0.896979,1.37279,1.2625,1.12395,1.4033,1.19184,1.34705,1.31037,1.29007
3220.744177,1.23643,1.29344,1.13722,1.12277,1.27069,1.30948,1.43696,1.38147,1.10545,1.12274,0.942907,1.02487,1.57099,1.32526,0.758623,0.822192,1.32678,1.3748,1.31826,1.26861,1.42145,1.18262,0.961486,1.16647,0.764948,1.02487,1.24957,1.05476,0.490595,0.846059,1.60618,1.16197,1.0385,0.900189,1.3785,1.26009,1.12079,1.40429,1.19345,1.34215,1.31039,1.29096
3222.678558,1.23842,1.28954,1.14125,1.12289,1.2752,1.31489,1.44198,1.37625,1.10416,1.11851,0.940253,1.02298,1.56254,1.32126,0.757951,0.823736,1.32905,1.36881,1.31198,1.26539,1.41339,1.18134,0.961059,1.1664,0.763806,1.02298,1.25767,1.05705,0.490116,0.846135,1.60455,1.16263,1.03509,0.902708,1.38139,1.2541,1.11831,1.39972,1.19479,1.33832,1.3118,1.28827
3224.615264,1.24252,1.28469,1.14303,1.12376,1.27488,1.31605,1.45079,1.37471,1.10281,1.11375,0.939306,1.02364,1.55342,1.31806,0.754802,0.82564,1.33028,1.36806,1.30701,1.26573,1.40714,1.17983,0.95871,1.16938,0.76294,1.02364,1.26291,1.05751,0.489551,0.847192,1.59743,1.16697,1.0309,0.903872,1.38507,1.2528,1.11346,1.39595,1.19323,1.34029,1.31205,1.2843
3226.554299,1.25067,1.28112,1.14193,1.12477,1.27547,1.31463,1.45122,1.37023,1.10172,1.11082,0.940296,1.02425,1.54759,1.31477,0.751712,0.826802,1.33312,1.366,1.30373,1.27234,1.40265,1.17747,0.956794,1.1709,0.762361,1.02425,1.26485,1.05718,0.488902,0.849516,1.58535,1.16405,1.02866,0.903542,1.38623,1.25517,1.10455,1.39119,1.19028,1.34809,1.31089,1.28164
3228.495667,1.2579,1.27784,1.13789,1.12516,1.28192,1.31108,1.44808,1.36655,1.10029,1.10727,0.94147,1.02568,1.54806,1.31502,0.750589,0.826535,1.33664,1.35591,1.30601,1.2774,1.39896,1.17802,0.957631,1.17066,0.763007,1.02568,1.26532,1.05751,0.488365,0.851605,1.57589,1.15623,1.02725,0.901618,1.38194,1.25789,1.09522,1.38744,1.18982,1.35717,1.30848,1.28324
3230.439373,1.25952,1.27601,1.13377,1.12204,1.28416,1.30649,1.44222,1.36405,1.09687,1.10706,0.941051,1.0281,1.55023,1.3155,0.749803,0.825229,1.33502,1.3428,1.30682,1.27397,1.39557,1.17989,0.958627,1.16735,0.763565,1.0281,1.2643,1.05603,0.488898,0.853101,1.56883,1.14922,1.02594,0.898881,1.37622,1.25679,1.08596,1.3864,1.18863,1.36755,1.30751,1.28427
3232.385421,1.2581,1.28143,1.13295,1.11911,1.28259,1.30339,1.43192,1.36797,1.09415,1.11091,0.9404,1.03044,1.55033,1.31467,0.750241,0.824281,1.32771,1.33769,1.30566,1.26877,1.39475,1.18112,0.959136,1.16854,0.762485,1.03044,1.26284,1.05387,0.490384,0.855335,1.56267,1.14393,1.02808,0.896506,1.37761,1.25414,1.08006,1.38914,1.1875,1.37761,1.30884,1.28772
3234.333815,1.25621,1.28554,1.13454,1.11473,1.27989,1.29769,1.42449,1.3762,1.08931,1.112,0.938986,1.03297,1.54404,1.31563,0.751105,0.822466,1.31752,1.33609,1.29995,1.26368,1.38906,1.17846,0.956319,1.17064,0.760566,1.03297,1.25884,1.04982,0.490941,0.85762,1.55503,1.13724,1.02941,0.894733,1.37975,1.25518,1.07745,1.39058,1.18488,1.38164,1.30668,1.29365
3236.284559,1.25141,1.29112,1.13687,1.10887,1.27593,1.2936,1.42823,1.39011,1.08601,1.11183,0.938188,1.03557,1.5369,1.31989,0.751229,0.821965,1.31022,1.33454,1.29451,1.26174,1.38374,1.17277,0.951924,1.17256,0.760145,1.03557,1.25383,1.04521,0.490703,0.859804,1.55236,1.13187,1.02953,0.893738,1.37865,1.26184,1.07827,1.39483,1.1824,1.38142,1.3091,1.30124
3238.237657,1.24461,1.29787,1.13687,1.10149,1.27051,1.28789,1.43319,1.40014,1.08377,1.11046,0.938062,1.03567,1.5255,1.31944,0.751462,0.823477,1.30253,1.33348,1.29506,1.2587,1.38421,1.16892,0.946499,1.1729,0.760539,1.03567,1.24871,1.03985,0.490984,0.859984,1.55008,1.13024,1.03011,0.893826,1.37299,1.2671,1.0785,1.40083,1.18407,1.37546,1.31425,1.30554
3240.193115,1.24066,1.29768,1.13449,1.09599,1.26109,1.27929,1.43144,1.40255,1.08024,1.1089,0.937047,1.03664,1.51328,1.31354,0.751957,0.82519,1.29814,1.33398,1.30125,1.25414,1.38391,1.1672,0.94072,1.17083,0.761207,1.03664,1.24739,1.03609,0.49199,0.861156,1.54443,1.13247,1.02804,0.895702,1.36386,1.26975,1.07913,1.40193,1.18896,1.37108,1.31588,1.3049
3242.150936,1.2367,1.29491,1.13052,1.09238,1.25391,1.27287,1.4288,1.39696,1.07669,1.10749,0.935783,1.03642,1.50718,1.30623,0.752312,0.825421,1.29415,1.33445,1.30534,1.25064,1.37901,1.16603,0.935999,1.16592,0.760892,1.03642,1.24478,1.03415,0.492717,0.863284,1.53936,1.13376,1.023,0.897558,1.35604,1.2702,1.0805,1.40107,1.18969,1.36881,1.3114,1.30065
3244.111124,1.23201,1.29734,1.13006,1.09101,1.2581,1.2749,1.43471,1.38496,1.07367,1.10435,0.937565,1.03493,1.50566,1.30333,0.752223,0.825854,1.29012,1.33551,1.31033,1.24612,1.38131,1.16668,0.932538,1.16134,0.760669,1.03493,1.23967,1.03443,0.492838,0.863616,1.54872,1.1344,1.01978,0.898938,1.35821,1.27085,1.07949,1.40561,1.18488,1.36491,1.30629,1.29928
3246.073683,1.22732,1.30094,1.12815,1.09064,1.26296,1.28161,1.44167,1.37869,1.06852,1.09893,0.939388,1.03093,1.499,1.30107,0.750633,0.826628,1.28811,1.33476,1.31955,1.23788,1.39173,1.16657,0.929302,1.15646,0.760991,1.03093,1.23729,1.03469,0.492576,0.862067,1.55921,1.13071,1.01782,0.899843,1.36092,1.27077,1.07642,1.40745,1.17965,1.35723,1.3023,1.29697
3248.038619,1.225,1.30494,1.12572,1.09144,1.26422,1.28846,1.44391,1.37894,1.06363,1.09476,0.939131,1.02753,1.49348,1.29925,0.749753,0.828295,1.28637,1.33597,1.32657,1.23531,1.39866,1.17043,0.928719,1.15528,0.761241,1.02753,1.24349,1.03481,0.491468,0.860774,1.56349,1.12798,1.0158,0.901037,1.35884,1.26789,1.07294,1.40476,1.17776,1.356,1.301,1.29177
3250.005935,1.2253,1.30455,1.12325,1.09404,1.26287,1.28828,1.44143,1.37636,1.05922,1.09055,0.938272,1.02576,1.48614,1.29877,0.748944,0.828617,1.28545,1.33851,1.3277,1.23939,1.40096,1.17859,0.928593,1.15435,0.760931,1.02576,1.24895,1.03428,0.489736,0.859444,1.55946,1.13114,1.01464,0.902511,1.35661,1.26157,1.06917,1.3985,1.17469,1.35939,1.29964,1.29049
3251.975635,1.23057,1.30008,1.12203,1.10139,1.26023,1.28739,1.44687,1.37779,1.05422,1.0881,0.939285,1.02524,1.47878,1.30104,0.748381,0.828118,1.28611,1.34245,1.32808,1.24488,1.406,1.18549,0.92801,1.15159,0.761028,1.02524,1.25182,1.0335,0.488315,0.859103,1.55079,1.13605,1.01349,0.903935,1.35857,1.25967,1.06712,1.40088,1.17322,1.36691,1.30119,1.29594
3253.947725,1.23492,1.29707,1.12148,1.10802,1.2591,1.28857,1.45481,1.3772,1.04809,1.08635,0.939705,1.0235,1.47507,1.3038,0.748284,0.827002,1.2849,1.34243,1.32549,1.25143,1.40905,1.18821,0.927737,1.14739,0.761307,1.0235,1.25257,1.03303,0.487715,0.858625,1.5444,1.13784,1.01076,0.902802,1.35684,1.25985,1.06468,1.40222,1.1719,1.37139,1.30104,1.30251
3255.922208,1.24055,1.29871,1.12045,1.11262,1.26053,1.293,1.45883,1.37835,1.04415,1.08576,0.940697,1.02147,1.47936,1.30616,0.748101,0.824762,1.28256,1.33652,1.32343,1.25706,1.41171,1.19328,0.926209,1.14398,0.762037,1.02147,1.25205,1.03329,0.487538,0.858069,1.54154,1.1359,1.01046,0.90018,1.35187,1.26027,1.0617,1.39925,1.17102,1.37408,1.30325,1.30659
3257.899088,1.24686,1.30107,1.12053,1.11446,1.25692,1.29744,1.45703,1.38311,1.04177,1.08598,0.940194,1.01983,1.48437,1.30678,0.748927,0.822063,1.27686,1.32871,1.32431,1.25852,1.41543,1.19806,0.92354,1.14228,0.762279,1.01983,1.2511,1.03128,0.487595,0.856933,1.54105,1.13162,1.01273,0.897669,1.35061,1.26231,1.05801,1.39743,1.17093,1.37721,1.30561,1.30335
3259.878371,1.25004,1.30227,1.12358,1.11389,1.25364,1.29761,1.45406,1.38749,1.04054,1.0886,0.938142,1.02088,1.4873,1.30846,0.75128,0.821907,1.27384,1.32571,1.32514,1.2612,1.41844,1.19958,0.921784,1.14294,0.761904,1.02088,1.25047,1.02933,0.487137,0.856155,1.54314,1.13021,1.01614,0.895147,1.35547,1.26586,1.05673,1.39654,1.17209,1.37737,1.30561,1.30153
3261.86006,1.2531,1.30058,1.12655,1.11261,1.25452,1.29194,1.45788,1.38277,1.03985,1.09261,0.935046,1.02432,1.48752,1.31195,0.752908,0.821725,1.27258,1.32266,1.32091,1.26743,1.41721,1.19599,0.919014,1.14187,0.761286,1.02432,1.24569,1.02707,0.485455,0.855642,1.53539,1.12892,1.01559,0.892543,1.35962,1.26879,1.05448,1.39675,1.17314,1.37194,1.30738,1.30107
3263.84416,1.25799,1.30361,1.12618,1.11308,1.25417,1.28968,1.46176,1.38046,1.04117,1.0968,0.932061,1.02898,1.49491,1.31521,0.753094,0.821377,1.27061,1.31515,1.31611,1.27628,1.41836,1.19174,0.916298,1.14285,0.76068,1.02898,1.23715,1.02304,0.484212,0.854413,1.53447,1.1291,1.01313,0.890629,1.35851,1.27066,1.05028,1.40316,1.17548,1.36689,1.31208,1.30096
3265.830675,1.26182,1.30614,1.12205,1.11152,1.25361,1.28506,1.45525,1.37998,1.04071,1.09934,0.928729,1.03209,1.50488,1.30968,0.752285,0.821645,1.26737,1.30789,1.31243,1.27738,1.41904,1.191,0.91242,1.14485,0.759457,1.03209,1.22959,1.01926,0.484559,0.853827,1.54422,1.12998,1.01001,0.88992,1.35281,1.26887,1.0472,1.41039,1.17759,1.36093,1.31289,1.29608
3267.819609,1.26476,1.30186,1.1165,1.11053,1.2565,1.28067,1.45036,1.37545,1.03993,1.09961,0.927361,1.03337,1.51125,1.29996,0.751644,0.821906,1.26836,1.30525,1.30931,1.27245,1.41172,1.18989,0.907715,1.14797,0.758275,1.03337,1.22871,1.01943,0.48547,0.856377,1.55675,1.1306,1.00611,0.889267,1.35158,1.2633,1.04572,1.41773,1.18182,1.35564,1.31105,1.29036
3269.810968,1.26617,1.30018,1.11319,1.10841,1.26336,1.28268,1.44971,1.37085,1.03848,1.09718,0.928486,1.03125,1.50872,1.29307,0.751057,0.820264,1.26978,1.3047,1.30562,1.26653,1.40013,1.18758,0.904469,1.1527,0.757647,1.03125,1.22924,1.02063,0.485529,0.858807,1.56999,1.12901,1.00191,0.887106,1.35628,1.25576,1.0423,1.42363,1.18503,1.35274,1.30802,1.28835
3271.804755,1.26535,1.30654,1.11183,1.10474,1.27147,1.28692,1.44995,1.37186,1.03449,1.09411,0.928913,1.02806,1.5058,1.29301,0.750313,0.81826,1.27374,1.30627,1.30352,1.25992,1.39542,1.18433,0.903106,1.15559,0.758841,1.02806,1.22789,1.02116,0.484158,0.858649,1.58117,1.12663,0.998877,0.884082,1.36654,1.24992,1.03838,1.43031,1.18494,1.35416,1.30657,1.28867
3273.800975,1.26102,1.31278,1.10762,1.10013,1.27438,1.28628,1.44933,1.37322,1.02898,1.09135,0.926556,1.02479,1.49985,1.29373,0.748945,0.816009,1.27745,1.30813,1.30338,1.25174,1.39868,1.18115,0.902591,1.15535,0.759988,1.02479,1.22503,1.02004,0.482118,0.855131,1.58152,1.12221,0.997041,0.881623,1.37034,1.24685,1.03514,1.42923,1.18359,1.35216,1.30602,1.2842
3275.799633,1.25792,1.31548,1.10666,1.09829,1.27739,1.28621,1.44613,1.37004,1.02682,1.09069,0.92468,1.02433,1.49386,1.29229,0.748011,0.814907,1.27621,1.31067,1.30598,1.24892,1.40254,1.18099,0.90377,1.15774,0.760491,1.02433,1.2256,1.01688,0.479901,0.852132,1.57464,1.11883,0.996676,0.880737,1.36719,1.24736,1.03342,1.42217,1.18277,1.35051,1.30683,1.28219
3277.800732,1.25489,1.31674,1.10936,1.09893,1.2788,1.28698,1.44014,1.37077,1.02492,1.0878,0.921443,1.02319,1.48885,1.2878,0.746463,0.813741,1.27712,1.31209,1.30983,1.24985,1.40526,1.18021,0.904823,1.15756,0.760183,1.02319,1.22682,1.01437,0.478063,0.851389,1.56229,1.11674,0.997722,0.880297,1.3635,1.24968,1.03366,1.41639,1.1816,1.35067,1.30397,1.28544
3279.804278,1.24872,1.32031,1.11209,1.10038,1.27609,1.288,1.43973,1.38146,1.01938,1.08545,0.917715,1.01979,1.4817,1.28386,0.744355,0.811291,1.28104,1.31123,1.31614,1.25141,1.40496,1.17822,0.903789,1.15655,0.759535,1.01979,1.22833,1.01517,0.47741,0.850908,1.55049,1.11651,0.997869,0.880268,1.35961,1.25491,1.03508,1.41573,1.17839,1.35257,1.30017,1.28823
3281.810274,1.24115,1.31991,1.11222,1.09707,1.27244,1.28573,1.44522,1.38804,1.01234,1.08254,0.914405,1.01456,1.47385,1.28241,0.741327,0.808411,1.27896,1.31189,1.32043,1.25471,1.39757,1.17523,0.900232,1.15585,0.758078,1.01456,1.2284,1.01434,0.477133,0.84758,1.54409,1.11658,0.994808,0.87768,1.35302,1.25937,1.03583,1.4042,1.17037,1.35168,1.29681,1.28801
3283.818726,1.23963,1.3194,1.11238,1.09238,1.2714,1.28415,1.44837,1.38981,1.0097,1.07737,0.912612,1.01037,1.46786,1.2839,0.738056,0.806909,1.27163,1.31882,1.32712,1.25882,1.39354,1.17696,0.897038,1.15436,0.756015,1.01037,1.22753,1.01114,0.475892,0.843701,1.5352,1.11567,0.993796,0.873019,1.3481,1.26441,1.03586,1.39004,1.16132,1.3542,1.29747,1.28371
3285.829638,1.23847,1.31989,1.11151,1.08731,1.2695,1.28388,1.44488,1.38723,1.00858,1.0742,0.909179,1.0082,1.46021,1.28701,0.736054,0.806768,1.26694,1.32409,1.33566,1.25947,1.39938,1.18025,0.893765,1.14847,0.753974,1.0082,1.22645,1.00665,0.473606,0.840408,1.52062,1.11425,0.993754,0.869911,1.34838,1.2683,1.03289,1.38297,1.15186,1.36253,1.2978,1.27502
3287.843014,1.23922,1.31692,1.11075,1.08509,1.26741,1.28406,1.44349,1.38645,1.00781,1.07758,0.90522,1.00917,1.45103,1.2937,0.734348,0.808119,1.27027,1.3235,1.34058,1.26198,1.40923,1.18173,0.890681,1.14332,0.751885,1.00917,1.22606,1.00291,0.470788,0.838541,1.50682,1.11599,0.990968,0.867897,1.35684,1.26761,1.02865,1.37811,1.14373,1.37021,1.29616,1.2673
3289.858859,1.24679,1.3134,1.11005,1.08831,1.26553,1.28317,1.44626,1.38559,1.00586,1.08103,0.901478,1.01002,1.44112,1.29918,0.731468,0.808445,1.2698,1.31691,1.33786,1.26664,1.4138,1.18259,0.88819,1.14272,0.749325,1.01002,1.22165,0.998316,0.468187,0.836492,1.49093,1.11788,0.984896,0.864423,1.36512,1.26343,1.02337,1.37696,1.13713,1.36911,1.29528,1.26197
3291.877177,1.25452,1.3134,1.10863,1.0928,1.26466,1.28197,1.44442,1.39119,1.00127,1.08308,0.898337,1.00872,1.44259,1.30404,0.728601,0.807795,1.26524,1.31383,1.33054,1.26775,1.41677,1.18452,0.886227,1.14401,0.746023,1.00872,1.21563,0.993061,0.466629,0.833351,1.48532,1.1176,0.97877,0.860503,1.36367,1.262,1.01862,1.38292,1.13341,1.36557,1.2961,1.26261
3293.897973,1.25811,1.31016,1.10953,1.09605,1.26713,1.27826,1.43938,1.39905,0.996315,1.08371,0.895732,1.00638,1.44479,1.30898,0.726856,0.807488,1.26522,1.3171,1.32191,1.26505,1.41903,1.18783,0.881946,1.14431,0.742577,1.00638,1.21511,0.990622,0.465714,0.831412,1.48841,1.1152,0.974904,0.857634,1.3609,1.26036,1.01614,1.38957,1.13411,1.36022,1.29844,1.26602
3295.921252,1.26258,1.30183,1.11184,1.09968,1.26956,1.27835,1.439,1.40485,0.994452,1.08328,0.894821,1.00545,1.44466,1.31572,0.726982,0.808067,1.27046,1.3217,1.31371,1.26586,1.41634,1.19053,0.877333,1.14725,0.741232,1.00545,1.22046,0.991325,0.464595,0.831056,1.49492,1.11335,0.973694,0.854995,1.36427,1.25559,1.01416,1.39786,1.13788,1.35235,1.30239,1.27274
3297.947018,1.26622,1.29713,1.1113,1.10107,1.26697,1.27984,1.44132,1.41135,0.991748,1.08454,0.893769,1.00533,1.44447,1.32079,0.7277,0.807416,1.27283,1.32081,1.30455,1.26579,1.41577,1.18942,0.875109,1.15194,0.741106,1.00533,1.22306,0.992068,0.462706,0.830122,1.49597,1.11131,0.970309,0.853232,1.36343,1.24968,1.01183,1.40351,1.14164,1.34653,1.30635,1.28031
3299.975276,1.26801,1.30059,1.10657,1.09943,1.26271,1.28034,1.44609,1.41541,0.98828,1.08819,0.889966,1.00518,1.4469,1.32387,0.728256,0.807072,1.27078,1.31981,1.29981,1.26413,1.42417,1.18527,0.873429,1.1546,0.740985,1.00518,1.21711,0.992991,0.459967,0.828075,1.49337,1.10861,0.966532,0.852319,1.36218,1.24846,1.00956,1.4068,1.1454,1.34543,1.31221,1.28596
3302.00603,1.26917,1.3042,1.10155,1.09728,1.26106,1.28154,1.45214,1.41258,0.98598,1.08979,0.886326,1.00343,1.44558,1.32678,0.728408,0.80695,1.26433,1.31858,1.30343,1.26319,1.4334,1.18173,0.870803,1.15448,0.740173,1.00343,1.20807,0.991859,0.457409,0.824696,1.48949,1.10759,0.96452,0.851616,1.36097,1.25195,1.00591,1.40579,1.14887,1.34248,1.31501,1.29133
3304.039285,1.26997,1.30838,1.1025,1.09615,1.2632,1.28635,1.4535,1.4085,0.985162,1.08886,0.884671,1.0009,1.44373,1.32685,0.729048,0.807104,1.25941,1.3165,1.31261,1.26638,1.43546,1.17904,0.868219,1.1558,0.73947,1.0009,1.20404,0.988645,0.455285,0.822744,1.48544,1.10758,0.963588,0.851416,1.35705,1.25724,1.00377,1.40759,1.15669,1.3427,1.3169,1.29962
3306.075045,1.26741,1.3126,1.1022,1.0937,1.26253,1.2877,1.44856,1.40666,0.981624,1.08466,0.882241,0.996791,1.44326,1.31982,0.728762,0.806403,1.25865,1.31334,1.31916,1.27303,1.4356,1.17435,0.865646,1.15695,0.737683,0.996791,1.20201,0.987669,0.453599,0.821954,1.4823,1.10671,0.963293,0.850685,1.35225,1.2581,1.00215,1.41209,1.16379,1.3504,1.31833,1.30347
3308.113316,1.26558,1.3129,1.09731,1.0922,1.25936,1.28345,1.44594,1.40577,0.976724,1.08137,0.881086,0.993719,1.44044,1.31315,0.727328,0.804193,1.25317,1.31201,1.32393,1.28024,1.43279,1.17185,0.862251,1.15969,0.735783,0.993719,1.19847,0.990213,0.452616,0.820118,1.48129,1.10721,0.961905,0.850688,1.34947,1.25563,1.00022,1.41624,1.16541,1.3566,1.31768,1.30502
3310.154101,1.26408,1.31139,1.09199,1.09014,1.25575,1.27794,1.44636,1.401,0.974151,1.07616,0.881438,0.991696,1.43404,1.30966,0.725537,0.80121,1.24066,1.31323,1.32755,1.2835,1.42403,1.17131,0.858678,1.16093,0.734237,0.991696,1.19295,0.989552,0.451134,0.81541,1.47889,1.10812,0.957734,0.849409,1.34817,1.25172,1.00006,1.40979,1.16302,1.35569,1.31953,1.30598
3312.197406,1.26387,1.31475,1.0888,1.08767,1.25578,1.27893,1.44873,1.39197,0.973789,1.06958,0.880127,0.989548,1.42876,1.30442,0.723615,0.798719,1.22948,1.31719,1.33096,1.2818,1.41867,1.17355,0.856599,1.15607,0.73327,0.989548,1.18693,0.98542,0.44861,0.812269,1.47896,1.10926,0.95441,0.847364,1.34958,1.24767,1.00095,1.40316,1.15874,1.36107,1.32281,1.30437
3314.243236,1.26495,1.31417,1.0854,1.08375,1.25385,1.28384,1.45146,1.3843,0.972684,1.06667,0.877199,0.987463,1.42454,1.29547,0.721186,0.796005,1.2269,1.31199,1.3311,1.27739,1.41552,1.17814,0.853768,1.14612,0.732123,0.987463,1.18363,0.980389,0.445547,0.81144,1.47743,1.1066,0.953122,0.845633,1.35432,1.24268,0.999597,1.40261,1.15197,1.36794,1.32064,1.29992
3316.291593,1.26917,1.31064,1.08571,1.08267,1.24865,1.2878,1.45503,1.38462,0.973732,1.06569,0.876006,0.987322,1.41998,1.29071,0.719275,0.794365,1.23007,1.30017,1.32795,1.27532,1.41208,1.1845,0.851476,1.14098,0.730803,0.987322,1.18159,0.975546,0.442503,0.8095,1.47609,1.10371,0.95322,0.842766,1.36018,1.23756,0.997679,1.40234,1.14654,1.36868,1.31436,1.29501
3318.342485,1.27454,1.30934,1.08923,1.0848,1.24343,1.28571,1.45638,1.37914,0.975185,1.06343,0.874708,0.987622,1.41301,1.28785,0.716991,0.792429,1.22959,1.29261,1.32176,1.27037,1.40866,1.18906,0.850858,1.13862,0.729886,0.987622,1.17734,0.973094,0.440212,0.804881,1.47816,1.10195,0.954162,0.838315,1.35748,1.23091,0.997376,1.40563,1.14088,1.36204,1.30892,1.29083
3320.395915,1.27645,1.30753,1.09315,1.08801,1.23997,1.28276,1.45559,1.3741,0.975253,1.06341,0.871924,0.988488,1.40901,1.28747,0.715237,0.790246,1.22797,1.2937,1.31475,1.26487,1.40829,1.19309,0.850966,1.13313,0.728807,0.988488,1.17547,0.97232,0.438826,0.800302,1.48365,1.09806,0.955982,0.834119,1.3516,1.22775,0.998968,1.4147,1.13683,1.35485,1.30827,1.29058
3322.451887,1.27383,1.30614,1.09673,1.08933,1.23678,1.28419,1.44937,1.3748,0.976191,1.0625,0.868726,0.988809,1.40862,1.28807,0.714479,0.789068,1.22824,1.29761,1.30606,1.26323,1.40923,1.19601,0.848932,1.12868,0.727644,0.988809,1.17908,0.970691,0.43753,0.796874,1.48795,1.09319,0.957506,0.831499,1.34768,1.22681,1.00113,1.42148,1.13401,1.34973,1.3084,1.29145
3324.510408,1.26981,1.3081,1.09702,1.08938,1.23373,1.28681,1.44403,1.37607,0.977491,1.06288,0.867536,0.988332,1.41113,1.2889,0.713632,0.787985,1.22983,1.29903,1.3007,1.26152,1.4097,1.19664,0.846067,1.13034,0.727495,0.988332,1.18508,0.971626,0.436164,0.794096,1.48544,1.09043,0.957343,0.830271,1.34364,1.2263,1.00471,1.42643,1.13068,1.34422,1.30688,1.293
3326.571481,1.26622,1.31135,1.09203,1.08794,1.23221,1.2862,1.44519,1.3768,0.976539,1.0664,0.867172,0.98631,1.41094,1.29167,0.712277,0.786711,1.2301,1.29767,1.30301,1.25662,1.40967,1.19822,0.844548,1.13374,0.726961,0.98631,1.18703,0.975727,0.43484,0.792185,1.47992,1.08869,0.954661,0.830891,1.3376,1.2265,1.00792,1.42886,1.12927,1.33769,1.30435,1.29297
3328.635111,1.26396,1.31505,1.08745,1.08341,1.23594,1.28855,1.44964,1.381,0.975673,1.06925,0.866423,0.982373,1.41006,1.29765,0.711673,0.786527,1.23125,1.30279,1.31077,1.25703,1.40912,1.20133,0.844191,1.13502,0.725851,0.982373,1.18463,0.979471,0.433884,0.791165,1.47891,1.08814,0.953958,0.8329,1.33642,1.22994,1.01021,1.42615,1.12835,1.33456,1.30285,1.29343
3330.701302,1.26051,1.31856,1.08685,1.07804,1.24211,1.29246,1.45007,1.38488,0.975915,1.06914,0.865559,0.977747,1.40979,1.30316,0.711595,0.785951,1.23371,1.30943,1.31631,1.25938,1.40421,1.20227,0.843227,1.13302,0.723272,0.977747,1.18463,0.980034,0.433582,0.790163,1.47164,1.08922,0.95444,0.833722,1.33763,1.23292,1.01218,1.42195,1.12789,1.33504,1.30033,1.29691
3332.770061,1.25876,1.33016,1.08971,1.07421,1.24602,1.29336,1.44692,1.38795,0.976143,1.06878,0.863815,0.975754,1.41573,1.30336,0.711465,0.786177,1.2368,1.31273,1.32133,1.26015,1.40362,1.20025,0.84137,1.13284,0.71979,0.975754,1.1884,0.979177,0.43353,0.789235,1.46472,1.09117,0.954855,0.834057,1.33885,1.23321,1.01582,1.42197,1.1312,1.33563,1.2988,1.29902
3334.841391,1.25882,1.34107,1.09138,1.07409,1.24562,1.28893,1.43872,1.39384,0.973018,1.06749,0.861617,0.975145,1.42083,1.29985,0.710603,0.786911,1.23169,1.31153,1.32778,1.26451,1.40754,1.19398,0.840645,1.13482,0.716945,0.975145,1.19122,0.980051,0.433725,0.789734,1.46345,1.0928,0.954698,0.8352,1.3395,1.23017,1.02015,1.42473,1.13058,1.33219,1.29955,1.2945
3336.915297,1.26201,1.34513,1.09259,1.07927,1.24588,1.28569,1.4321,1.40217,0.96796,1.06659,0.860347,0.973565,1.41992,1.29772,0.709882,0.786558,1.22375,1.3127,1.33323,1.27083,1.4108,1.19146,0.84098,1.13656,0.715394,0.973565,1.19308,0.982898,0.43434,0.791892,1.46694,1.09546,0.952464,0.836062,1.33872,1.23229,1.02681,1.43072,1.12907,1.3236,1.30121,1.2892
3338.991785,1.26491,1.34486,1.09239,1.08386,1.2444,1.28284,1.43318,1.40568,0.963831,1.06671,0.85884,0.972251,1.41714,1.29636,0.709542,0.785044,1.2231,1.31313,1.33879,1.27425,1.40936,1.19123,0.841002,1.13654,0.714297,0.972251,1.1929,0.983374,0.435134,0.792835,1.46842,1.09598,0.948767,0.834262,1.33988,1.23556,1.03541,1.42934,1.12924,1.31916,1.30377,1.28553
3341.070858,1.26795,1.34311,1.09359,1.08754,1.2433,1.2779,1.44401,1.40302,0.961942,1.06834,0.858353,0.974215,1.41902,1.29488,0.709849,0.785338,1.22636,1.30897,1.34364,1.27804,1.40725,1.19324,0.840733,1.13681,0.712942,0.974215,1.19524,0.981282,0.436086,0.794268,1.46778,1.09644,0.945827,0.832467,1.34579,1.23854,1.04375,1.42767,1.13047,1.32777,1.30355,1.28359
3343.152522,1.2707,1.33689,1.0984,1.09128,1.24372,1.27189,1.45305,1.39894,0.962631,1.0689,0.860184,0.979153,1.4182,1.29275,0.710157,0.78748,1.23162,1.29802,1.34238,1.28044,1.40374,1.19966,0.839792,1.13571,0.712531,0.979153,1.19608,0.97806,0.436942,0.796497,1.46267,1.09738,0.94414,0.831325,1.35063,1.24199,1.04948,1.42797,1.12979,1.33685,1.29646,1.2804
3345.236782,1.2737,1.33124,1.10355,1.09795,1.24657,1.26937,1.4546,1.3966,0.965767,1.06704,0.862188,0.984816,1.41942,1.29512,0.710971,0.789805,1.23729,1.29172,1.34123,1.28193,1.40518,1.20819,0.839351,1.13449,0.714487,0.984816,1.19293,0.976711,0.43785,0.797498,1.46124,1.09901,0.945147,0.831433,1.35355,1.24251,1.05531,1.42633,1.12916,1.34368,1.29454,1.28027
3347.323642,1.27566,1.32615,1.10474,1.10461,1.24965,1.26893,1.45289,1.39364,0.96907,1.06558,0.863644,0.989694,1.41983,1.30008,0.712297,0.792116,1.23745,1.29168,1.34582,1.28065,1.40943,1.21261,0.840323,1.13416,0.717595,0.989694,1.19432,0.977607,0.439684,0.797268,1.46643,1.10064,0.946146,0.833122,1.35384,1.24126,1.06395,1.42759,1.13127,1.34613,1.29976,1.28535
3349.413107,1.27655,1.32142,1.10562,1.10995,1.25143,1.27302,1.45233,1.39426,0.972092,1.06712,0.865894,0.994373,1.4175,1.30696,0.715306,0.796218,1.23711,1.29209,1.34948,1.27994,1.4109,1.21706,0.841719,1.1365,0.721664,0.994373,1.19896,0.977657,0.442665,0.79816,1.47245,1.10174,0.946184,0.835464,1.3553,1.2439,1.07354,1.43286,1.13409,1.34735,1.30656,1.2947
3351.505183,1.27799,1.3186,1.10986,1.11283,1.25407,1.27657,1.44868,1.39562,0.974127,1.06873,0.869616,0.997156,1.41222,1.31214,0.718641,0.799673,1.24034,1.29373,1.35219,1.27758,1.40813,1.22089,0.842788,1.1413,0.726798,0.997156,1.1997,0.977281,0.445964,0.799897,1.46791,1.10013,0.945095,0.836678,1.3535,1.24681,1.08066,1.43247,1.13595,1.35208,1.31486,1.30127
3353.599874,1.28,1.31632,1.11805,1.11631,1.25932,1.27868,1.45044,1.39595,0.975692,1.07202,0.876423,0.998559,1.40664,1.31724,0.721086,0.80061,1.24654,1.29637,1.35694,1.27502,1.40429,1.2233,0.845698,1.14599,0.732938,0.998559,1.19776,0.980636,0.449675,0.803167,1.45723,1.09973,0.94449,0.83688,1.34778,1.24968,1.08701,1.43411,1.13874,1.35565,1.32349,1.30639
3355.697185,1.2842,1.30814,1.12507,1.1187,1.26638,1.28302,1.45923,1.39883,0.977501,1.07454,0.884406,0.999793,1.40524,1.31886,0.723623,0.801599,1.25075,1.30004,1.35748,1.27495,1.40202,1.22683,0.850222,1.14682,0.738471,0.999793,1.19376,0.985523,0.454,0.808565,1.45504,1.10225,0.946411,0.839903,1.34481,1.25235,1.09408,1.43472,1.14199,1.35442,1.32889,1.31062
3357.79712,1.28985,1.30419,1.13219,1.12049,1.27189,1.29044,1.46755,1.40478,0.980209,1.07512,0.893413,1.00178,1.41082,1.31431,0.727075,0.803788,1.25428,1.30729,1.35442,1.27483,1.4052,1.22978,0.854529,1.14618,0.742375,1.00178,1.19273,0.988321,0.459338,0.814764,1.45871,1.10551,0.952013,0.844893,1.34686,1.25412,1.1021,1.43207,1.14699,1.35042,1.3357,1.31467
3359.899686,1.29022,1.3087,1.14385,1.12232,1.27396,1.29564,1.46706,1.40832,0.984501,1.07563,0.902109,1.00294,1.41948,1.30659,0.730891,0.805268,1.25617,1.31114,1.34907,1.26982,1.40837,1.22842,0.857588,1.14679,0.745159,1.00294,1.19473,0.98819,0.465221,0.820409,1.45935,1.10532,0.957995,0.847387,1.34268,1.25533,1.11112,1.43426,1.1543,1.34596,1.33999,1.31856
3362.004886,1.28858,1.32037,1.15857,1.12676,1.2756,1.29541,1.46594,1.41068,0.989541,1.07865,0.908755,1.00515,1.42861,1.30125,0.735162,0.807329,1.25563,1.31082,1.34461,1.26595,1.41656,1.22284,0.861302,1.14823,0.74924,1.00515,1.19333,0.988517,0.470692,0.826011,1.47431,1.10673,0.963239,0.849039,1.33761,1.25502,1.12484,1.43586,1.16169,1.34802,1.33949,1.31878
3364.112726,1.28722,1.3322,1.17166,1.1356,1.27577,1.29371,1.46925,1.41394,0.994096,1.08157,0.914969,1.00848,1.43393,1.29644,0.739525,0.809471,1.25311,1.30706,1.33991,1.26895,1.42309,1.21668,0.867131,1.14715,0.754114,1.00848,1.19096,0.991615,0.476187,0.831774,1.49579,1.10967,0.966302,0.850909,1.33304,1.25192,1.13858,1.43382,1.1668,1.34975,1.33749,1.31122
3366.223211,1.28794,1.33876,1.18071,1.14477,1.27583,1.29775,1.47233,1.41553,0.998788,1.08344,0.92251,1.01322,1.44161,1.29383,0.74395,0.812054,1.25618,1.30373,1.33397,1.27229,1.42622,1.21385,0.874164,1.14476,0.75901,1.01322,1.19337,0.995528,0.482342,0.839274,1.51534,1.11045,0.968043,0.853051,1.32892,1.25211,1.15053,1.43374,1.17396,1.35074,1.33344,1.30228
3368.336345,1.28853,1.33918,1.18544,1.15028,1.27245,1.29981,1.47174,1.41434,1.00345,1.08671,0.929572,1.02086,1.45028,1.29399,0.748728,0.816357,1.26209,1.2996,1.32788,1.27339,1.42778,1.21034,0.880581,1.14388,0.763821,1.02086,1.196,0.996864,0.488699,0.847838,1.52787,1.106,0.969664,0.855595,1.33142,1.25251,1.16067,1.43071,1.18211,1.35923,1.3249,1.29691
3370.452135,1.28781,1.34068,1.19223,1.15546,1.27098,1.29327,1.47238,1.41479,1.01,1.09081,0.937188,1.02886,1.45919,1.29567,0.753667,0.822213,1.26506,1.30033,1.32165,1.27962,1.43367,1.209,0.88647,1.14458,0.767822,1.02886,1.19971,0.997832,0.494028,0.856304,1.533,1.1019,0.971379,0.860106,1.34165,1.25173,1.16885,1.42846,1.19037,1.37401,1.31821,1.29634
3372.570583,1.28664,1.34224,1.19876,1.15891,1.2744,1.2865,1.47029,1.41518,1.01693,1.09123,0.943189,1.03409,1.46386,1.29412,0.757655,0.826311,1.26557,1.30321,1.31502,1.28487,1.44133,1.20849,0.891224,1.14218,0.771158,1.03409,1.19893,0.999626,0.49782,0.862999,1.53223,1.10273,0.97258,0.863706,1.35148,1.25074,1.17514,1.42501,1.19544,1.38335,1.31355,1.29601
3374.691697,1.28444,1.34242,1.2005,1.16071,1.27725,1.28833,1.46571,1.41818,1.02236,1.08946,0.94609,1.03836,1.46814,1.29641,0.76166,0.829026,1.2643,1.30742,1.31351,1.28635,1.44784,1.20963,0.895634,1.1393,0.776006,1.03836,1.20399,1.00264,0.500763,0.867418,1.53138,1.10684,0.976499,0.867074,1.35945,1.2497,1.18115,1.41781,1.1987,1.39004,1.3124,1.30012
3376.81548,1.28157,1.3415,1.19911,1.16214,1.27672,1.28927,1.45996,1.42357,1.02786,1.08979,0.947768,1.04281,1.46825,1.30562,0.766363,0.833015,1.26153,1.31463,1.31831,1.2854,1.44917,1.21034,0.900497,1.13863,0.78189,1.04281,1.21841,1.00593,0.503768,0.870622,1.52465,1.11406,0.981226,0.871664,1.36732,1.25092,1.18505,1.41015,1.20141,1.39169,1.31,1.30697
3378.941938,1.28024,1.33968,1.20018,1.1641,1.27941,1.28748,1.44939,1.42379,1.03411,1.0927,0.949004,1.04802,1.46272,1.31513,0.771532,0.838341,1.26059,1.32124,1.32826,1.28744,1.44683,1.20915,0.904928,1.14019,0.788786,1.04802,1.22936,1.01005,0.50626,0.872329,1.51014,1.1221,0.983738,0.875777,1.37115,1.25443,1.18464,1.40344,1.19882,1.39057,1.31049,1.31285
3381.071076,1.28029,1.33492,1.20338,1.16345,1.28259,1.28679,1.43761,1.41563,1.03841,1.09507,0.94922,1.0513,1.45492,1.31881,0.774204,0.841668,1.26221,1.32655,1.33653,1.2868,1.44371,1.20553,0.908494,1.14291,0.794897,1.0513,1.23471,1.01362,0.507191,0.872101,1.49513,1.12494,0.983853,0.877084,1.36881,1.25713,1.17903,1.39493,1.19374,1.38862,1.31444,1.31484
3383.202899,1.28148,1.33059,1.20737,1.16273,1.28311,1.29035,1.43792,1.40786,1.04288,1.09626,0.949278,1.05139,1.45152,1.31738,0.774576,0.843479,1.26604,1.33411,1.33811,1.287,1.44421,1.20008,0.911922,1.14686,0.799814,1.05139,1.23959,1.01685,0.506784,0.872916,1.48721,1.12842,0.983595,0.877278,1.3662,1.26356,1.17393,1.39501,1.18995,1.38739,1.31693,1.31742
3385.337412,1.28093,1.32828,1.20753,1.16168,1.2833,1.29422,1.44227,1.40139,1.04745,1.09539,0.94925,1.04974,1.44959,1.31142,0.774404,0.844372,1.26608,1.34077,1.34,1.28897,1.44608,1.19598,0.914437,1.15119,0.802187,1.04974,1.24309,1.0199,0.505643,0.873453,1.48025,1.1325,0.983028,0.877535,1.36947,1.26905,1.16972,1.39755,1.18656,1.38656,1.31821,1.31788
3387.47462,1.28112,1.32767,1.20556,1.15916,1.28389,1.29755,1.44612,1.39079,1.05289,1.09739,0.949672,1.04871,1.45042,1.30613,0.774791,0.843384,1.26846,1.34461,1.34423,1.29063,1.44613,1.19867,0.916475,1.15734,0.801606,1.04871,1.24637,1.02205,0.504808,0.871799,1.47836,1.13474,0.983406,0.875899,1.37363,1.27329,1.1634,1.3991,1.18701,1.38745,1.32294,1.31511
3389.614528,1.27716,1.32332,1.20659,1.15619,1.28566,1.29898,1.45298,1.38069,1.05764,1.10234,0.949395,1.04629,1.46054,1.30391,0.774426,0.839917,1.27222,1.34594,1.34378,1.29081,1.44258,1.20224,0.919009,1.16806,0.800694,1.04629,1.25024,1.02377,0.503426,0.868883,1.48276,1.13528,0.983066,0.871676,1.37197,1.27793,1.16004,1.40107,1.18767,1.39234,1.32601,1.31163
3391.757142,1.27175,1.3177,1.2077,1.1565,1.28938,1.29978,1.46405,1.3727,1.06231,1.10966,0.948815,1.04516,1.47547,1.3061,0.772917,0.835434,1.27546,1.3466,1.34054,1.2904,1.44387,1.20293,0.923749,1.1776,0.799396,1.04516,1.25409,1.02714,0.500881,0.865648,1.49659,1.1386,0.980351,0.867699,1.37222,1.28036,1.16457,1.39801,1.18697,1.39961,1.32904,1.30569
3393.902466,1.26995,1.31513,1.20573,1.15885,1.28781,1.30129,1.47335,1.36621,1.06918,1.11565,0.947618,1.04359,1.48823,1.31048,0.770595,0.831905,1.28088,1.34418,1.3382,1.29018,1.44474,1.2038,0.929139,1.1808,0.796102,1.04359,1.25705,1.0302,0.498729,0.86153,1.51226,1.1413,0.976446,0.86496,1.37238,1.281,1.16864,1.39313,1.18729,1.39635,1.33204,1.29681
3396.050505,1.27351,1.31169,1.20459,1.15972,1.28573,1.30522,1.47517,1.36772,1.07649,1.11952,0.946339,1.04014,1.50299,1.31843,0.768156,0.830807,1.28849,1.34382,1.33835,1.28818,1.44163,1.20552,0.934244,1.18151,0.792048,1.04014,1.25955,1.03212,0.497537,0.859784,1.52479,1.14056,0.975153,0.863748,1.37493,1.27994,1.17325,1.39848,1.18966,1.38714,1.3315,1.29466
3398.201265,1.27783,1.30894,1.20478,1.15956,1.28598,1.30621,1.47326,1.37624,1.08043,1.12422,0.944697,1.03607,1.51658,1.32652,0.76595,0.831239,1.29392,1.34593,1.33724,1.28449,1.43803,1.20672,0.938989,1.18115,0.787578,1.03607,1.25759,1.03333,0.496495,0.859818,1.53553,1.13652,0.975193,0.862385,1.38137,1.2784,1.178,1.40657,1.19392,1.38398,1.32993,1.29788
3400.354752,1.28016,1.31156,1.20623,1.16267,1.28728,1.3032,1.47416,1.38588,1.08419,1.12944,0.94383,1.03372,1.53022,1.33187,0.764755,0.832283,1.2997,1.35139,1.33624,1.28566,1.44069,1.21017,0.942684,1.18121,0.78257,1.03372,1.25204,1.03671,0.495639,0.858585,1.54531,1.1343,0.975323,0.861008,1.38883,1.27837,1.18394,1.41319,1.20101,1.38287,1.33381,1.30301
3402.510969,1.28052,1.31705,1.20592,1.16402,1.2885,1.30035,1.47202,1.3891,1.08671,1.13167,0.942454,1.03268,1.54028,1.33008,0.764621,0.832038,1.30268,1.35047,1.33578,1.2838,1.4461,1.21277,0.944295,1.18065,0.778438,1.03268,1.24844,1.03914,0.495671,0.855883,1.55051,1.13682,0.97688,0.859109,1.39459,1.2768,1.19142,1.41765,1.20615,1.37664,1.33668,1.30722
3404.669923,1.27752,1.32203,1.20409,1.16622,1.28855,1.30067,1.46844,1.39143,1.0896,1.13362,0.940105,1.03216,1.54449,1.32762,0.765771,0.831606,1.30641,1.34683,1.33629,1.2783,1.44515,1.2168,0.947015,1.17982,0.778089,1.03216,1.25305,1.03867,0.496777,0.854575,1.55586,1.14525,0.982344,0.858326,1.39736,1.27508,1.1976,1.42071,1.20996,1.37401,1.33509,1.31575
3406.831618,1.27403,1.324,1.20183,1.17267,1.28588,1.30147,1.45914,1.39482,1.09335,1.13618,0.938635,1.03191,1.54441,1.32729,0.766906,0.831829,1.30966,1.34588,1.34027,1.27574,1.44007,1.21826,0.949565,1.17498,0.779842,1.03191,1.25707,1.03935,0.498557,0.85488,1.55635,1.15632,0.986962,0.86012,1.3955,1.27586,1.20192,1.42043,1.21445,1.37287,1.32957,1.32628
3408.99606,1.27193,1.32666,1.20247,1.17733,1.28717,1.30546,1.44534,1.39338,1.09686,1.13825,0.940436,1.03334,1.54313,1.32405,0.767959,0.833596,1.30666,1.34312,1.34967,1.27744,1.43857,1.21518,0.949893,1.16747,0.783307,1.03334,1.25714,1.04398,0.500144,0.855029,1.5568,1.16434,0.988042,0.863423,1.38734,1.27613,1.20944,1.41875,1.21713,1.37028,1.32417,1.336
3411.163254,1.27209,1.3308,1.20399,1.17866,1.28617,1.31096,1.43757,1.38744,1.10043,1.13632,0.942615,1.03572,1.53995,1.31765,0.769382,0.83516,1.30164,1.3421,1.35168,1.27561,1.43632,1.21069,0.948985,1.16271,0.787135,1.03572,1.25462,1.04736,0.501346,0.854994,1.56625,1.1661,0.989492,0.866751,1.37832,1.27523,1.21878,1.41803,1.21883,1.37117,1.31752,1.34104
3413.333205,1.27435,1.33458,1.20512,1.1798,1.28291,1.31253,1.43935,1.38243,1.10618,1.13305,0.945025,1.03943,1.53328,1.30905,0.772356,0.836356,1.29825,1.34801,1.34727,1.275,1.43449,1.20762,0.949569,1.16088,0.791688,1.03943,1.25263,1.05063,0.502599,0.856376,1.57272,1.16651,0.994022,0.870997,1.37308,1.27604,1.2282,1.42165,1.21869,1.38155,1.30929,1.34031
3415.505919,1.2737,1.33539,1.20544,1.17743,1.28102,1.31001,1.43974,1.37599,1.11254,1.13265,0.948879,1.04161,1.52519,1.30086,0.776508,0.836658,1.29275,1.35129,1.34357,1.27881,1.42859,1.20723,0.950515,1.16148,0.796243,1.04161,1.2515,1.05421,0.504062,0.856586,1.56307,1.16464,0.999473,0.873975,1.36641,1.27627,1.23206,1.42169,1.21329,1.39034,1.30186,1.33453
3417.6814,1.27703,1.33206,1.20807,1.17405,1.28045,1.30623,1.44371,1.36822,1.11909,1.13286,0.952769,1.04406,1.52205,1.29513,0.781672,0.836854,1.29246,1.3496,1.33924,1.28448,1.42564,1.21009,0.951812,1.16516,0.801729,1.04406,1.25105,1.05693,0.505517,0.855019,1.55427,1.1624,1.00531,0.876961,1.35879,1.27839,1.23453,1.41731,1.20767,1.39284,1.30057,1.32616
3419.859655,1.27925,1.32346,1.21038,1.17362,1.28075,1.29985,1.44913,1.36442,1.1236,1.13188,0.955693,1.04889,1.52312,1.29283,0.786078,0.836913,1.29352,1.34876,1.33546,1.28702,1.42939,1.21013,0.953373,1.1693,0.809127,1.04889,1.25372,1.05834,0.505835,0.852986,1.5499,1.16101,1.0113,0.881611,1.35427,1.28096,1.23967,1.41278,1.20293,1.39196,1.30251,1.3167
3422.040688,1.27723,1.31425,1.2108,1.17546,1.28293,1.2985,1.45703,1.36682,1.13048,1.134,0.959136,1.05322,1.52174,1.29916,0.789252,0.837435,1.29756,1.35089,1.33293,1.29098,1.43399,1.20956,0.956083,1.17229,0.816006,1.05322,1.26042,1.06005,0.505079,0.85052,1.54895,1.15909,1.01738,0.887473,1.35138,1.28212,1.24241,1.40658,1.20275,1.39118,1.30607,1.3106
3424.224504,1.27475,1.30946,1.21137,1.1777,1.28005,1.29829,1.46931,1.37173,1.13854,1.13633,0.960288,1.05357,1.51855,1.30766,0.792725,0.839579,1.30686,1.35504,1.32865,1.29687,1.43162,1.21025,0.958561,1.17407,0.81978,1.05357,1.26446,1.06136,0.503825,0.846476,1.55226,1.15624,1.02061,0.893341,1.34952,1.27909,1.23885,1.39736,1.20588,1.38701,1.30682,1.3063
3426.41111,1.27399,1.30762,1.21268,1.18129,1.27714,1.29701,1.48314,1.37851,1.14266,1.13781,0.959497,1.05362,1.51733,1.31688,0.797638,0.842934,1.31591,1.36304,1.32441,1.29891,1.42616,1.21063,0.960061,1.17579,0.821517,1.05362,1.2663,1.06185,0.501654,0.842463,1.56014,1.15418,1.02321,0.89826,1.3536,1.27244,1.23725,1.39609,1.20886,1.38165,1.30664,1.30282
3428.60051,1.27065,1.30606,1.21217,1.18702,1.27835,1.29641,1.49306,1.38221,1.13966,1.13856,0.958686,1.0553,1.51772,1.32399,0.801548,0.846482,1.32061,1.36597,1.31787,1.29697,1.42319,1.21075,0.961648,1.17665,0.82218,1.0553,1.26495,1.06071,0.498759,0.838428,1.56829,1.15073,1.026,0.900914,1.36118,1.2696,1.2352,1.39652,1.2121,1.38156,1.3126,1.30085
3430.79271,1.2663,1.3086,1.21315,1.19366,1.27945,1.29856,1.49496,1.38381,1.13536,1.13809,0.958279,1.05818,1.52654,1.32991,0.803557,0.849411,1.32319,1.36426,1.313,1.29648,1.42762,1.21141,0.964296,1.18048,0.821814,1.05818,1.26371,1.05969,0.495874,0.833506,1.56905,1.14644,1.02857,0.901843,1.3701,1.26905,1.23088,1.39564,1.21479,1.38429,1.3236,1.30347
3432.987715,1.26345,1.31197,1.21351,1.19218,1.27882,1.30045,1.48773,1.38067,1.132,1.13576,0.954508,1.05803,1.53519,1.33482,0.803706,0.848416,1.32146,1.35938,1.31037,1.29426,1.43228,1.20856,0.965501,1.1827,0.819193,1.05803,1.26538,1.05458,0.492829,0.828063,1.56288,1.14199,1.03071,0.899582,1.37814,1.26506,1.22499,1.39155,1.21408,1.38654,1.33056,1.30726
3435.18553,1.26027,1.31024,1.21045,1.1869,1.28131,1.30366,1.47708,1.37645,1.12828,1.13344,0.948672,1.05403,1.54122,1.33774,0.801779,0.845275,1.32188,1.35827,1.30813,1.29023,1.42779,1.20453,0.966543,1.17954,0.814251,1.05403,1.26752,1.0497,0.488981,0.823744,1.56268,1.1414,1.03021,0.895282,1.38553,1.26232,1.21863,1.38406,1.21522,1.39001,1.33349,1.3161
3437.386161,1.25672,1.30628,1.20601,1.18229,1.28543,1.30898,1.46123,1.37417,1.12056,1.13228,0.944188,1.04958,1.5481,1.33824,0.797533,0.842485,1.32224,1.35648,1.3091,1.28688,1.42073,1.20121,0.966467,1.16989,0.807305,1.04958,1.26609,1.04902,0.484632,0.819746,1.56264,1.14147,1.02442,0.891288,1.388,1.25905,1.21486,1.37278,1.2179,1.38942,1.33291,1.32335
3439.589614,1.2544,1.30693,1.20394,1.17653,1.29271,1.31324,1.4418,1.37258,1.11204,1.12976,0.940475,1.04681,1.55757,1.33798,0.793335,0.839857,1.31754,1.3528,1.31579,1.28434,1.42059,1.1994,0.965308,1.15957,0.799287,1.04681,1.26439,1.04932,0.480309,0.817118,1.56704,1.14062,1.01731,0.887002,1.38769,1.25459,1.21676,1.36753,1.21588,1.38366,1.33153,1.32566
3441.795894,1.25494,1.30806,1.2013,1.16971,1.29766,1.31252,1.4254,1.37265,1.10508,1.1237,0.934719,1.04271,1.56909,1.3361,0.789659,0.83509,1.30928,1.35313,1.31919,1.27962,1.41904,1.19891,0.964752,1.15467,0.789562,1.04271,1.26225,1.047,0.476218,0.81534,1.5724,1.14096,1.0119,0.880482,1.38582,1.25235,1.21966,1.37121,1.20978,1.37707,1.3284,1.32339
3444.005005,1.25882,1.30817,1.19789,1.16157,1.29896,1.3095,1.41268,1.37481,1.09868,1.11925,0.929753,1.03595,1.57892,1.33363,0.785255,0.829877,1.30329,1.35599,1.31883,1.27327,1.416,1.20072,0.965717,1.1532,0.779754,1.03595,1.25771,1.0451,0.472661,0.813069,1.57329,1.14159,1.00578,0.874525,1.38073,1.25224,1.22009,1.37663,1.20122,1.36989,1.32234,1.31746
3446.216954,1.262,1.30463,1.19438,1.15235,1.29528,1.30443,1.4004,1.37354,1.09265,1.11793,0.925245,1.0261,1.58021,1.33155,0.779093,0.825159,1.30031,1.35194,1.31899,1.26744,1.41177,1.20259,0.965707,1.15032,0.77237,1.0261,1.24974,1.04223,0.469366,0.809328,1.56624,1.13878,0.997878,0.869356,1.37122,1.25591,1.21775,1.3768,1.18963,1.35605,1.31509,1.3101
3448.431747,1.26512,1.29887,1.19207,1.14623,1.28786,1.29632,1.39153,1.37205,1.08917,1.11511,0.92011,1.01699,1.5739,1.32932,0.772362,0.820516,1.30269,1.34726,1.32532,1.26479,1.4119,1.20455,0.964802,1.14654,0.768221,1.01699,1.24253,1.03934,0.46623,0.804579,1.55662,1.13798,0.992031,0.865969,1.3657,1.26138,1.2181,1.37923,1.17878,1.33866,1.31065,1.30458
3450.649388,1.26542,1.29397,1.18707,1.14163,1.28234,1.28968,1.3859,1.37265,1.08765,1.11419,0.9158,1.01117,1.56503,1.32967,0.765212,0.814904,1.30636,1.34809,1.33089,1.26446,1.41225,1.20716,0.964008,1.14521,0.765318,1.01117,1.23769,1.03731,0.463535,0.799831,1.54626,1.13866,0.988576,0.863541,1.36436,1.26415,1.21754,1.3873,1.16756,1.3239,1.30944,1.30332
3452.869883,1.26309,1.29476,1.18091,1.13716,1.27802,1.28975,1.39372,1.37438,1.08732,1.11798,0.913925,1.00578,1.56088,1.33164,0.759121,0.810055,1.31159,1.3524,1.3303,1.26756,1.40844,1.21109,0.964731,1.14887,0.763012,1.00578,1.23497,1.03686,0.46102,0.796371,1.54448,1.13701,0.985325,0.860271,1.36467,1.26473,1.21363,1.39253,1.15833,1.31505,1.30921,1.30342
3455.093238,1.26315,1.29812,1.17677,1.13305,1.27061,1.28766,1.41255,1.37265,1.08474,1.121,0.911788,0.99937,1.55805,1.32565,0.75691,0.806191,1.31424,1.35604,1.32576,1.27158,1.40328,1.21107,0.964256,1.15443,0.760415,0.99937,1.23341,1.03721,0.458445,0.792694,1.55346,1.13664,0.978373,0.857369,1.36559,1.26203,1.20906,1.39259,1.15169,1.30919,1.30579,1.29747
3457.319457,1.26713,1.29717,1.17327,1.13077,1.26505,1.28362,1.4324,1.37157,1.08088,1.12305,0.909678,0.995166,1.54825,1.31634,0.756975,0.802368,1.31421,1.35873,1.32139,1.27382,1.40493,1.20521,0.962831,1.15961,0.758513,0.995166,1.23458,1.03697,0.456311,0.789207,1.56604,1.13794,0.971533,0.854932,1.3685,1.26236,1.20761,1.39361,1.14853,1.30798,1.30614,1.29087
3459.548548,1.27088,1.29449,1.1712,1.12905,1.26337,1.28139,1.44556,1.37018,1.07837,1.12218,0.908118,0.991835,1.53718,1.3072,0.755876,0.799095,1.31328,1.35895,1.3169,1.27409,1.40789,1.19702,0.96253,1.16118,0.757439,0.991835,1.23309,1.03613,0.455323,0.785491,1.56654,1.1363,0.96654,0.852347,1.37366,1.26592,1.20321,1.3944,1.14685,1.31124,1.3118,1.29108
3461.780515,1.27518,1.302,1.17254,1.12691,1.26205,1.28283,1.44872,1.36752,1.08064,1.1192,0.906205,0.988613,1.53539,1.30754,0.754794,0.796619,1.31293,1.35829,1.31444,1.27552,1.40619,1.18919,0.961922,1.16244,0.756618,0.988613,1.23302,1.03611,0.455047,0.781062,1.55399,1.13417,0.963362,0.84915,1.3793,1.26962,1.19596,1.39305,1.14548,1.31633,1.31387,1.29635
3464.015363,1.27725,1.30916,1.17219,1.12304,1.26055,1.28443,1.4497,1.36493,1.08384,1.11576,0.90351,0.984795,1.52987,1.31341,0.753851,0.79337,1.31206,1.35895,1.31363,1.27414,1.40252,1.18204,0.958057,1.16269,0.754226,0.984795,1.23526,1.03499,0.454291,0.776734,1.54349,1.13114,0.961004,0.844734,1.37981,1.27314,1.19138,1.38322,1.14463,1.31888,1.31051,1.30112
3466.253099,1.27813,1.31002,1.17044,1.11975,1.26267,1.28626,1.45291,1.3657,1.08424,1.11452,0.901106,0.98226,1.5258,1.31492,0.752469,0.792088,1.31361,1.35872,1.31233,1.26985,1.39985,1.17762,0.953908,1.16212,0.751681,0.98226,1.24019,1.0351,0.45307,0.77378,1.54527,1.13038,0.958433,0.842978,1.37954,1.27498,1.18831,1.37328,1.14703,1.32359,1.30829,1.30986
3468.493728,1.27591,1.31086,1.17059,1.11853,1.26543,1.28772,1.45166,1.37133,1.08154,1.11457,0.899296,0.983914,1.52213,1.31404,0.752083,0.793671,1.31416,1.3533,1.31183,1.26819,1.39916,1.17693,0.949416,1.15981,0.750789,0.983914,1.24505,1.03572,0.452809,0.772109,1.55182,1.13168,0.956471,0.842936,1.37902,1.27321,1.18593,1.36842,1.15133,1.32644,1.30554,1.31687
3470.737256,1.27064,1.31304,1.17292,1.12007,1.26681,1.28948,1.4452,1.38266,1.07802,1.11167,0.899237,0.987736,1.51611,1.3159,0.753495,0.795654,1.30731,1.34952,1.31052,1.26872,1.40318,1.1783,0.944586,1.15758,0.75025,0.987736,1.24862,1.0363,0.453687,0.77257,1.56579,1.13312,0.957892,0.840808,1.37908,1.27189,1.18468,1.37033,1.15298,1.32345,1.30531,1.32009
3472.983688,1.26242,1.31435,1.17224,1.12426,1.26401,1.29386,1.44116,1.39203,1.07333,1.10563,0.900762,0.988717,1.50921,1.31911,0.753871,0.796741,1.29487,1.34846,1.30659,1.26482,1.40295,1.18083,0.940334,1.15789,0.749245,0.988717,1.2479,1.03576,0.455062,0.773723,1.5773,1.13371,0.959161,0.836848,1.37656,1.26982,1.18213,1.37218,1.15167,1.31971,1.30425,1.32181
3475.23303,1.25479,1.31453,1.16953,1.12748,1.26204,1.30241,1.43618,1.39533,1.06841,1.09985,0.903157,0.989352,1.50527,1.32289,0.753162,0.798821,1.28669,1.34686,1.30893,1.25664,1.39963,1.18617,0.936677,1.15756,0.749163,0.989352,1.24137,1.03343,0.456263,0.775496,1.58315,1.13294,0.957968,0.835554,1.37094,1.26869,1.17751,1.3704,1.15062,1.31667,1.30232,1.32038
3477.485287,1.24481,1.31143,1.16594,1.12742,1.26051,1.30648,1.42909,1.39261,1.06399,1.09548,0.904013,0.991082,1.50064,1.32831,0.751399,0.799967,1.28111,1.33928,1.31422,1.25056,1.40143,1.19098,0.932803,1.15284,0.750761,0.991082,1.23392,1.03018,0.45649,0.778188,1.57847,1.13142,0.956977,0.837771,1.36466,1.27066,1.17287,1.37203,1.14846,1.3132,1.29986,1.31838
3479.740466,1.23465,1.30995,1.16394,1.12649,1.25649,1.30585,1.42395,1.39032,1.06057,1.09282,0.90271,0.992592,1.49706,1.33713,0.748138,0.799538,1.27979,1.33049,1.31591,1.24939,1.4065,1.19572,0.929007,1.15063,0.752794,0.992592,1.23231,1.02854,0.456675,0.780319,1.56499,1.13116,0.959473,0.840584,1.36239,1.26992,1.1701,1.38166,1.14497,1.31332,1.29942,1.31953
3481.998571,1.2301,1.31262,1.16202,1.12469,1.25486,1.30655,1.42015,1.38728,1.05761,1.09166,0.900529,0.993446,1.49846,1.34353,0.74531,0.798898,1.27787,1.32702,1.31077,1.24787,1.40562,1.19931,0.927981,1.15156,0.753644,0.993446,1.22837,1.0282,0.457231,0.780888,1.55086,1.12984,0.962854,0.842033,1.36142,1.26416,1.16589,1.39336,1.1392,1.31601,1.30252,1.31936
3484.259609,1.23154,1.31331,1.15888,1.12274,1.25683,1.30793,1.42361,1.38133,1.05264,1.09313,0.899306,0.995033,1.50477,1.34148,0.745017,0.798435,1.27447,1.32762,1.30434,1.24634,1.40068,1.20037,0.928902,1.15109,0.75491,0.995033,1.22052,1.02857,0.456925,0.782155,1.54374,1.1289,0.964295,0.842074,1.36069,1.25919,1.16215,1.39972,1.1346,1.32004,1.30766,1.31467
3486.523585,1.23634,1.30686,1.15484,1.11872,1.2603,1.30511,1.43033,1.37762,1.04738,1.09551,0.89743,0.994677,1.50497,1.32724,0.746271,0.797127,1.27067,1.32849,1.30014,1.24587,1.39784,1.19753,0.927529,1.14881,0.755173,0.994677,1.21658,1.02881,0.456016,0.78259,1.53959,1.12948,0.963499,0.842362,1.35872,1.25587,1.15916,1.39949,1.13638,1.32433,1.31019,1.30899
3488.790506,1.24083,1.30106,1.15016,1.11354,1.26707,1.30101,1.43066,1.37914,1.04579,1.09877,0.895001,0.992861,1.50177,1.3122,0.747198,0.795876,1.2701,1.33236,1.2971,1.24497,1.4011,1.19364,0.925598,1.14511,0.753877,0.992861,1.21499,1.02717,0.455051,0.781325,1.52711,1.12731,0.962354,0.843181,1.35662,1.25602,1.15628,1.39713,1.14,1.32889,1.31136,1.30731
3491.060376,1.24405,1.30273,1.14426,1.11008,1.27299,1.29636,1.42375,1.37594,1.04661,1.10151,0.891378,0.990268,1.49962,1.30661,0.747471,0.794259,1.27093,1.33796,1.29758,1.24192,1.40055,1.18982,0.924234,1.13738,0.752241,0.990268,1.20929,1.02214,0.453656,0.778884,1.50881,1.12343,0.961605,0.843786,1.35319,1.25368,1.15209,1.39516,1.14105,1.33015,1.31074,1.3059
3493.333202,1.24959,1.31186,1.13924,1.10804,1.27531,1.29212,1.4215,1.37023,1.04676,1.10367,0.886587,0.98582,1.49991,1.30767,0.747062,0.791501,1.27088,1.34157,1.30111,1.24239,1.39674,1.18906,0.921953,1.13207,0.750453,0.98582,1.20627,1.01659,0.45094,0.775269,1.49576,1.12235,0.960984,0.844003,1.35026,1.25158,1.15114,1.39429,1.14187,1.3308,1.30752,1.304
3495.608989,1.25428,1.31529,1.13685,1.10319,1.27494,1.28887,1.42828,1.36507,1.04411,1.10521,0.882334,0.979751,1.49246,1.3073,0.74421,0.788617,1.26806,1.34187,1.30445,1.24551,1.40059,1.18776,0.918953,1.13022,0.747554,0.979751,1.20653,1.01295,0.446653,0.771311,1.48828,1.12042,0.958783,0.843681,1.3483,1.25217,1.15477,1.38998,1.14111,1.33059,1.30376,1.30166
3497.887743,1.25879,1.31065,1.13772,1.09635,1.27429,1.28862,1.43503,1.36105,1.04192,1.10905,0.878666,0.975946,1.47955,1.30568,0.7412,0.788252,1.26837,1.33794,1.30727,1.24879,1.40585,1.1869,0.916177,1.12906,0.745451,0.975946,1.20721,1.01017,0.44257,0.767552,1.49088,1.11881,0.957047,0.844032,1.34833,1.2541,1.15872,1.38729,1.14239,1.32949,1.30375,1.30197
3500.16947,1.26142,1.30424,1.13877,1.09267,1.27348,1.28752,1.43489,1.36355,1.04126,1.11216,0.875723,0.975695,1.46976,1.30426,0.740944,0.78978,1.26838,1.33267,1.30774,1.25232,1.40377,1.18824,0.91227,1.12625,0.745998,0.975695,1.20657,1.00756,0.43976,0.762462,1.49764,1.11741,0.958501,0.844473,1.35086,1.25432,1.16057,1.38596,1.14453,1.32358,1.30289,1.30351
3502.454176,1.26029,1.30253,1.13777,1.09572,1.27145,1.28643,1.43326,1.37209,1.04201,1.11088,0.874739,0.977991,1.46487,1.30572,0.742812,0.791836,1.26484,1.32876,1.30597,1.25765,1.40378,1.18857,0.908251,1.12407,0.74796,0.977991,1.20648,1.00496,0.43722,0.757258,1.50407,1.11462,0.964586,0.84525,1.35611,1.25363,1.16043,1.38318,1.14363,1.31225,1.30295,1.30447
3504.741867,1.25489,1.30414,1.1337,1.10118,1.26856,1.28562,1.43183,1.37219,1.04449,1.10816,0.874856,0.979074,1.46225,1.30962,0.744543,0.793217,1.2603,1.32189,1.30733,1.2598,1.40512,1.18569,0.904054,1.12351,0.750284,0.979074,1.2065,1.00087,0.434096,0.753234,1.50358,1.11052,0.970239,0.846776,1.3579,1.25422,1.16011,1.38019,1.14116,1.30337,1.3028,1.29968
3507.032548,1.24978,1.30445,1.1316,1.1038,1.26879,1.28725,1.42757,1.36723,1.04771,1.10704,0.873706,0.980368,1.46807,1.31429,0.746971,0.793935,1.25939,1.31639,1.31639,1.26027,1.40518,1.18124,0.900912,1.12308,0.752651,0.980368,1.20611,0.996607,0.430329,0.75046,1.49743,1.10977,0.973213,0.850179,1.35869,1.25755,1.15913,1.38026,1.13795,1.29764,1.29943,1.29122
3509.326225,1.24468,1.30517,1.13169,1.1031,1.26724,1.28617,1.42583,1.36666,1.04854,1.10543,0.868656,0.982111,1.47676,1.32078,0.749059,0.793165,1.25961,1.31223,1.31973,1.26259,1.40539,1.17626,0.899453,1.12494,0.754639,0.982111,1.20803,0.994396,0.426578,0.747151,1.48785,1.11032,0.975713,0.854953,1.36385,1.25821,1.15448,1.38178,1.13279,1.29486,1.29339,1.28568
3511.622904,1.24307,1.30862,1.13154,1.10216,1.26425,1.28226,1.42792,1.37406,1.04709,1.10207,0.862107,0.983811,1.48358,1.32736,0.750034,0.792952,1.26319,1.30782,1.31569,1.26511,1.40267,1.17388,0.898163,1.13239,0.755867,0.983811,1.21376,0.994465,0.424207,0.741822,1.48295,1.10998,0.978273,0.858252,1.3715,1.25402,1.14609,1.38017,1.12759,1.29746,1.292,1.28166
3513.922592,1.24567,1.30916,1.12947,1.10183,1.2639,1.27971,1.43059,1.38131,1.04358,1.09837,0.857157,0.984264,1.49149,1.32497,0.751083,0.793577,1.26595,1.30714,1.31099,1.26501,1.39366,1.17112,0.895792,1.13792,0.755715,0.984264,1.21368,0.995182,0.422142,0.735806,1.48004,1.11085,0.978346,0.858649,1.37413,1.24881,1.13461,1.3762,1.12073,1.29924,1.29254,1.27751
3516.225293,1.24918,1.30858,1.12534,1.10157,1.2667,1.28009,1.43347,1.38667,1.03768,1.0973,0.853874,0.983948,1.49874,1.31554,0.751487,0.792976,1.2658,1.3097,1.30573,1.26273,1.3862,1.16766,0.891185,1.13905,0.754863,0.983948,1.21007,0.995134,0.419228,0.73177,1.47399,1.11195,0.975971,0.857399,1.37349,1.24853,1.12182,1.37348,1.11394,1.30151,1.29393,1.27834
3518.531015,1.25036,1.30867,1.11932,1.09904,1.27018,1.27792,1.42594,1.39278,1.03118,1.09518,0.850372,0.98221,1.49952,1.30448,0.750035,0.790437,1.26131,1.31334,1.30073,1.25873,1.38327,1.16487,0.884508,1.13724,0.75261,0.98221,1.2083,0.993573,0.416657,0.728118,1.46405,1.10968,0.97302,0.855137,1.3725,1.24891,1.10936,1.36999,1.10694,1.3024,1.29343,1.28267
3520.839762,1.25108,1.31105,1.11382,1.0953,1.27011,1.27977,1.41337,1.39458,1.0249,1.09203,0.846249,0.97922,1.49814,1.29794,0.747229,0.786863,1.25619,1.31914,1.29878,1.25772,1.38248,1.16415,0.877608,1.13428,0.748991,0.97922,1.20533,0.991509,0.414251,0.723774,1.45065,1.10663,0.969698,0.851647,1.3684,1.24779,1.09682,1.36534,1.09787,1.30209,1.28955,1.28425
3523.151542,1.25059,1.31097,1.10689,1.09154,1.26357,1.28354,1.4085,1.38539,1.01616,1.09023,0.841716,0.974226,1.49454,1.29509,0.742569,0.780701,1.25025,1.32348,1.29992,1.25747,1.38165,1.16439,0.870443,1.13062,0.744036,0.974226,1.19958,0.988623,0.411101,0.720089,1.44076,1.10346,0.964907,0.846407,1.36069,1.24452,1.08242,1.3589,1.08878,1.29818,1.28434,1.27921
3525.466359,1.25338,1.30838,1.10087,1.08674,1.25613,1.28424,1.41182,1.37143,1.00498,1.08738,0.836611,0.967785,1.4877,1.29177,0.735669,0.773585,1.24054,1.32149,1.30235,1.25718,1.38246,1.16622,0.862817,1.12829,0.738203,0.967785,1.19734,0.98768,0.407542,0.717097,1.44038,1.09858,0.958759,0.841234,1.35447,1.242,1.0698,1.3554,1.0806,1.29255,1.2815,1.27309
3527.784219,1.25898,1.30313,1.09752,1.07986,1.24988,1.28474,1.41137,1.35606,0.994314,1.08339,0.831841,0.961261,1.47259,1.29172,0.727568,0.767901,1.22892,1.31186,1.30519,1.25562,1.38216,1.16686,0.855591,1.12425,0.731617,0.961261,1.19646,0.987745,0.404246,0.714676,1.4391,1.09201,0.952203,0.836442,1.34816,1.23892,1.06025,1.35476,1.07227,1.28702,1.27966,1.26901
3530.10513,1.26244,1.29785,1.09586,1.07455,1.24536,1.28528,1.41093,1.34623,0.985277,1.08111,0.828399,0.956049,1.45888,1.29445,0.721614,0.7639,1.22372,1.30239,1.30838,1.25254,1.37846,1.16877,0.850879,1.11864,0.726127,0.956049,1.19379,0.986253,0.401721,0.712833,1.44031,1.08738,0.946711,0.831722,1.34083,1.2371,1.05397,1.35585,1.06703,1.27932,1.27663,1.26877
3532.429097,1.2632,1.29543,1.09518,1.07466,1.24151,1.28333,1.41212,1.34666,0.97801,1.07899,0.825123,0.953093,1.45234,1.29529,0.718024,0.761274,1.22046,1.29484,1.30854,1.24896,1.37435,1.17023,0.847288,1.11165,0.722681,0.953093,1.19103,0.982908,0.39944,0.710938,1.43869,1.08484,0.943669,0.828567,1.33406,1.23647,1.04748,1.35775,1.06445,1.2709,1.26966,1.26863
3534.756125,1.26492,1.29655,1.09386,1.07837,1.24103,1.2802,1.41272,1.35068,0.972924,1.07567,0.821731,0.952036,1.44643,1.29556,0.715322,0.760185,1.21821,1.29155,1.30756,1.24895,1.37546,1.16789,0.843129,1.10514,0.719922,0.952036,1.18989,0.978391,0.39705,0.709867,1.43415,1.08377,0.944456,0.828583,1.32843,1.23595,1.04161,1.36061,1.06199,1.26566,1.26451,1.26641
3537.086221,1.26359,1.29578,1.09256,1.08022,1.24027,1.27538,1.4107,1.34742,0.969762,1.07305,0.818133,0.950577,1.43866,1.29655,0.712936,0.758938,1.21707,1.29076,1.30612,1.24921,1.37554,1.16226,0.838774,1.10081,0.716804,0.950577,1.18862,0.973019,0.394788,0.708758,1.42943,1.08183,0.945765,0.829474,1.32184,1.23744,1.03911,1.36341,1.05912,1.26279,1.26267,1.26076
3539.419392,1.26003,1.29364,1.09292,1.08022,1.23649,1.27385,1.41029,1.34676,0.966435,1.07255,0.813533,0.950037,1.43185,1.29959,0.711027,0.757489,1.21714,1.2923,1.30549,1.24718,1.37203,1.15758,0.8358,1.09962,0.714064,0.950037,1.18556,0.968203,0.392864,0.706567,1.42718,1.08069,0.946278,0.830429,1.31895,1.24054,1.03674,1.36718,1.05642,1.25923,1.2609,1.25842
3541.755642,1.25723,1.29413,1.09079,1.07768,1.2324,1.27287,1.41232,1.35205,0.960157,1.06907,0.808196,0.950627,1.42676,1.30234,0.709409,0.756052,1.21575,1.29241,1.30248,1.24268,1.3674,1.15628,0.832686,1.10159,0.711777,0.950627,1.18123,0.964594,0.391295,0.702579,1.42469,1.07964,0.947294,0.831108,1.32073,1.2397,1.0304,1.37043,1.05389,1.25621,1.2603,1.25987
3544.094979,1.25448,1.29614,1.08568,1.07324,1.23292,1.26958,1.41464,1.36104,0.953584,1.06331,0.805187,0.952657,1.42307,1.30156,0.708313,0.754931,1.21526,1.28658,1.29807,1.2426,1.36451,1.15636,0.828948,1.10729,0.710575,0.952657,1.17757,0.961679,0.390107,0.698322,1.42346,1.07851,0.947463,0.830622,1.32192,1.23753,1.02222,1.36869,1.05139,1.25491,1.26794,1.25911
3546.437408,1.25199,1.29604,1.08003,1.06843,1.23331,1.26488,1.41283,1.36966,0.948734,1.06047,0.803892,0.952836,1.42001,1.29451,0.707139,0.753569,1.21356,1.27588,1.29196,1.24457,1.36292,1.15415,0.823717,1.11093,0.710106,0.952836,1.17078,0.958716,0.388664,0.695608,1.42121,1.07776,0.944642,0.828839,1.3215,1.2364,1.01479,1.36495,1.04817,1.25494,1.2753,1.25786
3548.782935,1.25315,1.29726,1.07388,1.06242,1.23164,1.26055,1.40879,1.37472,0.94519,1.06072,0.80208,0.952136,1.41866,1.28701,0.706091,0.752096,1.20912,1.26993,1.28442,1.24367,1.36092,1.1516,0.817339,1.11042,0.709543,0.952136,1.16359,0.957522,0.387219,0.694305,1.41657,1.07526,0.9423,0.827627,1.32289,1.23712,1.00677,1.36735,1.04529,1.25679,1.27799,1.26406
3551.131567,1.25171,1.29812,1.06589,1.05418,1.23147,1.25562,1.40299,1.37478,0.941358,1.06131,0.799637,0.951903,1.41618,1.28412,0.705361,0.750123,1.20525,1.26794,1.27962,1.24458,1.3578,1.14817,0.811126,1.10902,0.709002,0.951903,1.15788,0.95783,0.386362,0.693412,1.40933,1.07158,0.942599,0.825914,1.32418,1.23641,0.998864,1.36626,1.04067,1.25504,1.27932,1.27081
3553.48331,1.24703,1.29578,1.05808,1.04618,1.23186,1.25525,1.39924,1.37113,0.938463,1.062,0.797121,0.950315,1.41383,1.28413,0.704519,0.748023,1.20571,1.26786,1.27816,1.25048,1.35831,1.1445,0.806092,1.10812,0.708601,0.950315,1.15357,0.95923,0.384993,0.692717,1.40434,1.0706,0.944268,0.82474,1.32482,1.23416,0.990626,1.35745,1.03648,1.25172,1.27907,1.27446
3555.83817,1.24197,1.29206,1.04972,1.03932,1.2297,1.25547,1.40091,1.36536,0.935443,1.06228,0.794735,0.947069,1.41272,1.28326,0.703173,0.745972,1.20424,1.26797,1.2772,1.25217,1.36155,1.14399,0.801129,1.10679,0.70767,0.947069,1.15153,0.958904,0.38309,0.692288,1.40037,1.06782,0.945801,0.824365,1.3255,1.22838,0.980715,1.34736,1.03363,1.24734,1.27535,1.27546
3558.196152,1.24259,1.29091,1.04216,1.0337,1.22836,1.25646,1.4015,1.35986,0.93203,1.06292,0.791901,0.94481,1.4135,1.28396,0.701897,0.745389,1.19837,1.26518,1.27838,1.2512,1.36118,1.14589,0.79665,1.10656,0.706706,0.94481,1.1518,0.957801,0.38172,0.691769,1.3991,1.06345,0.947832,0.825525,1.32501,1.22156,0.972468,1.34399,1.03034,1.2445,1.27376,1.27846
3560.557265,1.2429,1.29143,1.03555,1.02712,1.22686,1.25778,1.39929,1.35521,0.928603,1.06435,0.789258,0.942331,1.41363,1.28767,0.701482,0.745964,1.19104,1.26058,1.28052,1.24905,1.35732,1.1463,0.793887,1.10507,0.706518,0.942331,1.15058,0.955899,0.380387,0.691175,1.398,1.0614,0.949294,0.827364,1.32063,1.2169,0.966443,1.34491,1.02586,1.24302,1.2717,1.28284
3562.921512,1.2391,1.29251,1.02952,1.02122,1.22441,1.25658,1.40508,1.35355,0.924608,1.06582,0.787995,0.93812,1.41366,1.29122,0.701865,0.747639,1.18695,1.26143,1.28435,1.24542,1.35838,1.14534,0.793334,1.10359,0.70758,0.93812,1.14887,0.953496,0.378683,0.691182,1.39786,1.06222,0.948254,0.827872,1.31682,1.21778,0.962839,1.34199,1.02347,1.24168,1.2673,1.28545
3565.288902,1.23579,1.29368,1.02401,1.01823,1.2224,1.25531,1.41274,1.35507,0.921273,1.06599,0.785791,0.934334,1.40893,1.29109,0.701692,0.750443,1.1864,1.26697,1.29023,1.24238,1.3608,1.14642,0.791722,1.1045,0.70802,0.934334,1.14883,0.950848,0.377214,0.6913,1.39566,1.06388,0.946171,0.829003,1.31568,1.22176,0.958876,1.33716,1.02291,1.24154,1.26431,1.28448
3567.65944,1.2358,1.29424,1.01778,1.01611,1.22362,1.25566,1.4179,1.35763,0.919187,1.0649,0.783019,0.932844,1.40244,1.29036,0.700727,0.753177,1.18685,1.27408,1.29495,1.24081,1.36007,1.149,0.788446,1.10653,0.707336,0.932844,1.15018,0.946895,0.376183,0.690405,1.39311,1.06683,0.945539,0.831679,1.31648,1.22477,0.953605,1.33864,1.01986,1.24191,1.26743,1.2824
3570.033132,1.23465,1.29301,1.01183,1.01278,1.22001,1.25542,1.42255,1.36059,0.916956,1.06361,0.780672,0.933039,1.39557,1.29005,0.699219,0.753958,1.18407,1.27738,1.29483,1.2391,1.35778,1.14983,0.784671,1.10736,0.706443,0.933039,1.14911,0.942103,0.375217,0.688475,1.39248,1.06729,0.946026,0.832425,1.31708,1.22852,0.948184,1.34427,1.01639,1.24057,1.27255,1.28038
3572.409985,1.23207,1.29108,1.00692,1.00898,1.21294,1.25705,1.4284,1.36853,0.914049,1.0625,0.778434,0.934231,1.38974,1.28887,0.697317,0.753285,1.18057,1.27821,1.29415,1.23706,1.35778,1.151,0.780985,1.10606,0.706292,0.934231,1.14698,0.939169,0.374104,0.686139,1.39228,1.06555,0.946978,0.831319,1.31771,1.23403,0.942548,1.35097,1.01591,1.23868,1.27888,1.28042
3574.790005,1.22867,1.28954,1.0013,1.00401,1.20763,1.26008,1.43213,1.3757,0.911066,1.05928,0.777761,0.935093,1.38446,1.28524,0.695124,0.751551,1.17884,1.27663,1.29247,1.23262,1.35808,1.15404,0.778379,1.10423,0.706419,0.935093,1.14473,0.935486,0.372713,0.683236,1.38511,1.06407,0.946276,0.82923,1.31709,1.23616,0.936847,1.35411,1.01481,1.23776,1.28409,1.27625
3577.173198,1.22607,1.28957,0.996592,1.00018,1.20373,1.26155,1.43354,1.38025,0.909469,1.05657,0.77856,0.936606,1.37917,1.28232,0.693337,0.749836,1.17586,1.27135,1.28991,1.2307,1.35885,1.15772,0.777031,1.10375,0.70634,0.936606,1.14444,0.930472,0.371252,0.681316,1.37652,1.06353,0.943645,0.826058,1.3166,1.23428,0.932952,1.35288,1.01223,1.23927,1.28903,1.26747
3579.559572,1.22578,1.28971,0.994275,0.997029,1.19921,1.25996,1.4312,1.38152,0.907573,1.05561,0.778523,0.936984,1.37299,1.27831,0.691924,0.747673,1.16963,1.2641,1.28803,1.23171,1.36142,1.16004,0.774547,1.10083,0.704931,0.936984,1.14585,0.927624,0.370091,0.680317,1.37407,1.06275,0.939721,0.823123,1.31525,1.23146,0.929723,1.35292,1.00977,1.24045,1.29056,1.26257
3581.949131,1.22698,1.29177,0.992045,0.9942,1.19665,1.25877,1.42848,1.37707,0.904564,1.05536,0.77739,0.936816,1.36878,1.27505,0.690853,0.745028,1.1657,1.2626,1.28719,1.23319,1.36215,1.16089,0.771575,1.09619,0.702327,0.936816,1.14672,0.928703,0.369268,0.679188,1.37147,1.06083,0.936813,0.82124,1.31119,1.22877,0.924657,1.35641,1.00864,1.24025,1.28522,1.26151
3584.341882,1.22527,1.29449,0.987156,0.992025,1.19919,1.25575,1.42469,1.37329,0.902109,1.05483,0.775776,0.936199,1.36444,1.27497,0.690021,0.742428,1.16554,1.26428,1.28328,1.23456,1.36068,1.16012,0.769581,1.09297,0.70015,0.936199,1.14511,0.92992,0.368387,0.678483,1.36458,1.05839,0.935555,0.819113,1.3082,1.22262,0.918815,1.35366,1.00798,1.23983,1.27856,1.25769
3586.737833,1.22452,1.29707,0.983206,0.991994,1.20311,1.25172,1.41689,1.37307,0.901909,1.0536,0.774017,0.935065,1.36141,1.27615,0.689755,0.740553,1.16613,1.2665,1.27661,1.23906,1.36142,1.15968,0.767973,1.09178,0.698778,0.935065,1.14427,0.930006,0.367093,0.677989,1.36135,1.05719,0.934953,0.81741,1.31042,1.21444,0.914889,1.34718,1.00684,1.23877,1.27304,1.25687
3589.136988,1.22616,1.2998,0.981689,0.992529,1.20227,1.25121,1.40851,1.37269,0.900797,1.05237,0.771832,0.934124,1.36004,1.27431,0.689701,0.73935,1.16288,1.26683,1.27279,1.24459,1.35931,1.16074,0.765339,1.09067,0.69674,0.934124,1.14569,0.928293,0.365749,0.676549,1.3579,1.05575,0.934327,0.815723,1.31158,1.20685,0.912206,1.34132,1.0057,1.23554,1.26614,1.25634
3591.539356,1.22911,1.30009,0.981949,0.990695,1.19839,1.25399,1.40028,1.36985,0.898874,1.05315,0.768984,0.932614,1.36121,1.27195,0.690029,0.739175,1.15907,1.26569,1.2712,1.24964,1.35488,1.16065,0.762563,1.0889,0.694382,0.932614,1.14496,0.928425,0.364511,0.674696,1.35449,1.05413,0.933485,0.814114,1.31076,1.20356,0.910304,1.33713,1.00412,1.23288,1.26109,1.2566
3593.944942,1.23175,1.30109,0.981861,0.986119,1.19215,1.25295,1.39167,1.36414,0.897346,1.05305,0.765366,0.929395,1.36319,1.27236,0.690268,0.738927,1.15692,1.26468,1.27011,1.25087,1.35404,1.15762,0.759913,1.08759,0.693255,0.929395,1.14151,0.930697,0.36313,0.672915,1.3533,1.05352,0.92943,0.813191,1.30819,1.20269,0.909021,1.33148,1.001,1.23109,1.25754,1.25809
3596.353752,1.23436,1.30494,0.979865,0.982511,1.18612,1.24891,1.38779,1.3595,0.895395,1.05142,0.762706,0.925723,1.36635,1.27304,0.689783,0.738855,1.15612,1.2674,1.27361,1.25082,1.35492,1.15508,0.757801,1.08971,0.693202,0.925723,1.13883,0.933329,0.362091,0.671578,1.35123,1.05471,0.92344,0.81307,1.30924,1.20473,0.910066,1.32405,0.998613,1.23208,1.2577,1.25855
3598.765793,1.23604,1.30676,0.977364,0.979537,1.18482,1.24529,1.38767,1.35919,0.892652,1.04959,0.759661,0.922489,1.36575,1.27046,0.688426,0.738835,1.15852,1.27028,1.27691,1.25247,1.35144,1.15498,0.755681,1.09206,0.692198,0.922489,1.13612,0.935246,0.361633,0.670383,1.34589,1.05584,0.919443,0.813083,1.31331,1.20747,0.911001,1.31674,0.996193,1.23365,1.2608,1.25826
3601.181072,1.23955,1.3046,0.975616,0.976932,1.1879,1.24316,1.39223,1.36264,0.890068,1.04869,0.756312,0.920181,1.36009,1.26923,0.686975,0.73844,1.16084,1.26908,1.27641,1.25278,1.34796,1.15454,0.753681,1.09105,0.690801,0.920181,1.13156,0.935002,0.361049,0.669202,1.34408,1.05617,0.918251,0.812126,1.31691,1.21082,0.909518,1.31678,0.992124,1.23426,1.26351,1.25613
3603.599595,1.24533,1.30031,0.974049,0.974608,1.18831,1.24043,1.39782,1.36635,0.886949,1.04775,0.753776,0.917646,1.35359,1.26692,0.685497,0.737249,1.16051,1.26721,1.2768,1.24982,1.3463,1.15035,0.751333,1.08868,0.689927,0.917646,1.12629,0.932527,0.36047,0.667893,1.34487,1.05366,0.918394,0.8099,1.31734,1.21539,0.907203,1.32018,0.98949,1.23524,1.26316,1.25548
3606.021369,1.24684,1.2962,0.972561,0.972443,1.18913,1.24008,1.40197,1.36889,0.883489,1.04589,0.752149,0.915646,1.3522,1.26288,0.683091,0.736316,1.16348,1.26906,1.2812,1.24498,1.34591,1.14656,0.749588,1.08654,0.689176,0.915646,1.12349,0.929639,0.359875,0.666676,1.3422,1.04903,0.918525,0.807227,1.3134,1.21714,0.907433,1.32003,0.989207,1.23647,1.26382,1.26013
3608.446401,1.24529,1.29238,0.970283,0.969676,1.19189,1.24375,1.40397,1.36841,0.8809,1.04411,0.751403,0.914086,1.34917,1.26071,0.679595,0.736201,1.16581,1.26893,1.28702,1.2378,1.34609,1.14533,0.74902,1.08412,0.687283,0.914086,1.12016,0.92533,0.358908,0.665627,1.33274,1.04472,0.917452,0.803978,1.3071,1.21633,0.908733,1.31795,0.988219,1.23571,1.26299,1.26283
3610.874696,1.24683,1.29,0.966835,0.968409,1.19427,1.24984,1.40716,1.36549,0.879027,1.04367,0.750468,0.912829,1.34422,1.25984,0.676834,0.736636,1.16169,1.26542,1.29387,1.23439,1.3502,1.14452,0.748791,1.08307,0.684784,0.912829,1.1192,0.920843,0.358002,0.665403,1.3248,1.0421,0.916343,0.800936,1.30348,1.21661,0.9092,1.31923,0.987475,1.2367,1.26119,1.26481
3613.306261,1.2482,1.28741,0.964148,0.966244,1.19581,1.25568,1.41302,1.36089,0.876154,1.04435,0.749136,0.911622,1.33898,1.25692,0.674655,0.736312,1.15599,1.26294,1.29841,1.23427,1.35635,1.14224,0.747955,1.08271,0.681878,0.911622,1.12127,0.917609,0.357667,0.665009,1.32229,1.04036,0.914972,0.798941,1.29996,1.21694,0.907328,1.32128,0.987123,1.23906,1.26021,1.26733
3615.741104,1.24776,1.2836,0.961898,0.964977,1.19606,1.26233,1.41843,1.35658,0.873812,1.04481,0.74836,0.910816,1.33703,1.25827,0.673461,0.734883,1.1529,1.26244,1.29731,1.23224,1.36072,1.13882,0.746844,1.08344,0.679192,0.910816,1.12059,0.916097,0.357683,0.663911,1.32202,1.03851,0.913886,0.797171,1.29576,1.21402,0.902907,1.32167,0.987635,1.24179,1.26031,1.26528
3618.17923,1.2465,1.27891,0.957785,0.965475,1.19519,1.26441,1.42095,1.35604,0.873069,1.04475,0.747551,0.910512,1.3384,1.26269,0.673187,0.7336,1.14854,1.26079,1.29201,1.22909,1.36344,1.13515,0.745072,1.08351,0.677262,0.910512,1.11676,0.915399,0.357449,0.662536,1.32219,1.0357,0.913166,0.794356,1.29476,1.20874,0.899366,1.32031,0.987525,1.24263,1.25931,1.26112
3620.620646,1.24692,1.27786,0.954276,0.966727,1.19394,1.26345,1.42052,1.35852,0.873373,1.04531,0.746747,0.912574,1.34132,1.26505,0.673504,0.732476,1.14267,1.2576,1.28951,1.23087,1.3656,1.1331,0.742432,1.08293,0.675802,0.912574,1.11548,0.913645,0.35684,0.660426,1.32572,1.03331,0.913302,0.791412,1.29675,1.20688,0.897929,1.32117,0.984227,1.23985,1.257,1.26149
3623.06536,1.24619,1.27609,0.952701,0.966562,1.1893,1.26619,1.41704,1.36275,0.872516,1.04548,0.745922,0.915257,1.34383,1.263,0.674023,0.730565,1.13878,1.25322,1.28864,1.23283,1.36365,1.1322,0.739766,1.08135,0.674608,0.915257,1.11587,0.910526,0.355772,0.658008,1.32827,1.03199,0.912324,0.788387,1.29689,1.2079,0.895915,1.32299,0.978902,1.23209,1.25576,1.26144
3625.513377,1.24383,1.27393,0.953182,0.964151,1.18213,1.26857,1.41189,1.36658,0.87161,1.04404,0.744604,0.916222,1.34853,1.2605,0.674775,0.728591,1.13802,1.25103,1.28486,1.23236,1.3634,1.1311,0.738161,1.07957,0.67425,0.916222,1.11475,0.909796,0.354428,0.65609,1.33041,1.03073,0.908919,0.786374,1.29685,1.20856,0.894148,1.32362,0.974337,1.22397,1.25622,1.25833
3627.964704,1.23944,1.27929,0.95186,0.960864,1.17622,1.26567,1.40596,1.36773,0.871044,1.04114,0.742665,0.916512,1.35386,1.25996,0.675054,0.726763,1.13775,1.24916,1.28102,1.23184,1.36516,1.12814,0.737488,1.0806,0.674756,0.916512,1.11243,0.910371,0.353311,0.654311,1.33379,1.03095,0.903565,0.786511,1.29957,1.20671,0.892942,1.32231,0.970784,1.21876,1.25666,1.25441
3630.419349,1.23453,1.28946,0.947959,0.958854,1.17337,1.26227,1.40074,1.36965,0.869675,1.03995,0.740805,0.916164,1.3585,1.25792,0.674421,0.725476,1.13631,1.24807,1.27602,1.23301,1.36306,1.12538,0.737552,1.08172,0.67509,0.916164,1.11107,0.910191,0.352472,0.65349,1.3381,1.03342,0.899092,0.786833,1.30587,1.2052,0.891259,1.31811,0.967788,1.21514,1.25828,1.25074
3632.877317,1.23054,1.29437,0.945779,0.957909,1.17243,1.25856,1.3973,1.37203,0.868475,1.0392,0.738225,0.913978,1.35779,1.25538,0.673128,0.723999,1.137,1.24494,1.26661,1.23288,1.35549,1.12522,0.73704,1.07922,0.674958,0.913978,1.11027,0.909288,0.351536,0.652926,1.33917,1.03299,0.896528,0.78645,1.3072,1.20509,0.888888,1.31379,0.963336,1.21178,1.25755,1.24557
3635.338616,1.22964,1.29457,0.945663,0.959516,1.17182,1.25425,1.39648,1.37425,0.868163,1.03706,0.735518,0.911682,1.35273,1.25658,0.671924,0.722377,1.13845,1.24107,1.26146,1.2321,1.34758,1.12759,0.735522,1.07649,0.675629,0.911682,1.11006,0.908013,0.350608,0.651793,1.34031,1.03047,0.895254,0.786812,1.30382,1.20694,0.887062,1.31718,0.957829,1.20779,1.25201,1.23961
3637.803253,1.22947,1.29485,0.945373,0.960806,1.17231,1.24973,1.39387,1.37434,0.866483,1.03396,0.733167,0.908893,1.3463,1.25645,0.670588,0.720965,1.13831,1.24025,1.26479,1.23043,1.34153,1.12685,0.733567,1.07418,0.676279,0.908893,1.11115,0.90622,0.349979,0.650311,1.34109,1.02856,0.894176,0.787353,1.30117,1.2061,0.886105,1.32202,0.954338,1.2023,1.24426,1.23834
3640.271233,1.22931,1.29671,0.944767,0.960591,1.17716,1.24582,1.39301,1.37344,0.864322,1.03284,0.731111,0.905773,1.34056,1.25326,0.668584,0.72084,1.13945,1.24259,1.27167,1.22876,1.33663,1.12593,0.732738,1.07242,0.675979,0.905773,1.1115,0.905533,0.348905,0.649308,1.33823,1.02719,0.893085,0.787623,1.29643,1.20149,0.887674,1.32323,0.95209,1.19778,1.23718,1.24074
3642.742565,1.2336,1.29671,0.943806,0.959451,1.18224,1.24413,1.39387,1.37102,0.864571,1.03339,0.729469,0.903826,1.33151,1.25117,0.666145,0.721431,1.13832,1.24429,1.27761,1.22895,1.33158,1.12742,0.732526,1.0714,0.675126,0.903826,1.10827,0.904497,0.347485,0.648976,1.33156,1.02554,0.892248,0.787778,1.28905,1.19984,0.888747,1.32046,0.950634,1.19427,1.23134,1.24073
3645.217254,1.24109,1.29538,0.9433,0.956958,1.18462,1.24518,1.39962,1.36776,0.866602,1.03528,0.72887,0.901841,1.32279,1.25131,0.664464,0.721277,1.13601,1.24606,1.28175,1.23184,1.3285,1.12881,0.732381,1.07179,0.674452,0.901841,1.10747,0.901686,0.346476,0.64822,1.32769,1.02434,0.893066,0.787295,1.2837,1.20098,0.888171,1.31756,0.948817,1.19226,1.23021,1.24064
3647.695308,1.24518,1.29334,0.944511,0.953283,1.18525,1.24582,1.40794,1.3648,0.867393,1.03854,0.728129,0.898568,1.31807,1.25257,0.663633,0.720774,1.13342,1.24823,1.28334,1.23063,1.32438,1.12956,0.731588,1.07129,0.672266,0.898568,1.10858,0.898221,0.346165,0.646502,1.32629,1.02457,0.893841,0.785852,1.2799,1.19889,0.88686,1.31211,0.945596,1.19074,1.23209,1.24023
3650.176733,1.24464,1.28935,0.946009,0.951082,1.18383,1.24645,1.41264,1.36284,0.867803,1.04105,0.727558,0.896536,1.31592,1.2568,0.66387,0.720016,1.1304,1.24874,1.28509,1.22754,1.32229,1.12898,0.730645,1.07062,0.668708,0.896536,1.10613,0.896987,0.346393,0.645017,1.32393,1.02531,0.893999,0.783763,1.27565,1.19708,0.885039,1.30395,0.942889,1.18796,1.23466,1.23958
3652.661537,1.24168,1.28552,0.944047,0.94964,1.18198,1.24599,1.41183,1.36093,0.867492,1.04058,0.727769,0.89674,1.31417,1.2592,0.664229,0.719051,1.127,1.24705,1.28802,1.22665,1.32171,1.12726,0.729903,1.06853,0.665716,0.89674,1.10088,0.897741,0.346484,0.643847,1.31941,1.02527,0.893695,0.780762,1.27353,1.19996,0.884007,1.29487,0.939144,1.18392,1.23347,1.23951
3655.149726,1.24313,1.28384,0.939643,0.948101,1.18117,1.24676,1.40946,1.35921,0.865556,1.03816,0.727528,0.897325,1.31476,1.25733,0.665154,0.718697,1.12555,1.24627,1.29121,1.22609,1.32029,1.1258,0.729254,1.06655,0.664264,0.897325,1.09828,0.897711,0.346179,0.642804,1.31665,1.02599,0.893125,0.777741,1.27542,1.20685,0.884003,1.28876,0.933516,1.1784,1.23271,1.23966
3657.641307,1.24709,1.28134,0.935582,0.945424,1.17794,1.24883,1.40838,1.35474,0.862553,1.03617,0.72603,0.896305,1.31521,1.25182,0.666317,0.718378,1.12655,1.24493,1.2904,1.22335,1.31909,1.12395,0.728925,1.06602,0.66339,0.896305,1.09824,0.897069,0.345632,0.642326,1.31508,1.02579,0.891408,0.775378,1.2761,1.21119,0.884941,1.28456,0.927866,1.17002,1.23522,1.23886
3660.136288,1.25023,1.28071,0.932149,0.941661,1.17361,1.24889,1.40629,1.34844,0.859439,1.03462,0.724678,0.894868,1.31481,1.24608,0.666515,0.718012,1.12675,1.24314,1.28619,1.22062,1.32094,1.12341,0.729214,1.06654,0.662041,0.894868,1.09879,0.8977,0.34491,0.641459,1.31522,1.02286,0.888806,0.774931,1.2784,1.21092,0.885949,1.28137,0.925379,1.16478,1.2361,1.23781
3662.634674,1.24964,1.2824,0.927635,0.938253,1.16997,1.24713,1.40125,1.34613,0.856362,1.0333,0.723617,0.893097,1.31477,1.24094,0.665287,0.717302,1.12545,1.24054,1.28156,1.21986,1.32228,1.12195,0.72915,1.06687,0.659904,0.893097,1.09933,0.898325,0.344155,0.639996,1.31523,1.02022,0.885326,0.774678,1.28442,1.2089,0.886163,1.27708,0.92459,1.16357,1.23424,1.23698
3665.136474,1.2473,1.28375,0.924346,0.93542,1.16586,1.24508,1.3983,1.34872,0.853717,1.0334,0.722654,0.890253,1.31766,1.23573,0.663763,0.716153,1.12445,1.24027,1.2778,1.22181,1.32058,1.12048,0.727753,1.06669,0.658061,0.890253,1.09975,0.898616,0.343323,0.638653,1.31342,1.0194,0.882224,0.773195,1.28867,1.20794,0.886383,1.27288,0.92118,1.16524,1.2332,1.23662
3667.641693,1.24579,1.2832,0.922679,0.932154,1.16132,1.23857,1.40211,1.35207,0.851583,1.03244,0.721867,0.887891,1.3218,1.23182,0.662024,0.714124,1.12527,1.24208,1.27481,1.22216,1.31752,1.12209,0.725674,1.06719,0.657108,0.887891,1.10038,0.899462,0.342773,0.636436,1.3098,1.0162,0.879927,0.771707,1.28652,1.20976,0.886813,1.27347,0.914273,1.16856,1.23186,1.23393
3670.15034,1.24673,1.28106,0.921507,0.930299,1.15761,1.23267,1.40703,1.35814,0.849526,1.03019,0.720866,0.886632,1.32517,1.23105,0.660247,0.712605,1.12676,1.24564,1.27431,1.22336,1.31727,1.12502,0.723446,1.06794,0.656661,0.886632,1.10212,0.900548,0.342855,0.633354,1.30859,1.0132,0.878024,0.770875,1.2856,1.21194,0.8874,1.27621,0.909036,1.17147,1.23005,1.23227
3672.662421,1.24848,1.2803,0.920622,0.928805,1.15483,1.23216,1.40689,1.36415,0.846604,1.02801,0.718172,0.884195,1.32476,1.23103,0.658991,0.712477,1.12635,1.24672,1.27395,1.2258,1.32007,1.12408,0.720971,1.06698,0.655258,0.884195,1.10332,0.898968,0.342678,0.630835,1.30935,1.01168,0.876228,0.770043,1.28606,1.21124,0.88793,1.27424,0.907226,1.17226,1.22651,1.2325
3675.177944,1.25131,1.2819,0.919901,0.928105,1.15237,1.2342,1.40826,1.36979,0.844813,1.02751,0.715301,0.881737,1.32188,1.23101,0.657456,0.712617,1.12423,1.24537,1.27264,1.22595,1.32244,1.12296,0.718852,1.06669,0.653381,0.881737,1.10191,0.896151,0.341496,0.629493,1.31168,1.00873,0.874778,0.769722,1.27952,1.20942,0.88782,1.27287,0.906228,1.17093,1.22288,1.23092
3677.696914,1.25239,1.28268,0.918634,0.928187,1.14902,1.23507,1.41041,1.37748,0.844863,1.02831,0.71356,0.88006,1.31732,1.23062,0.654955,0.711212,1.12048,1.24533,1.27109,1.22604,1.3221,1.12486,0.716125,1.06539,0.651932,0.88006,1.09759,0.893081,0.340036,0.627762,1.31105,1.00399,0.873731,0.769035,1.27232,1.20736,0.885507,1.27055,0.904899,1.16793,1.22382,1.22494
3680.21934,1.24981,1.28277,0.917972,0.926755,1.14854,1.23482,1.41324,1.38637,0.844754,1.02902,0.712308,0.877583,1.31419,1.2297,0.652405,0.709296,1.11616,1.24472,1.27096,1.22654,1.32116,1.12903,0.71325,1.06242,0.650385,0.877583,1.09616,0.889244,0.338813,0.625218,1.30783,1.00135,0.873403,0.76752,1.27227,1.20563,0.882459,1.26606,0.902548,1.16348,1.22734,1.21903
3682.745228,1.24521,1.28364,0.91654,0.924033,1.1499,1.23413,1.41174,1.38987,0.843511,1.02749,0.709392,0.874027,1.31309,1.22847,0.65019,0.708014,1.10971,1.24018,1.27267,1.2241,1.31835,1.13159,0.711723,1.06109,0.647841,0.874027,1.0958,0.886164,0.33801,0.623221,1.30215,1.00173,0.871476,0.765965,1.27411,1.20326,0.87925,1.26084,0.900362,1.15829,1.22825,1.21532
3685.274586,1.24068,1.28422,0.912524,0.922339,1.14834,1.23428,1.40719,1.386,0.842623,1.02375,0.706359,0.871096,1.30925,1.22978,0.648768,0.70651,1.10439,1.23653,1.27707,1.22505,1.3156,1.1302,0.710981,1.06163,0.644582,0.871096,1.09262,0.884749,0.337517,0.621941,1.29611,1.00322,0.868355,0.765128,1.27574,1.20305,0.875571,1.25639,0.899786,1.1529,1.22984,1.21533
3687.807421,1.23839,1.28407,0.907014,0.921108,1.14536,1.23502,1.40523,1.37805,0.842093,1.01831,0.703924,0.868343,1.3017,1.23147,0.647662,0.705035,1.10072,1.23479,1.28089,1.22662,1.31572,1.12553,0.709625,1.05936,0.642072,0.868343,1.08917,0.883546,0.336844,0.620667,1.29181,1.00517,0.865554,0.764704,1.27979,1.20436,0.870767,1.25148,0.898959,1.14823,1.2302,1.21911
3690.34374,1.24129,1.28446,0.902331,0.919422,1.14448,1.23689,1.40456,1.36949,0.841169,1.01406,0.699958,0.86476,1.2976,1.22994,0.646495,0.704355,1.09742,1.23278,1.28282,1.22555,1.3194,1.11947,0.70812,1.05677,0.640817,0.86476,1.08759,0.881919,0.336096,0.619974,1.28992,1.00754,0.863889,0.764851,1.28333,1.20694,0.865969,1.24634,0.896898,1.145,1.22867,1.22416
3692.88355,1.24338,1.28349,0.89842,0.91649,1.14492,1.23829,1.40318,1.36014,0.838949,1.01114,0.695867,0.860912,1.2941,1.22683,0.645061,0.703163,1.09422,1.22851,1.28236,1.22497,1.32242,1.1156,0.706842,1.05426,0.639097,0.860912,1.08577,0.880182,0.335448,0.619829,1.28783,1.00788,0.862799,0.765594,1.28149,1.20815,0.861632,1.24378,0.894685,1.1426,1.2266,1.2317
3695.426858,1.24152,1.28264,0.895694,0.913454,1.14475,1.23932,1.40138,1.35343,0.835914,1.00965,0.693909,0.858423,1.29256,1.22395,0.642909,0.701426,1.09265,1.22348,1.2785,1.2257,1.32254,1.11494,0.704697,1.05216,0.636747,0.858423,1.08487,0.878516,0.334348,0.619548,1.29005,1.00578,0.861264,0.765995,1.27921,1.2071,0.8571,1.24676,0.893989,1.1417,1.22407,1.24123
3697.973672,1.23732,1.28203,0.894404,0.910402,1.14407,1.24081,1.39859,1.35121,0.833081,1.01018,0.69273,0.857204,1.29572,1.22127,0.640821,0.69916,1.09161,1.21834,1.27541,1.22721,1.31958,1.11476,0.701332,1.05123,0.634856,0.857204,1.08484,0.877763,0.332708,0.618962,1.29257,1.00441,0.858852,0.764662,1.27611,1.20489,0.852791,1.25273,0.89317,1.14331,1.22347,1.24664
3700.523998,1.23569,1.28124,0.893341,0.906568,1.14484,1.23912,1.40228,1.34865,0.830254,1.01167,0.691701,0.856737,1.29951,1.21906,0.640334,0.696738,1.09089,1.21729,1.27775,1.22969,1.31785,1.1162,0.698567,1.05135,0.634601,0.856737,1.0836,0.878265,0.331373,0.618464,1.29142,1.00385,0.857497,0.762314,1.27182,1.20133,0.849401,1.26084,0.891554,1.15024,1.22491,1.24875
3703.077845,1.2366,1.27981,0.892252,0.902027,1.14517,1.23206,1.4101,1.34561,0.825597,1.01119,0.691165,0.856997,1.30153,1.21711,0.640063,0.694082,1.09338,1.22001,1.2792,1.2282,1.31828,1.1194,0.69705,1.05176,0.634676,0.856997,1.08241,0.878055,0.330931,0.618376,1.28859,1.00231,0.857962,0.759613,1.26939,1.19995,0.845593,1.26588,0.889709,1.15712,1.22695,1.24853
3705.635219,1.23739,1.27983,0.891837,0.898948,1.1403,1.22821,1.4027,1.34671,0.820756,1.00809,0.690245,0.858094,1.30715,1.21707,0.638547,0.692387,1.09887,1.22179,1.27181,1.22437,1.31464,1.12151,0.693649,1.0509,0.63311,0.858094,1.07975,0.876422,0.3308,0.618018,1.28892,1.00238,0.857683,0.757181,1.2671,1.20249,0.841335,1.26477,0.886765,1.16323,1.23241,1.25032
3708.196128,1.2381,1.27915,0.889644,0.896838,1.12924,1.22898,1.38523,1.34486,0.819046,1.00686,0.687292,0.859158,1.31341,1.21802,0.637011,0.691406,1.1016,1.21612,1.25692,1.22123,1.30663,1.12318,0.68946,1.04961,0.630329,0.859158,1.07283,0.873333,0.329979,0.616346,1.29105,0.99955,0.854982,0.755229,1.25688,1.20262,0.838745,1.26216,0.881983,1.16708,1.23303,1.25189
3710.760579,1.23822,1.27763,0.88707,0.894503,1.12392,1.22695,1.38802,1.34241,0.819596,1.01093,0.684292,0.857657,1.31549,1.21413,0.636069,0.689911,1.09716,1.20489,1.25195,1.21873,1.3017,1.12699,0.687835,1.04821,0.628301,0.857657,1.06852,0.872921,0.328621,0.613603,1.2911,0.991162,0.852812,0.753209,1.2501,1.19431,0.837973,1.26334,0.878109,1.16264,1.22681,1.24489
3713.32858,1.23648,1.27795,0.884977,0.892651,1.12727,1.21843,1.40138,1.34492,0.819416,1.0182,0.682226,0.853376,1.31211,1.20254,0.634864,0.68809,1.089,1.19632,1.25737,1.21603,1.30331,1.13159,0.687354,1.044,0.627578,0.853376,1.06873,0.87362,0.327636,0.61051,1.28488,0.985103,0.852199,0.750801,1.25649,1.1819,0.837545,1.26252,0.875274,1.15153,1.22236,1.22778
3715.900137,1.23823,1.28157,0.883051,0.892941,1.13513,1.21219,1.41226,1.34544,0.817689,1.02461,0.680946,0.84955,1.30528,1.19116,0.634511,0.687945,1.08305,1.19566,1.26518,1.2151,1.3119,1.13404,0.688014,1.03875,0.628053,0.84955,1.07196,0.871614,0.326788,0.608253,1.27698,0.985157,0.852197,0.749368,1.2703,1.1762,0.836674,1.25785,0.873392,1.14209,1.21837,1.21135
3718.475258,1.24246,1.28588,0.880418,0.893816,1.14205,1.21235,1.41718,1.34124,0.815715,1.02701,0.67982,0.845794,1.29642,1.1868,0.635217,0.688449,1.07856,1.20235,1.27323,1.21641,1.31909,1.13187,0.689038,1.03533,0.628177,0.845794,1.0741,0.86943,0.3258,0.606358,1.27074,0.987962,0.851871,0.7481,1.28128,1.17409,0.834454,1.25185,0.872015,1.13457,1.21473,1.20186
3721.053951,1.24437,1.28916,0.877625,0.895183,1.14655,1.21593,1.42405,1.34242,0.814685,1.02799,0.679137,0.841547,1.28214,1.18953,0.636433,0.688794,1.07687,1.21554,1.28105,1.21947,1.32202,1.12552,0.688537,1.03506,0.627179,0.841547,1.07488,0.867497,0.324949,0.604936,1.26541,0.992316,0.852232,0.746389,1.28844,1.17385,0.831199,1.24574,0.870542,1.12845,1.21491,1.19938
3723.636223,1.24274,1.2901,0.877009,0.897094,1.149,1.22136,1.43453,1.34932,0.813133,1.0288,0.679302,0.837038,1.26462,1.19227,0.636851,0.690003,1.07779,1.22707,1.28437,1.2186,1.32359,1.11766,0.686575,1.0355,0.626775,0.837038,1.0764,0.864904,0.324512,0.605001,1.25993,0.99689,0.852672,0.744424,1.29118,1.17764,0.826015,1.24077,0.867773,1.12343,1.21562,1.2006
3726.222082,1.24029,1.28884,0.878222,0.899182,1.1509,1.23088,1.4408,1.35488,0.809925,1.02852,0.67946,0.833528,1.25211,1.19365,0.636558,0.691491,1.07974,1.2353,1.28372,1.21758,1.32564,1.11126,0.684589,1.03652,0.62684,0.833528,1.0769,0.862577,0.324483,0.606001,1.25992,1.00048,0.853361,0.743031,1.28582,1.18644,0.820349,1.23594,0.864304,1.1184,1.2154,1.20126
3728.811534,1.23573,1.28654,0.878921,0.901557,1.15172,1.24078,1.43943,1.35681,0.804839,1.02557,0.679563,0.830432,1.2416,1.19585,0.636403,0.692127,1.08211,1.24109,1.28078,1.22122,1.32251,1.10609,0.682299,1.03652,0.625647,0.830432,1.07629,0.860448,0.324179,0.606917,1.26306,1.00193,0.853489,0.742521,1.27644,1.19425,0.815076,1.23115,0.860859,1.11455,1.21565,1.20243
3731.404588,1.23048,1.28783,0.879764,0.904395,1.15003,1.24556,1.43366,1.36015,0.799354,1.023,0.679199,0.82875,1.23437,1.19932,0.635625,0.692065,1.08402,1.24381,1.27663,1.2235,1.31555,1.10224,0.678709,1.03598,0.623987,0.82875,1.07734,0.85901,0.323144,0.60817,1.26862,1.00172,0.85207,0.742399,1.26884,1.19866,0.809587,1.23038,0.857823,1.11463,1.21751,1.2061
3734.001251,1.22893,1.28928,0.881398,0.905614,1.14641,1.24771,1.42481,1.36463,0.79458,1.01904,0.677411,0.828961,1.22934,1.20437,0.63449,0.691049,1.08379,1.24273,1.27491,1.22192,1.30911,1.10012,0.67493,1.03679,0.622697,0.828961,1.07795,0.857811,0.32178,0.609649,1.27127,1.00021,0.849265,0.741713,1.26279,1.20085,0.803711,1.23007,0.854979,1.11808,1.22144,1.20876
3736.60153,1.2292,1.28729,0.882628,0.905009,1.14166,1.24803,1.41764,1.36826,0.790682,1.01168,0.67538,0.830474,1.22384,1.20934,0.633636,0.68975,1.08478,1.24156,1.27657,1.22199,1.30528,1.09918,0.67223,1.03807,0.622024,0.830474,1.07593,0.856389,0.320819,0.611303,1.2713,0.99798,0.847253,0.740511,1.25602,1.20152,0.798717,1.22749,0.852716,1.12546,1.22549,1.21189
3739.205434,1.22479,1.28257,0.882961,0.902804,1.1338,1.24466,1.40664,1.37031,0.787026,1.00364,0.673851,0.832496,1.22395,1.21388,0.631768,0.688374,1.08736,1.23818,1.27418,1.22116,1.29758,1.09835,0.66899,1.03817,0.620761,0.832496,1.07101,0.854154,0.320054,0.61262,1.27179,0.996896,0.84592,0.739556,1.24716,1.20411,0.794078,1.22433,0.849954,1.13212,1.22887,1.21754
3741.812969,1.22082,1.28147,0.881233,0.900728,1.1219,1.24117,1.38374,1.36819,0.785917,0.997531,0.671667,0.835003,1.23517,1.21998,0.628615,0.687035,1.08813,1.22939,1.26223,1.21934,1.28335,1.09901,0.664342,1.03751,0.617276,0.835003,1.06165,0.851904,0.319047,0.61193,1.27254,0.995364,0.843122,0.739495,1.23948,1.20942,0.790264,1.22455,0.844444,1.1359,1.23125,1.22709
3744.424143,1.21996,1.28111,0.876431,0.898489,1.10969,1.23537,1.36593,1.35957,0.787207,0.994676,0.668188,0.836893,1.24685,1.22329,0.626039,0.685694,1.08431,1.21544,1.24995,1.2182,1.27275,1.10137,0.661359,1.03667,0.613824,0.836893,1.05199,0.851071,0.318103,0.609248,1.26786,0.988609,0.838545,0.739778,1.23374,1.21007,0.790716,1.22844,0.837706,1.13479,1.22478,1.23316
3747.038965,1.21896,1.28169,0.873386,0.896093,1.10544,1.22557,1.36811,1.35104,0.786956,0.996357,0.665352,0.836131,1.252,1.21909,0.624914,0.685154,1.07715,1.20136,1.25322,1.21554,1.27094,1.10312,0.660643,1.03468,0.612831,0.836131,1.04854,0.852221,0.317572,0.606689,1.25999,0.980545,0.836376,0.739237,1.23635,1.20405,0.793909,1.23185,0.834183,1.12724,1.21349,1.23207
3749.657441,1.21916,1.28732,0.873069,0.895257,1.10611,1.2151,1.36947,1.34285,0.785738,0.99937,0.662887,0.835052,1.2535,1.21015,0.624694,0.685081,1.0717,1.19115,1.26154,1.21061,1.276,1.10317,0.659308,1.03197,0.612935,0.835052,1.04675,0.852192,0.317453,0.604972,1.25309,0.977227,0.836549,0.737997,1.24324,1.19848,0.795688,1.23169,0.832746,1.11804,1.20568,1.22885
3752.279579,1.22237,1.29389,0.872361,0.896409,1.10677,1.21179,1.36711,1.3362,0.785336,1.00139,0.661067,0.836072,1.25269,1.20318,0.625303,0.685732,1.06868,1.18881,1.26731,1.20884,1.28704,1.10226,0.657471,1.03075,0.612998,0.836072,1.04431,0.850049,0.31679,0.603704,1.24629,0.977438,0.836409,0.737459,1.25049,1.19719,0.795851,1.22873,0.831803,1.11351,1.20013,1.2269
3754.905387,1.22378,1.29567,0.87082,0.897547,1.10642,1.2124,1.36506,1.33855,0.784457,1.00092,0.660376,0.836517,1.25113,1.20061,0.625214,0.686198,1.06416,1.19148,1.27248,1.20817,1.29329,1.09977,0.654691,1.03035,0.612257,0.836517,1.0413,0.84828,0.315824,0.601689,1.23985,0.978953,0.835505,0.737416,1.25351,1.19406,0.795469,1.22735,0.830528,1.11059,1.19761,1.22449
3757.534872,1.22346,1.29317,0.869286,0.898421,1.10654,1.21398,1.36803,1.3481,0.782736,0.999919,0.66032,0.835966,1.25154,1.20002,0.624338,0.686304,1.06049,1.19357,1.2755,1.20584,1.29306,1.09591,0.651626,1.03134,0.611208,0.835966,1.03917,0.846997,0.315515,0.599555,1.23691,0.980878,0.835537,0.737025,1.25094,1.19005,0.795195,1.22904,0.82827,1.10845,1.19812,1.22117
3760.168043,1.22317,1.28973,0.868965,0.899618,1.10566,1.21764,1.37547,1.35538,0.780027,0.99977,0.660542,0.835314,1.25357,1.19774,0.623183,0.686875,1.05875,1.19397,1.27263,1.20362,1.2925,1.09415,0.648779,1.03212,0.610213,0.835314,1.0374,0.845316,0.315787,0.598287,1.2356,0.981084,0.834732,0.736309,1.2452,1.18812,0.794562,1.22993,0.825524,1.10556,1.19661,1.2166
3762.804907,1.22354,1.28747,0.870398,0.902448,1.10386,1.22087,1.38241,1.35931,0.776674,0.999393,0.66038,0.836007,1.25604,1.19585,0.622285,0.687076,1.05685,1.19562,1.26856,1.20553,1.29345,1.0949,0.646547,1.03106,0.608687,0.836007,1.03455,0.843594,0.31609,0.597131,1.23578,0.98054,0.83338,0.736044,1.23904,1.18848,0.794533,1.22818,0.823734,1.10267,1.19238,1.21229
3765.445472,1.22502,1.28593,0.872171,0.905429,1.10139,1.22144,1.38393,1.36202,0.773142,0.998526,0.659739,0.836327,1.255,1.19324,0.621448,0.686171,1.05411,1.19518,1.26655,1.20843,1.29213,1.09529,0.644377,1.02861,0.606498,0.836327,1.03165,0.841642,0.315796,0.595626,1.23513,0.979011,0.832418,0.736069,1.23519,1.18563,0.794408,1.22618,0.821041,1.10194,1.18896,1.20834
3768.089745,1.22698,1.28733,0.874401,0.906603,1.09898,1.22174,1.38466,1.36554,0.770212,0.997823,0.658654,0.835583,1.2514,1.19205,0.619966,0.685011,1.05133,1.19249,1.2652,1.20871,1.29333,1.09627,0.641579,1.02538,0.604166,0.835583,1.03026,0.840435,0.31538,0.59448,1.23419,0.975823,0.83107,0.736193,1.23475,1.18145,0.792792,1.22418,0.817817,1.10345,1.18785,1.20594
3770.737735,1.23097,1.28782,0.877168,0.906358,1.09653,1.22326,1.38598,1.37039,0.768646,0.995766,0.657016,0.834974,1.24585,1.19248,0.618242,0.683344,1.04796,1.18974,1.26195,1.21036,1.29738,1.09718,0.638867,1.02313,0.602292,0.834974,1.03096,0.839386,0.315072,0.593577,1.234,0.970479,0.829292,0.736219,1.2348,1.17883,0.789661,1.21834,0.815597,1.10476,1.18683,1.20395
3773.38945,1.23615,1.28774,0.879541,0.905877,1.09338,1.22372,1.38757,1.37493,0.768051,0.994275,0.655782,0.834836,1.23963,1.19162,0.616947,0.681756,1.04586,1.18922,1.25813,1.2188,1.29698,1.09966,0.637132,1.02153,0.601685,0.834836,1.03143,0.838199,0.314255,0.592843,1.23488,0.965677,0.828485,0.736002,1.23268,1.17638,0.786707,1.21472,0.814522,1.10719,1.18441,1.20192
3776.044896,1.23739,1.28744,0.88118,0.905762,1.09021,1.22106,1.38832,1.37466,0.76691,0.995082,0.654847,0.833862,1.23541,1.192,0.615689,0.68005,1.04384,1.18585,1.2541,1.22763,1.29259,1.10288,0.635524,1.01828,0.601086,0.833862,1.02915,0.836858,0.312983,0.592397,1.23386,0.963095,0.827362,0.735271,1.2323,1.17434,0.784519,1.21439,0.813625,1.1081,1.18229,1.20063
3778.704083,1.2376,1.29061,0.882102,0.906281,1.08827,1.21859,1.38855,1.36967,0.765271,0.994793,0.653853,0.832432,1.23504,1.1958,0.614327,0.678523,1.0427,1.18019,1.25029,1.23222,1.29011,1.10594,0.633841,1.01425,0.599604,0.832432,1.02595,0.835428,0.311818,0.592066,1.23065,0.96202,0.826266,0.734313,1.23729,1.17488,0.782206,1.21316,0.811859,1.10736,1.18039,1.20165
3781.367017,1.23553,1.296,0.881645,0.907409,1.08609,1.21451,1.38537,1.36166,0.762263,0.991684,0.652453,0.831366,1.23337,1.19695,0.612595,0.677642,1.04327,1.17596,1.24755,1.23201,1.2882,1.10592,0.632226,1.00945,0.598724,0.831366,1.0244,0.833224,0.311311,0.592363,1.22544,0.960298,0.825365,0.733337,1.23878,1.17617,0.780061,1.21193,0.808745,1.10671,1.17793,1.20275
3784.033708,1.23232,1.29899,0.881594,0.909523,1.08344,1.20953,1.37939,1.35028,0.759304,0.990913,0.650458,0.831313,1.22805,1.1947,0.611806,0.677432,1.04509,1.17326,1.24728,1.22926,1.2827,1.10349,0.630378,1.00509,0.599268,0.831313,1.02292,0.830363,0.311197,0.593289,1.22023,0.958833,0.825674,0.732628,1.23566,1.17421,0.77804,1.21203,0.80634,1.10609,1.1757,1.20518
3786.704162,1.23077,1.29963,0.881911,0.910771,1.08166,1.2071,1.37228,1.3368,0.758498,0.991594,0.647859,0.830448,1.22101,1.19159,0.612541,0.676971,1.04572,1.1708,1.24951,1.22632,1.27541,1.10236,0.627926,1.00316,0.599843,0.830448,1.02024,0.827931,0.310862,0.593423,1.21516,0.958526,0.825952,0.731772,1.23365,1.16796,0.775707,1.21134,0.806075,1.10285,1.17124,1.20797
3789.378388,1.22918,1.29871,0.880808,0.911719,1.07982,1.2078,1.36724,1.32971,0.758075,0.990427,0.645648,0.828157,1.21475,1.18783,0.613239,0.676187,1.04333,1.17193,1.25428,1.22327,1.27043,1.10191,0.625761,1.00376,0.599907,0.828157,1.01952,0.825976,0.309833,0.593101,1.20963,0.959772,0.82519,0.731119,1.23425,1.16032,0.772903,1.20986,0.806302,1.09824,1.16573,1.20718
3792.056394,1.22533,1.29578,0.878958,0.913134,1.07595,1.20513,1.36604,1.33025,0.756591,0.988169,0.644434,0.825695,1.2117,1.1837,0.613299,0.675477,1.03937,1.17434,1.25685,1.22155,1.26387,1.09979,0.623972,1.0039,0.599696,0.825695,1.01909,0.824011,0.308687,0.592239,1.20446,0.960706,0.823862,0.731466,1.23276,1.15468,0.769595,1.20889,0.806038,1.09436,1.16143,1.20374
3794.738188,1.22382,1.29238,0.877182,0.915266,1.073,1.20075,1.3691,1.3309,0.755563,0.987231,0.644164,0.825038,1.21286,1.18157,0.613868,0.675419,1.03497,1.17557,1.25645,1.21944,1.25842,1.09728,0.621976,1.00457,0.599576,0.825038,1.01685,0.822338,0.308032,0.591105,1.20122,0.959791,0.823422,0.731403,1.2291,1.15361,0.767331,1.20597,0.805016,1.09217,1.15782,1.20108
3797.423777,1.22162,1.291,0.876462,0.917569,1.07192,1.19742,1.37335,1.33085,0.754674,0.987006,0.644411,0.826051,1.21435,1.18102,0.614113,0.675546,1.02899,1.17641,1.25423,1.21488,1.25685,1.09371,0.620071,1.00639,0.59935,0.826051,1.01327,0.820565,0.307581,0.590683,1.19722,0.957926,0.822843,0.730175,1.22511,1.15489,0.765796,1.20237,0.803506,1.08906,1.15309,1.19918
3800.113171,1.21644,1.29109,0.877741,0.919326,1.07043,1.19458,1.3754,1.33376,0.753425,0.985599,0.644519,0.826795,1.21553,1.17979,0.613853,0.675212,1.02288,1.17613,1.25334,1.21159,1.25645,1.08975,0.618475,1.00763,0.598985,0.826795,1.01057,0.81896,0.307108,0.590198,1.19036,0.956221,0.822263,0.728878,1.22256,1.15751,0.763444,1.20111,0.802287,1.0852,1.15123,1.19729
3802.806377,1.21564,1.29017,0.878787,0.919216,1.06801,1.19368,1.374,1.33723,0.751877,0.983522,0.644303,0.825513,1.21611,1.17472,0.613145,0.674647,1.01716,1.17436,1.25571,1.20779,1.25862,1.08797,0.616157,1.00815,0.598269,0.825513,1.00807,0.817356,0.306625,0.588672,1.18148,0.953747,0.822815,0.728144,1.22062,1.15923,0.760111,1.19967,0.800815,1.08192,1.15136,1.19381
3805.503402,1.21898,1.29013,0.879082,0.917627,1.0654,1.19495,1.37471,1.34143,0.749971,0.982158,0.644017,0.823404,1.21562,1.17022,0.611966,0.674592,1.01211,1.17259,1.25706,1.20406,1.26483,1.08882,0.613535,1.00838,0.597035,0.823404,1.00468,0.815906,0.30646,0.586955,1.17522,0.950106,0.824263,0.729008,1.21812,1.16091,0.756806,1.19667,0.799389,1.08092,1.14991,1.19064
3808.204256,1.22224,1.28967,0.879573,0.916322,1.0632,1.19379,1.37521,1.35017,0.747635,0.981792,0.643156,0.821461,1.21224,1.16812,0.611067,0.674555,1.0075,1.17053,1.25571,1.20165,1.2698,1.08967,0.611173,1.0091,0.595936,0.821461,1.00136,0.814296,0.305936,0.585586,1.17263,0.945804,0.825553,0.730261,1.21368,1.16499,0.753836,1.19294,0.797935,1.0816,1.14888,1.18847
3810.908947,1.22588,1.29155,0.880001,0.916285,1.06115,1.18969,1.37421,1.35994,0.745187,0.982863,0.641803,0.820546,1.20851,1.16568,0.610427,0.674619,1.00429,1.16866,1.25867,1.20219,1.27134,1.09102,0.609046,1.00977,0.595295,0.820546,0.997922,0.812135,0.304445,0.584689,1.17193,0.943208,0.826552,0.730008,1.21017,1.16926,0.75193,1.19023,0.79629,1.08456,1.14847,1.18625
3813.617482,1.22864,1.29425,0.879546,0.91647,1.0593,1.18708,1.37325,1.36538,0.742741,0.983286,0.640032,0.820409,1.20555,1.16436,0.609166,0.674074,1.00311,1.16593,1.26759,1.20243,1.27405,1.09143,0.606655,1.00702,0.594089,0.820409,0.994342,0.81018,0.303181,0.58408,1.17122,0.942841,0.826378,0.727823,1.20987,1.17084,0.750669,1.18662,0.793796,1.08867,1.14727,1.18354
3816.32987,1.22998,1.29605,0.878116,0.917147,1.05729,1.18865,1.37002,1.36852,0.740763,0.981274,0.638456,0.820503,1.20245,1.16539,0.607197,0.673584,1.00341,1.16443,1.27586,1.20193,1.27822,1.09167,0.604307,1.00283,0.592747,0.820503,0.992105,0.807806,0.302805,0.583902,1.17261,0.944288,0.825073,0.72599,1.21041,1.17025,0.749335,1.18195,0.791323,1.09316,1.14653,1.182
3819.046119,1.23007,1.29518,0.876885,0.919394,1.0547,1.19157,1.35975,1.36754,0.738797,0.979714,0.636935,0.820373,1.1963,1.16491,0.604971,0.673402,1.00358,1.16328,1.278,1.20232,1.27915,1.09092,0.601953,0.998914,0.591864,0.820373,0.990822,0.803859,0.303001,0.584119,1.1743,0.944027,0.823542,0.725573,1.20961,1.1673,0.747781,1.17775,0.789079,1.09502,1.14805,1.18214
3821.766237,1.23221,1.29252,0.87699,0.921378,1.05291,1.1945,1.34979,1.36279,0.73768,0.980882,0.635358,0.820379,1.18789,1.16423,0.60335,0.673348,1.00355,1.16361,1.27809,1.20533,1.27831,1.08887,0.599689,0.996276,0.59143,0.820379,0.989295,0.800745,0.30299,0.584366,1.17464,0.942211,0.823142,0.725778,1.20896,1.16315,0.746204,1.17453,0.787284,1.09433,1.14948,1.18412
3824.490233,1.23539,1.29108,0.878012,0.921034,1.05054,1.19905,1.34395,1.3563,0.737328,0.981544,0.634402,0.819443,1.18045,1.16347,0.602308,0.672933,1.00267,1.16546,1.27978,1.21001,1.27559,1.08635,0.597428,0.994746,0.591185,0.819443,0.987635,0.79982,0.302273,0.584005,1.1751,0.940844,0.822993,0.72559,1.208,1.15871,0.744926,1.17053,0.786321,1.09227,1.14777,1.1851
3827.218115,1.2371,1.29335,0.880159,0.921572,1.04736,1.20489,1.34451,1.35017,0.736622,0.980224,0.634024,0.817859,1.17765,1.16114,0.601404,0.672404,1.00119,1.16616,1.28085,1.21418,1.27176,1.08458,0.595492,0.995171,0.590591,0.817859,0.98621,0.800048,0.301362,0.583541,1.17494,0.939417,0.822782,0.725316,1.20756,1.15485,0.743527,1.16638,0.784844,1.09074,1.14573,1.18293
3829.949891,1.23672,1.2956,0.881725,0.923763,1.04463,1.20668,1.34918,1.34466,0.735852,0.979609,0.63364,0.817625,1.17599,1.15822,0.601045,0.672064,0.999834,1.16464,1.27739,1.21884,1.2655,1.08341,0.593728,0.995813,0.589644,0.817625,0.98381,0.799646,0.300745,0.583157,1.17276,0.936155,0.822216,0.726552,1.20822,1.15385,0.741534,1.16372,0.782611,1.09068,1.1455,1.17985
3832.685569,1.23666,1.2951,0.88341,0.927126,1.04448,1.20635,1.35329,1.33761,0.73522,0.980446,0.633316,0.818885,1.1737,1.1579,0.601292,0.671471,0.997371,1.162,1.27379,1.22071,1.26003,1.08099,0.591783,0.995508,0.588856,0.818885,0.981479,0.799345,0.300647,0.582184,1.17071,0.932128,0.821416,0.728433,1.20877,1.1555,0.740715,1.16368,0.780219,1.09189,1.14672,1.17888
3835.425159,1.23434,1.29206,0.887254,0.92968,1.04523,1.20477,1.3533,1.33018,0.734139,0.981084,0.632862,0.819027,1.17416,1.15787,0.600638,0.6702,0.992706,1.15797,1.27183,1.21771,1.25661,1.07723,0.590393,0.995427,0.588476,0.819027,0.978832,0.799836,0.30048,0.580841,1.16872,0.929367,0.820467,0.728779,1.20794,1.15628,0.740384,1.16393,0.778333,1.09186,1.14755,1.17972
3838.168668,1.22869,1.28901,0.891847,0.931483,1.04429,1.20064,1.34981,1.32692,0.732856,0.980978,0.631592,0.818021,1.17709,1.1556,0.599992,0.66973,0.988159,1.15517,1.27126,1.21485,1.25398,1.07719,0.589281,0.995175,0.588034,0.818021,0.975905,0.799619,0.29986,0.579298,1.16404,0.927693,0.819787,0.728722,1.20771,1.15697,0.739317,1.16176,0.777024,1.09117,1.14675,1.18064
3840.916104,1.22658,1.28471,0.894586,0.934057,1.04305,1.19494,1.34821,1.32462,0.730731,0.98043,0.629924,0.816996,1.17962,1.15236,0.599894,0.670079,0.984741,1.15402,1.27356,1.21021,1.25259,1.08046,0.587312,0.993638,0.587048,0.816996,0.972682,0.797958,0.299189,0.577403,1.15784,0.925565,0.820305,0.72961,1.20656,1.15644,0.738393,1.15692,0.775865,1.09087,1.14265,1.17992
3843.667476,1.22616,1.28061,0.896347,0.936793,1.042,1.19001,1.35182,1.32394,0.72806,0.979103,0.628526,0.816836,1.18036,1.15024,0.600091,0.670565,0.983459,1.15126,1.27477,1.20291,1.25157,1.08504,0.585068,0.992163,0.585987,0.816836,0.9702,0.79559,0.298583,0.576143,1.15515,0.921633,0.822227,0.731807,1.20206,1.15402,0.738057,1.1557,0.774418,1.09135,1.1379,1.17809
3846.422794,1.22394,1.2784,0.898006,0.939253,1.04165,1.18599,1.35433,1.32624,0.725322,0.976055,0.626901,0.816948,1.17786,1.14855,0.600857,0.670859,0.983028,1.148,1.27304,1.19636,1.24986,1.08834,0.583076,0.991307,0.585276,0.816948,0.969529,0.793215,0.297871,0.575258,1.15384,0.917207,0.824402,0.733447,1.1951,1.15364,0.737281,1.15694,0.772609,1.09166,1.1345,1.17627
3849.182064,1.22506,1.27837,0.898898,0.942164,1.0423,1.1847,1.35416,1.32782,0.723055,0.973313,0.624877,0.81638,1.17755,1.14674,0.601384,0.670645,0.981566,1.14705,1.27238,1.1942,1.25002,1.08998,0.581387,0.989929,0.585034,0.81638,0.970216,0.791484,0.297222,0.574361,1.15229,0.914939,0.825902,0.733966,1.19005,1.15427,0.735434,1.15647,0.771971,1.09074,1.13083,1.17439
3851.945296,1.22746,1.27751,0.898907,0.944762,1.04245,1.18469,1.35385,1.32828,0.721389,0.9706,0.623017,0.814833,1.17784,1.14611,0.600714,0.669614,0.980741,1.14657,1.27124,1.1944,1.25159,1.0908,0.579795,0.987275,0.584681,0.814833,0.970807,0.790236,0.297074,0.573682,1.15066,0.914125,0.826665,0.733864,1.1891,1.15182,0.733289,1.15527,0.772117,1.08865,1.12711,1.17174
3854.712498,1.22861,1.27489,0.899702,0.948104,1.0419,1.18422,1.35238,1.33024,0.720094,0.967984,0.622007,0.812714,1.17488,1.14844,0.599316,0.66919,0.981047,1.14605,1.26817,1.19741,1.25176,1.09053,0.578709,0.986433,0.58432,0.812714,0.97118,0.788216,0.297068,0.573569,1.15076,0.914251,0.827152,0.734276,1.19014,1.14808,0.732152,1.15201,0.773151,1.087,1.12615,1.17121
3857.483679,1.22902,1.27453,0.902032,0.951375,1.04174,1.18503,1.34986,1.32983,0.719139,0.96721,0.621164,0.809895,1.1722,1.15164,0.598188,0.669855,0.981557,1.14627,1.26421,1.20176,1.25103,1.08789,0.57762,0.986268,0.583859,0.809895,0.971285,0.785654,0.296631,0.573704,1.1513,0.913882,0.827915,0.73573,1.19023,1.14729,0.730475,1.14834,0.774713,1.08463,1.12846,1.17322
3860.258847,1.22901,1.27835,0.905322,0.953078,1.0421,1.18742,1.34893,1.32745,0.718516,0.967518,0.620516,0.808234,1.17212,1.15282,0.597369,0.670369,0.982212,1.14962,1.26205,1.20679,1.25359,1.08478,0.576673,0.984858,0.583289,0.808234,0.969784,0.784048,0.295616,0.573892,1.15239,0.912556,0.829527,0.736757,1.18983,1.14942,0.727963,1.14678,0.776107,1.08314,1.13108,1.17567
3863.038011,1.22921,1.28552,0.907976,0.953624,1.04009,1.19075,1.34664,1.32595,0.717998,0.967021,0.620631,0.808249,1.17266,1.15028,0.596576,0.670056,0.982103,1.15295,1.25972,1.21172,1.25601,1.08222,0.575568,0.983385,0.583246,0.808249,0.966459,0.783079,0.294836,0.574091,1.1519,0.911136,0.830954,0.736699,1.19,1.14956,0.725699,1.14573,0.777031,1.08144,1.1325,1.17674
3865.821179,1.23011,1.29358,0.90874,0.955242,1.03755,1.19544,1.34637,1.3257,0.71735,0.966613,0.620671,0.807723,1.17444,1.14716,0.596013,0.67,0.981542,1.15363,1.25716,1.2141,1.25757,1.08205,0.57436,0.982961,0.583343,0.807723,0.962969,0.78245,0.295007,0.574246,1.14981,0.910435,0.831827,0.736856,1.19193,1.14791,0.723355,1.14625,0.777675,1.07974,1.13383,1.17524
3868.608361,1.22946,1.29665,0.907369,0.95654,1.03667,1.1978,1.3474,1.32304,0.716417,0.967498,0.619743,0.805995,1.17728,1.14397,0.595802,0.669689,0.98052,1.15336,1.25481,1.21405,1.26025,1.08222,0.572959,0.981,0.582965,0.805995,0.960217,0.781724,0.295452,0.574084,1.14835,0.909418,0.833205,0.737892,1.19381,1.14885,0.721528,1.14691,0.778438,1.0799,1.1347,1.17277
3871.399565,1.22787,1.29541,0.90643,0.955975,1.03616,1.19852,1.34642,1.32,0.71543,0.968466,0.618738,0.804083,1.17856,1.14349,0.59569,0.668534,0.979228,1.15254,1.25565,1.21303,1.26465,1.08272,0.571137,0.978233,0.582275,0.804083,0.958027,0.782451,0.295567,0.573426,1.14572,0.908203,0.834387,0.739498,1.19462,1.15245,0.720889,1.14711,0.780286,1.08312,1.1361,1.17202
3874.194799,1.22672,1.29267,0.906714,0.954551,1.03397,1.1969,1.34145,1.32159,0.714652,0.968866,0.617546,0.802837,1.17824,1.14418,0.594738,0.666801,0.977713,1.15147,1.25808,1.21035,1.2698,1.08502,0.569422,0.977492,0.581232,0.802837,0.955562,0.783667,0.29499,0.57243,1.1414,0.907456,0.834775,0.740373,1.19705,1.15465,0.720078,1.14513,0.78302,1.089,1.13871,1.17153
3876.994073,1.22613,1.29165,0.905918,0.954047,1.03113,1.19255,1.33774,1.32589,0.713987,0.968043,0.616242,0.803036,1.17829,1.14426,0.593552,0.66547,0.976556,1.15281,1.26247,1.20596,1.27534,1.08825,0.567845,0.977166,0.579768,0.803036,0.954089,0.783479,0.29402,0.571369,1.13786,0.905454,0.83545,0.741526,1.20183,1.15464,0.719735,1.14057,0.78572,1.09554,1.1404,1.17058
3879.797395,1.22701,1.29067,0.903699,0.95413,1.02904,1.18894,1.33856,1.32703,0.712162,0.964822,0.615326,0.803543,1.1779,1.14479,0.592816,0.664559,0.977,1.15333,1.26688,1.2024,1.27707,1.09142,0.566074,0.975705,0.578549,0.803543,0.953319,0.782386,0.293455,0.570411,1.13598,0.902455,0.836399,0.743401,1.20471,1.15148,0.720383,1.13596,0.788102,1.10117,1.13939,1.16886
3882.604774,1.22819,1.29183,0.902255,0.954008,1.0271,1.18777,1.34124,1.32666,0.710099,0.959909,0.614554,0.803563,1.175,1.14462,0.592421,0.663548,0.978048,1.15155,1.2673,1.2008,1.27699,1.09557,0.564587,0.97509,0.578308,0.803563,0.953688,0.781168,0.293606,0.569983,1.1348,0.900013,0.837483,0.745196,1.20308,1.14864,0.720574,1.13417,0.790446,1.10665,1.13799,1.16647
3885.416218,1.23066,1.2926,0.901595,0.953943,1.0268,1.18706,1.34367,1.32752,0.709313,0.955336,0.613846,0.802693,1.17097,1.14259,0.591939,0.662618,0.976498,1.14957,1.26507,1.20044,1.27789,1.0984,0.563621,0.974509,0.57832,0.802693,0.954441,0.780493,0.294245,0.569129,1.13294,0.897637,0.838628,0.746796,1.19903,1.14776,0.719352,1.13303,0.793085,1.11038,1.13665,1.16375
3888.231737,1.23544,1.29169,0.902678,0.955468,1.02812,1.18726,1.3456,1.3288,0.70944,0.953935,0.612748,0.801215,1.16775,1.14083,0.590704,0.662426,0.972799,1.14688,1.26361,1.20154,1.27752,1.10007,0.562901,0.973597,0.578206,0.801215,0.954372,0.780098,0.294813,0.567825,1.1311,0.896643,0.839853,0.748308,1.19643,1.1471,0.71792,1.13237,0.795656,1.11173,1.13521,1.16278
3891.051339,1.23785,1.29232,0.906099,0.959414,1.02813,1.18542,1.34723,1.32943,0.709609,0.954309,0.611379,0.79992,1.1637,1.14137,0.589167,0.662662,0.969058,1.14303,1.26283,1.20196,1.27464,1.10219,0.56225,0.972841,0.577659,0.79992,0.953422,0.778709,0.294928,0.566726,1.12847,0.897096,0.841577,0.749057,1.19644,1.14668,0.717231,1.13106,0.797157,1.1129,1.13297,1.16498
3893.875034,1.23716,1.29417,0.91213,0.964932,1.02836,1.18131,1.34851,1.32962,0.709659,0.954434,0.610263,0.799371,1.15953,1.1433,0.588168,0.663743,0.965727,1.14004,1.26402,1.20359,1.27148,1.10264,0.562392,0.97163,0.576918,0.799371,0.953002,0.77698,0.294519,0.56628,1.12761,0.898972,0.842976,0.750128,1.1957,1.14833,0.717201,1.12754,0.797842,1.11645,1.1314,1.16881
3896.70283,1.23348,1.29627,0.920608,0.971447,1.03096,1.17952,1.34717,1.32697,0.709673,0.954839,0.609278,0.799653,1.15715,1.14316,0.588019,0.66471,0.962134,1.13829,1.26512,1.20527,1.27016,1.10126,0.562861,0.969929,0.576391,0.799653,0.952725,0.775984,0.29379,0.566005,1.12772,0.901062,0.842848,0.751432,1.19336,1.15156,0.717348,1.12628,0.797316,1.11978,1.12993,1.17051
3899.534736,1.22996,1.29775,0.930648,0.979897,1.03428,1.1805,1.34352,1.32403,0.709888,0.956975,0.609296,0.801067,1.15551,1.14056,0.588883,0.664757,0.958115,1.13755,1.26357,1.20563,1.27141,1.10111,0.562929,0.969016,0.576717,0.801067,0.950739,0.775592,0.293134,0.565953,1.12971,0.900704,0.842884,0.751349,1.19388,1.15459,0.717629,1.12637,0.796611,1.11919,1.12678,1.17216
3902.370761,1.22931,1.29842,0.939416,0.988793,1.03618,1.1813,1.33996,1.32026,0.710036,0.959444,0.610394,0.803021,1.15225,1.13659,0.589904,0.665027,0.954227,1.13626,1.26049,1.20571,1.27321,1.10106,0.562843,0.969024,0.578098,0.803021,0.948831,0.775275,0.293236,0.566351,1.13071,0.898654,0.843918,0.75075,1.19724,1.15583,0.717726,1.12615,0.796424,1.11304,1.12186,1.17359
3905.210915,1.22938,1.2974,0.946932,0.998031,1.03853,1.18244,1.34011,1.31307,0.709978,0.961275,0.611643,0.804395,1.15105,1.13465,0.591421,0.665756,0.951484,1.13393,1.25951,1.20657,1.27493,1.1021,0.563063,0.968892,0.579313,0.804395,0.948399,0.775589,0.29382,0.566594,1.13044,0.898495,0.845916,0.751404,1.20049,1.15707,0.717455,1.12773,0.795754,1.10661,1.11684,1.17142
3908.055205,1.22919,1.29635,0.955192,1.00712,1.03998,1.18449,1.33899,1.30526,0.709669,0.962707,0.612256,0.804652,1.15298,1.1343,0.593306,0.666237,0.949529,1.13353,1.25852,1.20749,1.27494,1.10219,0.563073,0.967734,0.579653,0.804652,0.947313,0.776018,0.294028,0.566542,1.1302,0.898745,0.848962,0.753554,1.20042,1.15939,0.716875,1.12763,0.794364,1.10411,1.11502,1.1669
3910.903642,1.23079,1.29841,0.964303,1.01456,1.03958,1.18977,1.33324,1.30363,0.709204,0.96255,0.612602,0.804898,1.15304,1.13488,0.594679,0.666232,0.948731,1.13517,1.25809,1.20948,1.27166,1.10067,0.562575,0.967303,0.579474,0.804898,0.946387,0.776455,0.293637,0.566462,1.12767,0.897675,0.851892,0.756619,1.20078,1.16192,0.715209,1.12689,0.793538,1.10601,1.11654,1.16251
3913.756234,1.23367,1.29957,0.972877,1.02069,1.03951,1.19456,1.32926,1.30831,0.708479,0.961395,0.612814,0.805451,1.15217,1.13453,0.594956,0.665089,0.949549,1.13668,1.25868,1.21232,1.2694,1.09828,0.561931,0.967383,0.578496,0.805451,0.946561,0.776432,0.292845,0.566016,1.12493,0.895387,0.854131,0.758922,1.20256,1.16318,0.713184,1.12578,0.793913,1.10943,1.11862,1.1576
3916.612991,1.23662,1.29852,0.978786,1.0259,1.04102,1.19755,1.33092,1.31209,0.708242,0.960634,0.6131,0.805861,1.15365,1.13331,0.595106,0.664243,0.951904,1.13916,1.26064,1.21431,1.26975,1.09526,0.561557,0.967325,0.577183,0.805861,0.946634,0.776074,0.292143,0.565576,1.12479,0.892639,0.856547,0.761248,1.20433,1.16195,0.712826,1.1226,0.794792,1.11064,1.11997,1.15462
3919.47392,1.23847,1.29702,0.981025,1.02761,1.04297,1.19994,1.3331,1.31258,0.70831,0.960252,0.613105,0.805395,1.15458,1.13309,0.595736,0.664456,0.954528,1.14113,1.25976,1.21855,1.26823,1.09153,0.561742,0.966329,0.576123,0.805395,0.945696,0.775747,0.292059,0.565466,1.12549,0.891611,0.858689,0.763798,1.20553,1.15738,0.713341,1.11828,0.795631,1.10977,1.1185,1.15303
3922.339033,1.24092,1.29861,0.981577,1.02575,1.0436,1.20066,1.33379,1.31436,0.708926,0.960638,0.612299,0.804221,1.15323,1.13223,0.596146,0.664689,0.955838,1.14264,1.25774,1.2225,1.2667,1.0868,0.561843,0.964767,0.57561,0.804221,0.945922,0.775634,0.292485,0.564989,1.12604,0.891015,0.860414,0.766048,1.20571,1.15309,0.713147,1.11514,0.796604,1.10965,1.11587,1.15098
3925.208337,1.24505,1.30107,0.980282,1.0223,1.04335,1.20002,1.33474,1.31813,0.710571,0.960512,0.611282,0.802557,1.15269,1.12815,0.596365,0.664911,0.956596,1.14385,1.25777,1.22207,1.26202,1.08289,0.561133,0.963939,0.575571,0.802557,0.946028,0.775354,0.292706,0.56385,1.12537,0.888552,0.862435,0.768191,1.20653,1.15058,0.712158,1.11345,0.796945,1.10987,1.11367,1.15063
3928.081843,1.24967,1.30377,0.978287,1.01853,1.04159,1.20021,1.3341,1.32109,0.711925,0.959449,0.610161,0.801405,1.15417,1.12503,0.596243,0.665748,0.957757,1.14421,1.25694,1.2192,1.25356,1.08143,0.560538,0.964082,0.575819,0.801405,0.944308,0.774794,0.292765,0.562585,1.12454,0.887289,0.864695,0.770061,1.20723,1.14946,0.712405,1.11299,0.796348,1.1106,1.11048,1.15354
3930.959558,1.25014,1.30455,0.975485,1.01564,1.03816,1.19781,1.33081,1.32242,0.712301,0.958105,0.608964,0.800484,1.15602,1.12535,0.59574,0.666883,0.957958,1.1443,1.25451,1.21589,1.24933,1.08057,0.560605,0.963372,0.576238,0.800484,0.94245,0.774346,0.292822,0.561515,1.12408,0.887453,0.866638,0.771373,1.20517,1.14818,0.713154,1.10967,0.795141,1.11204,1.10691,1.15617
3933.841493,1.24615,1.30206,0.97167,1.01262,1.03657,1.19147,1.32821,1.32356,0.712579,0.957326,0.608398,0.799766,1.15821,1.12585,0.595195,0.668025,0.956481,1.14422,1.25338,1.21452,1.25101,1.07823,0.561201,0.962216,0.576906,0.799766,0.942122,0.774201,0.292669,0.561139,1.12467,0.887546,0.868185,0.772562,1.20321,1.14829,0.71335,1.10483,0.793428,1.11354,1.10485,1.15756
3936.727657,1.24167,1.2987,0.968573,1.00944,1.03658,1.18531,1.32591,1.32284,0.712378,0.957981,0.608365,0.800002,1.16058,1.12535,0.594782,0.668062,0.953936,1.14431,1.25403,1.21282,1.25482,1.07505,0.561752,0.961859,0.577708,0.800002,0.942041,0.774146,0.292371,0.560732,1.12405,0.887167,0.869962,0.773092,1.20293,1.15071,0.713929,1.1043,0.791726,1.11285,1.10241,1.15775
3939.618059,1.23765,1.29492,0.965337,1.00762,1.03631,1.18142,1.32475,1.32024,0.712037,0.959836,0.609031,0.801328,1.16252,1.1254,0.595368,0.66767,0.951324,1.1444,1.25618,1.21026,1.25801,1.0736,0.561843,0.961704,0.579098,0.801328,0.942508,0.773668,0.292126,0.560458,1.12387,0.886225,0.873045,0.77377,1.20433,1.15355,0.714828,1.10577,0.79068,1.10825,1.10044,1.15734
3942.512709,1.23231,1.28849,0.961637,1.00674,1.03528,1.17815,1.32421,1.31414,0.711796,0.961002,0.60985,0.803437,1.16343,1.12548,0.596233,0.667748,0.949728,1.14206,1.26039,1.20888,1.25889,1.07469,0.562031,0.960571,0.580781,0.803437,0.943306,0.772421,0.292276,0.560358,1.12339,0.885561,0.87653,0.774814,1.20636,1.15358,0.71503,1.10715,0.788802,1.10292,1.10019,1.15516
3945.411615,1.22849,1.28308,0.960585,1.0067,1.03273,1.17491,1.3224,1.30762,0.711468,0.960993,0.610365,0.805817,1.16478,1.127,0.59701,0.667886,0.950401,1.14028,1.26699,1.20943,1.25605,1.07703,0.562452,0.96022,0.581839,0.805817,0.942507,0.77153,0.29289,0.560314,1.1213,0.886486,0.878748,0.775498,1.20718,1.15344,0.714033,1.10835,0.785651,1.10176,1.1021,1.15232
3948.314788,1.22803,1.28194,0.961366,1.00628,1.02833,1.17413,1.31768,1.30451,0.710863,0.960387,0.610852,0.807024,1.16445,1.12906,0.597642,0.668345,0.952184,1.1428,1.2696,1.20811,1.25025,1.07565,0.562252,0.959876,0.58255,0.807024,0.940258,0.771147,0.293422,0.560888,1.11864,0.887118,0.879398,0.776057,1.20501,1.1549,0.711834,1.10829,0.782174,1.10333,1.10587,1.14982
3951.222236,1.22763,1.28208,0.961782,1.00641,1.02686,1.17562,1.31447,1.3036,0.710115,0.959065,0.611759,0.807325,1.16215,1.12982,0.598182,0.668746,0.95475,1.14531,1.26865,1.20553,1.24418,1.0733,0.561142,0.958023,0.583222,0.807325,0.939204,0.770553,0.293454,0.561241,1.11578,0.886926,0.87961,0.77628,1.20186,1.15696,0.709213,1.10811,0.779931,1.1052,1.10683,1.14689
3954.13397,1.22661,1.2794,0.961897,1.00829,1.0279,1.17459,1.31585,1.30565,0.709783,0.957624,0.612655,0.807348,1.16094,1.12947,0.598711,0.66837,0.957566,1.14515,1.26945,1.20384,1.24091,1.07429,0.559845,0.956079,0.583095,0.807348,0.939272,0.769883,0.293288,0.56084,1.11263,0.886961,0.879093,0.775181,1.19922,1.15949,0.707493,1.10651,0.779205,1.10605,1.10661,1.14394
3957.049998,1.22691,1.27771,0.962649,1.01051,1.02776,1.17325,1.31641,1.30923,0.710678,0.957779,0.612657,0.808076,1.16027,1.12832,0.59967,0.668538,0.959803,1.14409,1.2694,1.20303,1.24126,1.0754,0.558878,0.95527,0.582913,0.808076,0.940002,0.769603,0.293359,0.56057,1.11018,0.887193,0.878053,0.774456,1.19926,1.16025,0.707241,1.10254,0.778964,1.10568,1.10893,1.14282
3959.97033,1.22693,1.28098,0.963848,1.01092,1.02793,1.17374,1.3157,1.31229,0.710917,0.959293,0.611554,0.808986,1.15767,1.12862,0.600811,0.668686,0.960791,1.14135,1.26619,1.20223,1.24141,1.07344,0.557945,0.954549,0.583517,0.808986,0.940287,0.769744,0.293312,0.560693,1.10878,0.887292,0.876501,0.774387,1.20028,1.15884,0.707119,1.09802,0.778847,1.10498,1.10951,1.14185
3962.894976,1.22747,1.28797,0.965316,1.01166,1.02977,1.1765,1.31625,1.31664,0.709746,0.960312,0.610567,0.809848,1.15475,1.12867,0.601549,0.668012,0.960937,1.1383,1.26454,1.20089,1.23827,1.0711,0.556519,0.954061,0.585009,0.809848,0.940297,0.770693,0.292731,0.560786,1.10781,0.886728,0.874288,0.774205,1.19955,1.15846,0.706655,1.09555,0.779671,1.10564,1.10789,1.14194
3965.823945,1.22908,1.29422,0.966232,1.01441,1.03172,1.18162,1.31874,1.32036,0.709355,0.959208,0.610392,0.810406,1.15393,1.12566,0.602166,0.667629,0.961802,1.13506,1.26193,1.19956,1.22978,1.07085,0.554597,0.955061,0.586758,0.810406,0.938846,0.771711,0.29229,0.560724,1.10502,0.886174,0.872661,0.773704,1.19878,1.15867,0.706384,1.09398,0.781227,1.10711,1.10636,1.14396
3968.757246,1.23053,1.29636,0.968018,1.01876,1.03186,1.18584,1.3215,1.32186,0.70944,0.957118,0.61076,0.811019,1.15425,1.12268,0.602379,0.668556,0.962685,1.13303,1.25532,1.19758,1.22323,1.07088,0.552971,0.955908,0.588043,0.811019,0.935492,0.77251,0.292753,0.560418,1.10317,0.886029,0.872466,0.77331,1.19718,1.15645,0.706711,1.09303,0.783168,1.1089,1.10476,1.14538
3971.69489,1.23052,1.29478,0.969502,1.0245,1.03132,1.18686,1.32044,1.32199,0.709146,0.955739,0.610923,0.811585,1.15142,1.12233,0.601775,0.670397,0.96263,1.13354,1.25034,1.19519,1.22304,1.07046,0.551741,0.95492,0.589519,0.811585,0.933196,0.773279,0.293265,0.560121,1.1037,0.884672,0.871998,0.772884,1.19418,1.15196,0.706361,1.09148,0.785274,1.10956,1.10283,1.14534
3974.636887,1.22994,1.29458,0.971691,1.03038,1.03283,1.18713,1.31794,1.32151,0.708773,0.95532,0.610924,0.812147,1.14784,1.12303,0.601257,0.672217,0.960748,1.13499,1.25063,1.19432,1.22345,1.07118,0.550904,0.953826,0.591633,0.812147,0.93297,0.772992,0.292977,0.560097,1.10424,0.881933,0.87042,0.772813,1.19338,1.1498,0.704659,1.08941,0.787759,1.10896,1.10126,1.14624
3977.583245,1.22833,1.2943,0.976599,1.03547,1.03444,1.18645,1.31617,1.31946,0.707481,0.954487,0.610843,0.813535,1.14656,1.12347,0.601484,0.67296,0.95749,1.13607,1.2519,1.19486,1.22305,1.07193,0.550604,0.952584,0.593027,0.813535,0.933115,0.771634,0.292329,0.559551,1.10364,0.879007,0.869274,0.773545,1.19104,1.14923,0.7025,1.08875,0.789987,1.1084,1.09956,1.14605
3980.533974,1.22403,1.29094,0.982226,1.04113,1.03638,1.18462,1.31493,1.31543,0.706346,0.953446,0.610753,0.815479,1.14729,1.12629,0.602461,0.673466,0.955212,1.13594,1.25254,1.19528,1.22189,1.07211,0.550243,0.951014,0.593931,0.815479,0.933453,0.769709,0.291842,0.558649,1.1032,0.876696,0.869453,0.774686,1.18617,1.14624,0.699959,1.08962,0.79087,1.10821,1.09935,1.14321
3983.489085,1.22077,1.28553,0.98854,1.0474,1.03904,1.18146,1.31389,1.30886,0.706086,0.952898,0.610302,0.816671,1.14965,1.13082,0.603283,0.674302,0.95426,1.13467,1.2526,1.19466,1.21893,1.07263,0.549234,0.947773,0.594727,0.816671,0.9329,0.76738,0.291696,0.557693,1.10351,0.875118,0.870056,0.774727,1.18287,1.14173,0.6968,1.09021,0.79102,1.10817,1.10035,1.14081
3986.448586,1.22251,1.28412,0.996198,1.05248,1.03959,1.17886,1.31247,1.30172,0.705548,0.952326,0.609444,0.817934,1.15199,1.13469,0.603558,0.675223,0.954638,1.13646,1.25212,1.19383,1.21633,1.0722,0.547878,0.945491,0.594987,0.817934,0.93106,0.765953,0.291652,0.557223,1.10404,0.874241,0.869849,0.774142,1.18138,1.13989,0.693099,1.08933,0.791442,1.10934,1.10132,1.14024
3989.412488,1.22611,1.28454,1.00272,1.05623,1.03867,1.17765,1.30897,1.29493,0.704446,0.950964,0.608577,0.819747,1.15258,1.13718,0.603665,0.676326,0.955464,1.14004,1.24827,1.19079,1.21519,1.06991,0.546387,0.945169,0.595255,0.819747,0.928845,0.765466,0.291186,0.557173,1.10333,0.873692,0.868172,0.7738,1.17986,1.14031,0.68902,1.08792,0.791487,1.10985,1.0996,1.13953
3992.380801,1.23029,1.28265,1.00874,1.06146,1.0402,1.17426,1.30591,1.28804,0.703447,0.949635,0.608091,0.821868,1.15346,1.13798,0.603699,0.677204,0.955741,1.14288,1.2456,1.18884,1.21573,1.07053,0.544752,0.944496,0.595949,0.821868,0.928014,0.76467,0.290405,0.556817,1.1021,0.873965,0.866695,0.772915,1.17843,1.14032,0.685524,1.08772,0.792234,1.11023,1.09559,1.13969
3995.353535,1.23496,1.28069,1.01665,1.06707,1.04144,1.17021,1.30157,1.28372,0.702582,0.949395,0.607661,0.823911,1.15522,1.13768,0.603255,0.677147,0.954834,1.14451,1.24621,1.18892,1.21758,1.07348,0.542751,0.943666,0.596419,0.823911,0.928219,0.763394,0.289924,0.556222,1.10223,0.874405,0.865826,0.770591,1.17858,1.14027,0.68274,1.08757,0.794226,1.11209,1.09394,1.14069
3998.330698,1.238,1.28221,1.02513,1.07169,1.04145,1.17062,1.29417,1.28222,0.701577,0.95105,0.60661,0.826243,1.15634,1.1369,0.602531,0.676587,0.952836,1.14481,1.24573,1.18788,1.22053,1.07422,0.54043,0.942685,0.597142,0.826243,0.928145,0.762679,0.289464,0.555691,1.10315,0.874821,0.865251,0.768815,1.17922,1.14159,0.679679,1.08689,0.795976,1.11485,1.09391,1.14131
4001.312302,1.23866,1.28465,1.03139,1.07485,1.04251,1.17203,1.28771,1.28226,0.699574,0.953339,0.604859,0.828347,1.15581,1.13514,0.601783,0.675158,0.9503,1.14417,1.24438,1.18493,1.22322,1.0731,0.538067,0.942609,0.598229,0.828347,0.926795,0.762514,0.288081,0.55529,1.10308,0.875474,0.864669,0.767957,1.17786,1.14313,0.67633,1.08675,0.797281,1.11781,1.09149,1.14181
4004.298356,1.24014,1.28828,1.0343,1.07713,1.04413,1.17322,1.28427,1.2839,0.697558,0.955266,0.603582,0.829986,1.15552,1.13116,0.600901,0.673029,0.94847,1.14434,1.24373,1.18242,1.22606,1.07087,0.535471,0.943788,0.599223,0.829986,0.925559,0.763311,0.286355,0.555379,1.10177,0.875846,0.864145,0.766884,1.17732,1.14377,0.673473,1.088,0.799611,1.12112,1.08928,1.14435
4007.28887,1.24281,1.29111,1.03454,1.07721,1.04251,1.17541,1.28259,1.28571,0.69633,0.956636,0.602779,0.830994,1.15534,1.12549,0.599781,0.671356,0.947778,1.14408,1.24212,1.18055,1.22766,1.06805,0.532418,0.944255,0.599682,0.830994,0.924374,0.764366,0.285458,0.55545,1.09945,0.876105,0.864105,0.765582,1.18012,1.1418,0.670976,1.0887,0.802739,1.12477,1.08939,1.14767
4010.283854,1.24602,1.29132,1.0323,1.07431,1.03787,1.17667,1.28011,1.28609,0.694901,0.957623,0.602132,0.831463,1.15294,1.12154,0.598653,0.670834,0.947294,1.14228,1.24175,1.17857,1.22895,1.06694,0.529304,0.943803,0.600228,0.831463,0.923247,0.764902,0.285116,0.55526,1.09792,0.874819,0.864299,0.76455,1.18418,1.13754,0.668672,1.08814,0.806565,1.12904,1.09095,1.15046
4013.283318,1.24777,1.29141,1.02453,1.06791,1.0332,1.17676,1.27499,1.28712,0.693081,0.957697,0.601196,0.831821,1.14797,1.11849,0.59739,0.670291,0.946645,1.14044,1.24339,1.17719,1.23115,1.06771,0.526686,0.943815,0.601656,0.831821,0.923957,0.765141,0.284672,0.555259,1.0956,0.870765,0.86242,0.76395,1.18488,1.13492,0.666497,1.08625,0.810931,1.13324,1.09086,1.15261
4016.287273,1.24584,1.29202,1.01337,1.05908,1.02894,1.17531,1.27205,1.29178,0.691004,0.956496,0.600075,0.832161,1.14374,1.11424,0.596637,0.66916,0.946554,1.13956,1.24414,1.17735,1.23295,1.0696,0.524782,0.944024,0.603192,0.832161,0.926373,0.765362,0.2839,0.555089,1.09128,0.865838,0.859375,0.764303,1.18405,1.13602,0.664597,1.08204,0.815682,1.13753,1.0896,1.15404
4019.295728,1.24017,1.29085,1.00137,1.04825,1.02234,1.17036,1.2716,1.29466,0.689075,0.954859,0.598671,0.832269,1.14118,1.11084,0.596781,0.667984,0.947759,1.13752,1.24217,1.17763,1.23446,1.07122,0.523167,0.942722,0.60367,0.832269,0.927842,0.765206,0.283108,0.553983,1.08564,0.861112,0.858778,0.765282,1.18326,1.13711,0.662794,1.07723,0.820261,1.14197,1.08983,1.15346
4022.308693,1.23171,1.28849,0.986825,1.03621,1.01503,1.16498,1.27085,1.29345,0.688147,0.954143,0.597031,0.832135,1.13995,1.11081,0.597602,0.667544,0.949947,1.13377,1.24046,1.17546,1.23683,1.07402,0.521093,0.940958,0.604208,0.832135,0.927754,0.765491,0.282326,0.552804,1.08065,0.857164,0.861033,0.766623,1.18235,1.13623,0.660731,1.07431,0.824714,1.1482,1.09243,1.15239
4025.326179,1.22534,1.2865,0.970931,1.0238,1.0075,1.16078,1.27022,1.29069,0.68778,0.953454,0.59504,0.832266,1.13881,1.11086,0.598618,0.667429,0.951553,1.12987,1.23885,1.17296,1.24065,1.07752,0.518411,0.938554,0.605165,0.832266,0.927704,0.767016,0.281333,0.552412,1.07794,0.854729,0.863286,0.76775,1.18148,1.13469,0.658683,1.07138,0.829893,1.15298,1.09479,1.15355
4028.348196,1.22267,1.28595,0.955485,1.01106,0.999451,1.1595,1.26991,1.28791,0.687272,0.952253,0.592791,0.83371,1.13531,1.10875,0.599395,0.667124,0.953039,1.12745,1.23681,1.17219,1.24609,1.08056,0.516063,0.937361,0.6059,0.83371,0.927206,0.768814,0.280155,0.552288,1.0749,0.853019,0.864823,0.768834,1.17956,1.13337,0.656485,1.06672,0.834948,1.15632,1.09676,1.15444
4031.374753,1.21945,1.28254,0.939824,0.998708,0.99298,1.15885,1.26805,1.28609,0.686518,0.95039,0.59096,0.83529,1.13014,1.10589,0.599959,0.667741,0.954443,1.1263,1.2352,1.17111,1.25337,1.08545,0.514176,0.936844,0.60666,0.83529,0.9258,0.769431,0.279402,0.552177,1.06976,0.851492,0.86613,0.769937,1.17635,1.13291,0.654369,1.06047,0.839993,1.15925,1.0982,1.1537
4034.405862,1.21587,1.2767,0.925965,0.986916,0.989284,1.15682,1.26754,1.28434,0.685565,0.948502,0.590306,0.836044,1.12583,1.10351,0.600609,0.669521,0.955335,1.12794,1.23499,1.17077,1.26257,1.09283,0.512066,0.934451,0.60799,0.836044,0.925332,0.769086,0.279418,0.552268,1.06811,0.850262,0.868932,0.770447,1.17344,1.13328,0.652563,1.05613,0.846736,1.16314,1.09893,1.15322
4037.441533,1.21152,1.27246,0.914551,0.975425,0.986326,1.15634,1.26867,1.28257,0.684644,0.94753,0.590571,0.836361,1.12219,1.1018,0.601214,0.670896,0.955878,1.13178,1.23396,1.16972,1.27201,1.09981,0.50969,0.931319,0.609104,0.836361,0.924817,0.768216,0.279611,0.551986,1.0703,0.848406,0.8724,0.770793,1.17042,1.13387,0.64999,1.05341,0.854819,1.1682,1.09938,1.1537
4040.481775,1.20573,1.27003,0.904592,0.965606,0.982386,1.15874,1.26954,1.28166,0.684458,0.947969,0.590851,0.836598,1.11908,1.0999,0.601971,0.671505,0.956102,1.13505,1.23285,1.16631,1.28146,1.1058,0.507989,0.929744,0.609734,0.836598,0.923338,0.767772,0.278943,0.551213,1.07135,0.847031,0.875078,0.772327,1.16728,1.13516,0.646839,1.04973,0.862152,1.17413,1.09925,1.15388
4043.526599,1.19975,1.26775,0.895968,0.957472,0.977919,1.15931,1.26979,1.28129,0.685034,0.948274,0.59081,0.836599,1.11523,1.09678,0.602638,0.671483,0.95489,1.13695,1.23375,1.16248,1.28807,1.11,0.506636,0.929781,0.610206,0.836599,0.922605,0.767334,0.277375,0.550544,1.07029,0.846369,0.87723,0.774179,1.16521,1.13484,0.643884,1.04649,0.868375,1.18009,1.09794,1.15312
4046.576016,1.1953,1.2679,0.888857,0.951383,0.974901,1.15891,1.27071,1.28126,0.685226,0.948578,0.591107,0.836943,1.11505,1.09514,0.602678,0.671235,0.953497,1.13776,1.23453,1.15942,1.2914,1.11145,0.504978,0.929715,0.611325,0.836943,0.922895,0.766798,0.276083,0.550497,1.06876,0.846574,0.879241,0.775855,1.16569,1.13173,0.640882,1.04442,0.874724,1.18498,1.09687,1.15347
4049.630035,1.19339,1.2678,0.883083,0.946316,0.972123,1.15906,1.27095,1.28002,0.684513,0.949107,0.591672,0.838108,1.11792,1.09522,0.602084,0.671409,0.952427,1.13614,1.23471,1.1577,1.29245,1.11153,0.503463,0.928671,0.612955,0.838108,0.922654,0.766477,0.27555,0.55027,1.06839,0.847316,0.880589,0.77756,1.16776,1.1278,0.637975,1.0412,0.880582,1.18947,1.09622,1.15389
4052.688668,1.19373,1.26679,0.87735,0.941983,0.969758,1.15845,1.26898,1.27753,0.684044,0.948662,0.592118,0.839837,1.11924,1.09519,0.601306,0.67204,0.951409,1.13288,1.23671,1.15815,1.29156,1.11163,0.50248,0.928371,0.614429,0.839837,0.923113,0.765527,0.275687,0.549792,1.06903,0.846759,0.881885,0.779116,1.16868,1.12552,0.635287,1.03863,0.885152,1.1952,1.09587,1.15296
4055.751925,1.19303,1.26638,0.871799,0.937887,0.967669,1.15726,1.26732,1.27651,0.683584,0.945898,0.592234,0.841415,1.12024,1.09316,0.600425,0.671792,0.950434,1.13124,1.23687,1.15901,1.2893,1.11033,0.501739,0.928878,0.615308,0.841415,0.924722,0.76427,0.276309,0.549157,1.06812,0.844783,0.882032,0.78039,1.16761,1.12693,0.632908,1.03793,0.887215,1.20125,1.09373,1.1506
4058.819816,1.19087,1.26605,0.867945,0.934799,0.965094,1.15517,1.26603,1.27572,0.683042,0.942852,0.592003,0.842529,1.12175,1.09155,0.599842,0.671219,0.950102,1.13036,1.23421,1.1589,1.28516,1.10775,0.500837,0.928283,0.61527,0.842529,0.925497,0.764234,0.276253,0.548141,1.06581,0.842706,0.882044,0.782067,1.16787,1.12979,0.631546,1.03791,0.88756,1.20605,1.09138,1.14739
4061.892352,1.18878,1.26319,0.86457,0.932613,0.961246,1.15175,1.26183,1.27044,0.682934,0.941513,0.591469,0.843625,1.12234,1.09214,0.599473,0.671107,0.950345,1.12726,1.23314,1.15714,1.27832,1.10377,0.499861,0.925637,0.614941,0.843625,0.924521,0.764348,0.275463,0.547068,1.06338,0.840887,0.884149,0.784266,1.16864,1.12987,0.63026,1.03877,0.886873,1.20924,1.09165,1.14457
4064.969543,1.18795,1.25817,0.860583,0.929979,0.956499,1.14882,1.25537,1.2647,0.682701,0.940782,0.590976,0.845444,1.12334,1.09456,0.599233,0.671198,0.950592,1.12242,1.23402,1.15632,1.27138,1.09881,0.498873,0.923588,0.615163,0.845444,0.923325,0.76539,0.274747,0.54689,1.06179,0.839474,0.886439,0.785743,1.17008,1.12812,0.628374,1.04069,0.884204,1.21039,1.09325,1.14251
4068.0514,1.18959,1.2561,0.857845,0.926593,0.951834,1.14563,1.24955,1.2599,0.682011,0.939476,0.590198,0.847754,1.12382,1.09677,0.599273,0.671092,0.95082,1.11699,1.23315,1.15747,1.26526,1.09199,0.49759,0.922686,0.616024,0.847754,0.92356,0.767772,0.274333,0.547213,1.06126,0.838512,0.887577,0.786159,1.17209,1.12572,0.626499,1.04206,0.880494,1.20702,1.0937,1.13952
4071.137934,1.19214,1.25633,0.85573,0.923369,0.949617,1.14287,1.24567,1.25695,0.681322,0.937955,0.589581,0.850197,1.12246,1.09695,0.599577,0.671229,0.951272,1.11335,1.23152,1.1582,1.25919,1.08591,0.496179,0.921825,0.617303,0.850197,0.924503,0.769162,0.274384,0.546852,1.06025,0.837651,0.888902,0.786933,1.17169,1.12502,0.625127,1.04019,0.876668,1.20263,1.09483,1.1367
4074.229155,1.19117,1.25461,0.852512,0.920573,0.948301,1.14128,1.24174,1.25781,0.680305,0.936661,0.589619,0.852666,1.12032,1.09591,0.600493,0.672454,0.951636,1.11244,1.2318,1.15601,1.25576,1.08239,0.494746,0.920232,0.618645,0.852666,0.924417,0.768834,0.275032,0.546457,1.05837,0.83719,0.890225,0.788053,1.16962,1.12692,0.623973,1.03557,0.872686,1.19752,1.09706,1.13547
4077.325073,1.18813,1.2532,0.849566,0.917081,0.946406,1.14002,1.23913,1.25845,0.679012,0.936105,0.590079,0.855568,1.11833,1.0954,0.601867,0.67413,0.951687,1.11352,1.23132,1.15276,1.25604,1.08007,0.493171,0.91784,0.619888,0.855568,0.924025,0.768129,0.275458,0.5464,1.05863,0.836765,0.892016,0.788634,1.16839,1.1287,0.622477,1.0324,0.869889,1.19227,1.09766,1.13497
4080.425701,1.18535,1.25313,0.846919,0.913,0.944257,1.13852,1.23659,1.25737,0.678504,0.936593,0.590836,0.857593,1.11612,1.09598,0.603192,0.67491,0.951798,1.11531,1.22829,1.14999,1.25768,1.07847,0.491666,0.916147,0.620908,0.857593,0.922822,0.767687,0.274713,0.546154,1.05885,0.835132,0.894301,0.789252,1.16727,1.12723,0.621089,1.03003,0.869003,1.18988,1.09594,1.1356
4083.531048,1.18164,1.25444,0.844828,0.910315,0.941728,1.13907,1.23312,1.25747,0.679011,0.938067,0.591613,0.858619,1.11386,1.0965,0.604566,0.675592,0.952154,1.11479,1.22671,1.1477,1.25817,1.0786,0.49024,0.915292,0.622016,0.858619,0.921138,0.767482,0.273319,0.545968,1.05721,0.833809,0.896176,0.790547,1.16741,1.12509,0.620037,1.02667,0.86866,1.1895,1.0931,1.13527
4086.641125,1.17767,1.2565,0.843228,0.909555,0.940369,1.13978,1.22899,1.25878,0.679451,0.93911,0.591711,0.859827,1.1122,1.09594,0.605415,0.676508,0.951005,1.11098,1.22666,1.14747,1.25269,1.07983,0.487996,0.913682,0.623253,0.859827,0.920589,0.766359,0.27269,0.545916,1.05518,0.833896,0.897781,0.792384,1.16863,1.1247,0.618363,1.02423,0.868338,1.18755,1.08981,1.13353
4089.755943,1.17593,1.25843,0.841814,0.910677,0.940928,1.13901,1.224,1.26064,0.678955,0.939145,0.591121,0.861882,1.11396,1.09479,0.606083,0.677225,0.949413,1.10827,1.22473,1.1504,1.24648,1.08061,0.485688,0.912371,0.625523,0.861882,0.92036,0.764943,0.272879,0.545686,1.05332,0.834178,0.900939,0.796019,1.16954,1.12586,0.616033,1.02276,0.869754,1.18395,1.08703,1.13373
4092.875512,1.17551,1.26117,0.840327,0.912246,0.941402,1.13846,1.21863,1.26131,0.678167,0.939606,0.590223,0.863789,1.11577,1.09196,0.607098,0.677878,0.949012,1.10949,1.22249,1.15396,1.24444,1.08126,0.483961,0.912113,0.628595,0.863789,0.920919,0.764649,0.273167,0.545094,1.05249,0.833292,0.905916,0.800191,1.17008,1.1289,0.613312,1.02157,0.872182,1.18231,1.08577,1.13408
4095.999845,1.17341,1.26661,0.83922,0.913831,0.94133,1.1407,1.21431,1.26094,0.677686,0.940486,0.589504,0.865685,1.11571,1.08906,0.608233,0.678873,0.949981,1.11207,1.223,1.15614,1.24221,1.08242,0.482469,0.912108,0.631071,0.865685,0.923072,0.764917,0.273403,0.544968,1.05142,0.831598,0.911519,0.803469,1.17072,1.13295,0.610175,1.02246,0.873817,1.18329,1.08423,1.13376
4099.128951,1.16894,1.27022,0.839904,0.916317,0.941421,1.14233,1.21101,1.261,0.677235,0.939976,0.589192,0.867564,1.11662,1.08762,0.609117,0.679827,0.95044,1.11386,1.22328,1.15639,1.23839,1.08194,0.480859,0.911523,0.632734,0.867564,0.924275,0.765545,0.273125,0.545036,1.04839,0.82935,0.91583,0.806676,1.17204,1.13686,0.607248,1.02349,0.874917,1.18582,1.08045,1.13325
4102.262841,1.16511,1.27002,0.841732,0.919645,0.942109,1.14175,1.20781,1.26024,0.676847,0.940026,0.589113,0.86946,1.11787,1.08733,0.609964,0.680425,0.949923,1.11672,1.22183,1.15647,1.23513,1.08033,0.478951,0.910283,0.633976,0.86946,0.92458,0.766982,0.271839,0.544916,1.0461,0.827073,0.919692,0.810831,1.17358,1.13989,0.605088,1.0233,0.876571,1.18825,1.07677,1.133
4105.401528,1.16365,1.26778,0.843251,0.92211,0.942431,1.14074,1.2057,1.25702,0.676486,0.9413,0.589158,0.872663,1.11903,1.08908,0.610515,0.680831,0.94975,1.1191,1.22157,1.15595,1.23134,1.07791,0.476939,0.90812,0.635852,0.872663,0.925248,0.768651,0.270608,0.544978,1.0453,0.826212,0.923971,0.814689,1.17534,1.14195,0.602493,1.02327,0.877677,1.18899,1.07395,1.13255
4108.54502,1.16418,1.26506,0.84497,0.923381,0.941891,1.14023,1.20613,1.25435,0.676233,0.942103,0.589508,0.877077,1.12038,1.09167,0.610852,0.681787,0.950675,1.11854,1.22313,1.15647,1.2275,1.0732,0.474976,0.906386,0.638659,0.877077,0.927157,0.770606,0.270477,0.545443,1.04415,0.826097,0.927753,0.817475,1.17933,1.14376,0.599353,1.02291,0.87765,1.18943,1.07199,1.13046
4111.693331,1.16433,1.26226,0.846592,0.924411,0.940849,1.13898,1.20845,1.25074,0.675993,0.942386,0.590073,0.88075,1.11972,1.09253,0.611425,0.682977,0.952296,1.11675,1.22501,1.15757,1.22264,1.06731,0.473194,0.905383,0.641654,0.88075,0.930233,0.771862,0.270842,0.545802,1.04323,0.824922,0.930976,0.820536,1.18199,1.14351,0.596587,1.02084,0.877527,1.18979,1.07016,1.12871
4114.84647,1.16259,1.25724,0.848041,0.924956,0.94016,1.13838,1.21166,1.24624,0.676735,0.942343,0.590675,0.884751,1.11785,1.09249,0.612102,0.684147,0.954591,1.11699,1.22832,1.15729,1.21797,1.06318,0.471552,0.90541,0.644256,0.884751,0.932368,0.772417,0.27106,0.545729,1.04213,0.823149,0.934324,0.824065,1.1805,1.142,0.593899,1.01727,0.87707,1.18938,1.0676,1.1288
4118.004449,1.15937,1.25128,0.849967,0.924631,0.939465,1.14024,1.21488,1.24054,0.67793,0.942366,0.591426,0.88962,1.11535,1.09165,0.613334,0.685657,0.956678,1.11837,1.23135,1.15541,1.21686,1.06011,0.470107,0.905882,0.646313,0.88962,0.931676,0.773082,0.270628,0.546055,1.04015,0.822191,0.937321,0.826562,1.17909,1.1396,0.590848,1.01297,0.876325,1.18719,1.06386,1.12829
4121.167278,1.15676,1.24729,0.851726,0.9244,0.938669,1.141,1.21675,1.2348,0.678739,0.943553,0.592417,0.893168,1.11377,1.09231,0.614299,0.687527,0.957851,1.11992,1.23023,1.15349,1.2167,1.05848,0.468585,0.905658,0.647928,0.893168,0.929049,0.773426,0.26924,0.546902,1.03887,0.821587,0.940853,0.828221,1.17905,1.13694,0.588626,1.0094,0.876399,1.18587,1.06037,1.12669
4124.33497,1.15584,1.24211,0.852557,0.924666,0.937026,1.1401,1.2145,1.23087,0.679669,0.944562,0.59311,0.894623,1.11403,1.0958,0.614419,0.689242,0.960235,1.12032,1.22601,1.15301,1.21367,1.05776,0.466738,0.905806,0.649265,0.894623,0.926258,0.77357,0.267854,0.547028,1.03813,0.819794,0.945406,0.830483,1.17858,1.13524,0.587343,1.00705,0.876231,1.18517,1.05804,1.12532
4127.507536,1.15608,1.23716,0.853352,0.925529,0.935053,1.14068,1.20961,1.22856,0.680498,0.944955,0.593313,0.896136,1.11409,1.09796,0.61464,0.690915,0.963194,1.11788,1.22444,1.15386,1.20865,1.05665,0.464601,0.905798,0.650911,0.896136,0.924173,0.773886,0.267638,0.546629,1.0375,0.818803,0.949436,0.833154,1.17923,1.13431,0.585307,1.00572,0.874687,1.18177,1.05634,1.12317
4130.684986,1.15584,1.23416,0.854367,0.926297,0.934202,1.13955,1.20444,1.22705,0.680919,0.944977,0.59317,0.898586,1.11404,1.09755,0.614883,0.692228,0.964587,1.11594,1.22442,1.15555,1.20198,1.05531,0.461923,0.904983,0.652846,0.898586,0.922823,0.773641,0.26846,0.546113,1.03698,0.819289,0.952592,0.836039,1.17992,1.1334,0.582556,1.00541,0.873274,1.17738,1.05548,1.11997
4133.867332,1.1557,1.23208,0.854661,0.92798,0.934268,1.13792,1.19935,1.22529,0.681545,0.945034,0.593181,0.900752,1.11567,1.09601,0.61541,0.692955,0.965963,1.118,1.22366,1.15761,1.1968,1.05469,0.459921,0.90441,0.655533,0.900752,0.922169,0.773812,0.268862,0.545365,1.03607,0.81883,0.955935,0.839349,1.17888,1.13209,0.580073,1.00582,0.874137,1.17471,1.056,1.11911
4137.054585,1.15472,1.23216,0.854046,0.930425,0.934523,1.1388,1.19512,1.22177,0.682352,0.945874,0.593275,0.901383,1.11728,1.09423,0.616451,0.693301,0.967985,1.12076,1.22517,1.15697,1.19416,1.05579,0.45881,0.903807,0.658695,0.901383,0.922373,0.775161,0.268369,0.544913,1.03351,0.817927,0.959004,0.84072,1.17673,1.13056,0.577935,1.00506,0.876284,1.17397,1.05741,1.12054
4140.246757,1.15056,1.23624,0.854266,0.933217,0.934321,1.14035,1.1916,1.21852,0.683164,0.946648,0.593562,0.902087,1.11748,1.09381,0.617949,0.693886,0.969948,1.12108,1.22778,1.15389,1.19142,1.05704,0.457603,0.902789,0.661144,0.902087,0.92209,0.776799,0.267393,0.54528,1.02899,0.817767,0.961285,0.840589,1.17546,1.13011,0.576376,1.00359,0.877682,1.17602,1.05743,1.12164
4143.443858,1.1452,1.23983,0.855927,0.936578,0.933979,1.13856,1.18667,1.21806,0.684309,0.946014,0.594038,0.903034,1.11703,1.09236,0.619648,0.694607,0.970059,1.12226,1.22829,1.1513,1.18796,1.05669,0.456497,0.901152,0.662492,0.903034,0.921499,0.778182,0.266034,0.545296,1.02438,0.817439,0.962036,0.841412,1.17514,1.13063,0.574825,1.0017,0.878886,1.18157,1.05603,1.12058
4146.645902,1.14264,1.24197,0.857849,0.93948,0.93366,1.13611,1.18171,1.219,0.685472,0.945124,0.594365,0.90432,1.11786,1.09048,0.62127,0.695589,0.967859,1.12552,1.22737,1.15127,1.18613,1.05737,0.455787,0.899454,0.663598,0.90432,0.922719,0.779089,0.264766,0.544603,1.02161,0.817279,0.960852,0.843095,1.17589,1.13216,0.572863,1.00023,0.880728,1.188,1.05477,1.12066
4149.852898,1.14239,1.2443,0.858739,0.941002,0.932257,1.13597,1.17902,1.21806,0.686232,0.94438,0.59436,0.905884,1.11863,1.09057,0.622505,0.69642,0.965323,1.12664,1.22561,1.15056,1.18588,1.05911,0.45542,0.897856,0.664731,0.905884,0.924361,0.778994,0.264123,0.544244,1.01926,0.81819,0.958291,0.843993,1.17632,1.13456,0.570593,1.00016,0.882236,1.19381,1.05505,1.12234
4153.064858,1.14189,1.24443,0.858271,0.941738,0.930433,1.13745,1.17823,1.21762,0.686325,0.943068,0.594066,0.906862,1.11653,1.09058,0.623453,0.696307,0.964691,1.12588,1.22439,1.14852,1.18788,1.0593,0.455417,0.895794,0.66539,0.906862,0.926106,0.77802,0.263981,0.544343,1.01691,0.818285,0.955391,0.843816,1.17531,1.13608,0.568454,1.00029,0.883987,1.20027,1.05799,1.12364
4156.281794,1.14017,1.24032,0.856968,0.941482,0.92874,1.1381,1.17632,1.21895,0.685379,0.941737,0.59316,0.906582,1.11215,1.08974,0.623629,0.695649,0.96395,1.12584,1.22403,1.14714,1.19056,1.05913,0.455316,0.893372,0.664841,0.906582,0.92833,0.776141,0.263573,0.544292,1.01641,0.815841,0.952069,0.84252,1.17316,1.13602,0.566655,1.00074,0.886083,1.20429,1.06053,1.12518
4159.503718,1.13821,1.23616,0.855987,0.939468,0.926601,1.1384,1.17318,1.22029,0.684033,0.940782,0.591483,0.905976,1.10805,1.08879,0.622993,0.695244,0.961755,1.12728,1.22324,1.14691,1.19454,1.0609,0.454904,0.892215,0.663037,0.905976,0.928933,0.774501,0.262535,0.544005,1.01696,0.812704,0.949494,0.84061,1.17072,1.13573,0.565064,1.00177,0.887896,1.20623,1.06059,1.12497
4162.730641,1.13668,1.23352,0.854418,0.936919,0.923522,1.13893,1.17131,1.22155,0.681701,0.939476,0.589525,0.904861,1.10399,1.08708,0.622079,0.69489,0.958757,1.12799,1.22048,1.14656,1.20066,1.06269,0.454389,0.892207,0.660822,0.904861,0.927042,0.772695,0.260975,0.543676,1.01735,0.811001,0.946604,0.838718,1.16886,1.13554,0.563776,1.00062,0.889567,1.20765,1.05984,1.12301
4165.962575,1.13396,1.23024,0.850286,0.934475,0.919591,1.1383,1.17069,1.22327,0.677777,0.937952,0.587447,0.902422,1.1007,1.08721,0.619904,0.694003,0.956011,1.12706,1.21581,1.14441,1.20524,1.06335,0.453411,0.892773,0.657781,0.902422,0.924823,0.769848,0.259679,0.543052,1.01762,0.810512,0.942807,0.836895,1.16692,1.13674,0.562777,0.99796,0.88999,1.20642,1.06009,1.12215
4169.199531,1.1308,1.22549,0.844199,0.930084,0.915356,1.13715,1.16895,1.22198,0.672667,0.93582,0.584799,0.898529,1.09815,1.08799,0.616842,0.692516,0.953816,1.12391,1.21129,1.14093,1.20736,1.06399,0.451922,0.894235,0.653518,0.898529,0.923471,0.766717,0.259564,0.54196,1.01716,0.809624,0.939379,0.833831,1.16446,1.13663,0.56097,0.996296,0.887594,1.20321,1.06011,1.12311
4172.441521,1.13002,1.22178,0.838337,0.924329,0.911693,1.13524,1.16541,1.21785,0.667022,0.933693,0.581974,0.894626,1.09631,1.08554,0.613873,0.690775,0.950536,1.11948,1.20968,1.13682,1.20818,1.06379,0.450278,0.895157,0.649556,0.894626,0.921546,0.763852,0.259814,0.541618,1.01685,0.809192,0.93515,0.828904,1.16375,1.1327,0.558276,0.995879,0.883803,1.202,1.05765,1.12336
4175.688558,1.1289,1.21822,0.832196,0.918524,0.908305,1.13128,1.16151,1.21437,0.66172,0.931909,0.579389,0.891468,1.09544,1.08139,0.610713,0.68879,0.946423,1.11663,1.20751,1.13273,1.20769,1.06378,0.448343,0.894807,0.646011,0.891468,0.918521,0.760775,0.259589,0.542175,1.01739,0.809376,0.928992,0.823338,1.16375,1.12756,0.556127,0.996061,0.8804,1.20208,1.05352,1.12306
4178.940651,1.12687,1.21557,0.825239,0.913188,0.905532,1.12911,1.15792,1.21094,0.656741,0.930826,0.577035,0.887523,1.09474,1.07858,0.607498,0.686827,0.942979,1.11486,1.20321,1.13042,1.20771,1.06626,0.446787,0.894338,0.642425,0.887523,0.91491,0.757408,0.259003,0.54238,1.01757,0.809787,0.921997,0.817825,1.1613,1.12295,0.554622,0.996426,0.877463,1.20171,1.05046,1.1242
4182.197815,1.12463,1.21592,0.817911,0.9084,0.902764,1.12834,1.1548,1.20537,0.651431,0.930187,0.57461,0.882522,1.0921,1.07592,0.60455,0.68417,0.93944,1.11207,1.20049,1.12777,1.20963,1.06942,0.4456,0.893978,0.638365,0.882522,0.910512,0.754491,0.258469,0.54209,1.01595,0.810748,0.915707,0.811708,1.15693,1.11912,0.552928,0.994541,0.873077,1.19983,1.04795,1.12344
4185.46006,1.1218,1.22031,0.811678,0.90407,0.899171,1.12723,1.15336,1.20019,0.646189,0.929777,0.572205,0.877449,1.08789,1.07231,0.602153,0.681672,0.935038,1.10886,1.19965,1.12436,1.21096,1.07127,0.444087,0.893887,0.633554,0.877449,0.905701,0.752378,0.25832,0.541826,1.01283,0.81158,0.910714,0.80519,1.15361,1.11811,0.550943,0.991272,0.867354,1.19621,1.04473,1.11971
4188.727398,1.11891,1.22578,0.806367,0.899669,0.895742,1.12689,1.15184,1.19606,0.641485,0.929291,0.569727,0.872131,1.08392,1.06864,0.599611,0.680258,0.929516,1.10603,1.19783,1.1231,1.21071,1.07369,0.442733,0.893118,0.628643,0.872131,0.901131,0.750709,0.258626,0.540962,1.00911,0.811263,0.905363,0.79908,1.1506,1.11842,0.548336,0.989231,0.862223,1.19386,1.04087,1.11669
4191.999841,1.11681,1.2305,0.800185,0.895351,0.891964,1.12706,1.14877,1.19289,0.637018,0.927764,0.56688,0.867768,1.08075,1.06772,0.596434,0.678537,0.923582,1.10284,1.19565,1.12369,1.21217,1.07888,0.441905,0.89226,0.624382,0.867768,0.896673,0.749061,0.259043,0.539614,1.00581,0.810321,0.898223,0.793721,1.14656,1.11788,0.545252,0.988687,0.857653,1.19513,1.03867,1.11678
4195.277401,1.1161,1.23451,0.793489,0.890031,0.886602,1.12562,1.14528,1.19019,0.632385,0.925045,0.563549,0.863102,1.07576,1.06873,0.592717,0.6748,0.918449,1.09922,1.19383,1.12145,1.21433,1.08314,0.441332,0.892326,0.619965,0.863102,0.891351,0.747117,0.258928,0.537954,1.00211,0.809881,0.889795,0.788157,1.14082,1.11588,0.542371,0.98812,0.85297,1.19638,1.03987,1.1163
4198.560091,1.11658,1.23655,0.786915,0.883835,0.880834,1.12288,1.14153,1.18949,0.627709,0.922181,0.559893,0.856913,1.0684,1.06941,0.588626,0.669422,0.91388,1.09537,1.19193,1.11661,1.21747,1.08571,0.440792,0.891686,0.615046,0.856913,0.885287,0.744868,0.258178,0.535285,0.997872,0.808671,0.881568,0.782428,1.13284,1.11246,0.540087,0.988235,0.849717,1.19519,1.04197,1.11365
4201.847922,1.11836,1.23556,0.780215,0.877864,0.874914,1.11768,1.13785,1.19329,0.623095,0.919018,0.555478,0.850114,1.05976,1.06891,0.583599,0.664255,0.906892,1.09078,1.18925,1.11424,1.22023,1.08712,0.440162,0.889686,0.609663,0.850114,0.878923,0.741941,0.257491,0.531912,0.992774,0.805719,0.87383,0.777091,1.12341,1.10789,0.538411,0.990193,0.847531,1.19147,1.04157,1.11114
4205.140906,1.11852,1.23451,0.773044,0.871234,0.869034,1.11141,1.13688,1.19711,0.619015,0.914931,0.550319,0.843061,1.05108,1.06755,0.578056,0.659605,0.899338,1.08768,1.18521,1.11316,1.22088,1.08602,0.439582,0.889055,0.603882,0.843061,0.871973,0.739189,0.257214,0.528881,0.986412,0.802965,0.866683,0.771966,1.11458,1.10347,0.537011,0.991809,0.845186,1.18781,1.04002,1.10769
4208.439056,1.11531,1.23204,0.765382,0.86331,0.864226,1.10738,1.13862,1.19653,0.615031,0.909434,0.545239,0.835539,1.04312,1.06472,0.572859,0.654655,0.892128,1.08519,1.18059,1.10874,1.22009,1.08321,0.438925,0.889402,0.598129,0.835539,0.865073,0.736184,0.257257,0.525539,0.98026,0.801273,0.859597,0.76699,1.10658,1.09963,0.535331,0.991522,0.8426,1.18236,1.03868,1.10183
4211.742383,1.11342,1.2293,0.757509,0.854573,0.859984,1.10508,1.13818,1.1957,0.610739,0.90386,0.541201,0.828524,1.03727,1.06012,0.568339,0.649448,0.883468,1.08066,1.17612,1.10246,1.21789,1.08122,0.438354,0.888827,0.592439,0.828524,0.860024,0.733114,0.257532,0.521357,0.974034,0.800608,0.851618,0.762824,1.09988,1.09532,0.533668,0.991705,0.839968,1.17479,1.03638,1.09807
4215.050901,1.1125,1.22641,0.750145,0.844472,0.855371,1.10313,1.1337,1.19598,0.606514,0.90147,0.537534,0.821486,1.03275,1.05418,0.565123,0.645033,0.874249,1.0733,1.17127,1.09704,1.21416,1.08235,0.438197,0.888646,0.58705,0.821486,0.856715,0.731036,0.25753,0.517288,0.966722,0.800635,0.844231,0.758861,1.09352,1.08996,0.532311,0.992885,0.836708,1.17104,1.03144,1.09831
4218.36462,1.11214,1.22009,0.744637,0.835212,0.851039,1.10278,1.1309,1.19573,0.60393,0.901498,0.534139,0.814626,1.02966,1.04795,0.562957,0.642236,0.86612,1.06596,1.16794,1.09333,1.20886,1.08382,0.43807,0.889028,0.58307,0.814626,0.853899,0.729753,0.256681,0.514745,0.962197,0.800888,0.837689,0.75556,1.08793,1.08699,0.530853,0.994262,0.832546,1.17115,1.02462,1.1
4221.683553,1.11197,1.21096,0.739747,0.828048,0.846575,1.10256,1.13,1.19819,0.603467,0.900626,0.532132,0.809433,1.0273,1.04231,0.56149,0.639734,0.860182,1.06123,1.16519,1.09101,1.20337,1.08419,0.437786,0.888866,0.580263,0.809433,0.852011,0.728249,0.255768,0.513784,0.962669,0.801489,0.830465,0.75378,1.08447,1.08427,0.530574,0.996167,0.827681,1.16964,1.02063,1.1006
4225.007714,1.11023,1.20442,0.734432,0.822467,0.842243,1.10083,1.1274,1.20095,0.602905,0.899814,0.531353,0.805506,1.02405,1.03775,0.560647,0.638245,0.855326,1.05823,1.16297,1.08925,1.20356,1.08638,0.437782,0.888838,0.577635,0.805506,0.852112,0.725875,0.255518,0.51346,0.965848,0.803021,0.825191,0.752675,1.08099,1.08069,0.531945,0.998601,0.823166,1.16769,1.02205,1.09815
4228.337113,1.10749,1.19987,0.729106,0.821108,0.839383,1.10061,1.12377,1.197,0.601401,0.900964,0.530672,0.801695,1.02127,1.03428,0.561528,0.638064,0.850033,1.05475,1.16158,1.08484,1.20905,1.08715,0.43766,0.889862,0.574926,0.801695,0.853109,0.723542,0.255636,0.513212,0.971049,0.804264,0.822019,0.751647,1.07513,1.07724,0.532682,1.00025,0.818975,1.16673,1.02472,1.09339
4231.671764,1.10741,1.19847,0.726031,0.82296,0.838085,1.10247,1.12043,1.18912,0.600024,0.903393,0.529947,0.798679,1.02016,1.03222,0.564033,0.639421,0.846376,1.05226,1.16144,1.08063,1.2138,1.0832,0.436971,0.891969,0.573062,0.798679,0.854449,0.722137,0.256091,0.513285,0.978367,0.80469,0.818422,0.75077,1.06972,1.07564,0.532448,1.00234,0.815062,1.16508,1.02593,1.09179
4235.011678,1.10776,1.20147,0.725349,0.825353,0.837614,1.10572,1.11783,1.18499,0.598725,0.905638,0.529797,0.797602,1.01899,1.03397,0.566706,0.642671,0.846066,1.05132,1.16016,1.08015,1.21522,1.07944,0.435777,0.892649,0.572426,0.797602,0.855493,0.721546,0.256415,0.514339,0.98506,0.804181,0.814929,0.750108,1.06603,1.07523,0.531923,1.0071,0.811359,1.16576,1.02841,1.09502
4238.356869,1.1071,1.20483,0.725294,0.829039,0.836811,1.10921,1.11693,1.18492,0.597146,0.908104,0.530481,0.799396,1.01917,1.03953,0.570369,0.646627,0.848534,1.05303,1.15918,1.081,1.21704,1.07743,0.434196,0.892322,0.573017,0.799396,0.857003,0.721599,0.255425,0.518093,0.991284,0.804809,0.812431,0.750159,1.06281,1.07663,0.531195,1.01256,0.807555,1.16943,1.03388,1.09845
4241.707349,1.10898,1.2074,0.725546,0.834241,0.836127,1.11073,1.11695,1.18277,0.595455,0.910031,0.532038,0.80358,1.02261,1.04497,0.574867,0.651577,0.854242,1.06041,1.16027,1.08034,1.22017,1.07315,0.431877,0.893178,0.574613,0.80358,0.859537,0.721501,0.253311,0.524328,0.999054,0.80736,0.811614,0.750112,1.06153,1.07963,0.530268,1.01544,0.80397,1.17122,1.04005,1.10114
4245.06313,1.11247,1.21082,0.725896,0.840834,0.836783,1.11381,1.11575,1.18017,0.594114,0.910431,0.534007,0.809089,1.02896,1.05093,0.578791,0.657121,0.862537,1.07105,1.15944,1.07964,1.22264,1.06881,0.429097,0.894492,0.576496,0.809089,0.862246,0.720976,0.251452,0.531035,1.00807,0.809148,0.812106,0.748822,1.06293,1.08239,0.528938,1.0174,0.801308,1.17269,1.04372,1.10471
4248.424225,1.11339,1.21433,0.725543,0.844872,0.838627,1.11692,1.11605,1.1805,0.592364,0.908553,0.534612,0.813817,1.03529,1.05838,0.581034,0.661282,0.869071,1.08073,1.15624,1.08066,1.22268,1.06472,0.426313,0.895151,0.577329,0.813817,0.863604,0.720308,0.250756,0.536612,1.01411,0.808967,0.811231,0.745264,1.06398,1.08452,0.527052,1.02043,0.798868,1.17513,1.04366,1.10712
4251.790647,1.1109,1.21704,0.723827,0.844868,0.840552,1.11642,1.11966,1.18002,0.589243,0.90568,0.533813,0.815436,1.0404,1.06481,0.580943,0.663825,0.873242,1.08963,1.15479,1.08094,1.22258,1.06028,0.423517,0.895599,0.576152,0.815436,0.863147,0.719109,0.250441,0.540782,1.01613,0.809063,0.808866,0.741353,1.06449,1.08774,0.524822,1.02356,0.796234,1.17484,1.04085,1.10693
4255.162408,1.10883,1.21595,0.72098,0.843161,0.840751,1.11555,1.1201,1.18012,0.584966,0.903412,0.532928,0.813645,1.04397,1.06824,0.578812,0.664453,0.874737,1.09569,1.15593,1.08007,1.21948,1.05842,0.421141,0.893878,0.573537,0.813645,0.861295,0.71745,0.24967,0.542856,1.0163,0.809371,0.805385,0.738527,1.064,1.09065,0.522425,1.02665,0.793607,1.16907,1.03616,1.10483
4258.539521,1.10916,1.21683,0.717611,0.838919,0.839952,1.11543,1.11552,1.18408,0.580925,0.901032,0.531758,0.811391,1.04548,1.07022,0.575901,0.66279,0.872837,1.0962,1.15773,1.08007,1.21305,1.05849,0.41971,0.890714,0.570426,0.811391,0.85837,0.716612,0.248387,0.54215,1.01474,0.809232,0.799542,0.735829,1.06002,1.09257,0.519917,1.02928,0.790835,1.16368,1.03149,1.10447
4261.921999,1.10551,1.2212,0.713953,0.831635,0.838295,1.11524,1.11232,1.18599,0.577607,0.900113,0.529126,0.808276,1.04412,1.0717,0.572255,0.659913,0.868606,1.09361,1.15755,1.08063,1.20558,1.06007,0.418786,0.889247,0.566988,0.808276,0.85439,0.716275,0.246911,0.539749,1.01048,0.809178,0.793974,0.732521,1.05391,1.09436,0.517136,1.02921,0.786953,1.15979,1.02505,1.10515
4265.309854,1.10028,1.22301,0.710406,0.824754,0.835221,1.11563,1.11444,1.18395,0.575409,0.900691,0.525962,0.803335,1.04054,1.07103,0.567899,0.656389,0.863293,1.09252,1.15702,1.08152,1.19621,1.06338,0.418059,0.889121,0.563352,0.803335,0.84956,0.715616,0.246104,0.537798,1.00496,0.808802,0.79011,0.729076,1.04896,1.09575,0.514757,1.02796,0.781584,1.15424,1.01853,1.10638
4268.7031,1.0977,1.22214,0.706425,0.81917,0.830626,1.11435,1.11609,1.18351,0.573551,0.899087,0.523194,0.7988,1.03555,1.06767,0.563608,0.651317,0.857402,1.09113,1.15562,1.08243,1.18721,1.06674,0.417899,0.889207,0.55953,0.7988,0.845505,0.713898,0.246165,0.53669,0.999443,0.807707,0.786123,0.724992,1.04555,1.09284,0.514511,1.0284,0.776199,1.14755,1.01593,1.1057
4272.101749,1.09503,1.21854,0.701796,0.814042,0.825484,1.11101,1.11289,1.18229,0.571239,0.896748,0.520125,0.794083,1.02896,1.06382,0.559516,0.646314,0.849262,1.08655,1.1531,1.08223,1.18383,1.06978,0.418111,0.890143,0.555651,0.794083,0.8428,0.711941,0.246342,0.534769,0.9937,0.806821,0.782543,0.720303,1.04115,1.08891,0.515158,1.03012,0.772122,1.1422,1.01548,1.10365
4275.505814,1.09272,1.21348,0.696927,0.810432,0.8212,1.10942,1.10668,1.1787,0.569531,0.896282,0.516521,0.788594,1.02202,1.06105,0.556466,0.642316,0.839087,1.0821,1.15028,1.07947,1.18352,1.07064,0.417723,0.891585,0.551776,0.788594,0.839826,0.710776,0.246373,0.530996,0.988776,0.805912,0.777723,0.717405,1.03336,1.0851,0.513834,1.0304,0.768169,1.13833,1.01279,1.10362
4278.915308,1.09393,1.21395,0.69318,0.808277,0.818152,1.1098,1.10221,1.17923,0.568206,0.896533,0.513613,0.784865,1.01639,1.05783,0.554742,0.64008,0.832228,1.08093,1.14853,1.0779,1.18036,1.06963,0.417139,0.892385,0.548651,0.784865,0.836827,0.710746,0.246683,0.527506,0.985754,0.804086,0.771656,0.716457,1.02727,1.08137,0.511855,1.0293,0.763514,1.13425,1.00918,1.1059
4282.330244,1.09604,1.21591,0.691664,0.807772,0.816671,1.11181,1.10213,1.18445,0.566504,0.897431,0.51245,0.783856,1.01256,1.05483,0.553868,0.640189,0.830731,1.08022,1.14793,1.07712,1.17485,1.06766,0.416809,0.891702,0.546453,0.783856,0.834859,0.711545,0.246849,0.526147,0.982552,0.802139,0.768567,0.715581,1.0248,1.07849,0.511008,1.02909,0.758886,1.13331,1.00897,1.10759
4285.750636,1.09614,1.21423,0.691855,0.809535,0.817202,1.11536,1.10314,1.18718,0.564936,0.899812,0.512942,0.785611,1.01376,1.05317,0.554774,0.641816,0.832486,1.08117,1.1485,1.07406,1.17372,1.06348,0.41627,0.891647,0.545938,0.785611,0.835427,0.712727,0.246285,0.527127,0.982473,0.803437,0.769899,0.714662,1.02385,1.07905,0.510913,1.02914,0.754813,1.13686,1.01119,1.1084
4289.176496,1.09548,1.21269,0.692121,0.813274,0.819471,1.11779,1.10266,1.185,0.563672,0.900823,0.514128,0.789837,1.01804,1.05135,0.557346,0.645157,0.837547,1.08604,1.14967,1.0713,1.17433,1.05709,0.415348,0.893852,0.547416,0.789837,0.837559,0.713564,0.245987,0.529272,0.98954,0.806438,0.772951,0.714316,1.02548,1.08179,0.510688,1.02837,0.75142,1.14025,1.01319,1.11172
4292.607837,1.09532,1.21352,0.692834,0.816667,0.821646,1.12008,1.10025,1.18436,0.562525,0.900366,0.515095,0.795205,1.02193,1.05299,0.559963,0.648581,0.844653,1.09118,1.15004,1.07145,1.17258,1.05301,0.414389,0.89741,0.549335,0.795205,0.839091,0.714074,0.24662,0.530987,0.999089,0.807767,0.775108,0.714138,1.02931,1.08332,0.510128,1.0277,0.749576,1.14294,1.01365,1.11433
4296.044673,1.09369,1.21425,0.693782,0.817534,0.822774,1.12045,1.09824,1.18647,0.560612,0.899976,0.515552,0.798867,1.02459,1.05812,0.561005,0.649953,0.848535,1.09138,1.14987,1.07188,1.17178,1.05121,0.413632,0.900335,0.550442,0.798867,0.839264,0.714864,0.247065,0.531786,1.00455,0.808263,0.775288,0.714373,1.03444,1.08442,0.509299,1.02711,0.749368,1.14637,1.01245,1.11233
4299.487016,1.09205,1.21202,0.694178,0.818797,0.822747,1.11712,1.09854,1.18774,0.558135,0.900188,0.516206,0.800031,1.02573,1.06316,0.560497,0.650853,0.849666,1.08754,1.15054,1.0738,1.1738,1.04877,0.413441,0.901939,0.550679,0.800031,0.84002,0.715371,0.246476,0.532915,1.00734,0.809738,0.774821,0.716284,1.04117,1.08689,0.507937,1.02754,0.749923,1.14742,1.01173,1.1091
4302.934881,1.09172,1.20862,0.694466,0.820668,0.821894,1.11456,1.09813,1.18926,0.556249,0.90034,0.516948,0.800463,1.02547,1.06695,0.559931,0.651093,0.850725,1.08476,1.15205,1.07897,1.17371,1.04661,0.413794,0.902255,0.55024,0.800463,0.841196,0.715311,0.245532,0.534261,1.01024,0.811264,0.774845,0.717465,1.04686,1.09052,0.506142,1.0286,0.750729,1.14644,1.01243,1.10627
4306.388279,1.09004,1.21185,0.694964,0.820735,0.822117,1.11392,1.0996,1.18978,0.555034,0.900301,0.517388,0.80155,1.02501,1.07028,0.559588,0.650391,0.850756,1.08425,1.15226,1.08477,1.17193,1.04593,0.41407,0.902054,0.549654,0.80155,0.841205,0.715204,0.245119,0.535163,1.0126,0.812035,0.774646,0.71667,1.04894,1.09409,0.50445,1.0291,0.751675,1.14807,1.01565,1.10294
4309.847226,1.08598,1.21862,0.695707,0.820803,0.822285,1.11336,1.1019,1.18764,0.553315,0.901738,0.517572,0.802235,1.02554,1.07119,0.558933,0.650198,0.849648,1.08435,1.14953,1.09036,1.16853,1.04726,0.413988,0.901,0.548903,0.802235,0.840698,0.71504,0.245364,0.536466,1.01232,0.813216,0.774333,0.715165,1.05064,1.09527,0.50318,1.02908,0.752759,1.14829,1.01867,1.09839
4313.311733,1.08368,1.22154,0.696904,0.822795,0.82126,1.11452,1.10146,1.18518,0.551281,0.904698,0.517668,0.802049,1.02657,1.06956,0.558859,0.650053,0.848591,1.08464,1.14633,1.09407,1.16522,1.05103,0.413731,0.899468,0.547959,0.802049,0.841511,0.715519,0.245903,0.538717,1.00978,0.81522,0.774083,0.713133,1.0532,1.09653,0.502535,1.02976,0.753894,1.14627,1.01999,1.09623
4316.781815,1.08401,1.22146,0.698023,0.824254,0.81997,1.11729,1.09988,1.18326,0.549956,0.905715,0.517714,0.800782,1.02678,1.06935,0.558681,0.649446,0.847269,1.08485,1.14294,1.09506,1.16681,1.05452,0.412868,0.898956,0.547289,0.800782,0.843164,0.715841,0.245893,0.541338,1.00755,0.817551,0.773118,0.710355,1.05465,1.09821,0.502356,1.03078,0.754313,1.14404,1.02121,1.09743
4320.257485,1.08504,1.21992,0.698295,0.823865,0.819333,1.11942,1.09794,1.18304,0.549945,0.905088,0.51788,0.79902,1.02667,1.07061,0.557327,0.648759,0.845833,1.08633,1.14058,1.0949,1.17154,1.05721,0.411245,0.89908,0.546532,0.79902,0.843968,0.716231,0.245118,0.543493,1.00629,0.820307,0.771012,0.708144,1.05493,1.09918,0.50195,1.03065,0.754324,1.14123,1.02163,1.10051
4323.738756,1.0861,1.21988,0.697275,0.823256,0.819837,1.12159,1.0953,1.18588,0.550583,0.904488,0.517961,0.797892,1.02721,1.07078,0.555629,0.647761,0.844642,1.09124,1.13898,1.09309,1.17567,1.06091,0.409595,0.8987,0.54466,0.797892,0.84433,0.717022,0.244659,0.545311,1.00442,0.822554,0.768278,0.706953,1.05371,1.09834,0.500694,1.02772,0.754607,1.13983,1.0191,1.1043
4327.225642,1.08737,1.2221,0.696174,0.823444,0.821718,1.12485,1.09331,1.18921,0.550215,0.903873,0.517569,0.796667,1.02944,1.07037,0.554121,0.647029,0.844734,1.09672,1.13741,1.09068,1.17876,1.06382,0.408808,0.898317,0.542278,0.796667,0.844461,0.717817,0.244787,0.547235,1.00223,0.823143,0.766094,0.705416,1.05219,1.09652,0.499395,1.02377,0.754535,1.14273,1.01629,1.10732
4330.718157,1.09001,1.22208,0.695974,0.822883,0.823516,1.12721,1.09096,1.18927,0.548795,0.904006,0.516978,0.795165,1.03163,1.07092,0.552045,0.646452,0.84612,1.09811,1.13709,1.08852,1.18299,1.06334,0.408644,0.898371,0.539968,0.795165,0.844205,0.718449,0.244935,0.548473,1.00098,0.823488,0.765616,0.703748,1.05081,1.09391,0.498781,1.02165,0.75374,1.14768,1.01413,1.1085
4334.216314,1.09143,1.22212,0.695737,0.820927,0.824692,1.12777,1.08696,1.18684,0.547399,0.904187,0.51637,0.793824,1.03214,1.07273,0.550202,0.646055,0.847116,1.0967,1.13634,1.08605,1.18912,1.06232,0.408345,0.900011,0.538205,0.793824,0.844019,0.718625,0.245129,0.54892,1.00171,0.825668,0.76615,0.703239,1.04881,1.09149,0.498379,1.02096,0.752643,1.15046,1.01126,1.11009
4337.720126,1.0902,1.22325,0.694886,0.818554,0.82577,1.1266,1.08376,1.18458,0.546372,0.903413,0.515328,0.792939,1.03052,1.07403,0.549354,0.645864,0.847788,1.09617,1.13465,1.08591,1.19316,1.06205,0.408011,0.902506,0.537403,0.792939,0.842803,0.718307,0.245759,0.548834,1.0029,0.827441,0.766049,0.704066,1.04632,1.0904,0.498072,1.02038,0.751684,1.15007,1.00828,1.11329
4341.229609,1.08995,1.22316,0.694483,0.816367,0.826245,1.12673,1.08107,1.18468,0.545939,0.903522,0.514467,0.793098,1.02861,1.07589,0.548351,0.644849,0.848761,1.09683,1.13365,1.0883,1.19563,1.0641,0.408126,0.905153,0.537239,0.793098,0.840233,0.718395,0.246377,0.548617,1.00289,0.827391,0.765609,0.705064,1.04536,1.09007,0.498195,1.01861,0.752219,1.15006,1.00503,1.11564
4344.744774,1.08938,1.2231,0.694388,0.814582,0.827027,1.12762,1.07784,1.18662,0.545784,0.904679,0.514514,0.793283,1.02744,1.07793,0.546541,0.643347,0.84849,1.09432,1.13323,1.08863,1.19741,1.06658,0.409214,0.907871,0.537268,0.793283,0.838286,0.719413,0.246088,0.548388,1.00228,0.827008,0.764842,0.705669,1.04772,1.09115,0.498029,1.01553,0.753806,1.15208,1.00277,1.11638
4348.265637,1.08739,1.22457,0.694122,0.813385,0.828289,1.12699,1.07572,1.18879,0.5462,0.905276,0.515059,0.793115,1.02554,1.07843,0.544925,0.642493,0.847535,1.09057,1.13284,1.08864,1.19908,1.06716,0.411196,0.910109,0.537353,0.793115,0.838098,0.719789,0.245634,0.548098,1.00205,0.826463,0.764312,0.705947,1.05029,1.09336,0.497378,1.01402,0.755435,1.15355,1.00306,1.1176
4351.792211,1.08553,1.22768,0.694058,0.812982,0.829062,1.12591,1.07481,1.19256,0.546652,0.904963,0.515191,0.792888,1.02298,1.07862,0.543802,0.641957,0.846323,1.09007,1.13349,1.09049,1.20034,1.06762,0.412965,0.910971,0.537243,0.792888,0.837609,0.719358,0.246198,0.547603,1.00103,0.826306,0.764067,0.705542,1.05071,1.09438,0.497089,1.01268,0.7573,1.15519,1.00348,1.11862
4355.32451,1.08292,1.23253,0.695021,0.813809,0.829868,1.12438,1.07568,1.1979,0.546647,0.905734,0.515082,0.792272,1.02216,1.07846,0.542606,0.641941,0.845417,1.09002,1.13468,1.09274,1.19995,1.06883,0.414012,0.910201,0.53685,0.792272,0.836807,0.719444,0.2476,0.547017,0.998528,0.825919,0.762749,0.704886,1.05011,1.09368,0.497288,1.01005,0.759376,1.15771,1.00378,1.11806
4358.862548,1.07973,1.23635,0.696471,0.815715,0.830735,1.12303,1.07535,1.20086,0.546492,0.907212,0.514947,0.791031,1.02228,1.07636,0.542038,0.642709,0.845459,1.0878,1.13663,1.09291,1.19866,1.06962,0.415105,0.908355,0.536232,0.791031,0.837666,0.720139,0.24875,0.546206,0.996999,0.824679,0.760762,0.703847,1.04919,1.09224,0.497881,1.00746,0.761465,1.15902,1.00483,1.11759
4362.406338,1.0783,1.23869,0.697062,0.817791,0.832043,1.12409,1.07466,1.19949,0.546593,0.907785,0.514972,0.789838,1.02175,1.07495,0.542057,0.643174,0.845137,1.08551,1.1397,1.08932,1.20058,1.07006,0.416319,0.906653,0.535739,0.789838,0.839653,0.721447,0.249156,0.545058,0.997478,0.824454,0.759366,0.703264,1.04774,1.09245,0.499167,1.00651,0.763092,1.15884,1.00615,1.11891
4365.955896,1.07726,1.24141,0.697451,0.819025,0.834175,1.12542,1.07764,1.19652,0.547173,0.908178,0.515375,0.789084,1.02038,1.07507,0.541774,0.643236,0.844709,1.08515,1.14175,1.08489,1.20506,1.07062,0.416938,0.906353,0.535495,0.789084,0.840532,0.722162,0.24929,0.544175,0.998945,0.825393,0.758801,0.703844,1.04578,1.09359,0.500842,1.00748,0.763529,1.15752,1.00817,1.12054
4369.511235,1.07636,1.24367,0.698587,0.820016,0.836565,1.12482,1.08161,1.19591,0.548038,0.908684,0.515644,0.789321,1.0194,1.07324,0.54145,0.643243,0.84565,1.08704,1.14437,1.08215,1.20637,1.07121,0.417528,0.907072,0.535259,0.789321,0.841298,0.722698,0.249479,0.543961,1.00035,0.826817,0.758739,0.703876,1.04414,1.09524,0.502397,1.00911,0.763628,1.15615,1.01003,1.12143
4373.072368,1.07654,1.24379,0.699485,0.820935,0.838314,1.12441,1.08369,1.19569,0.548523,0.908368,0.51537,0.78919,1.01959,1.07099,0.541365,0.64272,0.846426,1.08967,1.14684,1.07976,1.20462,1.07107,0.418521,0.90755,0.534778,0.78919,0.842805,0.724029,0.249975,0.544234,1.00025,0.828332,0.758794,0.702784,1.04175,1.09743,0.503216,1.01015,0.763718,1.15628,1.01151,1.12206
4376.639312,1.07787,1.24232,0.699852,0.821453,0.83901,1.12554,1.08522,1.19401,0.548234,0.908304,0.514734,0.787743,1.01989,1.07223,0.541421,0.642642,0.846568,1.0901,1.14922,1.07915,1.20328,1.07032,0.419545,0.907177,0.534463,0.787743,0.844153,0.725284,0.250538,0.544496,1.00077,0.829338,0.758964,0.702093,1.03983,1.09977,0.503416,1.01116,0.763171,1.15728,1.01324,1.12316
4380.212078,1.08081,1.24025,0.70005,0.821379,0.838703,1.12611,1.08575,1.19244,0.547667,0.909569,0.513998,0.786431,1.01881,1.07466,0.541506,0.643117,0.846731,1.08782,1.15132,1.0809,1.20291,1.07076,0.420273,0.905936,0.53439,0.786431,0.84503,0.726041,0.251181,0.544811,1.00281,0.830317,0.759081,0.70248,1.03993,1.10114,0.503592,1.01303,0.762011,1.156,1.01357,1.12279
4383.790683,1.08363,1.23622,0.700328,0.820422,0.838299,1.12595,1.08492,1.19171,0.54783,0.911021,0.51367,0.785829,1.01785,1.07506,0.541672,0.643173,0.846437,1.08512,1.15064,1.08286,1.20287,1.07227,0.420702,0.905319,0.534458,0.785829,0.845331,0.726333,0.252101,0.545447,1.00353,0.831791,0.759336,0.70337,1.04043,1.10157,0.504022,1.01472,0.760635,1.15463,1.01267,1.12093
4387.37514,1.08495,1.23037,0.700549,0.819474,0.838516,1.12671,1.08466,1.19146,0.548537,0.911993,0.514332,0.786012,1.01825,1.0735,0.54178,0.642371,0.846467,1.08432,1.14957,1.08567,1.20223,1.07294,0.421125,0.905057,0.535,0.786012,0.844706,0.726361,0.252807,0.545931,1.00281,0.833104,0.760387,0.703916,1.04133,1.10269,0.504877,1.01487,0.759459,1.15536,1.01115,1.12011
4390.965463,1.08713,1.22631,0.700686,0.81942,0.838996,1.1296,1.08443,1.19189,0.54902,0.913042,0.515579,0.786619,1.01881,1.07226,0.541833,0.641328,0.847507,1.08483,1.1503,1.08889,1.20253,1.07494,0.421956,0.904987,0.536073,0.786619,0.843454,0.726642,0.252974,0.546678,1.00359,0.83407,0.761783,0.703892,1.04388,1.10446,0.505924,1.0135,0.75917,1.15732,1.00875,1.11976
4394.561668,1.08938,1.22463,0.700877,0.819169,0.839445,1.13177,1.08246,1.19278,0.549441,0.913836,0.516738,0.786916,1.01892,1.07292,0.541828,0.640648,0.848434,1.08459,1.15068,1.08957,1.20324,1.07781,0.4233,0.905769,0.537277,0.786916,0.842409,0.727487,0.25299,0.547449,1.00543,0.834244,0.762394,0.703516,1.04684,1.10539,0.507023,1.01171,0.758993,1.1587,1.00759,1.11872
4398.163767,1.08934,1.22378,0.701186,0.81835,0.840209,1.1329,1.08033,1.19394,0.550375,0.914333,0.517863,0.787142,1.01898,1.07454,0.541864,0.639926,0.848712,1.08481,1.15025,1.08949,1.20371,1.07837,0.424685,0.907317,0.538457,0.787142,0.841896,0.728105,0.253751,0.547887,1.006,0.834075,0.762555,0.703773,1.04951,1.10448,0.508017,1.01072,0.758909,1.15884,1.00806,1.11821
4401.771777,1.08823,1.2217,0.701821,0.818173,0.840961,1.13513,1.07925,1.19544,0.551292,0.91479,0.518654,0.787219,1.01882,1.07644,0.541881,0.638938,0.848271,1.08426,1.15069,1.09027,1.20346,1.07638,0.425533,0.908904,0.539029,0.787219,0.841796,0.728348,0.255345,0.548475,1.0052,0.83509,0.762733,0.70459,1.05245,1.10229,0.508781,1.00975,0.759764,1.15847,1.00852,1.1184
4405.385711,1.08703,1.22067,0.702871,0.818978,0.841309,1.13745,1.07796,1.19672,0.551905,0.915676,0.519109,0.787018,1.01956,1.0772,0.541759,0.638579,0.848407,1.08225,1.15053,1.09132,1.20272,1.07435,0.426089,0.910827,0.538619,0.787018,0.842471,0.728848,0.256755,0.548905,1.00445,0.836151,0.763204,0.705391,1.05589,1.09991,0.509751,1.00881,0.760996,1.15836,1.00882,1.11802
4409.005584,1.08614,1.22125,0.703443,0.820154,0.84256,1.13956,1.07652,1.19592,0.552928,0.916396,0.519651,0.787092,1.01982,1.07681,0.541658,0.638668,0.849209,1.08153,1.14892,1.09198,1.20429,1.07324,0.427356,0.913389,0.538192,0.787092,0.843605,0.729701,0.257499,0.548688,1.00535,0.836499,0.763813,0.706322,1.05938,1.0974,0.511544,1.00826,0.761799,1.15921,1.00987,1.11652
4412.631411,1.08624,1.22216,0.703473,0.821045,0.845582,1.14089,1.07818,1.19422,0.554545,0.916112,0.520458,0.78789,1.01911,1.07717,0.541563,0.638019,0.849179,1.08233,1.14718,1.09257,1.20777,1.07187,0.429383,0.915293,0.537919,0.78789,0.843855,0.7303,0.258145,0.54839,1.00683,0.837867,0.764343,0.707788,1.06236,1.09643,0.513912,1.00883,0.762569,1.15911,1.01211,1.11518
4416.263207,1.08643,1.22332,0.704607,0.821923,0.848022,1.14035,1.08136,1.19413,0.556043,0.916016,0.521366,0.789404,1.01929,1.07598,0.541871,0.637433,0.848469,1.08417,1.1461,1.09329,1.2103,1.07015,0.431481,0.916353,0.537538,0.789404,0.843318,0.730003,0.259104,0.548422,1.00734,0.839389,0.764486,0.708958,1.06377,1.09742,0.516098,1.01053,0.763796,1.15809,1.01443,1.1149
4419.900985,1.08697,1.22435,0.70659,0.822918,0.849443,1.1394,1.08258,1.19425,0.557317,0.916564,0.522096,0.790699,1.02053,1.07322,0.542552,0.637978,0.848573,1.08744,1.14595,1.09389,1.21094,1.06895,0.433498,0.917105,0.537372,0.790699,0.843941,0.730209,0.260032,0.548635,1.00756,0.839906,0.764307,0.709266,1.06401,1.09952,0.51836,1.01262,0.765616,1.15828,1.01657,1.11635
4423.544762,1.08751,1.22563,0.707551,0.823587,0.851702,1.13884,1.08352,1.1939,0.558417,0.916236,0.522494,0.790507,1.02274,1.07329,0.543453,0.6389,0.849387,1.0903,1.14509,1.09491,1.21016,1.06907,0.435265,0.91701,0.537432,0.790507,0.845726,0.731307,0.260994,0.549156,1.00845,0.840161,0.764215,0.709715,1.06358,1.1013,0.520506,1.01624,0.767984,1.15931,1.01877,1.11828
4427.194551,1.08815,1.22668,0.708092,0.824455,0.854511,1.13949,1.08496,1.19593,0.559452,0.915872,0.522694,0.789545,1.02634,1.07747,0.544709,0.639866,0.850416,1.09204,1.14439,1.09685,1.20832,1.07012,0.437077,0.915893,0.537413,0.789545,0.847747,0.732393,0.262156,0.549842,1.01027,0.840541,0.763653,0.710237,1.06447,1.10244,0.522285,1.02011,0.77062,1.16117,1.01981,1.12024
4430.850368,1.0903,1.2262,0.709044,0.824908,0.857202,1.13977,1.08504,1.19947,0.560473,0.91618,0.522854,0.788652,1.03048,1.08194,0.545691,0.640458,0.851338,1.09328,1.1441,1.09784,1.20538,1.07043,0.439192,0.915046,0.537214,0.788652,0.848872,0.73341,0.26313,0.550739,1.01177,0.840634,0.762913,0.710361,1.0666,1.10276,0.523843,1.02238,0.772938,1.16352,1.0194,1.12162
4434.512228,1.09326,1.22482,0.710027,0.824814,0.859982,1.13833,1.08421,1.20184,0.561446,0.916467,0.523274,0.788777,1.03437,1.08434,0.546282,0.640893,0.852727,1.09394,1.14374,1.0981,1.20319,1.07026,0.441258,0.915371,0.53742,0.788777,0.848802,0.734074,0.263498,0.551998,1.01318,0.840634,0.763417,0.710346,1.06738,1.1025,0.525156,1.02266,0.774828,1.16589,1.01903,1.12182
4438.180146,1.09556,1.22598,0.710509,0.82542,0.861734,1.13688,1.08419,1.20162,0.561802,0.916109,0.524005,0.789998,1.03742,1.08596,0.546594,0.642063,0.854943,1.09532,1.14431,1.09854,1.20266,1.07122,0.443287,0.915201,0.538469,0.789998,0.849359,0.73434,0.26365,0.553194,1.01625,0.841307,0.765135,0.710129,1.06753,1.1025,0.526177,1.02175,0.776174,1.1669,1.01925,1.12141
4441.854136,1.09756,1.22926,0.710837,0.826149,0.862108,1.13586,1.08423,1.19904,0.561296,0.915408,0.52445,0.790906,1.03935,1.08809,0.546773,0.643518,0.856971,1.09819,1.14544,1.09866,1.20297,1.07419,0.445714,0.914104,0.540013,0.790906,0.851274,0.735137,0.264264,0.553932,1.01995,0.842068,0.766725,0.709664,1.06813,1.10276,0.52715,1.02148,0.776844,1.16785,1.02044,1.12093
4445.534214,1.09849,1.23177,0.711676,0.826233,0.862377,1.13446,1.08398,1.19598,0.561201,0.915312,0.524949,0.790525,1.04027,1.08943,0.546847,0.644186,0.858641,1.10037,1.14588,1.09802,1.20303,1.07761,0.44805,0.913602,0.541218,0.790525,0.852569,0.736377,0.265419,0.553947,1.02198,0.841829,0.767705,0.709183,1.06861,1.10278,0.528529,1.02203,0.77685,1.16833,1.02234,1.12158
4449.220395,1.09879,1.23392,0.712371,0.825973,0.863132,1.13424,1.08526,1.19487,0.561884,0.916701,0.525657,0.789438,1.04035,1.08951,0.546936,0.644092,0.861134,1.10129,1.14582,1.09718,1.20175,1.07932,0.449426,0.914536,0.541933,0.789438,0.852988,0.737167,0.266587,0.553689,1.02322,0.842103,0.768791,0.709576,1.069,1.10367,0.529889,1.02283,0.77645,1.16546,1.0237,1.12354
4452.912694,1.09963,1.23431,0.712443,0.826071,0.863699,1.13561,1.08666,1.19509,0.562633,0.919016,0.526125,0.788291,1.03971,1.08922,0.546738,0.64375,0.863639,1.10097,1.14613,1.09679,1.19997,1.07937,0.449834,0.916562,0.542605,0.788291,0.853865,0.737759,0.26708,0.553847,1.02439,0.844036,0.769955,0.710193,1.06932,1.10499,0.530811,1.02424,0.775382,1.16211,1.02465,1.12482
4456.611126,1.10025,1.23354,0.712726,0.826836,0.864439,1.13755,1.08665,1.19655,0.563223,0.920839,0.526502,0.787469,1.03923,1.08872,0.545957,0.643532,0.864995,1.10071,1.14685,1.0968,1.19989,1.07856,0.449956,0.919392,0.543399,0.787469,0.855302,0.739118,0.266815,0.554118,1.02558,0.846079,0.77101,0.710406,1.06977,1.10473,0.531668,1.02597,0.773857,1.16078,1.02545,1.12431
4460.315707,1.1003,1.23282,0.713177,0.827426,0.865376,1.13889,1.08711,1.19813,0.564123,0.922501,0.527018,0.787447,1.03829,1.08884,0.545137,0.642873,0.86495,1.10135,1.14788,1.09722,1.20294,1.0773,0.450522,0.922095,0.543973,0.787447,0.856621,0.74049,0.26744,0.553948,1.02723,0.84748,0.771803,0.71073,1.07068,1.10532,0.532814,1.026,0.772607,1.15949,1.0256,1.12348
4464.026452,1.10117,1.23227,0.713383,0.827799,0.865428,1.13986,1.08942,1.1985,0.565533,0.92472,0.528014,0.787565,1.03732,1.09036,0.544914,0.641788,0.864016,1.10221,1.14938,1.0982,1.20753,1.07579,0.451333,0.923587,0.544164,0.787565,0.857817,0.740681,0.267319,0.553841,1.02813,0.849495,0.77254,0.710954,1.07178,1.10899,0.534079,1.02578,0.771721,1.15785,1.02527,1.12515
4467.743377,1.10276,1.23121,0.71424,0.828462,0.8648,1.14177,1.09152,1.19829,0.566632,0.926657,0.529277,0.787713,1.03758,1.0919,0.545181,0.64121,0.863164,1.10227,1.15249,1.09899,1.21102,1.07475,0.451848,0.924293,0.544234,0.787713,0.85916,0.740697,0.267447,0.554195,1.02776,0.851937,0.773291,0.711314,1.07154,1.11224,0.535281,1.02666,0.771258,1.15628,1.02472,1.12856
4471.466497,1.10445,1.23157,0.715443,0.828944,0.865381,1.14434,1.09205,1.19849,0.567574,0.927903,0.5299,0.787763,1.03869,1.09469,0.54562,0.640968,0.863066,1.10181,1.15607,1.09979,1.21343,1.07552,0.45223,0.92474,0.544303,0.787763,0.861281,0.741786,0.267558,0.554734,1.02866,0.854127,0.774275,0.712662,1.07167,1.11436,0.536552,1.02845,0.771212,1.15637,1.02483,1.13123
4475.195826,1.10574,1.23335,0.715874,0.828847,0.867299,1.14634,1.09236,1.20046,0.568456,0.928696,0.529821,0.787339,1.04017,1.0996,0.546224,0.640603,0.862697,1.10122,1.15805,1.09974,1.21414,1.07671,0.452727,0.925268,0.544097,0.787339,0.863375,0.743413,0.267783,0.555128,1.03057,0.856474,0.774945,0.714345,1.0737,1.11759,0.537291,1.03169,0.771184,1.15903,1.02523,1.1327
4478.931382,1.10646,1.23342,0.716727,0.828882,0.869339,1.1498,1.09284,1.20387,0.568922,0.929442,0.530023,0.787092,1.0425,1.1047,0.546874,0.640519,0.862187,1.10101,1.15992,1.09927,1.21323,1.076,0.453643,0.926146,0.54327,0.787092,0.864184,0.744988,0.267695,0.555194,1.03105,0.85857,0.774436,0.715557,1.07641,1.12042,0.537603,1.03461,0.771309,1.16249,1.02479,1.13441
4482.673179,1.10691,1.23136,0.718066,0.829199,0.871145,1.15368,1.09243,1.20649,0.568891,0.929421,0.530667,0.786961,1.04528,1.10743,0.547484,0.640691,0.862461,1.10046,1.16212,1.10025,1.21167,1.074,0.454843,0.927465,0.542249,0.786961,0.863944,0.746513,0.267078,0.555485,1.03162,0.859709,0.773927,0.716563,1.07818,1.12045,0.537656,1.03648,0.771859,1.16503,1.0244,1.13625
4486.421234,1.10691,1.23048,0.719172,0.829526,0.872129,1.15435,1.09168,1.20745,0.5687,0.928717,0.53089,0.787687,1.04792,1.10671,0.548135,0.641071,0.862955,1.09919,1.16225,1.10291,1.21016,1.0733,0.455581,0.92857,0.541763,0.787687,0.863618,0.748002,0.266622,0.556217,1.03421,0.860601,0.774602,0.717799,1.07852,1.1197,0.537365,1.03754,0.772012,1.16605,1.026,1.13691
4490.175561,1.10567,1.23118,0.720014,0.829166,0.872374,1.1527,1.09057,1.207,0.56823,0.928382,0.530762,0.789233,1.04939,1.10439,0.548466,0.64198,0.863011,1.0987,1.16211,1.1051,1.20941,1.07375,0.456146,0.928885,0.541984,0.789233,0.863975,0.749073,0.267492,0.556802,1.03765,0.862201,0.776289,0.718645,1.07936,1.11908,0.537107,1.03821,0.771461,1.16525,1.02852,1.13602
4493.936177,1.10429,1.23199,0.720552,0.828449,0.87302,1.15134,1.08828,1.20729,0.567398,0.929703,0.530756,0.790365,1.04897,1.10282,0.548372,0.642866,0.863304,1.09977,1.16331,1.10709,1.20899,1.07446,0.456978,0.929329,0.542422,0.790365,0.864744,0.750011,0.269182,0.557076,1.04032,0.863859,0.777648,0.718733,1.08113,1.11738,0.537178,1.03903,0.771341,1.16467,1.03107,1.1355
4497.703098,1.10506,1.23511,0.72094,0.827969,0.874499,1.15053,1.08596,1.21033,0.566894,0.932167,0.530921,0.790428,1.04757,1.10199,0.548222,0.643278,0.864521,1.10076,1.16447,1.11009,1.20788,1.0756,0.457227,0.930119,0.542501,0.790428,0.864734,0.751125,0.270339,0.557349,1.04141,0.864126,0.778286,0.718708,1.08338,1.11655,0.53764,1.03933,0.771488,1.1646,1.03269,1.13681
4501.476339,1.10709,1.23871,0.72064,0.827621,0.87636,1.15085,1.08425,1.21507,0.566577,0.934614,0.530877,0.790237,1.04597,1.10145,0.548399,0.643454,0.866429,1.10158,1.16609,1.11372,1.20513,1.07573,0.456794,0.93146,0.542479,0.790237,0.864589,0.75239,0.270609,0.557959,1.04126,0.864345,0.778686,0.718637,1.08473,1.1183,0.538005,1.04004,0.771372,1.16328,1.03227,1.13827
4505.255916,1.10709,1.23842,0.719651,0.827184,0.878056,1.1522,1.08277,1.21861,0.566017,0.936365,0.530599,0.790686,1.04464,1.10101,0.548307,0.643012,0.867826,1.10325,1.16914,1.1174,1.20178,1.07359,0.456389,0.933367,0.542683,0.790686,0.865169,0.753661,0.270395,0.558846,1.04011,0.865168,0.778549,0.718663,1.08394,1.11953,0.537708,1.04193,0.771242,1.16177,1.03104,1.13797
4509.041845,1.10559,1.23616,0.718482,0.826441,0.879531,1.15341,1.08212,1.21989,0.56524,0.938152,0.530441,0.791535,1.04358,1.10119,0.547512,0.642226,0.868179,1.10529,1.17306,1.12007,1.20062,1.07114,0.456289,0.935129,0.542672,0.791535,0.865934,0.754997,0.270402,0.559862,1.03865,0.865467,0.77898,0.719297,1.08344,1.11938,0.537,1.04375,0.771098,1.15959,1.02997,1.13706
4512.834143,1.10491,1.23517,0.716805,0.82593,0.87975,1.15367,1.08198,1.21882,0.564556,0.940928,0.530505,0.791877,1.04207,1.10174,0.546862,0.642106,0.868266,1.1083,1.17595,1.12239,1.20096,1.07053,0.456393,0.93622,0.542373,0.791877,0.866884,0.755959,0.271054,0.560727,1.03682,0.865484,0.77964,0.719923,1.08402,1.1202,0.53614,1.04509,0.770076,1.15684,1.02895,1.13764
4516.632825,1.1059,1.2364,0.71505,0.826588,0.879189,1.15365,1.08164,1.21628,0.564287,0.94404,0.530603,0.791213,1.04063,1.10183,0.547078,0.642535,0.868415,1.11218,1.17774,1.12464,1.19952,1.07059,0.456184,0.936899,0.542145,0.791213,0.86841,0.756132,0.270538,0.561792,1.03414,0.866195,0.779192,0.720358,1.08432,1.12255,0.535008,1.0473,0.767897,1.15593,1.02939,1.13992
4520.437907,1.10698,1.23861,0.713752,0.828105,0.87899,1.1545,1.08141,1.21344,0.563956,0.946466,0.530202,0.790728,1.04012,1.10245,0.547227,0.642702,0.868664,1.11477,1.17913,1.12541,1.1959,1.0696,0.455941,0.937749,0.541696,0.790728,0.870498,0.756134,0.270763,0.563045,1.03169,0.867469,0.778809,0.721623,1.08407,1.12491,0.533707,1.05004,0.765602,1.15635,1.03085,1.14131
4524.249406,1.1072,1.24067,0.712496,0.829173,0.878971,1.15649,1.08223,1.21077,0.563612,0.947807,0.529338,0.79132,1.04003,1.10503,0.546582,0.642785,0.869816,1.1171,1.17807,1.12505,1.19332,1.06785,0.456339,0.938618,0.541378,0.79132,0.873025,0.756365,0.27101,0.563808,1.03125,0.868675,0.779504,0.723969,1.08501,1.12722,0.532452,1.05352,0.763737,1.1593,1.03173,1.141
4528.067338,1.10686,1.24005,0.711549,0.83019,0.87943,1.15856,1.08394,1.20861,0.563383,0.949044,0.528949,0.7925,1.04004,1.10775,0.545485,0.643366,0.871028,1.11875,1.17585,1.12322,1.19226,1.06561,0.456899,0.938779,0.541362,0.7925,0.874124,0.756929,0.27104,0.564127,1.03188,0.869757,0.779598,0.726261,1.08693,1.13044,0.531346,1.05727,0.761703,1.164,1.03121,1.14179
4531.891719,1.10563,1.23687,0.711935,0.831845,0.880559,1.1606,1.08509,1.20828,0.563186,0.94954,0.52921,0.793592,1.04122,1.10871,0.544654,0.644374,0.871902,1.11906,1.1742,1.12097,1.19188,1.06345,0.457428,0.938898,0.541132,0.793592,0.873933,0.757477,0.27067,0.564564,1.03263,0.870738,0.778861,0.727929,1.08837,1.1326,0.530711,1.06042,0.759896,1.16692,1.0294,1.14313
4535.722566,1.10342,1.23374,0.712949,0.833261,0.882011,1.16162,1.08485,1.20932,0.563236,0.948701,0.529321,0.794298,1.04339,1.10885,0.544371,0.644935,0.872498,1.11916,1.17067,1.12045,1.19249,1.0623,0.457802,0.939752,0.540666,0.794298,0.873956,0.757731,0.270295,0.565011,1.03458,0.871758,0.778915,0.729238,1.0897,1.13199,0.530086,1.06284,0.758681,1.16734,1.02852,1.14334
4539.559895,1.10162,1.233,0.713546,0.833966,0.883379,1.1612,1.08554,1.21099,0.563759,0.947798,0.528984,0.795052,1.04484,1.10995,0.544359,0.644993,0.872295,1.11919,1.16669,1.12114,1.19377,1.06198,0.457811,0.940697,0.540371,0.795052,0.873675,0.757993,0.270412,0.565258,1.03786,0.873448,0.780336,0.730196,1.09171,1.13097,0.529317,1.06403,0.757348,1.16634,1.02989,1.14429
4543.403722,1.10136,1.23438,0.714346,0.834429,0.884718,1.16102,1.08623,1.21387,0.564327,0.948339,0.528742,0.795468,1.04527,1.11266,0.544501,0.645306,0.872682,1.11891,1.16725,1.12186,1.19664,1.06193,0.457991,0.941592,0.540453,0.795468,0.87343,0.758489,0.271416,0.56548,1.04139,0.876323,0.782278,0.730672,1.09419,1.13039,0.529246,1.06453,0.756344,1.16586,1.03122,1.14486
4547.254064,1.10353,1.23672,0.715323,0.835439,0.885761,1.16231,1.08575,1.21824,0.564618,0.950699,0.528972,0.795288,1.04561,1.1159,0.544628,0.645658,0.874129,1.11768,1.16961,1.1235,1.19933,1.0622,0.458392,0.942479,0.540428,0.795288,0.874287,0.760182,0.272555,0.565868,1.04409,0.879367,0.783506,0.731504,1.09707,1.13003,0.529994,1.06567,0.756584,1.16605,1.03271,1.14459
4551.110938,1.10657,1.24017,0.7157,0.835994,0.886149,1.16474,1.08576,1.22273,0.564732,0.952047,0.529325,0.794282,1.04615,1.11801,0.544935,0.645453,0.87504,1.11533,1.17064,1.12531,1.19916,1.0634,0.458656,0.942749,0.540307,0.794282,0.875409,0.762867,0.273049,0.56611,1.04533,0.88145,0.784405,0.732766,1.0995,1.13153,0.531012,1.06682,0.757597,1.16587,1.03432,1.14596
4554.97436,1.10667,1.24316,0.71605,0.835814,0.886281,1.168,1.08565,1.22532,0.564589,0.952141,0.529598,0.793015,1.04711,1.1199,0.545632,0.644719,0.875937,1.11503,1.1723,1.12575,1.19757,1.06488,0.459199,0.943118,0.540688,0.793015,0.876307,0.765226,0.273308,0.566083,1.04553,0.883226,0.785817,0.733403,1.09998,1.13444,0.53222,1.06745,0.758559,1.16509,1.03396,1.14838
4558.844346,1.10535,1.24308,0.716466,0.835649,0.886608,1.17024,1.08576,1.22566,0.564661,0.952385,0.529907,0.792523,1.04882,1.12255,0.546114,0.643661,0.87663,1.11769,1.17368,1.12561,1.19601,1.06553,0.460465,0.943256,0.541588,0.792523,0.877494,0.766968,0.273633,0.565974,1.04502,0.884482,0.787108,0.734148,1.10013,1.13663,0.533425,1.06757,0.758996,1.16298,1.03239,1.15053
4562.720915,1.10565,1.24187,0.716524,0.835364,0.887775,1.17102,1.08633,1.2247,0.565429,0.953387,0.530294,0.792161,1.05063,1.12432,0.546522,0.643049,0.876348,1.11966,1.17343,1.12685,1.1954,1.06693,0.46212,0.943582,0.542444,0.792161,0.878761,0.768492,0.274078,0.565962,1.04448,0.885284,0.787899,0.735726,1.10174,1.13761,0.534628,1.06822,0.758631,1.15948,1.0321,1.15283
4566.604081,1.10674,1.24248,0.716823,0.835527,0.889059,1.17191,1.08573,1.22379,0.566526,0.955144,0.530811,0.791264,1.05174,1.12425,0.547361,0.643024,0.875934,1.12142,1.17337,1.12895,1.19418,1.0691,0.463531,0.945067,0.542894,0.791264,0.880049,0.769394,0.274705,0.566106,1.0436,0.885835,0.788054,0.736736,1.10247,1.13703,0.535976,1.07035,0.757648,1.15722,1.03349,1.15523
4570.493863,1.10804,1.24554,0.717631,0.836725,0.8899,1.17275,1.08445,1.22141,0.567738,0.956798,0.531525,0.790637,1.05282,1.12396,0.548181,0.643176,0.875765,1.12451,1.17459,1.13014,1.18982,1.06987,0.464726,0.94735,0.543074,0.790637,0.881312,0.769685,0.275513,0.566764,1.04191,0.886031,0.788222,0.737169,1.10167,1.13656,0.537515,1.07211,0.757223,1.15808,1.03604,1.15719
4574.390278,1.1097,1.2477,0.718097,0.838147,0.891528,1.174,1.08367,1.21639,0.569496,0.958624,0.532482,0.791161,1.05481,1.12308,0.548437,0.643278,0.876544,1.12721,1.17586,1.13066,1.18538,1.06897,0.466198,0.949933,0.543572,0.791161,0.882529,0.770521,0.276749,0.567726,1.04022,0.886732,0.789204,0.738347,1.10084,1.13789,0.539421,1.07381,0.758004,1.16042,1.03801,1.15736
4578.293341,1.11087,1.24721,0.718504,0.83903,0.894009,1.17572,1.08371,1.21182,0.571754,0.960064,0.533722,0.792615,1.05771,1.12324,0.548295,0.643712,0.878521,1.12925,1.17718,1.13127,1.18334,1.0686,0.468109,0.951659,0.544974,0.792615,0.884093,0.771642,0.278047,0.568353,1.04071,0.887926,0.790538,0.740179,1.10085,1.13969,0.541438,1.07644,0.758857,1.16302,1.03869,1.15662
4582.203071,1.11099,1.24526,0.719462,0.839409,0.896594,1.1764,1.08321,1.20966,0.573871,0.959998,0.535163,0.794444,1.06059,1.12559,0.548271,0.645041,0.879578,1.1292,1.17959,1.13181,1.18241,1.06898,0.470218,0.952613,0.546516,0.794444,0.88543,0.772253,0.279015,0.568846,1.0436,0.889172,0.791436,0.741771,1.10208,1.14111,0.543405,1.0772,0.758759,1.16465,1.03905,1.1574
4586.119483,1.11192,1.24338,0.720815,0.83942,0.89987,1.17664,1.08224,1.21129,0.576067,0.958835,0.536623,0.796168,1.06323,1.12749,0.548861,0.646677,0.879836,1.12803,1.18128,1.13265,1.18372,1.06794,0.472514,0.954558,0.54783,0.796168,0.886516,0.772155,0.280046,0.569312,1.04739,0.890556,0.792401,0.742968,1.10472,1.14298,0.545551,1.07627,0.75919,1.16494,1.04002,1.15798
4590.042597,1.11358,1.24316,0.721914,0.839522,0.903528,1.1769,1.08225,1.21469,0.578408,0.95922,0.538084,0.797102,1.06474,1.12912,0.549683,0.647852,0.880912,1.12764,1.18164,1.13426,1.1866,1.06604,0.474783,0.956644,0.549142,0.797102,0.888049,0.771605,0.281167,0.569852,1.05099,0.891813,0.793563,0.744147,1.10741,1.14499,0.547621,1.07511,0.76073,1.16331,1.04217,1.15675
4593.972428,1.11536,1.24399,0.7222,0.839923,0.906353,1.17779,1.08385,1.21945,0.580532,0.960819,0.539714,0.797623,1.06453,1.13163,0.550566,0.648718,0.882318,1.12686,1.18413,1.13719,1.18772,1.06496,0.477015,0.957884,0.550275,0.797623,0.889199,0.771707,0.28239,0.570938,1.05437,0.893501,0.794681,0.745469,1.10958,1.14675,0.549554,1.07352,0.762347,1.16135,1.04435,1.15578
4597.908994,1.11745,1.24574,0.723143,0.840144,0.908197,1.17919,1.08576,1.22664,0.5823,0.962122,0.541485,0.797972,1.06471,1.13429,0.551636,0.649505,0.883792,1.12452,1.18922,1.14101,1.18742,1.06442,0.479537,0.958714,0.551242,0.797972,0.889565,0.772772,0.28402,0.572119,1.05805,0.895701,0.796133,0.747551,1.11152,1.14762,0.551988,1.07176,0.76369,1.16097,1.04608,1.15462
4601.852312,1.11904,1.24805,0.724762,0.840228,0.909865,1.18024,1.08768,1.23337,0.583642,0.963672,0.542955,0.79804,1.06584,1.13594,0.552795,0.64985,0.885126,1.12087,1.195,1.14357,1.18753,1.06386,0.481914,0.959434,0.55218,0.79804,0.890301,0.774589,0.285645,0.572629,1.06168,0.896607,0.798347,0.750574,1.11417,1.14744,0.554803,1.07141,0.764454,1.16101,1.0492,1.15326
4605.8024,1.11986,1.24854,0.725919,0.840224,0.911981,1.1809,1.09099,1.23729,0.584705,0.964258,0.54395,0.797423,1.06705,1.13652,0.554237,0.649678,0.886048,1.11847,1.19939,1.14417,1.1871,1.06335,0.484105,0.959816,0.553421,0.797423,0.891425,0.776394,0.286861,0.572513,1.0651,0.895832,0.801049,0.753596,1.11801,1.14769,0.557493,1.07261,0.764916,1.15993,1.05243,1.15384
4609.759275,1.12057,1.24867,0.72725,0.840331,0.914569,1.18131,1.09468,1.23915,0.585571,0.965236,0.545155,0.796995,1.06902,1.13707,0.555658,0.649731,0.887572,1.11919,1.2011,1.14332,1.18586,1.06309,0.486884,0.959989,0.554953,0.796995,0.89307,0.777594,0.288038,0.572366,1.0684,0.894934,0.80355,0.755866,1.1221,1.14989,0.560307,1.07374,0.765441,1.15731,1.05325,1.15561
4613.722954,1.12138,1.24897,0.728271,0.840661,0.917057,1.18068,1.09776,1.24078,0.587145,0.967988,0.546702,0.797827,1.07103,1.13752,0.556808,0.649953,0.889279,1.12104,1.2005,1.14202,1.18514,1.06222,0.490264,0.959747,0.556203,0.797827,0.89489,0.778787,0.289397,0.572461,1.07108,0.894793,0.805252,0.757566,1.12687,1.1525,0.563486,1.0747,0.765933,1.15467,1.0532,1.15712
4617.693456,1.12272,1.24911,0.729716,0.841041,0.919741,1.17989,1.10114,1.24068,0.589452,0.970795,0.548301,0.798663,1.072,1.13729,0.558174,0.650095,0.890736,1.12231,1.20091,1.14161,1.18748,1.06149,0.493315,0.959866,0.556902,0.798663,0.896457,0.780121,0.290749,0.573095,1.07359,0.895589,0.807442,0.758929,1.13036,1.15227,0.566853,1.07736,0.766799,1.15369,1.05317,1.15751
4621.670797,1.1241,1.25126,0.731764,0.841753,0.922438,1.1798,1.10228,1.23747,0.59146,0.971198,0.549441,0.799191,1.0735,1.13663,0.559128,0.650037,0.892472,1.12486,1.2011,1.14101,1.18762,1.06132,0.494953,0.960504,0.555978,0.799191,0.896843,0.780786,0.291891,0.573973,1.07545,0.896982,0.810063,0.759427,1.13337,1.15004,0.569679,1.08129,0.765709,1.15518,1.05404,1.1571
4625.654996,1.1265,1.25414,0.731167,0.843114,0.923564,1.17961,1.10309,1.23323,0.594425,0.973571,0.549547,0.800108,1.07814,1.13633,0.558289,0.649642,0.896193,1.12876,1.19376,1.14013,1.18262,1.0613,0.496624,0.961685,0.554207,0.800108,0.893422,0.78135,0.292652,0.574033,1.07632,0.897894,0.809884,0.759565,1.14082,1.1486,0.572768,1.08474,0.762733,1.15664,1.05936,1.15777
4629.64607,1.13049,1.25332,0.730595,0.844021,0.924145,1.17987,1.10905,1.22951,0.598733,0.982575,0.550402,0.799331,1.0844,1.13349,0.55782,0.649403,0.900224,1.13147,1.18871,1.13973,1.18453,1.06345,0.499596,0.963388,0.555942,0.799331,0.891222,0.784038,0.293322,0.574067,1.07605,0.897908,0.808894,0.760245,1.14388,1.14586,0.576466,1.08762,0.764834,1.15229,1.0621,1.15764
4633.644038,1.13226,1.25032,0.735213,0.843883,0.92612,1.1795,1.11517,1.22651,0.60222,0.989429,0.553265,0.797217,1.0899,1.13142,0.560093,0.650028,0.900787,1.13562,1.19611,1.13969,1.19232,1.06689,0.502157,0.963323,0.560619,0.797217,0.895845,0.786363,0.294205,0.575234,1.0753,0.899638,0.811605,0.760792,1.13633,1.14301,0.578855,1.08858,0.770752,1.15056,1.05603,1.15553
4637.648916,1.13194,1.24892,0.742397,0.843656,0.928835,1.17854,1.11724,1.22512,0.603933,0.990068,0.55657,0.79743,1.09414,1.13531,0.563313,0.651007,0.899244,1.14114,1.20667,1.14021,1.19896,1.06871,0.503557,0.96198,0.564552,0.79743,0.903124,0.785432,0.295383,0.577076,1.07539,0.903909,0.816026,0.76016,1.12734,1.14644,0.57977,1.08747,0.775469,1.15923,1.0484,1.15547
4641.660723,1.13179,1.24985,0.748339,0.843686,0.93178,1.18044,1.11727,1.22727,0.604858,0.98862,0.559278,0.799674,1.0965,1.14037,0.565916,0.651443,0.898428,1.14577,1.21553,1.14129,1.20382,1.06881,0.504036,0.961128,0.567334,0.799674,0.910538,0.783874,0.296792,0.579152,1.07623,0.90829,0.819314,0.758809,1.12252,1.15431,0.580563,1.08631,0.779586,1.17009,1.04596,1.15817
4645.679477,1.12936,1.25186,0.75199,0.843693,0.934008,1.18479,1.11667,1.23054,0.605269,0.98694,0.561474,0.802266,1.09687,1.14479,0.567801,0.651521,0.898738,1.14975,1.22151,1.14239,1.20448,1.06838,0.50382,0.960577,0.569021,0.802266,0.917643,0.783101,0.297981,0.581055,1.07745,0.912097,0.821144,0.75787,1.12063,1.16169,0.581371,1.08534,0.782572,1.17739,1.04842,1.16063
4649.705195,1.12447,1.25259,0.75398,0.843911,0.935875,1.19064,1.11447,1.23343,0.60519,0.983173,0.563099,0.805158,1.09653,1.14982,0.56951,0.651733,0.899938,1.1529,1.22395,1.14494,1.20097,1.06845,0.503514,0.960833,0.569725,0.805158,0.922835,0.782658,0.298937,0.582364,1.08025,0.915694,0.822552,0.757478,1.12213,1.16726,0.582145,1.08419,0.783609,1.18227,1.05396,1.16355
4653.737897,1.1204,1.25401,0.754967,0.844419,0.937309,1.197,1.1111,1.23638,0.604947,0.977082,0.563883,0.808014,1.09628,1.15486,0.570914,0.652078,0.901434,1.15367,1.22281,1.14763,1.1978,1.06914,0.503584,0.961325,0.570039,0.808014,0.925125,0.782663,0.299913,0.582599,1.08456,0.917704,0.823572,0.757185,1.12576,1.17176,0.583062,1.0829,0.783399,1.18551,1.06195,1.16707
4657.7776,1.11833,1.25621,0.755044,0.845266,0.937673,1.20098,1.10731,1.23783,0.604527,0.971487,0.563681,0.809984,1.09511,1.15874,0.571414,0.652457,0.903084,1.15205,1.21993,1.14786,1.19656,1.06902,0.50383,0.961498,0.569555,0.809984,0.925809,0.783587,0.300765,0.581915,1.08887,0.917739,0.823592,0.757274,1.1308,1.17554,0.583865,1.08219,0.782207,1.18607,1.07136,1.17136
4661.824323,1.1179,1.25605,0.753598,0.846336,0.93763,1.20249,1.10326,1.23736,0.604346,0.967104,0.563426,0.810999,1.09247,1.15994,0.571204,0.65282,0.905212,1.14961,1.21395,1.14719,1.1928,1.06785,0.5044,0.961296,0.568661,0.810999,0.925552,0.785356,0.301594,0.581057,1.09264,0.917401,0.822554,0.757941,1.13846,1.17756,0.585015,1.08269,0.780363,1.18359,1.0792,1.17581
4665.878083,1.11747,1.25695,0.750982,0.847009,0.937649,1.20376,1.09986,1.23696,0.604807,0.964331,0.563817,0.812447,1.09001,1.15859,0.570295,0.653241,0.907991,1.1467,1.20407,1.14685,1.18741,1.06718,0.505484,0.960753,0.567791,0.812447,0.92405,0.787231,0.302733,0.580372,1.09536,0.916841,0.820726,0.758218,1.14593,1.17842,0.586765,1.08292,0.778098,1.17937,1.08466,1.17799
4669.938899,1.11583,1.25867,0.748114,0.847031,0.937609,1.20336,1.09777,1.23728,0.606236,0.96331,0.564017,0.813956,1.08847,1.15697,0.568717,0.653727,0.911608,1.14395,1.1942,1.14639,1.18367,1.06515,0.50647,0.960497,0.566353,0.813956,0.920882,0.789084,0.304053,0.579773,1.09746,0.915833,0.818583,0.75746,1.15156,1.17894,0.588894,1.0831,0.775319,1.17651,1.08853,1.17837
4674.00679,1.11614,1.25724,0.745498,0.846717,0.937855,1.20044,1.09697,1.23666,0.607944,0.962431,0.563679,0.814436,1.08837,1.15522,0.566848,0.654027,0.915488,1.14132,1.18531,1.14633,1.18117,1.06185,0.507364,0.960542,0.56448,0.814436,0.916946,0.790582,0.305035,0.579302,1.10005,0.914304,0.81651,0.756547,1.15737,1.17697,0.590998,1.08504,0.771989,1.17322,1.09085,1.17803
4678.081775,1.12006,1.25544,0.741648,0.846156,0.937564,1.19629,1.09684,1.2361,0.609464,0.962139,0.562304,0.814196,1.09073,1.15218,0.564415,0.6538,0.918093,1.13812,1.17206,1.14657,1.17635,1.05902,0.508419,0.960782,0.561997,0.814196,0.911773,0.791283,0.30524,0.578653,1.10151,0.911986,0.812554,0.756914,1.16422,1.17292,0.592761,1.08811,0.767411,1.1685,1.09361,1.17757
4682.16387,1.1253,1.25489,0.736498,0.845203,0.935705,1.19184,1.1015,1.23798,0.612101,0.968165,0.560516,0.812268,1.09484,1.14915,0.561598,0.653356,0.919631,1.13483,1.15729,1.14634,1.17283,1.05712,0.510543,0.962633,0.560836,0.812268,0.904877,0.792571,0.304884,0.577672,1.1011,0.909067,0.806525,0.757949,1.16823,1.168,0.594936,1.0903,0.764587,1.16224,1.09516,1.17713
4686.253096,1.1291,1.25297,0.735748,0.843893,0.934584,1.18803,1.11065,1.23966,0.615041,0.978483,0.560789,0.80803,1.09856,1.14392,0.560925,0.653584,0.918909,1.13288,1.15623,1.14545,1.17764,1.05688,0.513644,0.964925,0.563655,0.80803,0.902627,0.795312,0.304737,0.578024,1.09853,0.906848,0.804019,0.758201,1.16043,1.16084,0.59671,1.0903,0.767708,1.15439,1.08745,1.17399
4690.349472,1.13064,1.25085,0.740122,0.84306,0.936331,1.18492,1.11539,1.23933,0.616592,0.984092,0.56251,0.804997,1.10095,1.13902,0.562931,0.654053,0.915386,1.13389,1.16752,1.14462,1.18235,1.05512,0.5156,0.965054,0.567231,0.804997,0.906012,0.796428,0.305176,0.58007,1.09504,0.907278,0.806161,0.757921,1.14717,1.15668,0.59689,1.08933,0.771979,1.15367,1.07447,1.16962
4694.453014,1.13064,1.25053,0.743777,0.842831,0.938801,1.18297,1.11588,1.23971,0.617031,0.986167,0.563558,0.8051,1.10307,1.13939,0.564792,0.653668,0.912041,1.13604,1.17721,1.14395,1.18342,1.05206,0.516204,0.964123,0.568574,0.8051,0.908761,0.795098,0.305743,0.582175,1.09297,0.908583,0.808046,0.757545,1.14025,1.1585,0.59657,1.0906,0.773724,1.15918,1.06651,1.16837
4698.563744,1.12947,1.25063,0.745038,0.84274,0.940155,1.18505,1.11638,1.24097,0.616878,0.987505,0.564091,0.805425,1.10513,1.14083,0.565789,0.653106,0.909676,1.13775,1.18491,1.14396,1.18366,1.05084,0.516141,0.96387,0.568936,0.805425,0.911011,0.794548,0.305928,0.583812,1.09199,0.909312,0.808981,0.75724,1.13704,1.16003,0.596585,1.09371,0.774024,1.16122,1.064,1.16892
4702.681679,1.12724,1.24859,0.744763,0.843061,0.940762,1.18909,1.11583,1.24048,0.616119,0.987899,0.564443,0.804975,1.10659,1.14125,0.566738,0.652816,0.907896,1.1393,1.19075,1.14534,1.18279,1.05024,0.515634,0.964669,0.569262,0.804975,0.91261,0.794967,0.305777,0.584774,1.09182,0.910067,0.809816,0.757357,1.13398,1.16053,0.596392,1.09611,0.77294,1.15949,1.06344,1.16823
4706.806838,1.12478,1.24628,0.74394,0.843954,0.941161,1.19138,1.11329,1.23859,0.614908,0.987631,0.564539,0.804728,1.10703,1.14233,0.567766,0.652581,0.906932,1.14095,1.19341,1.1467,1.18216,1.04967,0.51528,0.965763,0.569535,0.804728,0.912653,0.795014,0.305564,0.585359,1.09297,0.909743,0.810811,0.757653,1.1329,1.16126,0.595658,1.09727,0.771083,1.15632,1.06369,1.16653
4710.939241,1.12423,1.24662,0.742869,0.844897,0.940222,1.19211,1.11092,1.2371,0.613602,0.987774,0.564436,0.805177,1.10626,1.14342,0.568351,0.652544,0.905885,1.14175,1.1944,1.14582,1.18294,1.04982,0.514999,0.966377,0.569705,0.805177,0.911664,0.794728,0.305377,0.585554,1.09381,0.90862,0.811469,0.757808,1.13336,1.16142,0.594549,1.09703,0.769221,1.15355,1.06434,1.1646
4715.078906,1.12461,1.24803,0.741711,0.845764,0.937547,1.19215,1.10952,1.23619,0.612367,0.988895,0.563989,0.805892,1.10469,1.14299,0.568322,0.652392,0.904777,1.14111,1.19623,1.144,1.18311,1.04953,0.514279,0.967057,0.569867,0.805892,0.910442,0.794751,0.305195,0.585385,1.09423,0.908702,0.81147,0.75812,1.1341,1.15977,0.593346,1.09568,0.767462,1.15176,1.06452,1.16474
4719.225853,1.12364,1.24956,0.74038,0.846502,0.934941,1.19324,1.10886,1.23464,0.611575,0.989153,0.563502,0.806233,1.10252,1.14125,0.568193,0.652051,0.904302,1.13941,1.19698,1.14401,1.1797,1.04897,0.513197,0.967021,0.5705,0.806233,0.90909,0.795016,0.305198,0.585402,1.09452,0.909254,0.811424,0.758772,1.13549,1.15682,0.592378,1.09414,0.765198,1.15022,1.06403,1.16547
4723.380102,1.12257,1.25281,0.739426,0.846754,0.933586,1.19504,1.10927,1.23388,0.611303,0.988033,0.563332,0.806825,1.1006,1.14023,0.568046,0.652143,0.90432,1.13745,1.19683,1.14602,1.17487,1.04867,0.511606,0.966107,0.571148,0.806825,0.907642,0.794882,0.305342,0.585676,1.09413,0.908637,0.811441,0.759901,1.13531,1.15519,0.591302,1.09246,0.762395,1.14916,1.06351,1.16328
4727.54167,1.12245,1.25482,0.738796,0.846276,0.932778,1.19348,1.11065,1.23573,0.611046,0.987504,0.562959,0.808038,1.09973,1.14053,0.567338,0.652464,0.904501,1.13625,1.19791,1.14808,1.17136,1.04749,0.50966,0.965565,0.571356,0.808038,0.906701,0.794248,0.305129,0.58593,1.09451,0.907975,0.811229,0.760957,1.13264,1.15612,0.589805,1.09057,0.759806,1.14923,1.0617,1.1613
4731.710578,1.12323,1.25464,0.737776,0.845068,0.931618,1.18896,1.11192,1.23804,0.610322,0.987727,0.562229,0.809595,1.09892,1.14066,0.56645,0.652593,0.904489,1.13593,1.19902,1.14919,1.16911,1.04692,0.507882,0.965016,0.571803,0.809595,0.906756,0.79337,0.304503,0.586021,1.09513,0.908013,0.810984,0.762154,1.13127,1.15756,0.588123,1.08901,0.757812,1.14916,1.05941,1.16211
4735.886845,1.12395,1.25713,0.736459,0.84405,0.930193,1.18538,1.11254,1.23811,0.60926,0.987837,0.561159,0.81127,1.09701,1.14079,0.566021,0.652646,0.903584,1.13662,1.19878,1.14976,1.16696,1.04744,0.505995,0.964177,0.572227,0.81127,0.907886,0.792332,0.303807,0.585908,1.09362,0.908251,0.810916,0.763901,1.13096,1.15887,0.586149,1.08734,0.756294,1.14941,1.05877,1.16343
4740.070491,1.12312,1.2624,0.735399,0.84358,0.929401,1.18438,1.11262,1.23661,0.608345,0.987717,0.56006,0.812616,1.09426,1.14203,0.565811,0.652459,0.90198,1.13825,1.19837,1.15025,1.16427,1.0472,0.504033,0.963867,0.572067,0.812616,0.908273,0.791496,0.303423,0.585738,1.09119,0.908911,0.811283,0.764623,1.12994,1.16118,0.583575,1.08436,0.755035,1.15049,1.05807,1.16439
4744.261534,1.12152,1.26381,0.735014,0.843517,0.929159,1.18453,1.11163,1.23537,0.607551,0.987647,0.559189,0.813696,1.09098,1.14196,0.565337,0.652247,0.900952,1.13919,1.19752,1.14986,1.16112,1.04572,0.502558,0.963597,0.57165,0.813696,0.907094,0.791974,0.303287,0.585622,1.08919,0.909737,0.812156,0.764374,1.12899,1.16383,0.580784,1.08038,0.753869,1.1507,1.05727,1.1654
4748.459996,1.12089,1.2605,0.734741,0.844114,0.929091,1.18513,1.11001,1.23559,0.606648,0.987468,0.558225,0.815282,1.08741,1.14125,0.565201,0.652317,0.900419,1.13932,1.19666,1.14916,1.15764,1.04362,0.501227,0.962895,0.571215,0.815282,0.906486,0.793383,0.302888,0.585692,1.08789,0.909787,0.813281,0.764697,1.13014,1.16668,0.578541,1.07722,0.752783,1.14997,1.05713,1.16653
4752.665895,1.12062,1.25767,0.734043,0.844947,0.928804,1.18516,1.10783,1.23727,0.605729,0.986406,0.55746,0.816714,1.08549,1.14227,0.565565,0.652666,0.899429,1.13996,1.19614,1.14894,1.15549,1.04194,0.499743,0.961748,0.570557,0.816714,0.906612,0.794309,0.302123,0.58589,1.0876,0.909541,0.81436,0.765168,1.13222,1.1691,0.577162,1.07625,0.751007,1.14885,1.05543,1.16775
4756.879251,1.1208,1.25543,0.733396,0.84605,0.927392,1.18551,1.10449,1.23838,0.604702,0.984767,0.557315,0.817012,1.08517,1.14361,0.565707,0.653518,0.898173,1.13987,1.19535,1.14881,1.15496,1.04106,0.49807,0.960611,0.56997,0.817012,0.906551,0.794844,0.301193,0.586151,1.08729,0.909908,0.815667,0.765099,1.13178,1.17118,0.576003,1.07744,0.748816,1.14726,1.05246,1.16793
4761.100085,1.12056,1.25267,0.732754,0.846988,0.925333,1.18526,1.10045,1.23732,0.603509,0.98335,0.556902,0.816845,1.08431,1.14483,0.565471,0.654177,0.897298,1.13876,1.19577,1.14802,1.15512,1.04092,0.49654,0.95996,0.569565,0.816845,0.905792,0.79515,0.301054,0.586506,1.08577,0.90916,0.817145,0.764998,1.13062,1.17309,0.574555,1.07865,0.747724,1.14504,1.04991,1.16605
4765.328415,1.11919,1.25219,0.73206,0.847144,0.924264,1.18321,1.09733,1.23627,0.602506,0.982652,0.556014,0.816655,1.08382,1.14583,0.565045,0.654612,0.89689,1.13838,1.19778,1.14508,1.15589,1.04096,0.495594,0.959381,0.569274,0.816655,0.904927,0.794977,0.300255,0.586704,1.08339,0.906792,0.819152,0.76541,1.13264,1.17187,0.572857,1.07889,0.747642,1.14354,1.04744,1.16309
4769.564262,1.11886,1.25406,0.731898,0.84739,0.923295,1.18187,1.09547,1.23523,0.601924,0.982818,0.555332,0.815934,1.08526,1.14448,0.564691,0.655427,0.896176,1.13705,1.19983,1.14227,1.15615,1.0398,0.494655,0.959083,0.569207,0.815934,0.904462,0.794368,0.299861,0.586313,1.0802,0.904685,0.821718,0.766566,1.13584,1.16753,0.571279,1.07847,0.747561,1.14479,1.04519,1.16002
4773.807647,1.11918,1.2563,0.732192,0.848765,0.921202,1.18126,1.0947,1.23181,0.60143,0.98344,0.554699,0.815238,1.08758,1.1422,0.564635,0.655694,0.895152,1.13572,1.2009,1.14231,1.15597,1.03789,0.493764,0.959366,0.569475,0.815238,0.90347,0.793749,0.299612,0.585946,1.07709,0.903098,0.823859,0.768594,1.1372,1.1637,0.570166,1.07874,0.747623,1.14633,1.04313,1.15914
4778.058589,1.11879,1.25763,0.733268,0.850792,0.918772,1.18045,1.09504,1.22656,0.601108,0.983461,0.553963,0.815004,1.08891,1.14179,0.564888,0.65532,0.89473,1.13588,1.20112,1.14369,1.15526,1.03692,0.493163,0.959432,0.56981,0.815004,0.901398,0.793575,0.299254,0.586384,1.07488,0.901373,0.825265,0.771437,1.13855,1.16067,0.569207,1.07971,0.747789,1.14516,1.04134,1.15931
4782.317108,1.11901,1.2568,0.735008,0.852341,0.916575,1.18032,1.09535,1.22193,0.600682,0.983176,0.553426,0.81462,1.08973,1.14208,0.565184,0.655282,0.8948,1.13564,1.20237,1.14568,1.15319,1.03623,0.492148,0.959394,0.56997,0.81462,0.899378,0.793601,0.298581,0.587136,1.07306,0.899784,0.826947,0.775002,1.13966,1.15789,0.568372,1.07911,0.747467,1.1436,1.04031,1.15855
4786.583225,1.11981,1.25426,0.736395,0.85292,0.915354,1.18057,1.09518,1.21901,0.599575,0.983824,0.552961,0.814242,1.09118,1.14033,0.56509,0.655165,0.894672,1.13531,1.20484,1.14851,1.15116,1.03509,0.490775,0.959649,0.570336,0.814242,0.898633,0.793538,0.297437,0.587712,1.07154,0.898812,0.8298,0.778464,1.13954,1.15722,0.567825,1.07736,0.746796,1.143,1.03937,1.15939
4790.85696,1.11913,1.2537,0.737605,0.853299,0.914942,1.18144,1.09373,1.21695,0.598659,0.985051,0.552498,0.813864,1.09154,1.13813,0.564842,0.65475,0.89438,1.1363,1.2085,1.15092,1.14975,1.03492,0.489533,0.959022,0.571121,0.813864,0.899179,0.793328,0.296533,0.587989,1.06996,0.898196,0.834114,0.781706,1.14137,1.15842,0.567381,1.07672,0.746272,1.14192,1.03878,1.16157
4795.138334,1.11806,1.25607,0.73893,0.854277,0.914938,1.18211,1.09025,1.21486,0.597998,0.985738,0.552286,0.813917,1.09068,1.13802,0.564972,0.65463,0.894383,1.13825,1.21297,1.15242,1.14772,1.03518,0.488404,0.957162,0.571741,0.813917,0.900686,0.792702,0.296812,0.587898,1.06798,0.897424,0.839353,0.785213,1.14507,1.16024,0.566616,1.07631,0.745904,1.14005,1.03978,1.16276
4799.427366,1.11876,1.25746,0.740244,0.855057,0.91559,1.18151,1.08743,1.2132,0.596773,0.986153,0.552145,0.814477,1.08945,1.13748,0.565279,0.654907,0.894514,1.13977,1.21462,1.15381,1.14606,1.03404,0.487378,0.955379,0.571692,0.814477,0.90086,0.792102,0.29764,0.587996,1.06652,0.896159,0.843724,0.788116,1.14776,1.16295,0.565398,1.07441,0.745604,1.13851,1.04171,1.16391
4803.724078,1.1197,1.25629,0.741417,0.855423,0.915846,1.18095,1.08685,1.21369,0.595652,0.985558,0.551794,0.814598,1.08672,1.13488,0.56512,0.655503,0.894584,1.13957,1.21136,1.15503,1.14432,1.03199,0.486467,0.954258,0.571245,0.814598,0.899456,0.792544,0.29794,0.588386,1.06678,0.894628,0.847282,0.790178,1.14934,1.16572,0.564065,1.07139,0.74494,1.1372,1.0424,1.16521
4808.02849,1.12033,1.25582,0.742039,0.856227,0.915824,1.18121,1.08709,1.2162,0.595304,0.983428,0.551522,0.815187,1.08412,1.13297,0.564813,0.656289,0.894619,1.13988,1.20677,1.15706,1.14237,1.03011,0.48607,0.953121,0.570814,0.815187,0.89927,0.79344,0.297484,0.588739,1.06912,0.893231,0.850854,0.792366,1.15073,1.16811,0.563224,1.06786,0.743243,1.1361,1.04081,1.16446
4812.340623,1.12066,1.25698,0.742463,0.857122,0.916076,1.18118,1.08642,1.21894,0.595264,0.981314,0.551655,0.816516,1.08283,1.13145,0.564599,0.656777,0.894687,1.14194,1.20479,1.15984,1.14163,1.02819,0.485927,0.951364,0.570837,0.816516,0.899713,0.79365,0.297045,0.589085,1.07237,0.891895,0.853868,0.794329,1.15214,1.16928,0.563088,1.06494,0.74114,1.13472,1.03888,1.16303
4816.660498,1.11999,1.25639,0.74343,0.857679,0.91577,1.18087,1.08492,1.22084,0.595184,0.97962,0.55172,0.817667,1.08153,1.12973,0.564248,0.657052,0.894961,1.14255,1.20578,1.16164,1.14092,1.0277,0.485343,0.9501,0.571055,0.817667,0.899504,0.792957,0.297116,0.589433,1.0743,0.890337,0.856662,0.795271,1.15239,1.16883,0.563074,1.06377,0.740131,1.13335,1.03891,1.16162
4820.988136,1.11885,1.2561,0.744002,0.858007,0.915521,1.18135,1.08475,1.22169,0.595165,0.97841,0.551122,0.818407,1.08032,1.12977,0.563917,0.657166,0.894861,1.1405,1.2092,1.16142,1.14004,1.02905,0.48506,0.950192,0.571181,0.818407,0.899069,0.792067,0.297575,0.589315,1.07448,0.888267,0.858693,0.795602,1.15205,1.16745,0.562795,1.06166,0.740004,1.13399,1.0396,1.15878
4825.323557,1.11753,1.25891,0.743551,0.858464,0.916759,1.18228,1.08585,1.22156,0.595494,0.978085,0.550669,0.818206,1.08011,1.13009,0.563591,0.657424,0.895137,1.13675,1.21351,1.15978,1.1395,1.02996,0.485059,0.95108,0.571741,0.818206,0.898811,0.791685,0.297288,0.588728,1.07478,0.886612,0.85945,0.796066,1.15296,1.16436,0.562096,1.05785,0.73994,1.13647,1.03887,1.15542
4829.666782,1.11657,1.2609,0.743474,0.859336,0.917508,1.18152,1.08633,1.22018,0.596178,0.978449,0.550794,0.817401,1.08075,1.12921,0.563209,0.657818,0.896128,1.1339,1.21529,1.15895,1.13866,1.02932,0.484697,0.951334,0.572417,0.817401,0.898771,0.791109,0.297915,0.588148,1.07587,0.885986,0.85945,0.796695,1.15304,1.16131,0.561693,1.05475,0.739964,1.13928,1.03736,1.15145
4834.017833,1.11642,1.26056,0.74436,0.860695,0.916801,1.17772,1.08661,1.2174,0.596795,0.979069,0.550819,0.818121,1.08105,1.12928,0.563177,0.657395,0.896179,1.13533,1.21451,1.1584,1.13851,1.02857,0.484476,0.95061,0.572856,0.818121,0.898403,0.790633,0.298576,0.587758,1.07716,0.885937,0.858571,0.796855,1.15254,1.16057,0.562287,1.05356,0.740556,1.14121,1.03642,1.14906
4838.376731,1.11657,1.26005,0.745393,0.862266,0.916061,1.17308,1.0876,1.21508,0.597266,0.979071,0.550571,0.820356,1.08036,1.13054,0.563475,0.656641,0.895204,1.13665,1.21355,1.1571,1.13788,1.02921,0.48427,0.949589,0.573314,0.820356,0.897922,0.791106,0.29893,0.58755,1.07825,0.885945,0.856898,0.796168,1.15337,1.15906,0.562937,1.052,0.74139,1.14216,1.0356,1.14956
4842.743497,1.11707,1.25942,0.745866,0.863705,0.91566,1.17139,1.08841,1.21443,0.597422,0.978572,0.550263,0.821849,1.08032,1.13088,0.563661,0.656477,0.894074,1.13409,1.21213,1.15627,1.13589,1.02992,0.483629,0.948849,0.573925,0.821849,0.898795,0.791299,0.298823,0.587391,1.07839,0.886037,0.855516,0.795362,1.15304,1.1572,0.563389,1.0487,0.741666,1.14305,1.03472,1.1512
4847.118153,1.11759,1.25823,0.746426,0.865251,0.915569,1.17178,1.08777,1.21393,0.597536,0.978298,0.549892,0.821986,1.08121,1.12986,0.563641,0.656163,0.892739,1.13097,1.21068,1.15507,1.13634,1.03098,0.48284,0.948093,0.574518,0.821986,0.900237,0.790367,0.298418,0.587444,1.07708,0.886176,0.854686,0.794783,1.15088,1.15687,0.563943,1.04661,0.74183,1.14379,1.03441,1.15215
4851.500719,1.11711,1.25782,0.747821,0.867358,0.915042,1.17124,1.08603,1.21299,0.59813,0.978292,0.549502,0.821524,1.08091,1.12907,0.563577,0.655423,0.891487,1.12888,1.21005,1.15204,1.13943,1.03342,0.482308,0.946261,0.574827,0.821524,0.90105,0.789329,0.298473,0.588061,1.07488,0.886107,0.853506,0.793859,1.14888,1.15632,0.564345,1.04625,0.74245,1.14449,1.03411,1.1514
4855.891217,1.11666,1.25788,0.749255,0.869171,0.91444,1.16875,1.08466,1.21167,0.598533,0.977995,0.549236,0.821227,1.08077,1.1284,0.563985,0.655505,0.890868,1.12639,1.20786,1.14736,1.14187,1.03516,0.481863,0.944301,0.574936,0.821227,0.901335,0.788976,0.299454,0.588949,1.07177,0.885969,0.851256,0.79241,1.14614,1.1559,0.564658,1.04524,0.743331,1.1454,1.03385,1.15034
4860.289669,1.11775,1.2571,0.750436,0.869996,0.914358,1.16598,1.08442,1.21086,0.598519,0.977303,0.549167,0.821339,1.08144,1.12627,0.564729,0.656166,0.89073,1.12398,1.20187,1.14283,1.14377,1.03563,0.481123,0.942606,0.574941,0.821339,0.900746,0.78886,0.300162,0.589862,1.06916,0.885531,0.847576,0.790246,1.14251,1.1554,0.564841,1.0434,0.744682,1.1456,1.03373,1.15048
4864.696097,1.11849,1.2574,0.751672,0.870555,0.914072,1.16537,1.08483,1.21042,0.598769,0.97545,0.549498,0.821409,1.0806,1.12437,0.565061,0.656039,0.890554,1.12363,1.19418,1.13974,1.14607,1.03546,0.480488,0.940375,0.574647,0.821409,0.899413,0.7888,0.299964,0.590833,1.06799,0.884903,0.844027,0.787794,1.13905,1.15401,0.56468,1.0412,0.746193,1.14496,1.03274,1.1506
4869.110522,1.11944,1.25908,0.753296,0.871182,0.913703,1.16568,1.08495,1.20788,0.599289,0.973156,0.550221,0.821734,1.07984,1.12412,0.565148,0.655499,0.891004,1.12648,1.18908,1.13798,1.14936,1.03424,0.480182,0.938405,0.574322,0.821734,0.89792,0.789066,0.299481,0.591667,1.06764,0.88405,0.841542,0.785478,1.13489,1.15232,0.564646,1.0383,0.746888,1.14397,1.03175,1.15008
4873.532966,1.12068,1.25943,0.755282,0.871466,0.913568,1.16627,1.08409,1.20376,0.59938,0.9722,0.550634,0.822804,1.0801,1.12262,0.565396,0.655241,0.892076,1.12998,1.1879,1.13752,1.15113,1.03302,0.479293,0.937368,0.574776,0.822804,0.896459,0.789343,0.299079,0.592138,1.06774,0.882214,0.838733,0.782919,1.13004,1.15123,0.564798,1.03568,0.747242,1.14245,1.03238,1.15056
4877.96345,1.12126,1.25828,0.757067,0.872021,0.912949,1.16802,1.08325,1.20148,0.599028,0.972467,0.550346,0.823951,1.08077,1.11981,0.566045,0.655328,0.892619,1.13082,1.18877,1.13714,1.1504,1.03302,0.478137,0.93722,0.575621,0.823951,0.89483,0.789563,0.298591,0.592157,1.06727,0.879826,0.835326,0.780021,1.1245,1.1526,0.564705,1.03482,0.747893,1.14243,1.034,1.15155
4882.401997,1.12253,1.25927,0.757873,0.872992,0.911642,1.17053,1.08361,1.20033,0.598721,0.972812,0.549928,0.824674,1.08147,1.11803,0.566801,0.655668,0.893085,1.12982,1.18906,1.13534,1.15078,1.0327,0.477887,0.937239,0.576408,0.824674,0.893169,0.790371,0.298023,0.591714,1.06726,0.877683,0.831129,0.777184,1.11985,1.15497,0.564281,1.03415,0.748541,1.14445,1.03461,1.15111
4886.848629,1.12367,1.26264,0.757775,0.87363,0.91033,1.1723,1.08324,1.19834,0.598493,0.972618,0.549794,0.824867,1.08123,1.11608,0.566828,0.656187,0.894563,1.1287,1.18795,1.13292,1.152,1.03168,0.477771,0.936837,0.577174,0.824867,0.891814,0.791534,0.297721,0.590956,1.06833,0.876278,0.826359,0.774811,1.11694,1.15619,0.563727,1.03245,0.748939,1.14605,1.03322,1.15
4891.303368,1.12401,1.26438,0.758505,0.873633,0.909497,1.17199,1.08124,1.1971,0.59822,0.972698,0.549672,0.825139,1.08128,1.11396,0.566284,0.656457,0.895612,1.12935,1.18588,1.12991,1.15144,1.03076,0.477095,0.935254,0.577396,0.825139,0.8915,0.791745,0.29792,0.590111,1.06866,0.875824,0.822203,0.772481,1.11398,1.15609,0.563393,1.03178,0.74876,1.1481,1.03111,1.14908
4895.766236,1.1245,1.26555,0.759924,0.873278,0.909036,1.17018,1.08043,1.19675,0.597943,0.972614,0.549453,0.826413,1.08118,1.11295,0.56583,0.656187,0.894871,1.13183,1.18348,1.12651,1.14948,1.03002,0.476433,0.932657,0.577416,0.826413,0.892264,0.791153,0.298257,0.589279,1.06832,0.875425,0.8193,0.769629,1.11218,1.15421,0.563193,1.03248,0.748259,1.15065,1.02974,1.14849
4900.237256,1.12537,1.2668,0.760185,0.873717,0.908064,1.16862,1.0817,1.19761,0.59739,0.97175,0.549089,0.82775,1.08031,1.11189,0.565421,0.655921,0.893561,1.13139,1.18171,1.12414,1.14712,1.02945,0.47583,0.930712,0.577653,0.82775,0.892974,0.790595,0.298076,0.588544,1.06759,0.874089,0.817661,0.767199,1.11187,1.15017,0.562568,1.03251,0.747337,1.15162,1.0279,1.14747
4904.716449,1.12526,1.26506,0.759684,0.875385,0.906756,1.16873,1.08283,1.19846,0.596504,0.970948,0.548325,0.828036,1.08084,1.10998,0.564671,0.655788,0.89237,1.12824,1.17999,1.12295,1.14609,1.02934,0.474998,0.930265,0.577889,0.828036,0.893433,0.789385,0.297375,0.5881,1.06586,0.873033,0.816621,0.766394,1.11046,1.14737,0.561541,1.03116,0.745546,1.15218,1.02496,1.14575
4909.203838,1.12425,1.26075,0.75975,0.87762,0.905842,1.16897,1.0832,1.19639,0.595444,0.970718,0.547164,0.827057,1.08179,1.10776,0.56366,0.655148,0.89131,1.12586,1.17824,1.12171,1.14654,1.02999,0.473743,0.929705,0.577696,0.827057,0.892753,0.787399,0.296681,0.587858,1.06282,0.872462,0.815305,0.766309,1.10759,1.14661,0.560118,1.02886,0.743151,1.15309,1.02254,1.14329
4913.699446,1.12471,1.25801,0.760113,0.879163,0.905091,1.16829,1.08524,1.19377,0.593783,0.970728,0.545938,0.825399,1.08073,1.10626,0.562553,0.654143,0.890178,1.12369,1.17634,1.11981,1.14463,1.02996,0.472398,0.928392,0.576871,0.825399,0.890653,0.785687,0.296441,0.587546,1.05943,0.870863,0.813089,0.765596,1.10471,1.14487,0.558167,1.02617,0.740193,1.15334,1.02155,1.14108
4918.203295,1.12553,1.25682,0.759918,0.879686,0.904595,1.16787,1.08784,1.19361,0.591766,0.969933,0.54482,0.823987,1.07831,1.1054,0.561616,0.653677,0.888717,1.12163,1.17316,1.11735,1.13942,1.02826,0.47106,0.927229,0.575675,0.823987,0.888611,0.784163,0.296436,0.587314,1.05694,0.868518,0.810214,0.764353,1.10195,1.14228,0.555914,1.02411,0.736563,1.15155,1.02038,1.1409
4922.715408,1.12541,1.25457,0.759328,0.87985,0.903772,1.16783,1.0876,1.19539,0.589761,0.968289,0.543819,0.823103,1.07514,1.10428,0.561018,0.65362,0.886834,1.12128,1.17088,1.1152,1.13379,1.02682,0.469325,0.92561,0.574344,0.823103,0.886929,0.782386,0.295984,0.58731,1.05604,0.866393,0.80809,0.763616,1.09994,1.13978,0.553396,1.0226,0.732861,1.14783,1.01829,1.14169
4927.235808,1.12522,1.25319,0.758936,0.879353,0.902126,1.16748,1.08552,1.1947,0.587548,0.966433,0.542926,0.822485,1.07151,1.1041,0.560439,0.653544,0.884,1.12289,1.17009,1.11342,1.12846,1.02551,0.467256,0.923995,0.57296,0.822485,0.884794,0.780424,0.295217,0.587308,1.05615,0.86464,0.807078,0.763278,1.09873,1.13743,0.55059,1.02064,0.729029,1.14425,1.01652,1.14162
4931.764517,1.12611,1.25301,0.758592,0.878654,0.900189,1.16655,1.083,1.18978,0.585508,0.964892,0.541779,0.822311,1.06892,1.105,0.559847,0.653721,0.881209,1.12343,1.1682,1.1129,1.12285,1.02273,0.464583,0.922848,0.571849,0.822311,0.882475,0.77839,0.294353,0.587002,1.05657,0.862637,0.806268,0.762594,1.09744,1.13519,0.547634,1.01878,0.724805,1.14103,1.01481,1.14081
4936.301559,1.12682,1.25127,0.757627,0.878231,0.898131,1.16538,1.0789,1.18549,0.583531,0.964112,0.540077,0.822037,1.06706,1.10485,0.559281,0.653848,0.878669,1.12089,1.16653,1.11369,1.11689,1.01999,0.461447,0.921275,0.570902,0.822037,0.879997,0.776936,0.292987,0.586111,1.05672,0.860142,0.804964,0.762102,1.09515,1.13487,0.544492,1.01734,0.720852,1.1382,1.01232,1.14032
4940.846957,1.12622,1.24951,0.756309,0.878366,0.895526,1.16386,1.07355,1.1849,0.581363,0.963534,0.538198,0.821132,1.06521,1.10273,0.558797,0.653599,0.876138,1.11811,1.16814,1.1135,1.11239,1.01828,0.458897,0.919462,0.569443,0.821132,0.877169,0.776461,0.291345,0.585371,1.05572,0.857885,0.803214,0.7616,1.09188,1.13664,0.541242,1.01659,0.717661,1.13712,1.00993,1.14026
4945.400733,1.12448,1.25092,0.754782,0.878581,0.892203,1.16201,1.06912,1.1856,0.579224,0.962658,0.536472,0.820561,1.06347,1.1002,0.558079,0.653382,0.873997,1.11671,1.17057,1.11254,1.11126,1.01664,0.456924,0.918139,0.567652,0.820561,0.874577,0.776398,0.290109,0.585277,1.05463,0.856074,0.80133,0.760423,1.0887,1.13774,0.53806,1.01572,0.715209,1.13615,1.00753,1.13903
4949.96291,1.122,1.25272,0.752997,0.877689,0.889058,1.1598,1.06542,1.18682,0.576957,0.962052,0.535095,0.820556,1.06131,1.09872,0.556975,0.65318,0.871583,1.11502,1.17227,1.11169,1.11164,1.01567,0.454703,0.91768,0.56625,0.820556,0.872324,0.776306,0.289248,0.585308,1.05356,0.85516,0.799582,0.759176,1.08531,1.13716,0.534973,1.01363,0.713,1.13432,1.0043,1.13668
4954.533513,1.1196,1.25327,0.751682,0.876093,0.886268,1.15678,1.06259,1.18747,0.574489,0.961305,0.534228,0.82098,1.05831,1.09826,0.555954,0.652406,0.869418,1.11359,1.17395,1.1109,1.11199,1.01568,0.452044,0.916902,0.565124,0.82098,0.870425,0.775648,0.288439,0.585568,1.05118,0.855067,0.798569,0.758093,1.08201,1.13403,0.532093,1.01162,0.711137,1.13323,1.00073,1.13464
4959.112565,1.11744,1.25384,0.750507,0.87513,0.883052,1.15364,1.06115,1.18608,0.571921,0.959235,0.533449,0.82165,1.05452,1.09674,0.555095,0.651426,0.868224,1.11288,1.1739,1.11053,1.11276,1.01551,0.449263,0.915432,0.564146,0.82165,0.868746,0.774878,0.287328,0.586176,1.04794,0.854809,0.798693,0.757079,1.07967,1.1294,0.529315,1.00986,0.710276,1.13262,0.997019,1.13153
4963.700088,1.11528,1.25329,0.749463,0.875599,0.87971,1.15086,1.05959,1.18401,0.569369,0.956393,0.532256,0.821958,1.0516,1.09357,0.554157,0.65064,0.866689,1.1107,1.17208,1.11069,1.11395,1.01486,0.44665,0.914764,0.563225,0.821958,0.866734,0.774736,0.285907,0.586645,1.04426,0.854333,0.799196,0.75701,1.0772,1.126,0.526466,1.00772,0.709979,1.13197,0.99257,1.1275
4968.296106,1.1134,1.25233,0.749548,0.876944,0.877427,1.1493,1.05753,1.18196,0.566983,0.954565,0.530736,0.822168,1.05038,1.09145,0.552964,0.650058,0.864775,1.1087,1.17001,1.1116,1.1153,1.01487,0.444128,0.915015,0.562144,0.822168,0.864875,0.77488,0.284623,0.586871,1.04002,0.854096,0.799197,0.757738,1.07354,1.12628,0.52377,1.00496,0.709336,1.13152,0.98858,1.12502
4972.900644,1.11365,1.25221,0.75063,0.878346,0.876105,1.1488,1.05645,1.18065,0.564476,0.954604,0.529094,0.822249,1.04924,1.09017,0.551895,0.64977,0.864043,1.10823,1.16756,1.11281,1.11583,1.01546,0.441504,0.91469,0.561212,0.822249,0.863583,0.775023,0.283705,0.586874,1.03527,0.852954,0.798694,0.757885,1.06956,1.12858,0.521279,1.00219,0.708314,1.13073,0.986736,1.12359
4977.513724,1.11573,1.25209,0.752069,0.879895,0.874417,1.14812,1.05678,1.18083,0.561758,0.955609,0.527155,0.822022,1.04701,1.08846,0.550975,0.649657,0.863553,1.10796,1.16524,1.11239,1.11523,1.01545,0.439123,0.913624,0.560533,0.822022,0.862113,0.774708,0.282921,0.586711,1.03114,0.849596,0.79805,0.757596,1.06653,1.12907,0.518926,1.00019,0.707018,1.12892,0.986476,1.12317
4982.135371,1.1162,1.25121,0.75336,0.882284,0.872548,1.14794,1.05592,1.18223,0.559391,0.956182,0.525088,0.821786,1.04396,1.08608,0.55006,0.649793,0.862138,1.10816,1.16438,1.11022,1.11439,1.01498,0.437403,0.912575,0.559691,0.821786,0.860462,0.773897,0.281951,0.586833,1.02799,0.845719,0.79785,0.757315,1.06511,1.12879,0.516836,0.998634,0.705278,1.12598,0.985997,1.12392
4986.765609,1.1155,1.24974,0.754558,0.885242,0.871074,1.14751,1.05348,1.1845,0.557601,0.955969,0.523608,0.821679,1.04122,1.08442,0.549751,0.650197,0.859913,1.10924,1.16427,1.10777,1.11237,1.01563,0.436153,0.911686,0.559082,0.821679,0.859161,0.772973,0.28114,0.587058,1.02547,0.842953,0.798686,0.757619,1.06547,1.12845,0.515218,0.996659,0.703539,1.12397,0.985106,1.12382
4991.40446,1.1173,1.24857,0.756057,0.8885,0.869998,1.14623,1.05152,1.18555,0.556338,0.955124,0.522702,0.82198,1.03979,1.08491,0.550046,0.650838,0.85705,1.11004,1.16243,1.10609,1.10878,1.01682,0.434817,0.910972,0.559034,0.82198,0.858031,0.771746,0.280737,0.586643,1.02423,0.841125,0.799986,0.758626,1.06633,1.12731,0.513988,0.994152,0.70193,1.124,0.98441,1.12274
4996.05195,1.12066,1.24799,0.757277,0.891876,0.868756,1.14474,1.04939,1.18355,0.555599,0.953757,0.521559,0.822428,1.03921,1.08683,0.550119,0.650935,0.854316,1.1084,1.15891,1.10567,1.10467,1.01691,0.433256,0.909573,0.558562,0.822428,0.856711,0.770446,0.280214,0.585581,1.02362,0.839595,0.80093,0.759634,1.06686,1.12714,0.512928,0.992702,0.700313,1.12395,0.983763,1.12198
5000.708103,1.12259,1.24675,0.758278,0.894462,0.867144,1.14306,1.04675,1.18052,0.554954,0.953063,0.520242,0.821607,1.03764,1.08856,0.549626,0.650082,0.85191,1.10596,1.15757,1.10559,1.10021,1.01655,0.432073,0.907897,0.55733,0.821607,0.854929,0.769831,0.279452,0.584538,1.02237,0.837951,0.801927,0.760427,1.06674,1.12933,0.51199,0.992178,0.699193,1.12385,0.982882,1.122
5005.372943,1.12347,1.24702,0.759674,0.896748,0.865983,1.14198,1.04577,1.17878,0.55435,0.95423,0.519285,0.820534,1.03545,1.0882,0.548849,0.649503,0.849832,1.10544,1.15957,1.10531,1.09655,1.01606,0.431502,0.907045,0.556328,0.820534,0.853265,0.769504,0.278819,0.584167,1.02097,0.837151,0.803051,0.761049,1.06619,1.13198,0.511189,0.991547,0.698657,1.12514,0.981638,1.12249
5010.046494,1.12503,1.2491,0.760661,0.898873,0.865546,1.14186,1.04698,1.17831,0.554027,0.95634,0.518652,0.820705,1.03388,1.0876,0.548085,0.649194,0.848126,1.1052,1.16173,1.10556,1.09449,1.01557,0.430816,0.906191,0.556254,0.820705,0.852325,0.768596,0.278381,0.584167,1.02082,0.837159,0.804351,0.761841,1.06611,1.13376,0.510477,0.99066,0.698351,1.12684,0.980146,1.1218
5014.72878,1.12724,1.24997,0.760981,0.90033,0.865424,1.14235,1.04819,1.17728,0.553501,0.95737,0.518562,0.821275,1.03173,1.08797,0.547843,0.648632,0.847004,1.10508,1.16312,1.10672,1.0938,1.0165,0.429705,0.90508,0.557024,0.821275,0.85175,0.767432,0.278005,0.584032,1.02156,0.837039,0.806103,0.763118,1.06751,1.13472,0.509667,0.98951,0.698334,1.1283,0.978626,1.11955
5019.419827,1.12805,1.25076,0.761463,0.901615,0.864596,1.14354,1.04886,1.17352,0.552621,0.956135,0.519047,0.821472,1.02908,1.08751,0.547941,0.648491,0.846769,1.10582,1.163,1.10857,1.09496,1.01767,0.428162,0.903673,0.557461,0.821472,0.850946,0.766439,0.277511,0.584144,1.02223,0.836556,0.807692,0.764646,1.07013,1.13429,0.508638,0.98863,0.698955,1.1306,0.976559,1.11809
5024.119658,1.12734,1.25248,0.762275,0.903249,0.863614,1.14492,1.04811,1.16791,0.551735,0.953567,0.519484,0.82125,1.02757,1.0863,0.547494,0.648892,0.846678,1.10632,1.16147,1.10959,1.0974,1.01746,0.42621,0.901902,0.557224,0.82125,0.849971,0.765547,0.277063,0.584525,1.02274,0.836433,0.809014,0.76618,1.07146,1.13338,0.507117,0.98806,0.700414,1.13393,0.973832,1.11671
5028.828299,1.12698,1.25535,0.763562,0.904844,0.863425,1.14645,1.04616,1.16324,0.550875,0.950699,0.519476,0.821263,1.02662,1.08529,0.546276,0.649229,0.846024,1.10666,1.16106,1.1092,1.10001,1.01756,0.42429,0.900512,0.557052,0.821263,0.84948,0.764926,0.276805,0.584674,1.0228,0.837151,0.810047,0.768158,1.07107,1.13286,0.505267,0.988237,0.702165,1.13604,0.971526,1.11487
5033.545774,1.12749,1.25823,0.76515,0.906061,0.863645,1.1493,1.04503,1.16175,0.549541,0.948474,0.519039,0.821595,1.02559,1.08448,0.544805,0.649627,0.84568,1.10693,1.16265,1.10875,1.10405,1.01959,0.422121,0.899578,0.556752,0.821595,0.849295,0.765134,0.276329,0.584937,1.02159,0.837712,0.811007,0.770036,1.07116,1.13355,0.503493,0.989184,0.703731,1.13735,0.970636,1.11417
5038.272108,1.12763,1.25775,0.766788,0.907386,0.863529,1.1516,1.04395,1.16277,0.547795,0.947686,0.518231,0.822043,1.0254,1.08304,0.543774,0.650469,0.846074,1.10637,1.16558,1.10955,1.11069,1.0228,0.419735,0.898315,0.556341,0.822043,0.849191,0.765592,0.275577,0.585606,1.01932,0.837433,0.812477,0.771067,1.07172,1.13482,0.5016,0.989246,0.705424,1.13971,0.970678,1.11332
5043.007326,1.12634,1.25423,0.768376,0.909144,0.86231,1.152,1.04279,1.16347,0.546317,0.947262,0.517027,0.822598,1.02522,1.08101,0.542978,0.651303,0.846104,1.10545,1.16992,1.11074,1.1182,1.02574,0.4177,0.897134,0.556104,0.822598,0.848685,0.76535,0.274708,0.586358,1.01713,0.836303,0.814325,0.771919,1.07145,1.13429,0.499495,0.987257,0.707314,1.14166,0.971078,1.11233
5047.751453,1.1249,1.25132,0.76947,0.911332,0.860786,1.15313,1.04209,1.16404,0.545181,0.946567,0.515908,0.823284,1.02452,1.07911,0.542377,0.651778,0.845789,1.10526,1.17508,1.11129,1.12441,1.02852,0.416208,0.896753,0.555952,0.823284,0.8476,0.765113,0.273992,0.587365,1.01527,0.835068,0.816593,0.772686,1.07155,1.13284,0.497484,0.984332,0.709725,1.14219,0.972106,1.11275
5052.504515,1.1248,1.25017,0.77058,0.91444,0.860074,1.15454,1.04118,1.16667,0.544213,0.945954,0.515535,0.824625,1.02433,1.07831,0.542612,0.65212,0.845815,1.10517,1.17813,1.1119,1.12918,1.03257,0.41495,0.896401,0.555867,0.824625,0.846887,0.765468,0.273859,0.588601,1.01355,0.834165,0.819203,0.773526,1.07157,1.13116,0.495941,0.981778,0.712881,1.1442,0.973417,1.11341
5057.266536,1.12607,1.2492,0.771566,0.917851,0.859276,1.15392,1.04043,1.16992,0.543354,0.94514,0.515216,0.826229,1.02322,1.07854,0.542841,0.652261,0.845213,1.10416,1.17857,1.11189,1.13403,1.03765,0.413512,0.896038,0.555447,0.826229,0.845775,0.765951,0.273884,0.589104,1.0113,0.833347,0.8213,0.774361,1.07052,1.12927,0.494696,0.979892,0.715448,1.14881,0.974562,1.11339
5062.037542,1.12699,1.24736,0.77176,0.919196,0.857246,1.15096,1.03958,1.17108,0.542524,0.94429,0.514152,0.826663,1.02022,1.07948,0.542129,0.651533,0.843164,1.10174,1.17895,1.11151,1.13791,1.04183,0.412303,0.896047,0.554138,0.826663,0.844039,0.765873,0.273549,0.58875,1.00783,0.832836,0.82237,0.774948,1.06968,1.1295,0.493635,0.979135,0.716836,1.15406,0.975423,1.11425
5066.817559,1.12615,1.24537,0.772018,0.919309,0.855147,1.14868,1.03886,1.17048,0.541864,0.945419,0.513035,0.826596,1.01742,1.07957,0.541134,0.650355,0.840703,1.09835,1.17899,1.11269,1.13859,1.04396,0.411711,0.896367,0.552925,0.826596,0.842865,0.765611,0.273203,0.588313,1.00444,0.832326,0.823244,0.776073,1.06998,1.13113,0.493026,0.97836,0.717978,1.16015,0.975925,1.11703
5071.606611,1.12635,1.24538,0.77308,0.920755,0.853879,1.1489,1.03862,1.16934,0.541358,0.948772,0.512317,0.827546,1.01593,1.07871,0.540816,0.649703,0.838907,1.09525,1.17784,1.11316,1.13724,1.04456,0.41148,0.896244,0.552572,0.827546,0.842244,0.765178,0.272836,0.588072,1.00231,0.831657,0.824324,0.777412,1.07197,1.13117,0.492623,0.97657,0.718567,1.16581,0.97631,1.11976
5076.404725,1.12852,1.24586,0.774265,0.923296,0.85317,1.15001,1.03806,1.16767,0.540996,0.951306,0.511845,0.828015,1.01439,1.07921,0.541406,0.648883,0.838086,1.09274,1.17655,1.11204,1.13553,1.0448,0.411057,0.895222,0.55286,0.828015,0.841926,0.764009,0.272454,0.587828,1.00077,0.830931,0.825615,0.778416,1.07535,1.13084,0.492118,0.974537,0.717966,1.16849,0.977156,1.12062
5081.211927,1.12905,1.24487,0.77533,0.925683,0.852875,1.15176,1.03894,1.16563,0.540819,0.951511,0.511651,0.826994,1.01311,1.07898,0.542416,0.648043,0.83797,1.09157,1.17599,1.11158,1.13359,1.0444,0.410324,0.894484,0.553727,0.826994,0.841424,0.762632,0.272599,0.587536,0.999802,0.829674,0.82665,0.779451,1.07847,1.13209,0.491634,0.973389,0.71658,1.16876,0.97831,1.12006
5086.028241,1.12762,1.245,0.776589,0.927956,0.85221,1.15356,1.04023,1.16452,0.540715,0.950925,0.511515,0.825685,1.01322,1.07702,0.543126,0.648395,0.837742,1.0907,1.17584,1.11101,1.13088,1.04196,0.409402,0.893727,0.55435,0.825685,0.840337,0.761441,0.272824,0.587454,1.00012,0.828012,0.826853,0.780671,1.07972,1.13347,0.491146,0.973267,0.714481,1.16775,0.977732,1.11917
5090.853695,1.12624,1.24789,0.777566,0.93027,0.851407,1.15366,1.03898,1.16357,0.540475,0.950752,0.511224,0.825175,1.01255,1.07591,0.543191,0.648929,0.8372,1.08949,1.17523,1.1092,1.12633,1.03796,0.408394,0.892819,0.554487,0.825175,0.838924,0.760472,0.272725,0.587366,1.00104,0.827061,0.827335,0.782084,1.07819,1.1345,0.49055,0.972928,0.71176,1.16517,0.975064,1.11824
5095.688314,1.12677,1.2528,0.77876,0.932297,0.851191,1.15227,1.03748,1.16223,0.539732,0.950474,0.510792,0.825101,1.01122,1.07542,0.543064,0.648757,0.836374,1.09009,1.17512,1.1076,1.11975,1.03411,0.407437,0.892548,0.554594,0.825101,0.837595,0.759981,0.2724,0.587239,1.00176,0.827205,0.828038,0.78353,1.07536,1.13586,0.489913,0.973066,0.708478,1.1613,0.973195,1.11759
5100.532124,1.12836,1.25677,0.780448,0.933805,0.850864,1.15039,1.03605,1.16313,0.538687,0.950154,0.510375,0.824827,1.01122,1.07453,0.543383,0.648493,0.835398,1.09159,1.17549,1.10768,1.1128,1.0296,0.406486,0.892329,0.554563,0.824827,0.83636,0.760137,0.271934,0.587693,1.00224,0.8272,0.828805,0.784763,1.07338,1.13707,0.489161,0.974474,0.704658,1.15774,0.972386,1.11648
5105.385152,1.12885,1.25771,0.782103,0.935015,0.849963,1.14747,1.03379,1.16624,0.538049,0.949664,0.510146,0.825271,1.01174,1.07372,0.544221,0.648742,0.835346,1.09205,1.17554,1.1098,1.10628,1.02338,0.405818,0.892277,0.554621,0.825271,0.835681,0.760744,0.271825,0.58845,1.00257,0.826407,0.830252,0.785407,1.07174,1.13663,0.488128,0.974152,0.701027,1.15312,0.970582,1.11283
5110.247423,1.12968,1.25828,0.783475,0.936713,0.849063,1.14452,1.03324,1.16835,0.537853,0.948669,0.509905,0.826324,1.01228,1.07273,0.54477,0.649222,0.836018,1.09163,1.1764,1.11261,1.09975,1.01732,0.405371,0.892937,0.55522,0.826324,0.835365,0.761591,0.271994,0.589128,1.00311,0.825354,0.831765,0.785448,1.06924,1.13434,0.486875,0.971658,0.697964,1.14668,0.967917,1.10879
5115.118965,1.13265,1.26063,0.784924,0.938864,0.848413,1.14326,1.03346,1.1688,0.537514,0.948399,0.509593,0.827901,1.01365,1.07136,0.544979,0.649502,0.836671,1.09175,1.17751,1.11341,1.09421,1.0133,0.404879,0.894019,0.556106,0.827901,0.834643,0.762556,0.271969,0.590365,1.00363,0.823915,0.833788,0.785987,1.0668,1.1319,0.485612,0.969768,0.695412,1.14107,0.964716,1.10681
5119.999804,1.13624,1.26399,0.787027,0.940958,0.847838,1.14272,1.03147,1.16935,0.536952,0.948185,0.509225,0.8299,1.01401,1.06997,0.544853,0.649304,0.836633,1.09145,1.1782,1.11254,1.09001,1.01139,0.404333,0.89482,0.556297,0.8299,0.83396,0.762848,0.271726,0.591419,1.00242,0.8217,0.835307,0.787062,1.06478,1.1301,0.484259,0.968821,0.6928,1.138,0.960624,1.105
5124.889966,1.13806,1.26543,0.788885,0.942494,0.846759,1.14096,1.02879,1.16955,0.53658,0.947101,0.50812,0.830566,1.01056,1.06858,0.543399,0.648337,0.834343,1.08939,1.17827,1.11111,1.08513,1.01064,0.403696,0.894987,0.555258,0.830566,0.832841,0.76229,0.271237,0.591111,0.998942,0.819521,0.834808,0.787552,1.06286,1.12862,0.482477,0.967692,0.689416,1.13609,0.955927,1.10269
5129.789478,1.13885,1.26401,0.790289,0.943632,0.845522,1.13831,1.02749,1.16808,0.536264,0.946029,0.506702,0.830433,1.00631,1.06817,0.54143,0.647516,0.830566,1.086,1.17766,1.10982,1.07957,1.00997,0.403148,0.894867,0.553851,0.830433,0.831842,0.761663,0.270356,0.590589,0.995695,0.818514,0.834136,0.78813,1.06214,1.12815,0.480393,0.965758,0.686158,1.13326,0.951743,1.10117
5134.698368,1.13898,1.2641,0.791938,0.946001,0.845095,1.13713,1.02681,1.16359,0.535523,0.945192,0.505885,0.83188,1.00467,1.0689,0.540085,0.64734,0.827139,1.08242,1.17558,1.10953,1.07452,1.00914,0.40286,0.894725,0.553129,0.83188,0.831954,0.761118,0.26938,0.59053,0.993969,0.817791,0.834451,0.7894,1.06288,1.1276,0.478423,0.963458,0.683632,1.13109,0.949442,1.10051
5139.616661,1.13894,1.26582,0.794078,0.950233,0.845108,1.13777,1.02588,1.1568,0.534242,0.944683,0.50533,0.833991,1.00383,1.07093,0.539464,0.647747,0.824763,1.08097,1.17224,1.10849,1.0703,1.00816,0.40251,0.8937,0.553038,0.833991,0.832017,0.760235,0.268679,0.590424,0.991982,0.816905,0.835135,0.790595,1.06429,1.125,0.476318,0.961534,0.680939,1.1289,0.948414,1.10015
5144.544386,1.13823,1.26501,0.796249,0.954867,0.845373,1.13904,1.02499,1.15122,0.532899,0.94376,0.504799,0.834266,1.00189,1.07271,0.539001,0.648487,0.823284,1.08005,1.16944,1.10679,1.06717,1.00684,0.401616,0.891524,0.553305,0.834266,0.831176,0.758792,0.268431,0.590196,0.989059,0.816506,0.835599,0.791717,1.06523,1.12273,0.474108,0.960372,0.67817,1.12619,0.946448,1.10006
5149.481569,1.1361,1.26249,0.798606,0.958693,0.846455,1.141,1.02543,1.14853,0.531618,0.942204,0.504302,0.833835,0.999668,1.07196,0.538118,0.649311,0.821876,1.07887,1.16765,1.1059,1.06415,1.00527,0.400091,0.889674,0.553571,0.833835,0.829915,0.757287,0.268322,0.589609,0.986709,0.816219,0.835305,0.793196,1.06454,1.12232,0.472175,0.960226,0.675844,1.12507,0.943073,1.09974
5154.428237,1.13389,1.26245,0.801176,0.962702,0.847899,1.14307,1.02511,1.14828,0.530102,0.941451,0.503677,0.834124,0.997297,1.07104,0.537328,0.650478,0.819862,1.0792,1.16719,1.10564,1.06109,1.0038,0.398214,0.88819,0.553175,0.834124,0.828427,0.756186,0.267205,0.588961,0.98549,0.815777,0.834717,0.794785,1.06272,1.12276,0.470195,0.96069,0.673596,1.12504,0.939298,1.09924
5159.384418,1.13197,1.26408,0.803598,0.96723,0.849045,1.14387,1.02294,1.14843,0.528445,0.941612,0.502929,0.834378,0.993412,1.0718,0.53665,0.651365,0.817983,1.08142,1.16683,1.10622,1.05838,1.00245,0.396218,0.886445,0.552589,0.834378,0.826447,0.755682,0.265287,0.589305,0.984747,0.815645,0.835066,0.796391,1.06113,1.12363,0.468276,0.961174,0.671408,1.12655,0.935779,1.09994
5164.350139,1.13211,1.26516,0.806688,0.971163,0.8494,1.14335,1.02074,1.14882,0.526553,0.942023,0.502421,0.83435,0.990469,1.07201,0.536021,0.651987,0.817615,1.08588,1.16647,1.10812,1.05549,1.00088,0.393896,0.885074,0.552684,0.83435,0.824416,0.755623,0.263855,0.590587,0.984514,0.816089,0.836327,0.798148,1.06122,1.12458,0.466888,0.962128,0.669437,1.12945,0.933521,1.10135
5169.325428,1.13327,1.26476,0.809677,0.97397,0.848408,1.14309,1.01781,1.15149,0.524837,0.942459,0.502385,0.835052,0.990017,1.07081,0.536235,0.652799,0.818857,1.09081,1.16691,1.11001,1.05245,0.998562,0.391472,0.884394,0.552987,0.835052,0.822822,0.756019,0.265189,0.591833,0.984665,0.816629,0.837907,0.799617,1.06302,1.12513,0.465766,0.962926,0.667413,1.13084,0.931936,1.10158
5174.310313,1.13426,1.26219,0.811024,0.976063,0.847245,1.1436,1.0151,1.1555,0.523702,0.942512,0.5021,0.836068,0.988963,1.06898,0.536504,0.653127,0.820739,1.09394,1.16757,1.11115,1.05026,0.995939,0.389372,0.884005,0.552779,0.836068,0.821331,0.756582,0.263744,0.592301,0.983774,0.816388,0.839025,0.799771,1.06442,1.12522,0.46455,0.961757,0.665557,1.12954,0.929285,1.10009
5179.304821,1.13698,1.26014,0.811739,0.978093,0.84677,1.14396,1.01521,1.15813,0.522875,0.943287,0.50153,0.836766,0.98767,1.06706,0.536038,0.653215,0.822522,1.09551,1.16924,1.11201,1.05003,0.994839,0.387304,0.884395,0.552406,0.836766,0.819516,0.757035,0.262295,0.592645,0.981834,0.815344,0.840151,0.799444,1.06462,1.12583,0.463437,0.960326,0.664176,1.12915,0.926298,1.09902
5184.30898,1.14048,1.26061,0.812935,0.978937,0.845866,1.14444,1.01574,1.15847,0.522109,0.944345,0.50085,0.837678,0.986743,1.06498,0.535354,0.65316,0.823604,1.09715,1.17044,1.1116,1.05113,0.995248,0.385366,0.885425,0.551938,0.837678,0.81773,0.757303,0.260466,0.593276,0.979316,0.813896,0.841885,0.800222,1.06414,1.12622,0.462237,0.959484,0.662988,1.1302,0.923925,1.0995
5189.322819,1.1435,1.26194,0.813662,0.978539,0.84409,1.14481,1.0146,1.15883,0.521449,0.944473,0.499171,0.837108,0.983627,1.06234,0.533981,0.651549,0.822547,1.09772,1.17093,1.11023,1.05114,0.995178,0.383898,0.885514,0.550912,0.837108,0.815999,0.757558,0.258853,0.592985,0.976123,0.812249,0.842085,0.800333,1.06278,1.12695,0.460764,0.95759,0.661623,1.12968,0.92139,1.09884
5194.346364,1.1463,1.2622,0.814274,0.97956,0.842604,1.14426,1.01441,1.15957,0.520997,0.945609,0.496882,0.835344,0.980149,1.06014,0.532273,0.649309,0.820222,1.09595,1.17206,1.10907,1.04928,0.99445,0.382768,0.884407,0.550166,0.835344,0.814126,0.758371,0.25771,0.592544,0.97349,0.811439,0.8414,0.799216,1.06108,1.12878,0.459287,0.955128,0.660328,1.12817,0.919853,1.09699
5199.379646,1.14931,1.26224,0.81603,0.983582,0.842169,1.14326,1.0159,1.15845,0.520481,0.947323,0.495592,0.834947,0.978921,1.05906,0.531719,0.648534,0.818361,1.09279,1.17286,1.10866,1.04753,0.994325,0.381974,0.883316,0.550893,0.834947,0.813294,0.759256,0.256558,0.59336,0.972314,0.811675,0.841946,0.798949,1.06008,1.12898,0.458007,0.952729,0.659437,1.12637,0.92104,1.09506
5204.422691,1.15299,1.2631,0.818953,0.989872,0.842619,1.14265,1.01769,1.15568,0.519731,0.947973,0.495493,0.836245,0.979367,1.05909,0.532324,0.648703,0.817141,1.08998,1.17244,1.10931,1.04688,0.994733,0.3817,0.883296,0.552345,0.836245,0.814441,0.759585,0.256029,0.594425,0.971747,0.811778,0.842663,0.799542,1.05922,1.12839,0.457368,0.951625,0.658481,1.12515,0.923409,1.09294
5209.475528,1.15713,1.26472,0.822907,0.996339,0.843588,1.14275,1.01928,1.15263,0.518807,0.948481,0.495587,0.837944,0.980318,1.06026,0.532926,0.648959,0.816633,1.08876,1.17041,1.11053,1.04656,0.994035,0.381719,0.882768,0.553077,0.837944,0.815786,0.75976,0.256819,0.594846,0.970927,0.811877,0.84245,0.799996,1.05752,1.12818,0.457073,0.952339,0.657465,1.12376,0.924323,1.09159
5214.538187,1.1609,1.26697,0.82779,1.00201,0.845194,1.1433,1.02001,1.15045,0.518213,0.948718,0.495453,0.839051,0.98046,1.06125,0.5332,0.649239,0.815844,1.08736,1.16918,1.11157,1.04617,0.992166,0.381496,0.880809,0.552921,0.839051,0.816276,0.760027,0.25795,0.594831,0.970187,0.812318,0.841743,0.800111,1.05493,1.12789,0.456656,0.953728,0.657134,1.12224,0.923008,1.09053
5219.610695,1.16404,1.27013,0.833735,1.00829,0.847471,1.14463,1.02019,1.14999,0.517918,0.948338,0.495315,0.840115,0.979845,1.06165,0.533602,0.649547,0.813819,1.08582,1.16933,1.11274,1.04582,0.990614,0.381139,0.879947,0.552447,0.840115,0.816709,0.76005,0.258428,0.594554,0.969939,0.813203,0.841378,0.800577,1.05304,1.12812,0.456139,0.95534,0.657363,1.12169,0.921067,1.08929
5224.693081,1.1667,1.27346,0.840457,1.01593,0.849994,1.14603,1.02003,1.15052,0.51764,0.948185,0.49549,0.841322,0.979616,1.06287,0.533985,0.65008,0.811468,1.08521,1.17003,1.11456,1.04635,0.990075,0.380853,0.880535,0.552443,0.841322,0.816931,0.759309,0.258226,0.594703,0.969789,0.814064,0.841741,0.801724,1.05346,1.12836,0.455462,0.957143,0.657697,1.12223,0.919622,1.08841
5229.785375,1.16993,1.27452,0.847952,1.02424,0.852564,1.14679,1.01909,1.15067,0.517385,0.948963,0.495938,0.842732,0.979301,1.06489,0.53407,0.650806,0.810715,1.08446,1.17025,1.11678,1.04764,0.99035,0.380283,0.88095,0.553398,0.842732,0.817303,0.757933,0.258573,0.595696,0.969501,0.814192,0.842788,0.803332,1.05548,1.12846,0.455075,0.958234,0.658191,1.12518,0.917788,1.08843
5234.887604,1.17553,1.2744,0.856264,1.03175,0.854482,1.14787,1.01731,1.15103,0.517238,0.950185,0.496606,0.844924,0.978795,1.06732,0.534474,0.651485,0.811875,1.08432,1.17008,1.1186,1.04808,0.991386,0.379507,0.882008,0.55459,0.844924,0.818109,0.75708,0.26006,0.596886,0.970375,0.814683,0.84453,0.80496,1.058,1.12892,0.455098,0.958249,0.658749,1.12811,0.916117,1.08947
5239.999799,1.18153,1.27475,0.864379,1.03805,0.856211,1.14927,1.01513,1.15188,0.517814,0.950836,0.497294,0.847476,0.97937,1.07012,0.535572,0.651839,0.813616,1.08598,1.17094,1.11859,1.04758,0.993315,0.379055,0.884015,0.555011,0.847476,0.818464,0.756895,0.262134,0.597664,0.972146,0.816023,0.846319,0.80595,1.05942,1.12983,0.455125,0.958054,0.658877,1.12855,0.914687,1.09056
5245.121989,1.18656,1.27539,0.8718,1.04382,0.85949,1.15079,1.01385,1.15247,0.518776,0.950875,0.497458,0.849406,0.97961,1.07208,0.536253,0.652108,0.815023,1.08777,1.17103,1.11759,1.04768,0.994792,0.378758,0.885854,0.554594,0.849406,0.818274,0.756555,0.260648,0.597755,0.972393,0.816788,0.847321,0.8066,1.05875,1.13185,0.455118,0.958487,0.658698,1.12865,0.912519,1.09191
5250.254202,1.19012,1.27714,0.879095,1.04919,0.863352,1.15118,1.0141,1.15304,0.519283,0.95115,0.49736,0.850515,0.979227,1.07309,0.53631,0.652838,0.815831,1.08807,1.1695,1.11612,1.04857,0.996049,0.378289,0.887635,0.554008,0.850515,0.817938,0.756899,0.260583,0.597552,0.971402,0.816598,0.848244,0.807521,1.05739,1.13385,0.454782,0.95977,0.658563,1.12974,0.911051,1.09384
5255.396468,1.1925,1.28057,0.886194,1.0542,0.866377,1.15066,1.01433,1.15365,0.519606,0.951667,0.497296,0.850852,0.979887,1.07365,0.536208,0.653368,0.81584,1.08833,1.16689,1.11395,1.04934,0.997906,0.377811,0.88862,0.553773,0.850852,0.81751,0.758334,0.260555,0.597483,0.97144,0.816781,0.849302,0.808619,1.05601,1.13444,0.454118,0.960842,0.658342,1.13092,0.910931,1.09533
5260.548818,1.1963,1.28488,0.89294,1.06015,0.869138,1.15088,1.01415,1.1554,0.520077,0.952644,0.497034,0.849605,0.980624,1.07302,0.535601,0.653021,0.815195,1.08853,1.16471,1.11146,1.04893,0.99868,0.377209,0.888815,0.554113,0.849605,0.81661,0.759977,0.260989,0.597971,0.972678,0.81751,0.849887,0.809363,1.05435,1.1353,0.453646,0.961383,0.658216,1.13275,0.91106,1.09637
5265.71128,1.20107,1.28916,0.900766,1.06804,0.871847,1.15266,1.01437,1.15792,0.520417,0.95468,0.496889,0.84752,0.979999,1.071,0.53477,0.652637,0.814461,1.08743,1.16358,1.1096,1.0473,0.998981,0.376742,0.889255,0.554934,0.84752,0.815489,0.761313,0.261425,0.599354,0.972771,0.818398,0.850241,0.809865,1.05192,1.13537,0.453331,0.961597,0.658251,1.13586,0.912336,1.09984
5270.883884,1.20651,1.29158,0.909704,1.07644,0.874319,1.15547,1.01473,1.15892,0.520482,0.956628,0.497233,0.846378,0.978264,1.06845,0.534451,0.652864,0.813644,1.0864,1.16177,1.11037,1.04569,1.00021,0.376519,0.889642,0.555948,0.846378,0.814899,0.762536,0.261578,0.60096,0.971031,0.819325,0.849909,0.810218,1.04817,1.13334,0.453178,0.961728,0.658332,1.13771,0.915116,1.1044
5276.066661,1.21327,1.29296,0.918697,1.08474,0.876557,1.15784,1.0161,1.15931,0.520545,0.958001,0.497857,0.846784,0.976796,1.06702,0.534689,0.65325,0.813453,1.08691,1.16001,1.11205,1.04509,1.00106,0.3763,0.88984,0.556976,0.846784,0.814816,0.764207,0.26226,0.602185,0.969499,0.819886,0.848684,0.810223,1.04422,1.13249,0.453421,0.963827,0.658757,1.13723,0.917197,1.1073
5281.25964,1.22041,1.29686,0.928908,1.09272,0.879672,1.15978,1.01805,1.16041,0.52086,0.959428,0.498433,0.847439,0.975031,1.06646,0.534839,0.653264,0.813488,1.0881,1.16003,1.11292,1.04619,1.00022,0.376184,0.889304,0.557743,0.847439,0.814963,0.766067,0.263367,0.603085,0.967642,0.820564,0.847682,0.810497,1.04165,1.13284,0.453642,0.967484,0.659677,1.13604,0.917349,1.10895
5286.462851,1.22594,1.30176,0.940627,1.1017,0.884088,1.16133,1.01867,1.16185,0.521253,0.960325,0.499173,0.847902,0.973408,1.06675,0.535098,0.653398,0.81291,1.0902,1.16152,1.11412,1.04874,0.999106,0.375751,0.888198,0.55811,0.847902,0.815399,0.766984,0.263783,0.603947,0.964843,0.821636,0.847709,0.811108,1.04088,1.13296,0.453703,0.970974,0.661362,1.13707,0.916973,1.11028
5291.676326,1.22863,1.30389,0.951518,1.11357,0.888237,1.16302,1.01846,1.16418,0.521324,0.961304,0.500275,0.849304,0.972863,1.06805,0.535498,0.654094,0.812968,1.09278,1.16172,1.11529,1.05194,0.999791,0.375156,0.888118,0.558556,0.849304,0.815478,0.76633,0.263842,0.604693,0.962218,0.82212,0.847686,0.811455,1.04212,1.13315,0.453944,0.973819,0.663496,1.13995,0.918116,1.11194
5296.900093,1.23009,1.30403,0.961457,1.12632,0.891469,1.16678,1.01852,1.16723,0.521339,0.963287,0.50144,0.851341,0.972594,1.07057,0.535639,0.655025,0.814315,1.09393,1.16008,1.1159,1.05533,1.0018,0.374943,0.889127,0.559566,0.851341,0.815072,0.765366,0.264393,0.605611,0.960085,0.822045,0.847109,0.81195,1.04413,1.13341,0.454358,0.975086,0.665463,1.1434,0.920164,1.1134
5302.134184,1.23428,1.30478,0.970529,1.13794,0.894254,1.17232,1.01908,1.16957,0.521508,0.965406,0.502508,0.852984,0.972359,1.07495,0.53607,0.656072,0.816691,1.09373,1.15826,1.11695,1.05832,1.00409,0.375107,0.890723,0.560612,0.852984,0.815074,0.764996,0.265303,0.606697,0.95935,0.822115,0.84681,0.813025,1.04554,1.13311,0.455177,0.974669,0.66751,1.14788,0.922268,1.11445
5307.378629,1.24117,1.3075,0.978235,1.14851,0.897362,1.17751,1.01998,1.17103,0.522177,0.967187,0.503496,0.854887,0.972499,1.0793,0.537001,0.656965,0.819019,1.09414,1.15741,1.11825,1.06033,1.00634,0.375678,0.892664,0.5611,0.854887,0.815553,0.765475,0.265742,0.607519,0.960649,0.822581,0.846593,0.814743,1.04689,1.132,0.456255,0.973985,0.66969,1.15113,0.92486,1.1147
5312.63346,1.24491,1.3115,0.985428,1.15803,0.901351,1.18016,1.02132,1.17184,0.523465,0.968695,0.504342,0.858062,0.974198,1.08243,0.538279,0.658059,0.82126,1.09567,1.15747,1.11866,1.06202,1.00793,0.37644,0.89431,0.561362,0.858062,0.816503,0.766598,0.265732,0.608387,0.96319,0.822949,0.846852,0.817162,1.04889,1.13151,0.457039,0.974686,0.671691,1.15306,0.926577,1.11434
5317.898706,1.24487,1.31382,0.99173,1.16545,0.905589,1.1802,1.02307,1.1725,0.524349,0.96974,0.504694,0.861365,0.977603,1.08482,0.539827,0.660014,0.823422,1.09594,1.15775,1.11832,1.06358,1.00869,0.377216,0.895344,0.561595,0.861365,0.818006,0.767776,0.265788,0.60929,0.965927,0.822918,0.847463,0.819499,1.05087,1.13275,0.457456,0.97627,0.673005,1.15483,0.926779,1.11414
5323.174399,1.245,1.3145,0.995648,1.1689,0.90795,1.17908,1.02408,1.17372,0.524421,0.970612,0.503984,0.862616,0.980397,1.08557,0.540234,0.660978,0.823255,1.09434,1.15772,1.11748,1.06343,1.01022,0.378462,0.895218,0.560921,0.862616,0.818431,0.768968,0.266237,0.609234,0.967523,0.823091,0.847119,0.820593,1.05084,1.13528,0.457352,0.977369,0.672825,1.15448,0.925488,1.11216
5328.46057,1.24579,1.31573,0.997131,1.16987,0.908476,1.17844,1.02502,1.17567,0.52444,0.972034,0.502883,0.86172,0.981369,1.08425,0.539227,0.660532,0.821461,1.09241,1.15764,1.118,1.06122,1.01185,0.379991,0.894635,0.560155,0.86172,0.817882,0.770061,0.266973,0.608754,0.968432,0.82418,0.846573,0.821732,1.04985,1.13765,0.457508,0.978895,0.671877,1.15297,0.923547,1.10945
5333.757251,1.24597,1.3173,0.996748,1.17163,0.908836,1.17895,1.02729,1.17794,0.524809,0.973205,0.50189,0.860721,0.980511,1.08267,0.538324,0.660084,0.819819,1.09132,1.15866,1.11845,1.0581,1.01179,0.381285,0.89529,0.560322,0.860721,0.817882,0.770983,0.267328,0.608883,0.969337,0.82595,0.846834,0.823587,1.04982,1.13778,0.458267,0.980943,0.671501,1.15273,0.922074,1.11015
5339.064472,1.24559,1.3173,0.995074,1.17251,0.908874,1.18171,1.02916,1.17992,0.525274,0.973533,0.500952,0.86031,0.978062,1.08138,0.537809,0.659328,0.818489,1.09152,1.16005,1.11826,1.05553,1.01149,0.382442,0.8968,0.560719,0.86031,0.817917,0.772179,0.267355,0.609098,0.96863,0.828073,0.847665,0.824731,1.04923,1.13659,0.45882,0.982598,0.67129,1.15231,0.921232,1.1134
5344.382265,1.24794,1.31585,0.993627,1.17117,0.908959,1.18517,1.02994,1.18032,0.525648,0.974334,0.50066,0.860402,0.97681,1.0799,0.53799,0.658543,0.818618,1.09368,1.16162,1.12038,1.05464,1.01133,0.38311,0.898468,0.561677,0.860402,0.818328,0.773794,0.267761,0.609467,0.966879,0.830152,0.848834,0.825432,1.04851,1.13719,0.45943,0.985084,0.670738,1.14963,0.920439,1.11491
5349.710662,1.25112,1.3153,0.993692,1.17008,0.909787,1.18618,1.03076,1.18005,0.526076,0.97631,0.501053,0.860986,0.977343,1.07937,0.539164,0.658264,0.820107,1.09706,1.16441,1.12291,1.05514,1.01071,0.383257,0.900304,0.563677,0.860986,0.819794,0.774928,0.26844,0.610176,0.966295,0.832422,0.850969,0.826343,1.05016,1.13846,0.46024,0.989297,0.670589,1.14643,0.919212,1.11429
5355.049695,1.25173,1.31554,0.99615,1.16995,0.912103,1.18478,1.03044,1.1812,0.526502,0.977965,0.502057,0.861714,0.978007,1.08046,0.54046,0.658267,0.821743,1.10063,1.16911,1.12421,1.0564,1.01043,0.383473,0.901709,0.565931,0.861714,0.821808,0.775317,0.268358,0.611404,0.966099,0.83525,0.854344,0.827929,1.05338,1.13955,0.460711,0.992883,0.670779,1.14607,0.918448,1.11283
5360.399395,1.25116,1.3151,0.99993,1.17124,0.91482,1.18276,1.0287,1.18223,0.526749,0.97858,0.503709,0.862991,0.979548,1.08416,0.541434,0.658616,0.823851,1.10515,1.17299,1.12702,1.05715,1.01052,0.383424,0.902035,0.567973,0.862991,0.823281,0.775553,0.267786,0.613208,0.966151,0.837543,0.858188,0.829399,1.05624,1.14258,0.461154,0.995356,0.670988,1.14811,0.918957,1.11228
5365.759794,1.24999,1.31412,1.0028,1.17387,0.915851,1.18337,1.02692,1.1833,0.527087,0.980637,0.505126,0.865223,0.981804,1.08875,0.542225,0.659707,0.826775,1.10872,1.17501,1.131,1.05714,1.0115,0.382987,0.902551,0.569842,0.865223,0.82416,0.776104,0.2685,0.614551,0.967114,0.838485,0.861633,0.829628,1.05909,1.14706,0.461869,0.998053,0.671292,1.15027,0.920767,1.11435
5371.130925,1.24935,1.31551,1.00539,1.176,0.915737,1.18854,1.0254,1.18539,0.527512,0.984321,0.506291,0.867702,0.983641,1.09241,0.543037,0.661008,0.829496,1.11021,1.17844,1.13489,1.05767,1.01321,0.382722,0.904058,0.571408,0.867702,0.825461,0.777373,0.270412,0.615814,0.969183,0.839118,0.865161,0.830497,1.06239,1.15054,0.462521,1.00068,0.671803,1.15231,0.922989,1.11705
5376.51282,1.25167,1.31934,1.0076,1.17726,0.915783,1.19391,1.02439,1.18537,0.528322,0.987265,0.508116,0.869562,0.985303,1.09585,0.544434,0.662308,0.831506,1.11157,1.18338,1.13935,1.05896,1.01464,0.382557,0.905604,0.572761,0.869562,0.827273,0.77861,0.27171,0.617684,0.972698,0.839816,0.868949,0.833005,1.06653,1.15219,0.463311,1.00346,0.673292,1.15471,0.925303,1.11938
5381.905511,1.25428,1.32383,1.0092,1.17823,0.916897,1.19683,1.0237,1.18394,0.530047,0.990164,0.510449,0.871706,0.987697,1.09819,0.546472,0.664127,0.832915,1.11349,1.18799,1.14474,1.06052,1.0154,0.382333,0.906848,0.574234,0.871706,0.829304,0.779807,0.272028,0.619335,0.976594,0.840272,0.87247,0.836876,1.07154,1.15334,0.464322,1.00625,0.675748,1.15745,0.927598,1.12231
5387.30903,1.25376,1.32766,1.00988,1.17857,0.918083,1.19762,1.02382,1.18449,0.531956,0.993387,0.512803,0.874753,0.991512,1.10146,0.548522,0.666618,0.834562,1.11605,1.192,1.15048,1.06295,1.0161,0.382236,0.907906,0.575956,0.874753,0.831433,0.781705,0.272435,0.620774,0.980778,0.841028,0.876978,0.841378,1.07661,1.15572,0.465294,1.00894,0.678281,1.1619,0.928637,1.12644
5392.723411,1.25411,1.3278,1.00742,1.17672,0.91701,1.19557,1.02533,1.18704,0.533156,0.996111,0.513429,0.875938,0.992993,1.10489,0.548677,0.667637,0.834636,1.11591,1.19472,1.15407,1.065,1.01809,0.38308,0.908858,0.576207,0.875938,0.831795,0.78323,0.273815,0.620688,0.981729,0.842231,0.879824,0.84527,1.07889,1.15925,0.466259,1.01044,0.679174,1.16553,0.927879,1.13028
5398.148686,1.25634,1.32526,1.00296,1.17187,0.913496,1.19283,1.0275,1.19119,0.533898,0.998233,0.51188,0.873753,0.988824,1.1038,0.545851,0.665571,0.831265,1.11085,1.19502,1.15574,1.06547,1.02116,0.385054,0.90993,0.574427,0.873753,0.829579,0.783358,0.277949,0.618445,0.977028,0.843975,0.87962,0.848915,1.07767,1.16363,0.467414,1.01028,0.678944,1.16542,0.926227,1.13295
5403.584888,1.25571,1.32314,0.998825,1.16763,0.910149,1.19253,1.03052,1.19646,0.534721,0.999836,0.511159,0.871773,0.983417,1.10172,0.543133,0.664013,0.827952,1.10537,1.19449,1.158,1.06629,1.02415,0.387243,0.911606,0.573713,0.871773,0.828445,0.783372,0.276451,0.617165,0.97271,0.846392,0.881329,0.853661,1.07874,1.16805,0.469501,1.01097,0.680182,1.16523,0.926281,1.13738
5409.03205,1.25414,1.32096,0.994025,1.16548,0.908775,1.19503,1.03402,1.20141,0.535995,1.00151,0.512036,0.872692,0.980725,1.10351,0.543031,0.664541,0.82754,1.10355,1.19598,1.15915,1.0684,1.02699,0.389215,0.913996,0.57489,0.872692,0.82972,0.784554,0.275082,0.617736,0.971827,0.849075,0.886092,0.859116,1.08302,1.17033,0.472196,1.01241,0.682731,1.16722,0.928005,1.14289
5414.490206,1.25526,1.31725,0.98847,1.16262,0.908851,1.20004,1.03687,1.20603,0.537735,1.00386,0.513464,0.874422,0.980643,1.10619,0.544153,0.665167,0.829033,1.10505,1.19982,1.1602,1.07129,1.02969,0.391017,0.916498,0.576476,0.874422,0.831481,0.786027,0.27469,0.618872,0.972008,0.852186,0.891809,0.863743,1.0872,1.17279,0.47454,1.01434,0.685098,1.16947,0.930793,1.14659
5419.959388,1.25713,1.31389,0.984566,1.16021,0.909708,1.20394,1.03992,1.2103,0.539253,1.00647,0.514922,0.875029,0.982067,1.1072,0.545525,0.665441,0.830879,1.10809,1.20505,1.16328,1.07479,1.03196,0.392959,0.918609,0.578028,0.875029,0.83353,0.786762,0.274909,0.620214,0.972167,0.855689,0.897232,0.867516,1.09177,1.1766,0.476805,1.01712,0.686933,1.17017,0.934164,1.14855
5425.43963,1.25548,1.31312,0.983483,1.16052,0.911067,1.20479,1.04381,1.21463,0.540557,1.00968,0.516799,0.876627,0.984664,1.10924,0.547873,0.666674,0.83348,1.113,1.2122,1.16663,1.0789,1.03463,0.395086,0.920661,0.579925,0.876627,0.836329,0.787334,0.274288,0.622201,0.97412,0.859547,0.903962,0.871274,1.09762,1.17915,0.479054,1.01923,0.689135,1.17245,0.937474,1.14928
5430.930965,1.25231,1.31384,0.984265,1.16168,0.912403,1.20541,1.04705,1.21944,0.542049,1.01295,0.519165,0.880532,0.988614,1.11259,0.550048,0.668612,0.837048,1.11906,1.21989,1.17027,1.08137,1.03711,0.397052,0.92255,0.582169,0.880532,0.838599,0.788513,0.272853,0.624925,0.97796,0.863312,0.911891,0.876145,1.10349,1.18145,0.480977,1.02075,0.691442,1.17753,0.941032,1.14825
5436.433428,1.25271,1.31505,0.984874,1.16132,0.912574,1.20742,1.0491,1.22311,0.543196,1.01597,0.52059,0.883414,0.991983,1.11626,0.550105,0.669079,0.839174,1.12272,1.22438,1.17459,1.08217,1.03809,0.398819,0.923593,0.58381,0.883414,0.839257,0.790173,0.272921,0.626944,0.980458,0.865577,0.918374,0.880785,1.108,1.18466,0.482828,1.02431,0.693083,1.18052,0.942845,1.14627
5441.947053,1.25335,1.31861,0.985688,1.16101,0.912951,1.21186,1.05098,1.22629,0.544181,1.02059,0.521426,0.885272,0.994855,1.12071,0.550261,0.668983,0.839726,1.12521,1.22835,1.17865,1.08567,1.03905,0.400516,0.925169,0.584991,0.885272,0.839911,0.791757,0.275524,0.628302,0.983091,0.867296,0.924326,0.884016,1.11356,1.18764,0.484775,1.03089,0.695036,1.18223,0.942894,1.1452
5447.471872,1.25265,1.32473,0.988017,1.16224,0.914299,1.21789,1.05297,1.22985,0.545549,1.02543,0.522793,0.887875,0.998008,1.12597,0.551696,0.669411,0.84008,1.12894,1.23471,1.18355,1.09046,1.03993,0.402109,0.927162,0.586476,0.887875,0.84063,0.793124,0.278765,0.630185,0.987619,0.869748,0.929239,0.887303,1.11885,1.1879,0.486498,1.03803,0.697276,1.18474,0.942856,1.14398
5453.007921,1.2525,1.33061,0.990697,1.16301,0.914847,1.22159,1.05488,1.23154,0.547535,1.02812,0.524421,0.889446,0.999573,1.13219,0.553171,0.669972,0.840384,1.13263,1.2416,1.18856,1.0933,1.04003,0.403733,0.928652,0.588017,0.889446,0.840283,0.794536,0.281056,0.632307,0.991798,0.872499,0.931846,0.890381,1.12119,1.18681,0.487902,1.04377,0.699612,1.1861,0.942918,1.14409
5458.555233,1.25224,1.33496,0.992418,1.16304,0.915545,1.22374,1.05694,1.23239,0.54986,1.03102,0.526343,0.890281,1.0016,1.13836,0.554773,0.671483,0.841281,1.13727,1.24752,1.19299,1.09581,1.04136,0.405201,0.931269,0.58992,0.890281,0.840285,0.796278,0.283045,0.634044,0.995041,0.87569,0.934361,0.893334,1.1228,1.18727,0.489465,1.04886,0.702539,1.18818,0.943526,1.14715
5464.113843,1.25279,1.33648,0.992661,1.16371,0.916447,1.22426,1.0593,1.23438,0.551926,1.03506,0.528546,0.89132,1.00488,1.14447,0.55626,0.673722,0.842544,1.14186,1.25123,1.19635,1.09921,1.04388,0.406223,0.934834,0.59236,0.89132,0.841845,0.798303,0.285976,0.635278,0.996994,0.879111,0.936643,0.896161,1.12431,1.18956,0.491184,1.05348,0.705051,1.19324,0.944403,1.15005
5469.683786,1.25601,1.33637,0.991458,1.16309,0.915699,1.22251,1.06139,1.2357,0.553452,1.03855,0.52972,0.891375,1.0049,1.14919,0.556514,0.67504,0.842897,1.14181,1.25136,1.19714,1.10215,1.04681,0.407635,0.937978,0.594033,0.891375,0.843451,0.800026,0.290107,0.6355,0.995837,0.88237,0.936438,0.898711,1.12422,1.19223,0.492776,1.05658,0.705876,1.19779,0.945127,1.15159
5475.265096,1.25958,1.33946,0.990073,1.16073,0.914706,1.2213,1.06237,1.23703,0.554725,1.0409,0.53046,0.891138,1.00318,1.1502,0.556189,0.676079,0.842599,1.13909,1.24798,1.19749,1.10547,1.05057,0.409471,0.940601,0.59523,0.891138,0.844741,0.801783,0.294129,0.635892,0.993233,0.885472,0.9362,0.901781,1.12389,1.19417,0.494566,1.05873,0.706654,1.20126,0.946761,1.15464
5480.857808,1.26116,1.34492,0.987992,1.15813,0.915864,1.222,1.06305,1.24102,0.556265,1.0432,0.53291,0.893109,1.00477,1.15086,0.557559,0.678895,0.844166,1.13974,1.24576,1.19953,1.10981,1.05444,0.410919,0.942843,0.597214,0.893109,0.847619,0.804295,0.292873,0.638445,0.993192,0.888665,0.93836,0.905076,1.12576,1.19692,0.496783,1.06233,0.709135,1.20669,0.949756,1.15892
5486.461957,1.26256,1.34676,0.983712,1.15426,0.917495,1.22429,1.06459,1.24709,0.557892,1.04694,0.536131,0.895851,1.00847,1.15375,0.560205,0.682232,0.848007,1.14216,1.24947,1.20288,1.11338,1.05786,0.411943,0.944918,0.599585,0.895851,0.851609,0.807096,0.294622,0.641346,0.995228,0.891476,0.940885,0.908021,1.12793,1.19979,0.498869,1.06619,0.711893,1.21286,0.952849,1.16269
5492.077578,1.26367,1.34696,0.978148,1.14999,0.917687,1.22626,1.06744,1.25264,0.55936,1.05092,0.538391,0.897398,1.01199,1.15551,0.562586,0.68436,0.851196,1.14332,1.25582,1.20739,1.1164,1.06099,0.412824,0.947179,0.601392,0.897398,0.855268,0.809486,0.296277,0.642758,0.996285,0.893568,0.943315,0.910388,1.12924,1.20224,0.500773,1.06977,0.71415,1.21696,0.956267,1.1678
5497.704707,1.26245,1.35035,0.972664,1.14711,0.916942,1.2259,1.07066,1.25677,0.560718,1.05345,0.540039,0.89904,1.01435,1.15485,0.56476,0.685565,0.85298,1.1445,1.26263,1.21225,1.1199,1.06351,0.413647,0.949323,0.602659,0.89904,0.857986,0.811153,0.29719,0.644118,0.99607,0.895657,0.947492,0.91373,1.13149,1.20499,0.502702,1.07483,0.716232,1.21936,0.959897,1.17336
5503.343378,1.25959,1.35436,0.966661,1.1454,0.915854,1.22363,1.07378,1.26053,0.5622,1.0565,0.542023,0.902284,1.01572,1.15487,0.566956,0.686917,0.855805,1.1476,1.27189,1.21807,1.12425,1.06683,0.414414,0.950881,0.6042,0.902284,0.859956,0.812549,0.297365,0.6463,0.997575,0.898216,0.954143,0.919541,1.13659,1.20943,0.504458,1.07956,0.718394,1.22342,0.962883,1.17664
5508.993628,1.25738,1.35488,0.959903,1.14267,0.914686,1.22269,1.07721,1.265,0.563887,1.05996,0.543549,0.905999,1.01749,1.1552,0.568078,0.687793,0.858866,1.15163,1.27898,1.22504,1.12886,1.07068,0.41524,0.952007,0.605378,0.905999,0.861178,0.813795,0.298106,0.64814,0.999771,0.901251,0.961783,0.926868,1.14443,1.21526,0.50638,1.08237,0.720708,1.22739,0.965418,1.17827
5514.655492,1.25697,1.35344,0.95326,1.1376,0.913476,1.22538,1.0813,1.27008,0.565216,1.06237,0.54395,0.907717,1.01881,1.1557,0.567871,0.687529,0.859572,1.15296,1.28263,1.23121,1.13496,1.07372,0.416496,0.953445,0.605657,0.907717,0.861043,0.814409,0.300015,0.649356,1.00067,0.903937,0.969582,0.933815,1.15242,1.22067,0.508826,1.08559,0.723036,1.22809,0.966688,1.18045
5520.329006,1.25629,1.35242,0.948437,1.1332,0.912984,1.23076,1.0867,1.27407,0.566654,1.06452,0.544329,0.907999,1.0188,1.15855,0.568257,0.686937,0.859265,1.1528,1.28888,1.23783,1.14253,1.07741,0.418481,0.955646,0.606114,0.907999,0.860344,0.814782,0.301978,0.650702,1.00253,0.906534,0.978204,0.940653,1.15956,1.22562,0.511189,1.09079,0.725429,1.22638,0.967579,1.18343
5526.014206,1.2548,1.34833,0.946241,1.13109,0.912324,1.23521,1.09251,1.27717,0.56896,1.06621,0.544725,0.907508,1.01703,1.16333,0.568197,0.685915,0.859349,1.15335,1.29662,1.24537,1.14768,1.08153,0.420711,0.95829,0.606805,0.907508,0.859924,0.816278,0.303132,0.651369,1.00366,0.909607,0.985449,0.947438,1.1652,1.22929,0.512895,1.09624,0.727328,1.22349,0.968639,1.18641
5531.711127,1.25311,1.34069,0.945243,1.12906,0.911208,1.23734,1.09772,1.28038,0.571761,1.06881,0.545285,0.906444,1.01405,1.16966,0.566905,0.685065,0.859399,1.15411,1.30386,1.25158,1.15087,1.08529,0.422876,0.961751,0.607448,0.906444,0.86005,0.818899,0.303785,0.651817,1.00341,0.913593,0.990991,0.952768,1.17056,1.23415,0.514863,1.10224,0.729638,1.22042,0.970085,1.19103
5537.419808,1.25259,1.33356,0.944838,1.12822,0.911151,1.24064,1.10172,1.28403,0.57453,1.07355,0.547159,0.907492,1.01406,1.17714,0.566684,0.68594,0.86046,1.15719,1.30942,1.25672,1.15493,1.08979,0.42484,0.965416,0.609565,0.907492,0.861628,0.821894,0.305029,0.653614,1.00531,0.918733,0.998299,0.958057,1.17806,1.24148,0.51743,1.1101,0.733252,1.22112,0.973371,1.19612
5543.140283,1.25529,1.3286,0.945727,1.12987,0.911679,1.24508,1.10473,1.28893,0.576866,1.07897,0.549654,0.910257,1.01747,1.18453,0.567947,0.688463,0.862125,1.16304,1.31137,1.25974,1.15992,1.09468,0.426669,0.968974,0.613162,0.910257,0.864325,0.824645,0.307483,0.656342,1.00832,0.923691,1.00612,0.96447,1.1858,1.24793,0.520127,1.11905,0.737027,1.22629,0.977636,1.1986
5548.872589,1.25934,1.32849,0.945542,1.13095,0.912435,1.24848,1.10725,1.29238,0.578489,1.08537,0.550789,0.911001,1.01976,1.18964,0.56796,0.690311,0.862181,1.16714,1.31011,1.2596,1.16527,1.10047,0.429265,0.972542,0.61581,0.911001,0.86552,0.826057,0.310086,0.657797,1.00933,0.92802,1.00975,0.971534,1.19118,1.25091,0.522883,1.1278,0.739553,1.23124,0.981424,1.19964
5554.616764,1.26153,1.33295,0.943703,1.13059,0.913323,1.25194,1.1096,1.29476,0.579988,1.09245,0.551412,0.909699,1.01981,1.19211,0.566543,0.690516,0.861236,1.16848,1.30558,1.25995,1.1707,1.10634,0.432797,0.975303,0.616834,0.909699,0.864855,0.82779,0.312755,0.657796,1.00751,0.933132,1.00938,0.977229,1.19404,1.2502,0.525504,1.13509,0.741666,1.23669,0.985159,1.20152
5560.372843,1.26309,1.33657,0.943751,1.13057,0.915409,1.25695,1.11326,1.29926,0.581683,1.09935,0.553303,0.910058,1.02166,1.19552,0.566676,0.691065,0.861692,1.17179,1.30381,1.26232,1.17689,1.11085,0.435987,0.977993,0.617978,0.910058,0.865579,0.830448,0.314952,0.658967,1.00688,0.939393,1.00902,0.980457,1.19607,1.24919,0.528244,1.14233,0.745574,1.2464,0.989488,1.20473
5566.140865,1.2653,1.34018,0.946179,1.13174,0.918338,1.26228,1.11728,1.30397,0.583127,1.10592,0.555663,0.912535,1.02698,1.20147,0.568639,0.692545,0.863292,1.17627,1.30657,1.26595,1.1838,1.11593,0.4382,0.981317,0.62022,0.912535,0.868377,0.832968,0.316929,0.661157,1.00882,0.945355,1.00911,0.982734,1.19628,1.24862,0.531628,1.1499,0.750205,1.25771,0.99387,1.20923
5571.920866,1.26775,1.34691,0.948442,1.13394,0.920806,1.2651,1.12112,1.30818,0.584605,1.11193,0.557137,0.914951,1.03176,1.20721,0.570677,0.69363,0.864449,1.18017,1.30813,1.26842,1.19006,1.12261,0.440324,0.9854,0.622614,0.914951,0.871118,0.835759,0.318768,0.663055,1.01035,0.949456,1.00817,0.984216,1.19333,1.24645,0.535396,1.15751,0.754003,1.26621,0.997058,1.21438
5577.712883,1.26956,1.35365,0.950194,1.13685,0.924406,1.2668,1.12601,1.3119,0.586573,1.11845,0.558527,0.918584,1.0343,1.2126,0.572538,0.694762,0.866714,1.18429,1.30898,1.26887,1.19589,1.12803,0.44266,0.988585,0.625305,0.918584,0.87352,0.83816,0.320867,0.665613,1.0128,0.952898,1.00697,0.984019,1.19027,1.24384,0.538882,1.16514,0.75833,1.27482,1.00054,1.21941
5583.516955,1.27105,1.35707,0.951833,1.13948,0.929205,1.27023,1.13119,1.31543,0.588781,1.12455,0.560042,0.924279,1.03685,1.21874,0.574354,0.696686,0.871291,1.18728,1.30868,1.26941,1.20318,1.13214,0.444748,0.989452,0.628335,0.924279,0.876398,0.840131,0.323477,0.668576,1.01639,0.956914,1.0054,0.982869,1.18885,1.24369,0.541965,1.17138,0.763552,1.28431,1.00502,1.22432
5589.333118,1.27363,1.35842,0.95333,1.14116,0.933174,1.27529,1.13708,1.32112,0.59146,1.12936,0.561647,0.929867,1.04025,1.22289,0.576213,0.698343,0.875859,1.18912,1.30638,1.27032,1.21272,1.13714,0.446826,0.990822,0.63045,0.929867,0.880211,0.842459,0.325862,0.671249,1.01864,0.959909,1.00318,0.982293,1.18723,1.24423,0.545242,1.17507,0.768685,1.29108,1.00956,1.22905
5595.161411,1.27832,1.35899,0.956101,1.14213,0.93657,1.28096,1.14565,1.32857,0.59427,1.13404,0.563962,0.934324,1.04384,1.2257,0.578538,0.699919,0.879879,1.19048,1.30659,1.27105,1.2225,1.14221,0.448833,0.994541,0.632566,0.934324,0.884405,0.844204,0.326844,0.674442,1.02089,0.960959,1.00218,0.982227,1.18532,1.24441,0.549007,1.17825,0.773824,1.29409,1.01471,1.23342
5601.001872,1.28458,1.36021,0.960027,1.14287,0.940385,1.28543,1.1545,1.33399,0.597076,1.13683,0.566713,0.938234,1.04656,1.22892,0.581047,0.701275,0.884819,1.19196,1.30916,1.27346,1.22969,1.14702,0.450596,0.998729,0.635362,0.938234,0.889276,0.845993,0.327064,0.677666,1.02419,0.961762,1.00172,0.982528,1.18515,1.24666,0.552722,1.18228,0.778791,1.29374,1.0198,1.23633
5606.854539,1.29057,1.36188,0.963199,1.1435,0.944184,1.28815,1.16184,1.33755,0.600333,1.13731,0.569542,0.941841,1.04896,1.23266,0.582651,0.701452,0.890502,1.19411,1.30982,1.27796,1.23594,1.15062,0.452012,1.00227,0.637746,0.941841,0.894982,0.849623,0.327735,0.680151,1.02773,0.964289,1.00077,0.982467,1.1868,1.2508,0.556135,1.18652,0.782834,1.29402,1.02302,1.24038
5612.719449,1.29493,1.36375,0.963151,1.14202,0.945893,1.2892,1.16978,1.34326,0.603154,1.1394,0.571509,0.943289,1.04951,1.23588,0.581694,0.699983,0.894127,1.1948,1.30993,1.28134,1.24261,1.15264,0.453561,1.00446,0.638686,0.943289,0.897058,0.853177,0.328873,0.681281,1.03027,0.967205,0.99903,0.980857,1.18602,1.25426,0.559424,1.19194,0.786172,1.2953,1.02556,1.24663
5618.596642,1.2975,1.36915,0.962018,1.14027,0.945674,1.29005,1.17779,1.35282,0.606019,1.14226,0.573483,0.944574,1.04886,1.23813,0.580152,0.69868,0.896772,1.19585,1.31422,1.28336,1.25005,1.15612,0.455582,1.00525,0.640058,0.944574,0.896671,0.855593,0.330417,0.681902,1.03283,0.968913,0.997974,0.979623,1.18361,1.25579,0.563229,1.19724,0.789956,1.29653,1.02991,1.25067
5624.486157,1.30117,1.37538,0.960745,1.13838,0.945579,1.28883,1.18576,1.36281,0.609232,1.1442,0.57481,0.944767,1.04856,1.23847,0.579168,0.697546,0.898127,1.19769,1.32023,1.2847,1.25826,1.16068,0.45827,1.00627,0.642207,0.944767,0.897157,0.856923,0.332446,0.682331,1.03392,0.970043,0.997337,0.981011,1.18155,1.25676,0.567991,1.2016,0.793453,1.29777,1.03444,1.2519
5630.388031,1.30518,1.3798,0.9585,1.1353,0.946811,1.2856,1.19504,1.36876,0.612689,1.14842,0.57564,0.942062,1.04885,1.2367,0.578327,0.695518,0.89754,1.19578,1.32533,1.28569,1.26752,1.16534,0.461786,1.0076,0.644281,0.942062,0.898691,0.857466,0.334409,0.682166,1.03264,0.972558,0.995122,0.984068,1.17982,1.26002,0.573468,1.20765,0.796358,1.29746,1.03803,1.25336
5636.302304,1.30618,1.38164,0.957263,1.13343,0.948613,1.28471,1.20542,1.37129,0.616829,1.15469,0.578941,0.940827,1.05173,1.23694,0.579759,0.695066,0.899067,1.19359,1.33107,1.28853,1.27836,1.17079,0.465321,1.00909,0.647368,0.940827,0.902621,0.859737,0.336695,0.683613,1.0341,0.978245,0.995699,0.986176,1.18072,1.26421,0.579461,1.21551,0.800184,1.29903,1.04279,1.25682
5642.229015,1.30707,1.38118,0.957508,1.13296,0.950524,1.28515,1.21639,1.3737,0.620916,1.16067,0.583287,0.942869,1.05807,1.2411,0.583326,0.69661,0.901937,1.19646,1.3386,1.29274,1.28862,1.17762,0.468365,1.01147,0.650692,0.942869,0.908282,0.862976,0.33892,0.687535,1.03965,0.984511,1.00053,0.987171,1.18536,1.26795,0.58576,1.22342,0.805002,1.30411,1.0482,1.263
5648.168204,1.30895,1.38137,0.956989,1.13177,0.95227,1.28357,1.22623,1.37926,0.624978,1.16542,0.586331,0.945464,1.06497,1.2463,0.586792,0.698029,0.903783,1.20027,1.34577,1.29622,1.29629,1.1847,0.4717,1.01307,0.653826,0.945464,0.914023,0.865617,0.34146,0.69164,1.04429,0.988692,1.00392,0.988118,1.19059,1.27253,0.59222,1.23135,0.809284,1.3094,1.05282,1.26792
5654.119909,1.31057,1.38014,0.955635,1.13142,0.954614,1.28202,1.23627,1.38715,0.628998,1.16972,0.589301,0.94835,1.07026,1.25127,0.589955,0.700354,0.907231,1.20299,1.3524,1.2985,1.30458,1.19066,0.47553,1.01462,0.658201,0.94835,0.92,0.868309,0.34434,0.695552,1.04915,0.992335,1.00611,0.988859,1.19515,1.27738,0.59915,1.23987,0.81375,1.31392,1.05716,1.27076
5660.08417,1.31251,1.37668,0.954718,1.13215,0.957944,1.28316,1.24784,1.39125,0.632338,1.17476,0.592498,0.95198,1.07393,1.25677,0.591997,0.703433,0.912375,1.20503,1.35814,1.30316,1.31578,1.19651,0.479483,1.01663,0.662433,0.95198,0.925428,0.870549,0.347593,0.698744,1.0553,0.996478,1.00895,0.988999,1.19864,1.28104,0.605945,1.24712,0.8192,1.31821,1.06163,1.27415
5666.061028,1.31512,1.37465,0.955076,1.13282,0.961637,1.28543,1.26017,1.39497,0.636386,1.18006,0.596274,0.957432,1.07785,1.26424,0.594254,0.70645,0.918175,1.20873,1.36183,1.3105,1.32902,1.20206,0.48355,1.01895,0.666365,0.957432,0.930923,0.873239,0.350897,0.701635,1.05998,1.0011,1.01162,0.991214,1.20213,1.28484,0.613072,1.25474,0.826314,1.32438,1.0676,1.27882
5672.050522,1.32039,1.37244,0.95765,1.13649,0.967263,1.28755,1.27439,1.40315,0.642395,1.18607,0.601443,0.965105,1.08423,1.27185,0.599037,0.710322,0.925716,1.21598,1.36545,1.31749,1.34305,1.20652,0.487941,1.02264,0.67224,0.965105,0.938285,0.877441,0.353633,0.706093,1.06432,1.00577,1.01475,0.997372,1.20764,1.29,0.621661,1.2646,0.835937,1.33402,1.07614,1.28278
5678.052691,1.32946,1.36968,0.963242,1.14387,0.975721,1.29353,1.28987,1.41022,0.649369,1.193,0.606871,0.97311,1.09155,1.27987,0.604886,0.714858,0.935053,1.22351,1.3697,1.3243,1.35496,1.21156,0.492448,1.02652,0.680419,0.97311,0.947387,0.882942,0.356184,0.711064,1.06898,1.00955,1.01922,1.00547,1.21403,1.29591,0.631422,1.27542,0.847531,1.34384,1.08545,1.28612
5684.067578,1.33838,1.37265,0.969523,1.15059,0.985174,1.30386,1.30501,1.41251,0.656493,1.20011,0.612001,0.981748,1.09652,1.28754,0.609657,0.718408,0.94455,1.22745,1.37255,1.33342,1.36234,1.21842,0.49722,1.02951,0.689791,0.981748,0.956543,0.890186,0.359801,0.714892,1.07153,1.01217,1.02336,1.01373,1.2212,1.30103,0.642549,1.28404,0.859635,1.3531,1.09335,1.2931
5690.095221,1.34499,1.37933,0.974981,1.15731,0.995015,1.31377,1.32127,1.41436,0.664096,1.20906,0.617233,0.991085,1.10011,1.29208,0.613229,0.720728,0.954032,1.22884,1.37585,1.34433,1.36981,1.22318,0.502738,1.03218,0.700357,0.991085,0.964024,0.899088,0.363814,0.717382,1.07295,1.01493,1.02841,1.02156,1.22719,1.30334,0.655974,1.29261,0.872647,1.36498,1.10187,1.30118
5696.135662,1.35023,1.38756,0.982583,1.16594,1.00569,1.3202,1.33941,1.42009,0.673499,1.22091,0.622759,0.999913,1.10289,1.29393,0.616361,0.723313,0.964146,1.22925,1.38268,1.35345,1.38149,1.22546,0.509046,1.03471,0.712245,0.999913,0.969738,0.90872,0.366994,0.717918,1.07495,1.01806,1.03607,1.03034,1.22989,1.30334,0.672656,1.30343,0.887634,1.37892,1.11204,1.30623
5702.188941,1.35439,1.40119,0.995772,1.17642,1.0186,1.3253,1.3599,1.42645,0.686423,1.2322,0.630085,1.01175,1.1076,1.29744,0.622047,0.728087,0.977054,1.23219,1.39219,1.36193,1.39666,1.23039,0.515624,1.03783,0.727509,1.01175,0.97925,0.919039,0.369807,0.719666,1.07965,1.02228,1.04749,1.04222,1.23535,1.30468,0.694233,1.31668,0.904815,1.39357,1.12406,1.31027
5708.255099,1.3582,1.4143,1.01295,1.18814,1.03234,1.32925,1.38292,1.43092,0.701578,1.24118,0.63888,1.02705,1.11559,1.30488,0.630967,0.734407,0.992938,1.23848,1.40115,1.37135,1.412,1.23878,0.522513,1.04127,0.746172,1.02705,0.995106,0.930431,0.373292,0.724368,1.08724,1.02886,1.0631,1.05638,1.24305,1.3092,0.720514,1.33697,0.923598,1.40479,1.13743,1.31601
5714.334178,1.36078,1.4222,1.03227,1.20347,1.04675,1.33365,1.40522,1.43731,0.717273,1.25056,0.648835,1.04456,1.12548,1.31278,0.641706,0.742184,1.01204,1.24606,1.41026,1.37793,1.42546,1.24946,0.52945,1.04463,0.765862,1.04456,1.013,0.943129,0.377411,0.729624,1.09562,1.03618,1.0817,1.07102,1.2523,1.31628,0.749648,1.36252,0.944408,1.41491,1.14994,1.32173
5720.426219,1.3612,1.42686,1.05284,1.22284,1.06378,1.33823,1.4274,1.44738,0.735049,1.26374,0.660593,1.0637,1.13713,1.32063,0.654087,0.751959,1.0346,1.25653,1.41895,1.37941,1.43732,1.26303,0.536123,1.04872,0.786698,1.0637,1.03204,0.957166,0.381885,0.735278,1.10606,1.04323,1.1031,1.08701,1.26678,1.32284,0.78128,1.38687,0.968367,1.43143,1.162,1.32659
5726.531263,1.36241,1.42933,1.07415,1.24335,1.08165,1.34184,1.44845,1.4602,0.754069,1.27781,0.673915,1.08473,1.15081,1.33138,0.66836,0.763578,1.05807,1.27031,1.42525,1.3794,1.44813,1.27645,0.54268,1.05272,0.80922,1.08473,1.0536,0.971692,0.386787,0.743377,1.11983,1.05022,1.12653,1.10382,1.28466,1.32667,0.814906,1.40824,0.992769,1.45506,1.17494,1.33578
5732.649352,1.36801,1.43319,1.09202,1.26234,1.09818,1.34331,1.46439,1.4722,0.770245,1.28714,0.68549,1.10385,1.16143,1.34001,0.68069,0.773394,1.07636,1.27997,1.43015,1.37711,1.45773,1.28635,0.549772,1.05428,0.830275,1.10385,1.07253,0.984976,0.39127,0.750683,1.12998,1.0552,1.1479,1.11764,1.29941,1.32786,0.850052,1.42317,1.0132,1.47627,1.18815,1.34442
5738.780528,1.3734,1.43878,1.10678,1.27967,1.11174,1.34074,1.47764,1.47978,0.784023,1.29477,0.69422,1.11865,1.16826,1.34332,0.68882,0.780172,1.08888,1.28368,1.43204,1.37022,1.46579,1.2951,0.557631,1.0565,0.847592,1.11865,1.08504,0.995938,0.394927,0.754294,1.13526,1.05982,1.16419,1.12827,1.31154,1.3305,0.885673,1.43021,1.03281,1.48449,1.20189,1.34903
5744.924832,1.37357,1.43974,1.12296,1.29445,1.12198,1.34012,1.48951,1.48189,0.798243,1.3038,0.702867,1.1325,1.17558,1.34639,0.696258,0.786858,1.10033,1.28999,1.42833,1.36789,1.47022,1.30519,0.565396,1.06107,0.862647,1.1325,1.09592,1.00504,0.398592,0.756754,1.1417,1.06658,1.17791,1.13833,1.32226,1.33431,0.917618,1.43401,1.05289,1.49081,1.21485,1.35343
5751.082308,1.37048,1.4377,1.14004,1.30643,1.13165,1.34317,1.49788,1.48346,0.812961,1.3131,0.71192,1.1467,1.18467,1.35279,0.705362,0.794572,1.11271,1.30173,1.41952,1.36871,1.46999,1.31196,0.573183,1.0657,0.876607,1.1467,1.10866,1.0147,0.402989,0.760183,1.14966,1.07389,1.19179,1.1492,1.33185,1.33873,0.942751,1.43642,1.07241,1.5027,1.22792,1.35722
5757.252997,1.37205,1.43406,1.15644,1.31849,1.14324,1.34828,1.50246,1.48776,0.827536,1.32168,0.721068,1.16174,1.19611,1.36076,0.715461,0.803441,1.12675,1.31274,1.40923,1.36616,1.47063,1.31275,0.580759,1.07004,0.891115,1.16174,1.12297,1.02489,0.407842,0.766147,1.1579,1.08017,1.2075,1.16105,1.34125,1.34538,0.959806,1.43851,1.09159,1.51629,1.24312,1.36115
5763.436942,1.3778,1.42828,1.17083,1.32964,1.15401,1.35642,1.50258,1.48839,0.841484,1.33071,0.729719,1.17596,1.2069,1.36743,0.723957,0.811385,1.13925,1.31836,1.40013,1.36352,1.47147,1.31291,0.58826,1.07408,0.904984,1.17596,1.13614,1.03336,0.412979,0.772803,1.1649,1.08433,1.22279,1.17093,1.34634,1.35244,0.969259,1.43686,1.10963,1.52628,1.25797,1.36656
5769.634186,1.37915,1.42079,1.18341,1.33724,1.16256,1.36428,1.49934,1.48437,0.853543,1.34262,0.737661,1.1881,1.2162,1.37507,0.730748,0.817103,1.14745,1.32028,1.39135,1.36418,1.46819,1.31232,0.59597,1.07797,0.917082,1.1881,1.14666,1.04028,0.418238,0.778971,1.16977,1.08783,1.23606,1.17776,1.34935,1.35629,0.972477,1.42688,1.12565,1.53187,1.27159,1.37327
5775.844772,1.37597,1.41169,1.19536,1.3412,1.17203,1.36951,1.49696,1.48473,0.862622,1.35409,0.745616,1.19863,1.22716,1.38344,0.737872,0.822362,1.15441,1.32321,1.38466,1.36539,1.4647,1.30483,0.603415,1.08329,0.927799,1.19863,1.15561,1.04723,0.422654,0.786408,1.17665,1.09416,1.24811,1.18286,1.3533,1.35884,0.969852,1.41782,1.13807,1.53814,1.28612,1.37811
5782.068743,1.37243,1.40503,1.20417,1.3414,1.18177,1.3733,1.49487,1.48714,0.868799,1.35977,0.75308,1.20625,1.2396,1.39231,0.744142,0.827092,1.16142,1.32679,1.38288,1.36767,1.46612,1.29411,0.610449,1.09004,0.934572,1.20625,1.16288,1.05347,0.426183,0.794974,1.18818,1.10256,1.25711,1.1857,1.35797,1.36313,0.961244,1.41616,1.14554,1.5462,1.2998,1.38303
5788.306141,1.36677,1.40369,1.20495,1.33578,1.18625,1.37499,1.48963,1.4818,0.87133,1.35996,0.756144,1.20729,1.24669,1.40115,0.745038,0.826939,1.16541,1.32777,1.38264,1.37232,1.46664,1.28872,0.617401,1.0961,0.933374,1.20729,1.16621,1.05558,0.42968,0.802463,1.19725,1.10971,1.25833,1.18422,1.36225,1.3649,0.94813,1.41561,1.14646,1.54735,1.30724,1.3881
5794.557012,1.35894,1.40383,1.20073,1.32241,1.18527,1.37481,1.48429,1.47461,0.869851,1.3552,0.754512,1.20107,1.24318,1.40417,0.740332,0.821122,1.16509,1.32626,1.38159,1.37618,1.46404,1.28648,0.624725,1.09963,0.92387,1.20107,1.16614,1.0535,0.433597,0.807617,1.20136,1.1156,1.24911,1.1772,1.36217,1.36112,0.933391,1.41575,1.14105,1.53821,1.30689,1.38776
5800.821398,1.355,1.40139,1.1927,1.3083,1.1833,1.37285,1.48376,1.47339,0.865682,1.34713,0.751819,1.18914,1.23382,1.40054,0.732905,0.813112,1.16059,1.32352,1.38626,1.37741,1.46086,1.28333,0.632126,1.10151,0.909283,1.18914,1.1627,1.05022,0.438405,0.811039,1.20225,1.12021,1.23172,1.16678,1.36145,1.35471,0.918772,1.42066,1.13156,1.53133,1.30389,1.38418
5807.099343,1.35563,1.3976,1.18228,1.30034,1.18291,1.36865,1.48822,1.47438,0.860861,1.34235,0.751271,1.17507,1.22531,1.39682,0.725901,0.805869,1.15419,1.321,1.3961,1.37649,1.45943,1.28135,0.638571,1.10337,0.894469,1.17507,1.1587,1.0469,0.444157,0.817012,1.20531,1.12505,1.21224,1.15619,1.36262,1.3486,0.906719,1.4276,1.11954,1.53148,1.30195,1.38365
5813.390892,1.35929,1.39734,1.17317,1.29495,1.18268,1.36586,1.49229,1.47555,0.854155,1.33909,0.752896,1.16165,1.22028,1.3941,0.719936,0.800517,1.14796,1.31763,1.40486,1.37658,1.46181,1.2789,0.644009,1.10422,0.880705,1.16165,1.1558,1.04201,0.450202,0.82673,1.21374,1.13042,1.19305,1.14439,1.36324,1.34218,0.898415,1.43287,1.10403,1.53234,1.30322,1.38668
5819.696088,1.36613,1.40484,1.16273,1.28725,1.1801,1.3635,1.49288,1.47515,0.844551,1.33121,0.752815,1.14653,1.21503,1.38724,0.710561,0.793261,1.13792,1.31033,1.40929,1.37487,1.46199,1.27519,0.650348,1.10456,0.86428,1.14653,1.14787,1.03512,0.455845,0.834775,1.2182,1.13275,1.16994,1.13015,1.36288,1.33709,0.894485,1.43529,1.08568,1.5239,1.3046,1.38718
5826.014976,1.36995,1.41498,1.15269,1.27792,1.17597,1.35853,1.49278,1.4722,0.836173,1.32259,0.752545,1.13033,1.20888,1.37938,0.69897,0.784315,1.1252,1.30256,1.40941,1.37289,1.46035,1.27492,0.657698,1.10648,0.846879,1.13033,1.13596,1.02869,0.461822,0.840941,1.21921,1.1321,1.14401,1.11608,1.3638,1.3377,0.893558,1.44067,1.07067,1.50911,1.30473,1.38515
5832.347601,1.37011,1.41868,1.14789,1.27055,1.17507,1.35717,1.49391,1.4682,0.831934,1.32041,0.75539,1.11625,1.20677,1.37477,0.691032,0.779529,1.11586,1.2996,1.40841,1.37933,1.46053,1.2782,0.664488,1.1081,0.834352,1.11625,1.12979,1.02365,0.470056,0.849892,1.22443,1.13161,1.12355,1.10541,1.36369,1.33998,0.893799,1.45162,1.06086,1.50419,1.30564,1.38385
5838.694008,1.37416,1.41788,1.14977,1.26978,1.17779,1.36205,1.49621,1.4658,0.831581,1.32252,0.763632,1.1088,1.21288,1.37446,0.688507,0.782026,1.11214,1.30139,1.40977,1.38712,1.46434,1.28171,0.671175,1.109,0.828656,1.1088,1.13032,1.02047,0.480631,0.863532,1.23321,1.1324,1.11228,1.10085,1.36393,1.34431,0.896358,1.46163,1.05773,1.50786,1.30857,1.38412
5845.054241,1.38583,1.41287,1.15756,1.27615,1.17959,1.36792,1.49945,1.4692,0.834284,1.32344,0.776413,1.10801,1.2212,1.37821,0.688395,0.786811,1.11057,1.30295,1.41388,1.38826,1.47127,1.28288,0.677746,1.11011,0.828141,1.10801,1.13036,1.01782,0.49261,0.878521,1.24062,1.13342,1.10664,1.10044,1.36357,1.35199,0.900654,1.46866,1.06234,1.51235,1.31208,1.38739
5851.428346,1.39637,1.40597,1.16888,1.2861,1.18396,1.37006,1.50213,1.47405,0.839748,1.32486,0.789936,1.1093,1.22478,1.38663,0.689138,0.789576,1.10737,1.30162,1.41811,1.3868,1.47403,1.28428,0.684671,1.11074,0.832296,1.1093,1.12837,1.01592,0.506622,0.891361,1.24257,1.13407,1.10576,1.10203,1.35883,1.35715,0.907076,1.46986,1.07303,1.51199,1.31687,1.39001
5857.816368,1.4002,1.40163,1.18488,1.30005,1.19375,1.37181,1.50336,1.48116,0.847244,1.33411,0.807048,1.1156,1.22895,1.40131,0.694322,0.795929,1.10622,1.30054,1.42071,1.38978,1.47349,1.28982,0.692206,1.11041,0.844194,1.1156,1.13155,1.01712,0.523572,0.908673,1.24372,1.13637,1.11228,1.10915,1.35814,1.36021,0.915225,1.46506,1.08867,1.51594,1.32527,1.39111
5864.218353,1.40019,1.39949,1.20347,1.31353,1.20205,1.37449,1.50119,1.49689,0.853337,1.34812,0.826132,1.12476,1.23122,1.41208,0.700901,0.804603,1.10559,1.29759,1.42127,1.39456,1.47093,1.2958,0.6999,1.11175,0.859773,1.12476,1.13485,1.02007,0.543254,0.930433,1.24397,1.13838,1.11919,1.11929,1.35974,1.36471,0.922486,1.46048,1.10711,1.52545,1.33158,1.39583
5870.634347,1.40086,1.40223,1.22477,1.32834,1.21009,1.37721,1.49666,1.50936,0.86014,1.35915,0.848328,1.13691,1.23509,1.41762,0.710102,0.815582,1.10571,1.29619,1.42428,1.39673,1.47153,1.30095,0.708073,1.11729,0.877878,1.13691,1.13602,1.02482,0.565057,0.956006,1.24535,1.13798,1.12932,1.13026,1.36069,1.37045,0.933751,1.45883,1.1295,1.53442,1.3347,1.40317
5877.064395,1.40035,1.41004,1.24688,1.34494,1.21841,1.37672,1.49337,1.51293,0.868255,1.36473,0.872263,1.15059,1.2394,1.42118,0.722021,0.827078,1.1076,1.29661,1.42699,1.39579,1.4752,1.30888,0.716875,1.12317,0.897106,1.15059,1.13821,1.03052,0.588611,0.984097,1.24806,1.13668,1.14199,1.14274,1.36211,1.37464,0.951873,1.45469,1.15414,1.54414,1.336,1.40747
5883.508545,1.39831,1.41646,1.27084,1.35983,1.22668,1.37382,1.49664,1.51528,0.876705,1.36497,0.898508,1.16629,1.24056,1.41947,0.736527,0.838535,1.1122,1.29712,1.42801,1.39277,1.48082,1.31717,0.726649,1.12774,0.91835,1.16629,1.14342,1.03662,0.614369,1.01642,1.2514,1.13773,1.15349,1.15573,1.36347,1.37583,0.975888,1.45162,1.1798,1.55742,1.33871,1.4078
5889.966842,1.39818,1.41865,1.30098,1.38034,1.23687,1.37334,1.50317,1.5212,0.887191,1.36568,0.930722,1.18986,1.24418,1.41718,0.755497,0.855396,1.12129,1.2997,1.4338,1.39166,1.48882,1.3222,0.73722,1.13441,0.945956,1.18986,1.15222,1.04553,0.643155,1.05444,1.25868,1.14138,1.17055,1.16931,1.36766,1.3776,1.00174,1.45649,1.20847,1.5734,1.34558,1.40927
5896.439333,1.39719,1.42227,1.33746,1.40812,1.24992,1.37924,1.50776,1.52834,0.90002,1.3727,0.966327,1.22351,1.25487,1.41691,0.778535,0.878694,1.13624,1.30628,1.43774,1.39231,1.49904,1.32407,0.747434,1.14328,0.979218,1.22351,1.1631,1.05686,0.673605,1.09646,1.27648,1.14702,1.19491,1.18543,1.37576,1.38424,1.02733,1.46172,1.24047,1.59111,1.35407,1.41223
5902.926065,1.39082,1.42819,1.37121,1.43108,1.26201,1.38906,1.50951,1.53396,0.913062,1.38094,0.99749,1.25705,1.26522,1.4138,0.798997,0.898813,1.14995,1.31316,1.43388,1.39279,1.505,1.32514,0.757912,1.15073,1.00853,1.25705,1.16968,1.06463,0.703783,1.13857,1.29373,1.15072,1.21613,1.19937,1.38496,1.38865,1.05093,1.46722,1.26705,1.60374,1.36152,1.41032
5909.427085,1.38156,1.43343,1.40195,1.44691,1.27182,1.39538,1.50819,1.53244,0.928426,1.38495,1.02633,1.28997,1.27365,1.41106,0.817142,0.91443,1.16153,1.3217,1.43093,1.39083,1.50201,1.32594,0.770914,1.15675,1.03374,1.28997,1.17348,1.07101,0.733173,1.17666,1.30029,1.15323,1.23508,1.21039,1.39542,1.38926,1.07142,1.47576,1.28579,1.61019,1.36652,1.40828
5915.94244,1.37472,1.43518,1.42998,1.4636,1.28284,1.39643,1.50944,1.52333,0.946151,1.39021,1.05733,1.32376,1.28386,1.41059,0.83665,0.930555,1.1736,1.3311,1.43038,1.38967,1.49765,1.32739,0.7848,1.16217,1.06283,1.32376,1.18,1.0801,0.762028,1.2084,1.30746,1.15675,1.25396,1.22323,1.40609,1.39053,1.08835,1.48527,1.30746,1.6271,1.36905,1.4129
5922.472178,1.37239,1.43104,1.45837,1.48745,1.29477,1.39686,1.51425,1.51417,0.964324,1.39999,1.09029,1.35444,1.29874,1.41138,0.859321,0.949033,1.18653,1.33695,1.43055,1.39028,1.49482,1.32847,0.798215,1.16606,1.09599,1.35444,1.1927,1.08871,0.79045,1.23825,1.32264,1.16294,1.27131,1.23922,1.4163,1.3932,1.10136,1.49487,1.33463,1.65613,1.37466,1.4253
5929.016346,1.37452,1.42149,1.49413,1.51324,1.3044,1.40224,1.51844,1.50754,0.98263,1.40777,1.12451,1.38459,1.31881,1.41589,0.884133,0.971048,1.20099,1.34206,1.43182,1.38807,1.4952,1.32743,0.811101,1.17054,1.12849,1.38459,1.20917,1.09786,0.81698,1.27055,1.34358,1.17213,1.29107,1.25868,1.42697,1.39723,1.1104,1.50251,1.3645,1.68467,1.384,1.4394
5935.574992,1.37679,1.40839,1.52669,1.52814,1.31232,1.4076,1.51983,1.50205,1.00042,1.41387,1.15281,1.40639,1.33075,1.42334,0.901829,0.988554,1.21107,1.3431,1.42917,1.38256,1.49219,1.32173,0.824278,1.17436,1.15218,1.40639,1.22004,1.10631,0.84119,1.29635,1.3578,1.17862,1.30694,1.27506,1.43588,1.39505,1.11242,1.50413,1.39286,1.69756,1.38752,1.44479
5942.148165,1.37565,1.40065,1.54833,1.54378,1.32459,1.40954,1.51936,1.50024,1.0182,1.42469,1.17459,1.42255,1.33549,1.43405,0.914028,1.00249,1.22106,1.34215,1.42469,1.37892,1.48585,1.31292,0.837821,1.17647,1.17099,1.42255,1.22692,1.11271,0.864633,1.3146,1.36578,1.18369,1.31857,1.29136,1.44739,1.38788,1.10837,1.49774,1.41955,1.70162,1.38939,1.44695
5948.735912,1.37307,1.39831,1.56836,1.56707,1.33856,1.41094,1.51813,1.50038,1.03546,1.44169,1.19489,1.43856,1.34167,1.44348,0.928217,1.01898,1.23397,1.34645,1.41978,1.37783,1.48199,1.30681,0.85071,1.17873,1.19261,1.43856,1.23572,1.11955,0.887609,1.33154,1.37734,1.18993,1.33123,1.3105,1.46282,1.38495,1.10025,1.48732,1.44772,1.71399,1.39526,1.45214
5955.338283,1.37104,1.39496,1.58878,1.58563,1.34805,1.41016,1.512,1.49803,1.04969,1.45847,1.20978,1.44502,1.34362,1.44556,0.940378,1.03193,1.24018,1.35217,1.4102,1.37601,1.47381,1.30153,0.863768,1.1826,1.21036,1.44502,1.24264,1.12564,0.908794,1.34286,1.38482,1.19376,1.34076,1.32346,1.47061,1.38638,1.08871,1.47606,1.4752,1.71985,1.39782,1.46104
5961.955325,1.37114,1.39675,1.60868,1.60494,1.35848,1.41144,1.50465,1.49222,1.06588,1.4682,1.22515,1.45299,1.35033,1.44878,0.952963,1.04568,1.24462,1.36077,1.4034,1.37477,1.46964,1.29561,0.875945,1.18888,1.22664,1.45299,1.25167,1.13418,0.927577,1.35561,1.39122,1.19652,1.35495,1.33414,1.47466,1.39253,1.08054,1.46617,1.49845,1.71765,1.4037,1.47259
5968.587089,1.37196,1.4028,1.62584,1.6261,1.36986,1.41277,1.50204,1.48998,1.08396,1.47109,1.242,1.46804,1.36351,1.45489,0.967343,1.06195,1.2547,1.36956,1.40347,1.37749,1.47624,1.29142,0.886031,1.19463,1.24589,1.46804,1.26429,1.14556,0.944802,1.37331,1.403,1.20117,1.37534,1.34512,1.48097,1.40405,1.07637,1.45691,1.5196,1.7226,1.41744,1.48093
5975.233622,1.37285,1.40666,1.63772,1.63966,1.37881,1.41327,1.50114,1.49223,1.10059,1.47298,1.25717,1.48777,1.37439,1.45648,0.981056,1.07807,1.26939,1.37419,1.40731,1.3825,1.48902,1.28869,0.894861,1.19826,1.2676,1.48777,1.27783,1.15546,0.961993,1.39127,1.41605,1.20702,1.39811,1.35246,1.48501,1.41555,1.07315,1.44635,1.54121,1.7296,1.43257,1.48438
5981.894975,1.37337,1.40889,1.64779,1.6499,1.38568,1.42031,1.50033,1.50066,1.11723,1.47935,1.26788,1.50914,1.3841,1.45284,0.994183,1.09359,1.28103,1.37671,1.40813,1.3873,1.50204,1.28586,0.903012,1.20189,1.28789,1.50914,1.29224,1.16413,0.979515,1.406,1.42874,1.21164,1.42163,1.36001,1.49131,1.42616,1.06849,1.43963,1.56026,1.72673,1.44453,1.48508
5988.571197,1.37087,1.41437,1.65557,1.66161,1.3915,1.43052,1.50135,1.5132,1.13553,1.48689,1.27389,1.52733,1.3952,1.44739,1.00583,1.10563,1.28904,1.38038,1.40548,1.39431,1.51114,1.28519,0.910338,1.20583,1.30311,1.52733,1.30266,1.17099,0.995684,1.41728,1.44307,1.21453,1.44253,1.37219,1.49851,1.43598,1.06539,1.44093,1.57372,1.71614,1.45363,1.48268
5995.262338,1.36439,1.42164,1.65646,1.66922,1.39311,1.43464,1.5031,1.5203,1.15325,1.48955,1.27755,1.5378,1.40089,1.44473,1.01338,1.11068,1.29623,1.38403,1.4057,1.40011,1.51218,1.29012,0.917623,1.20779,1.31127,1.5378,1.30537,1.17242,1.01044,1.42604,1.44814,1.21515,1.45835,1.38273,1.50087,1.43682,1.06494,1.44794,1.57406,1.70598,1.459,1.47352
6001.968448,1.36381,1.42824,1.6573,1.67691,1.39533,1.43431,1.50883,1.52329,1.17176,1.48839,1.28466,1.54922,1.41217,1.44836,1.02461,1.11788,1.30829,1.39191,1.41318,1.40275,1.51025,1.29752,0.92634,1.20808,1.32175,1.54922,1.31013,1.17569,1.02411,1.43483,1.45062,1.21794,1.47635,1.39288,1.50386,1.43284,1.07031,1.45715,1.56785,1.70741,1.46552,1.46564
6008.689577,1.37597,1.43159,1.6531,1.69188,1.39992,1.43222,1.52039,1.52757,1.18957,1.48524,1.29535,1.56375,1.43174,1.45236,1.03897,1.13066,1.32147,1.39968,1.42195,1.40712,1.50945,1.30639,0.933892,1.20951,1.33938,1.56375,1.31803,1.18419,1.03655,1.44365,1.46814,1.2244,1.4933,1.40509,1.5067,1.43366,1.08323,1.46917,1.56798,1.72538,1.47165,1.46905
6015.425777,1.3913,1.42999,1.64755,1.70306,1.39592,1.42689,1.5274,1.52855,1.20411,1.48236,1.30678,1.57124,1.44449,1.44762,1.04535,1.13707,1.32261,1.39499,1.43083,1.41368,1.50689,1.31579,0.940162,1.21224,1.35151,1.57124,1.32041,1.18784,1.04748,1.44757,1.48341,1.23012,1.50013,1.41637,1.49853,1.43721,1.0985,1.4807,1.5632,1.73516,1.47387,1.47575
6022.177096,1.40111,1.43302,1.65596,1.69884,1.39111,1.42912,1.53177,1.52989,1.21956,1.48768,1.31563,1.57426,1.45534,1.4447,1.05081,1.14085,1.31979,1.39178,1.4437,1.41653,1.50722,1.32421,0.947663,1.21596,1.35895,1.57426,1.32433,1.18944,1.05596,1.45323,1.49354,1.23556,1.50834,1.42827,1.48835,1.43963,1.11893,1.49118,1.55655,1.72759,1.4767,1.47467
6028.943587,1.40515,1.43934,1.66454,1.68464,1.38752,1.43311,1.53779,1.53184,1.23558,1.4967,1.32137,1.57384,1.46768,1.44962,1.05649,1.14412,1.32285,1.39408,1.4557,1.41687,1.50422,1.32793,0.956148,1.21942,1.36407,1.57384,1.32881,1.19189,1.06319,1.4609,1.5041,1.2389,1.51442,1.43935,1.48285,1.43822,1.14692,1.5009,1.55814,1.71521,1.47185,1.4676
6035.725301,1.4055,1.44585,1.67379,1.67602,1.38327,1.42929,1.53941,1.53426,1.24811,1.50144,1.32515,1.57082,1.48037,1.45483,1.05998,1.1449,1.33245,1.3999,1.46591,1.4204,1.49713,1.32862,0.965198,1.22156,1.36656,1.57082,1.32725,1.19353,1.07044,1.46504,1.51077,1.23877,1.51696,1.45135,1.4808,1.43451,1.17997,1.50487,1.55838,1.70693,1.46146,1.46207
6042.522289,1.40704,1.44978,1.68561,1.67083,1.38746,1.42566,1.53753,1.52989,1.25923,1.50585,1.3254,1.56464,1.48464,1.45481,1.06298,1.14427,1.33919,1.4122,1.46894,1.42322,1.49292,1.33295,0.974818,1.22402,1.37118,1.56464,1.32061,1.19445,1.07565,1.46006,1.50915,1.23659,1.52097,1.46095,1.48105,1.43317,1.20965,1.50426,1.55675,1.69924,1.45202,1.45804
6049.334603,1.41014,1.44995,1.69093,1.66421,1.39644,1.42529,1.53583,1.5202,1.27188,1.51273,1.32383,1.55794,1.48026,1.45584,1.06656,1.14441,1.34286,1.42366,1.46582,1.42435,1.48943,1.33536,0.984087,1.22744,1.37905,1.55794,1.31878,1.19502,1.07743,1.45254,1.50394,1.23407,1.52383,1.46216,1.48377,1.43494,1.23448,1.50395,1.5602,1.6913,1.44303,1.45773
6056.162294,1.41098,1.45034,1.69399,1.657,1.40607,1.42693,1.53173,1.5125,1.28485,1.52368,1.32384,1.55897,1.48177,1.46212,1.06972,1.14758,1.34714,1.42923,1.46674,1.4227,1.48935,1.33116,0.991406,1.23212,1.38682,1.55897,1.32282,1.1962,1.07719,1.45343,1.50237,1.23356,1.52612,1.46243,1.49046,1.43946,1.25653,1.50249,1.56803,1.68695,1.43795,1.46114
6063.005415,1.40895,1.44998,1.69741,1.64684,1.41412,1.42696,1.52906,1.50933,1.29295,1.53764,1.32616,1.5676,1.49384,1.47123,1.0748,1.15335,1.35358,1.43367,1.46958,1.41545,1.49416,1.32526,0.995739,1.23626,1.39221,1.5676,1.32636,1.19774,1.07645,1.46115,1.50979,1.23719,1.53056,1.46267,1.49832,1.44584,1.27436,1.49667,1.58241,1.6857,1.43845,1.46402
6069.864019,1.40587,1.44186,1.6929,1.63862,1.41747,1.42401,1.53153,1.50908,1.29724,1.55174,1.32964,1.57839,1.50535,1.47905,1.0805,1.15972,1.36234,1.43878,1.46778,1.403,1.49857,1.32112,0.998029,1.23727,1.39404,1.57839,1.3306,1.19864,1.07541,1.46933,1.52089,1.24359,1.53616,1.45788,1.50466,1.44628,1.28669,1.48664,1.59598,1.68547,1.44512,1.46548
6076.738157,1.39818,1.42685,1.69584,1.63841,1.41574,1.42481,1.53316,1.51195,1.29831,1.56283,1.3279,1.58002,1.50949,1.48,1.08083,1.16069,1.36635,1.44327,1.45697,1.39228,1.49492,1.31905,1.00184,1.24005,1.39237,1.58002,1.33786,1.20008,1.07348,1.46965,1.52359,1.24679,1.53786,1.45279,1.51151,1.43815,1.29078,1.48389,1.60115,1.68471,1.45219,1.46733
6083.627883,1.3878,1.41861,1.7029,1.64326,1.41692,1.42986,1.52868,1.50943,1.29873,1.56853,1.3242,1.57577,1.5074,1.47861,1.07557,1.15907,1.3674,1.4483,1.44156,1.39122,1.48768,1.31694,1.00679,1.24734,1.38846,1.57577,1.34363,1.1999,1.07012,1.46366,1.51872,1.24609,1.53786,1.45319,1.51433,1.43162,1.28868,1.48424,1.60192,1.68158,1.45296,1.46641
6090.533249,1.37901,1.41508,1.703,1.65403,1.4229,1.43637,1.52571,1.4979,1.30426,1.57509,1.32265,1.57426,1.50472,1.48392,1.07034,1.16129,1.37504,1.45312,1.42754,1.39073,1.48106,1.3127,1.01077,1.2539,1.38488,1.57426,1.34724,1.20075,1.06651,1.46214,1.51632,1.24508,1.54114,1.45326,1.51675,1.42574,1.28423,1.48261,1.59901,1.68789,1.45332,1.46058
6097.45431,1.37543,1.40747,1.69565,1.67163,1.43074,1.44431,1.52619,1.48833,1.31091,1.58176,1.32093,1.57403,1.51024,1.48976,1.0679,1.16567,1.38357,1.4579,1.41224,1.3854,1.47227,1.30658,1.01588,1.25927,1.38343,1.57403,1.34808,1.20837,1.06227,1.46387,1.52401,1.24535,1.54385,1.4514,1.5207,1.42195,1.27893,1.4836,1.59467,1.70112,1.45581,1.45734
6104.391118,1.37413,1.39586,1.6764,1.68588,1.43274,1.44679,1.52326,1.48042,1.31618,1.5807,1.31808,1.57365,1.51375,1.48551,1.0623,1.16476,1.38284,1.46033,1.39502,1.3791,1.45566,1.29851,1.02172,1.26715,1.37978,1.57365,1.34446,1.21733,1.05733,1.45796,1.53057,1.24935,1.54309,1.44386,1.51987,1.42542,1.27303,1.48134,1.5847,1.7067,1.45362,1.45723
6111.343727,1.36615,1.38561,1.66557,1.68685,1.42522,1.44415,1.51289,1.4698,1.32178,1.57972,1.31575,1.57047,1.50749,1.47602,1.0498,1.15556,1.37472,1.45626,1.385,1.37679,1.43437,1.28786,1.02586,1.27729,1.36883,1.57047,1.33798,1.21818,1.05156,1.44302,1.52355,1.25674,1.54153,1.43342,1.51101,1.43319,1.26599,1.4709,1.56174,1.694,1.44786,1.45433
6118.312192,1.35064,1.38308,1.6718,1.67678,1.4177,1.44473,1.49697,1.46427,1.32735,1.58216,1.31341,1.56759,1.50879,1.48217,1.0415,1.14633,1.37321,1.45614,1.38132,1.3755,1.41895,1.27523,1.03055,1.28379,1.35885,1.56759,1.33837,1.21955,1.0443,1.4345,1.52019,1.26483,1.54775,1.42779,1.50483,1.44318,1.26159,1.46142,1.53595,1.67271,1.44349,1.44709
6125.296567,1.33552,1.38036,1.67087,1.66134,1.40815,1.44211,1.47572,1.45805,1.33019,1.57352,1.31028,1.56486,1.51506,1.49024,1.03368,1.13286,1.37312,1.4544,1.37531,1.37425,1.40454,1.25902,1.03788,1.28315,1.34829,1.56486,1.33991,1.22594,1.03628,1.42829,1.52011,1.26809,1.55205,1.42478,1.49936,1.45207,1.26006,1.45079,1.51085,1.64852,1.43071,1.43395
6132.296906,1.3263,1.37838,1.66867,1.6471,1.4018,1.43891,1.45396,1.44855,1.33191,1.56023,1.30478,1.55726,1.51798,1.48435,1.02325,1.11706,1.37193,1.44972,1.36919,1.37449,1.38778,1.24455,1.0455,1.27799,1.33433,1.55726,1.33558,1.23,1.02612,1.41585,1.51331,1.26956,1.55229,1.4229,1.49353,1.45405,1.25729,1.43681,1.47717,1.61853,1.41573,1.41826
6139.313264,1.32369,1.37774,1.67289,1.63574,1.40777,1.44123,1.44407,1.44126,1.33441,1.5589,1.29761,1.5481,1.51602,1.47873,1.01621,1.10659,1.37454,1.45221,1.36612,1.37195,1.3769,1.23354,1.05027,1.27408,1.32514,1.5481,1.33417,1.23003,1.01088,1.39921,1.50772,1.27196,1.55989,1.42123,1.49285,1.45216,1.24801,1.42728,1.44545,1.58878,1.40959,1.40382
6146.345696,1.31502,1.3732,1.66723,1.62433,1.40901,1.44284,1.43773,1.43988,1.33052,1.55903,1.2874,1.54183,1.50742,1.48865,1.00977,1.09734,1.37419,1.45581,1.36019,1.36109,1.35923,1.21788,1.04722,1.27284,1.31248,1.54183,1.33363,1.23026,0.99159,1.38575,1.50836,1.27329,1.56118,1.41626,1.49624,1.45332,1.23591,1.42391,1.41569,1.5675,1.40623,1.3924
6153.394257,1.30363,1.36783,1.6264,1.616,1.38866,1.44126,1.4263,1.43929,1.3325,1.5628,1.26767,1.53048,1.52549,1.49538,0.997159,1.08543,1.37916,1.4441,1.34895,1.34299,1.34079,1.19968,1.04283,1.26887,1.2838,1.53048,1.3177,1.22829,0.970928,1.37215,1.5161,1.26626,1.53025,1.41393,1.48364,1.45015,1.22599,1.41981,1.37749,1.53766,1.41231,1.38642
6160.459004,1.30419,1.35803,1.60755,1.61188,1.39455,1.43974,1.4457,1.43746,1.34343,1.58452,1.25207,1.51007,1.55736,1.47814,0.986637,1.07414,1.38896,1.42876,1.3603,1.32729,1.3436,1.18526,1.04508,1.26264,1.2634,1.51007,1.31547,1.22983,0.949384,1.35938,1.53001,1.26179,1.51121,1.41459,1.45889,1.43599,1.21639,1.41145,1.35487,1.49609,1.42155,1.37616
6167.539991,1.3124,1.34001,1.62737,1.61032,1.42112,1.43191,1.47995,1.43635,1.35055,1.6036,1.24266,1.48988,1.5696,1.46677,0.978232,1.06314,1.38957,1.44113,1.37912,1.31779,1.3489,1.17572,1.0497,1.25716,1.25425,1.48988,1.33479,1.23503,0.926518,1.35094,1.53685,1.27547,1.52801,1.41412,1.45687,1.42532,1.20393,1.40115,1.34396,1.46854,1.42353,1.36897
6174.637275,1.32026,1.32572,1.66297,1.60596,1.44425,1.4209,1.50402,1.43479,1.34782,1.61376,1.22975,1.47517,1.56177,1.48825,0.966184,1.04906,1.37987,1.46499,1.39002,1.31463,1.34903,1.17096,1.05254,1.2533,1.24651,1.47517,1.35949,1.23616,0.902751,1.33813,1.52814,1.29027,1.55345,1.41591,1.47017,1.42381,1.18654,1.39559,1.33504,1.45299,1.41649,1.37857
6181.750913,1.32578,1.32179,1.69548,1.5998,1.46591,1.41366,1.51718,1.42949,1.34517,1.6197,1.21688,1.4654,1.54666,1.51807,0.953824,1.03546,1.3732,1.4867,1.39516,1.31758,1.35007,1.16862,1.04969,1.25063,1.23912,1.4654,1.38311,1.23257,0.879243,1.32447,1.51228,1.302,1.58269,1.42192,1.49061,1.43857,1.16836,1.38948,1.33139,1.44429,1.40227,1.39408
6188.88096,1.32738,1.31778,1.7202,1.59809,1.48439,1.40625,1.52698,1.42439,1.34831,1.62322,1.20628,1.46206,1.52978,1.55308,0.94526,1.02528,1.37416,1.50709,1.39554,1.31943,1.34915,1.16692,1.04279,1.24723,1.23568,1.46206,1.39977,1.22888,0.857594,1.31694,1.50476,1.31415,1.60751,1.42861,1.51699,1.46175,1.15221,1.38884,1.33152,1.45562,1.39054,1.41384
6196.027474,1.32631,1.31351,1.73272,1.59383,1.49397,1.40042,1.52896,1.42183,1.34754,1.62354,1.19511,1.46197,1.51382,1.58494,0.939242,1.01533,1.37732,1.52712,1.38777,1.31874,1.34443,1.16617,1.03617,1.24563,1.23405,1.46197,1.40765,1.22573,0.838672,1.30797,1.50629,1.32292,1.62268,1.43332,1.54197,1.48021,1.13732,1.39828,1.33173,1.47587,1.38497,1.43595
6203.190511,1.32051,1.31316,1.72715,1.58322,1.49261,1.39769,1.5224,1.42246,1.34247,1.61936,1.18305,1.46404,1.49882,1.60742,0.932144,1.00583,1.38026,1.5468,1.37897,1.32069,1.33445,1.16757,1.02877,1.24731,1.22978,1.46404,1.41294,1.22153,0.823712,1.29678,1.50631,1.32853,1.63101,1.436,1.56249,1.4929,1.12746,1.40675,1.32691,1.49301,1.38123,1.45307
6210.37013,1.31002,1.31414,1.71965,1.57317,1.48313,1.39684,1.50991,1.42754,1.33631,1.61139,1.17253,1.46807,1.48395,1.62934,0.922894,0.998375,1.38441,1.55806,1.37567,1.32941,1.32563,1.1726,1.01956,1.2462,1.22171,1.46807,1.41587,1.21597,0.81245,1.2891,1.50444,1.33335,1.6343,1.44012,1.57448,1.5031,1.12272,1.41219,1.3184,1.50493,1.38017,1.46719
6217.566387,1.3002,1.31498,1.70602,1.56095,1.46798,1.39929,1.4908,1.43181,1.33046,1.60061,1.16298,1.47294,1.47341,1.65094,0.913728,0.990412,1.3893,1.55855,1.3693,1.33961,1.32703,1.17905,1.01241,1.23866,1.21095,1.47294,1.41674,1.21381,0.80417,1.28381,1.50299,1.33475,1.63126,1.4442,1.57461,1.51106,1.12274,1.41943,1.30892,1.512,1.38148,1.47234
6224.779341,1.29283,1.31867,1.67517,1.55164,1.44939,1.40864,1.47137,1.43313,1.32529,1.5883,1.15253,1.47689,1.46596,1.65537,0.906125,0.981292,1.39241,1.55217,1.3616,1.34792,1.32954,1.18739,1.00706,1.23167,1.19999,1.47689,1.41382,1.215,0.798043,1.27581,1.50416,1.33084,1.61998,1.44591,1.56688,1.51143,1.12965,1.42782,1.3021,1.51704,1.38564,1.46537
6232.00905,1.2866,1.3291,1.64415,1.55301,1.42835,1.42263,1.45358,1.43415,1.31934,1.58447,1.14068,1.47514,1.46042,1.64543,0.900288,0.976634,1.39988,1.54158,1.35836,1.35662,1.326,1.20279,0.998531,1.2292,1.18913,1.47514,1.40456,1.21456,0.792351,1.26689,1.51227,1.3239,1.60448,1.44808,1.55454,1.49859,1.14043,1.43906,1.30093,1.52276,1.39683,1.45485
6239.255572,1.27755,1.33856,1.61945,1.5549,1.40157,1.43273,1.43314,1.43562,1.31098,1.59101,1.12657,1.46909,1.45617,1.63491,0.894118,0.975179,1.41029,1.52717,1.35432,1.3609,1.32116,1.21853,0.987583,1.23062,1.17573,1.46909,1.38979,1.21412,0.786787,1.25608,1.52284,1.31009,1.58637,1.45016,1.53605,1.4782,1.15332,1.45166,1.30215,1.52711,1.41113,1.44127
6246.518966,1.26409,1.34097,1.57612,1.55611,1.36795,1.43604,1.41301,1.4369,1.30387,1.59277,1.10836,1.46048,1.45737,1.61605,0.883522,0.972007,1.41497,1.50092,1.34048,1.35768,1.3152,1.22684,0.975969,1.23223,1.15586,1.46048,1.36306,1.21568,0.782678,1.24025,1.52916,1.28866,1.54885,1.44987,1.50755,1.45869,1.16662,1.4585,1.29461,1.52698,1.42194,1.42713
6253.799292,1.25866,1.34236,1.51569,1.56661,1.33823,1.43339,1.41023,1.43452,1.31387,1.59575,1.08924,1.44531,1.48322,1.57094,0.872461,0.969076,1.42539,1.46413,1.33122,1.35259,1.32565,1.23269,0.970844,1.22789,1.13923,1.44531,1.33334,1.21805,0.780309,1.22266,1.53777,1.26272,1.5012,1.45109,1.46822,1.432,1.17933,1.45826,1.2879,1.5162,1.434,1.4143
6261.096607,1.26427,1.33844,1.50676,1.57772,1.34825,1.42879,1.43562,1.42927,1.32829,1.61143,1.08159,1.4261,1.50546,1.51542,0.869241,0.968443,1.43328,1.4417,1.34724,1.35088,1.35385,1.23955,0.973027,1.22538,1.14297,1.4261,1.3312,1.22536,0.778903,1.21297,1.547,1.24786,1.49979,1.45442,1.4421,1.40213,1.1887,1.45322,1.31089,1.50388,1.43563,1.39422
6268.410972,1.26935,1.32787,1.52389,1.58256,1.36131,1.41692,1.45097,1.42585,1.33155,1.62043,1.08014,1.41607,1.51099,1.4939,0.869026,0.969387,1.42906,1.44563,1.35314,1.35038,1.3715,1.24541,0.972561,1.22803,1.14923,1.41607,1.33828,1.23157,0.777972,1.21215,1.54829,1.24976,1.52926,1.45879,1.44739,1.39049,1.1921,1.44184,1.34469,1.50628,1.42843,1.38347
6275.742447,1.27098,1.31751,1.53147,1.58662,1.36187,1.40115,1.45397,1.42295,1.33313,1.62264,1.0801,1.41702,1.50953,1.50228,0.869479,0.970842,1.42357,1.44755,1.34586,1.34547,1.38388,1.24841,0.967604,1.22939,1.15268,1.41702,1.33983,1.23241,0.777602,1.21324,1.54159,1.25039,1.55353,1.46459,1.4598,1.39295,1.19044,1.42559,1.37189,1.51773,1.42303,1.39188
6283.091091,1.2672,1.30567,1.54195,1.58813,1.35998,1.38644,1.45344,1.41872,1.33862,1.61661,1.08308,1.42062,1.50506,1.50029,0.87136,0.971901,1.4182,1.44702,1.33776,1.33678,1.39435,1.24735,0.961545,1.22908,1.15915,1.42062,1.3387,1.23029,0.777805,1.21368,1.53392,1.25026,1.57572,1.47024,1.47173,1.40214,1.18476,1.40787,1.39139,1.53682,1.41634,1.40291
6290.456966,1.25797,1.29073,1.55268,1.58262,1.35775,1.37013,1.45141,1.41345,1.34268,1.608,1.08761,1.43018,1.49794,1.49704,0.873928,0.975013,1.4074,1.44908,1.32959,1.32779,1.39937,1.24222,0.956872,1.22868,1.16855,1.43018,1.33288,1.22554,0.778923,1.21612,1.53471,1.25016,1.59151,1.47788,1.48008,1.40874,1.17288,1.39446,1.40673,1.5661,1.41036,1.41634
6297.840132,1.24709,1.27727,1.55497,1.57022,1.35541,1.35884,1.44786,1.40746,1.3451,1.60862,1.09137,1.44343,1.49448,1.49588,0.876898,0.979058,1.39796,1.45206,1.32196,1.32028,1.39968,1.23394,0.953017,1.22706,1.17912,1.44343,1.32517,1.22112,0.781157,1.2236,1.53903,1.2486,1.60404,1.48825,1.48449,1.40562,1.1549,1.38366,1.41914,1.594,1.40935,1.42771
6305.240649,1.23493,1.26546,1.54944,1.55527,1.3498,1.35353,1.44366,1.40346,1.34844,1.60855,1.09487,1.45123,1.4922,1.49238,0.877474,0.979635,1.38615,1.45163,1.31726,1.31081,1.39636,1.22446,0.94895,1.2218,1.18823,1.45123,1.31637,1.21692,0.784878,1.23286,1.53352,1.24823,1.60784,1.50524,1.48349,1.40174,1.1344,1.37028,1.42968,1.60826,1.40591,1.42988
6312.658579,1.22076,1.25108,1.54354,1.54175,1.341,1.34699,1.44012,1.40277,1.35363,1.60232,1.10247,1.45562,1.48457,1.48919,0.878735,0.978519,1.37261,1.44637,1.31295,1.30093,1.39543,1.21563,0.944428,1.21356,1.19593,1.45562,1.30906,1.21322,0.790381,1.23951,1.52352,1.24955,1.60921,1.5304,1.47871,1.40331,1.113,1.35834,1.44074,1.61665,1.40362,1.4288
6320.093984,1.20767,1.23588,1.5358,1.52876,1.33336,1.34307,1.43913,1.40175,1.36402,1.59968,1.11226,1.46195,1.47725,1.48719,0.884339,0.980984,1.36432,1.44421,1.30955,1.29499,1.40049,1.20965,0.938471,1.20775,1.20562,1.46195,1.30741,1.21151,0.797614,1.24531,1.51854,1.25077,1.61794,1.55265,1.47431,1.40485,1.09142,1.35365,1.4514,1.62913,1.40832,1.42799
6327.546925,1.19339,1.22425,1.52511,1.5186,1.3265,1.3416,1.43642,1.39733,1.37506,1.60179,1.11993,1.46686,1.47034,1.4859,0.890777,0.985547,1.3571,1.44286,1.30836,1.29244,1.40192,1.20772,0.929251,1.2067,1.21656,1.46686,1.30483,1.20871,0.805492,1.25152,1.51781,1.25108,1.62661,1.57012,1.46887,1.40226,1.07045,1.35261,1.46339,1.64165,1.41535,1.42801
6335.017464,1.17793,1.21456,1.51462,1.50644,1.31813,1.33748,1.42707,1.38902,1.38114,1.61513,1.12508,1.46469,1.45901,1.48893,0.895746,0.987563,1.34764,1.43702,1.30957,1.29311,1.39939,1.20671,0.91807,1.20389,1.22494,1.46469,1.29944,1.20336,0.813426,1.25546,1.51233,1.24905,1.63714,1.58662,1.46098,1.39992,1.05105,1.35379,1.47701,1.64784,1.41672,1.43148
6342.505664,1.16459,1.20227,1.50411,1.48711,1.30838,1.33112,1.41879,1.38262,1.38597,1.63143,1.13109,1.46014,1.448,1.49365,0.900681,0.989598,1.33881,1.42676,1.31052,1.29314,1.39914,1.2037,0.906864,1.19746,1.23061,1.46014,1.29613,1.19861,0.821974,1.25785,1.50056,1.24613,1.64753,1.6018,1.45315,1.40232,1.03343,1.35658,1.4901,1.64997,1.41257,1.43649
6350.011588,1.15233,1.18781,1.48969,1.46726,1.30226,1.32108,1.41642,1.38072,1.39081,1.6359,1.13958,1.45797,1.44297,1.49265,0.906026,0.994465,1.33103,1.41351,1.30905,1.29414,1.40044,1.20334,0.895169,1.18886,1.23557,1.45797,1.29443,1.19349,0.83107,1.2631,1.48771,1.24355,1.65214,1.61691,1.44479,1.40596,1.01617,1.35588,1.4976,1.6493,1.40964,1.43883
6357.535299,1.14034,1.17575,1.47142,1.45392,1.3006,1.31365,1.41362,1.37882,1.3954,1.63751,1.15026,1.46208,1.44218,1.48833,0.913364,1.0022,1.32735,1.40739,1.30958,1.29767,1.40129,1.20858,0.881732,1.18048,1.24419,1.46208,1.29708,1.1884,0.840458,1.2742,1.47561,1.24106,1.66277,1.62524,1.43993,1.40765,1.00037,1.35796,1.50547,1.65049,1.41055,1.43879
6365.076859,1.12873,1.16344,1.45297,1.44629,1.30027,1.31556,1.40763,1.37702,1.39948,1.64626,1.16123,1.47043,1.44267,1.487,0.922177,1.0122,1.33071,1.40805,1.3141,1.30214,1.39777,1.21259,0.866828,1.17654,1.2593,1.47043,1.30416,1.18712,0.850853,1.29248,1.46854,1.23937,1.68646,1.62619,1.44025,1.41225,0.987645,1.36647,1.51803,1.65557,1.41398,1.43857
6372.636332,1.11821,1.14858,1.43132,1.43342,1.2968,1.3155,1.40373,1.37659,1.40103,1.65564,1.16724,1.4724,1.43301,1.47929,0.92483,1.02057,1.3274,1.40236,1.31275,1.30395,1.39491,1.21193,0.854473,1.17238,1.27256,1.4724,1.30611,1.18407,0.862022,1.30785,1.4545,1.23581,1.70409,1.62648,1.44089,1.41802,0.97519,1.3695,1.52203,1.65344,1.41456,1.43868
6380.213783,1.11209,1.13578,1.41108,1.41706,1.28915,1.30702,1.40034,1.37354,1.40049,1.65199,1.17164,1.47261,1.41315,1.46618,0.926654,1.02609,1.3174,1.39035,1.30461,1.29952,1.39398,1.2139,0.84678,1.16706,1.28108,1.47261,1.30253,1.17734,0.873553,1.31391,1.42514,1.22825,1.71044,1.61932,1.43927,1.41851,0.962453,1.36129,1.52696,1.64612,1.41073,1.43921
6387.809276,1.108,1.12818,1.39983,1.40822,1.28373,1.29508,1.39438,1.37133,1.39326,1.63464,1.17842,1.48237,1.40177,1.45588,0.934655,1.03251,1.30798,1.38162,1.30056,1.29236,1.3921,1.21568,0.841351,1.16288,1.2884,1.48237,1.29794,1.17377,0.884555,1.32097,1.4039,1.22116,1.71815,1.60725,1.43894,1.41864,0.950891,1.35179,1.53775,1.6455,1.40498,1.43608
6395.422875,1.10375,1.12432,1.3955,1.4036,1.28337,1.28239,1.38729,1.36955,1.3793,1.6225,1.18666,1.49857,1.39899,1.44997,0.945492,1.04101,1.30071,1.37661,1.29837,1.28552,1.39454,1.21587,0.836854,1.16018,1.29635,1.49857,1.29394,1.17398,0.894408,1.33133,1.39589,1.21634,1.72643,1.60267,1.43861,1.41852,0.939322,1.34778,1.55294,1.64911,1.40329,1.43054
6403.054644,1.09998,1.12098,1.39329,1.39896,1.28607,1.27223,1.38383,1.36582,1.3673,1.61826,1.19648,1.51468,1.40026,1.45161,0.957854,1.04888,1.29956,1.37469,1.29633,1.27963,1.39946,1.21478,0.833258,1.15867,1.30918,1.51468,1.29177,1.17638,0.90323,1.34383,1.38931,1.21398,1.72678,1.60259,1.44034,1.41572,0.927725,1.34579,1.5691,1.65753,1.40551,1.42221
6410.70465,1.09679,1.11693,1.3922,1.39826,1.28707,1.26525,1.38206,1.36231,1.35834,1.61223,1.20536,1.5265,1.3995,1.45242,0.969302,1.05358,1.29859,1.37259,1.29425,1.2698,1.40261,1.21231,0.830752,1.1583,1.32133,1.5265,1.28901,1.17692,0.912226,1.35401,1.38067,1.21345,1.72581,1.60228,1.44449,1.41201,0.9168,1.34187,1.58403,1.66588,1.40361,1.41008
6418.372957,1.09195,1.11323,1.39661,1.40566,1.28467,1.2639,1.38622,1.36034,1.34945,1.60652,1.21472,1.53587,1.39993,1.45119,0.982047,1.06099,1.29969,1.37766,1.29318,1.25968,1.40678,1.20936,0.828143,1.15924,1.33132,1.53587,1.29091,1.17914,0.92235,1.36151,1.3822,1.21237,1.73883,1.60668,1.45142,1.4085,0.906645,1.33999,1.59782,1.67682,1.40024,1.40483
6426.059631,1.08708,1.11313,1.4056,1.4144,1.2796,1.26877,1.39783,1.3566,1.3414,1.60207,1.22411,1.54887,1.4069,1.45369,0.995743,1.07292,1.30398,1.38941,1.29663,1.25602,1.41254,1.20652,0.824581,1.16095,1.34023,1.54887,1.29836,1.18356,0.932987,1.36907,1.39263,1.21124,1.76221,1.61148,1.46177,1.4023,0.896753,1.3422,1.60567,1.69475,1.40158,1.40728
6433.764738,1.08269,1.11546,1.41519,1.41918,1.27373,1.27283,1.40406,1.35079,1.33412,1.59883,1.23037,1.56391,1.41189,1.45777,1.00619,1.08149,1.30803,1.3966,1.30046,1.25525,1.41502,1.20218,0.819695,1.16361,1.3438,1.56391,1.3034,1.18424,0.943291,1.37659,1.40138,1.21127,1.78418,1.61386,1.47071,1.3975,0.888931,1.34465,1.60161,1.7115,1.4039,1.41003
6441.488345,1.08103,1.11463,1.42185,1.42469,1.2686,1.27574,1.40506,1.34855,1.32749,1.60226,1.23405,1.57381,1.40976,1.46252,1.01572,1.08539,1.31314,1.39713,1.30358,1.25622,1.41152,1.1964,0.814856,1.16505,1.34629,1.57381,1.30677,1.18097,0.953131,1.38308,1.40486,1.20879,1.80129,1.62008,1.47689,1.40017,0.884916,1.34819,1.58899,1.72009,1.40129,1.41014
6449.230519,1.08107,1.10942,1.42428,1.43358,1.26486,1.27971,1.40906,1.35119,1.32132,1.60765,1.2376,1.57606,1.40935,1.46446,1.02298,1.08776,1.31598,1.39083,1.30417,1.25664,1.40296,1.19437,0.813071,1.16247,1.35326,1.57606,1.31139,1.18055,0.962565,1.38406,1.40147,1.20318,1.80104,1.62959,1.47812,1.40258,0.88244,1.35035,1.59155,1.72145,1.39436,1.40541
6456.991326,1.07818,1.10357,1.42218,1.43772,1.26482,1.27928,1.40955,1.35334,1.316,1.6083,1.24537,1.58127,1.40949,1.45979,1.02473,1.08755,1.31524,1.38853,1.30144,1.25218,1.39878,1.19808,0.811797,1.15856,1.35854,1.58127,1.31295,1.18193,0.970858,1.38295,1.39094,1.2007,1.78898,1.63219,1.4739,1.39803,0.879872,1.34736,1.60204,1.71152,1.38736,1.3995
6464.770833,1.07456,1.09931,1.41808,1.43821,1.26966,1.28103,1.41101,1.35393,1.31396,1.60985,1.25673,1.59878,1.41048,1.45781,1.02845,1.09039,1.32195,1.39577,1.30365,1.24689,1.39594,1.20238,0.807708,1.15872,1.36827,1.59878,1.31896,1.1855,0.977391,1.38996,1.38679,1.20424,1.78367,1.63145,1.47173,1.39499,0.877759,1.35145,1.60875,1.69959,1.38712,1.40066
6472.569109,1.07043,1.096,1.41279,1.43755,1.27451,1.28559,1.41856,1.35504,1.31404,1.61255,1.26582,1.61657,1.41133,1.45491,1.03308,1.09752,1.33129,1.40369,1.30863,1.24339,1.39349,1.20307,0.802779,1.16047,1.38312,1.61657,1.32502,1.19122,0.982819,1.39932,1.38634,1.20783,1.78355,1.6301,1.46926,1.39801,0.874739,1.36059,1.60841,1.6883,1.38676,1.40264
6480.386222,1.06795,1.09378,1.40784,1.43038,1.27085,1.2822,1.42498,1.35478,1.31127,1.61092,1.26764,1.61743,1.40094,1.4423,1.03075,1.10212,1.32962,1.39726,1.30466,1.2375,1.39613,1.2028,0.801014,1.15784,1.38996,1.61743,1.31796,1.19154,0.986905,1.39634,1.36989,1.20567,1.77037,1.62509,1.46212,1.39879,0.870038,1.36092,1.59859,1.665,1.37791,1.397
6488.222239,1.06991,1.0941,1.40923,1.42517,1.26626,1.27366,1.4286,1.35245,1.30723,1.59814,1.27061,1.61126,1.38977,1.43047,1.03164,1.10392,1.32886,1.38325,1.29471,1.23027,1.40034,1.20473,0.800592,1.15444,1.39074,1.61126,1.30939,1.18944,0.98941,1.38832,1.34771,1.20498,1.74678,1.61028,1.45452,1.39715,0.865998,1.3543,1.5991,1.63726,1.36859,1.39002
6496.07723,1.07042,1.09647,1.41484,1.43154,1.27191,1.27036,1.43114,1.35158,1.30373,1.58367,1.27814,1.61243,1.39272,1.4245,1.03958,1.10721,1.33505,1.37413,1.28938,1.22639,1.40541,1.20481,0.798801,1.15141,1.3913,1.61243,1.30681,1.19203,0.989545,1.3872,1.34477,1.21105,1.73116,1.59711,1.45077,1.40278,0.864208,1.3548,1.6037,1.62206,1.36591,1.38749
6503.951263,1.06904,1.09931,1.41673,1.43601,1.28089,1.27096,1.43007,1.34901,1.29968,1.58829,1.28487,1.61241,1.40053,1.42363,1.04542,1.11033,1.34039,1.37084,1.28613,1.22486,1.41335,1.20468,0.79717,1.14782,1.39517,1.61241,1.30468,1.19553,0.986171,1.38668,1.35008,1.21766,1.7154,1.59167,1.44589,1.40784,0.863007,1.36155,1.60391,1.61431,1.36949,1.39097
6511.844407,1.06812,1.10015,1.41505,1.43259,1.28801,1.27276,1.42974,1.34719,1.29663,1.60147,1.28788,1.60699,1.40765,1.43074,1.04955,1.11166,1.34685,1.37409,1.28223,1.22658,1.41913,1.20348,0.795331,1.14605,1.40334,1.60699,1.30454,1.1983,0.979908,1.38825,1.35076,1.22135,1.69792,1.58105,1.44684,1.41011,0.861808,1.36354,1.60547,1.62011,1.37141,1.39842
6519.756733,1.06914,1.0989,1.413,1.42935,1.29535,1.279,1.43044,1.35092,1.29535,1.60992,1.28479,1.59803,1.41313,1.43873,1.05422,1.11252,1.3534,1.38009,1.27947,1.2301,1.42499,1.20226,0.792429,1.1475,1.4038,1.59803,1.30757,1.19829,0.972398,1.39178,1.35122,1.22514,1.69365,1.5616,1.45957,1.41251,0.861933,1.35957,1.60592,1.63261,1.36953,1.40614
6527.688311,1.07143,1.09898,1.41481,1.42532,1.29917,1.28784,1.4294,1.35393,1.29618,1.61462,1.27656,1.5844,1.41652,1.44318,1.05571,1.11185,1.3543,1.38401,1.28266,1.23569,1.42919,1.20137,0.789933,1.14869,1.39764,1.5844,1.30954,1.19693,0.964484,1.39467,1.35403,1.2282,1.69862,1.54488,1.47001,1.41633,0.862854,1.356,1.59798,1.63712,1.36864,1.41674
6535.63921,1.07275,1.10256,1.42307,1.41522,1.29679,1.2933,1.4295,1.35183,1.29848,1.61382,1.26651,1.56796,1.41906,1.4457,1.05288,1.10643,1.34705,1.38269,1.29222,1.24204,1.42437,1.19978,0.787925,1.14829,1.38975,1.56796,1.30778,1.19517,0.95616,1.39399,1.35648,1.22807,1.70746,1.53796,1.4737,1.42322,0.862717,1.35456,1.58491,1.64788,1.36974,1.42985
6543.609502,1.07489,1.10586,1.43167,1.41074,1.29665,1.29668,1.42676,1.35298,1.30307,1.61007,1.25474,1.55439,1.41806,1.44631,1.04954,1.09734,1.3387,1.38112,1.29948,1.24468,1.41438,1.1977,0.785972,1.14916,1.38294,1.55439,1.30802,1.19002,0.948594,1.39113,1.35949,1.22788,1.71452,1.53398,1.47843,1.43074,0.861824,1.35372,1.57248,1.66311,1.37298,1.43896
6551.599257,1.07775,1.10516,1.43797,1.4166,1.29879,1.2986,1.41753,1.35695,1.30718,1.60706,1.24129,1.53601,1.41364,1.44573,1.0458,1.0877,1.32976,1.37917,1.30279,1.24658,1.40306,1.19666,0.785516,1.14926,1.38215,1.53601,1.30957,1.18383,0.942423,1.38375,1.35773,1.22446,1.71041,1.52777,1.48177,1.43478,0.861964,1.35231,1.56253,1.66906,1.37241,1.44015
6559.608547,1.07901,1.10248,1.43782,1.42226,1.29995,1.29917,1.40862,1.36037,1.30674,1.60739,1.22988,1.51597,1.41255,1.44642,1.03865,1.07892,1.32261,1.3784,1.30599,1.24889,1.39519,1.19947,0.787253,1.14685,1.38396,1.51597,1.3089,1.18373,0.937122,1.3705,1.34848,1.21723,1.70092,1.51597,1.48031,1.43126,0.863715,1.35209,1.56698,1.67693,1.36622,1.4361
6567.637444,1.07984,1.10141,1.43154,1.41912,1.30057,1.29783,1.40559,1.36546,1.30836,1.60937,1.22579,1.51661,1.41009,1.44928,1.03288,1.07301,1.32688,1.38662,1.30934,1.2504,1.39563,1.2032,0.787932,1.14619,1.38324,1.51661,1.31015,1.18672,0.931826,1.36146,1.33915,1.21274,1.70118,1.49852,1.47772,1.42361,0.864448,1.35352,1.57694,1.68449,1.36408,1.43607
6575.686019,1.08183,1.10134,1.43024,1.4178,1.29948,1.29912,1.41039,1.37128,1.31439,1.61005,1.22483,1.53492,1.40977,1.45999,1.03535,1.07504,1.34716,1.3996,1.31473,1.25461,1.39659,1.20527,0.787454,1.14964,1.38615,1.53492,1.31932,1.19125,0.92605,1.36271,1.34253,1.21342,1.70664,1.49059,1.47676,1.42069,0.865017,1.36082,1.58388,1.68784,1.37166,1.44395
6583.754345,1.08264,1.10268,1.43364,1.42228,1.29713,1.30166,1.41763,1.37678,1.31935,1.61046,1.2192,1.55392,1.41529,1.46957,1.03865,1.08041,1.37036,1.41132,1.319,1.25724,1.40306,1.20545,0.788449,1.15208,1.39009,1.55392,1.32925,1.19727,0.920753,1.36279,1.34717,1.21784,1.71336,1.48716,1.47642,1.42113,0.865328,1.36703,1.585,1.68843,1.37924,1.44858
6591.842496,1.0841,1.10712,1.43507,1.41992,1.29241,1.29693,1.41892,1.3795,1.31869,1.61316,1.20719,1.56061,1.41838,1.468,1.03354,1.07955,1.38066,1.41466,1.31699,1.25489,1.41569,1.20507,0.790727,1.14819,1.38654,1.56061,1.33164,1.19923,0.916417,1.35294,1.33909,1.22066,1.71964,1.48028,1.47512,1.41889,0.864933,1.36335,1.58773,1.68445,1.37682,1.44205
6599.950543,1.08622,1.11158,1.43714,1.41663,1.29245,1.28878,1.4221,1.37522,1.32207,1.61197,1.20183,1.55926,1.42134,1.46228,1.02623,1.07706,1.38642,1.41261,1.3066,1.25323,1.42451,1.20624,0.791601,1.14325,1.38044,1.55926,1.33245,1.19847,0.912216,1.34031,1.32969,1.22466,1.71578,1.47447,1.47515,1.4147,0.865963,1.35799,1.59947,1.68499,1.37186,1.43618
6608.078561,1.08686,1.11579,1.43645,1.42085,1.30309,1.28945,1.42749,1.36966,1.33061,1.61513,1.2038,1.56294,1.4338,1.46341,1.02431,1.0784,1.40097,1.41101,1.29784,1.25368,1.42996,1.20966,0.791401,1.14097,1.37949,1.56294,1.33693,1.1998,0.906579,1.33117,1.32869,1.23022,1.7087,1.47258,1.47562,1.41153,0.868727,1.35885,1.60926,1.69149,1.37254,1.43627
6616.226623,1.08814,1.12184,1.43048,1.4237,1.31702,1.2943,1.4277,1.36611,1.33931,1.62551,1.20439,1.56502,1.45531,1.47092,1.02442,1.08097,1.41843,1.4131,1.29409,1.25489,1.43406,1.21162,0.790874,1.13909,1.38525,1.56502,1.34092,1.20297,0.898327,1.32403,1.3295,1.23311,1.69727,1.47203,1.47689,1.40974,0.873054,1.35989,1.61974,1.69274,1.37556,1.43764
6624.394804,1.09072,1.12788,1.42587,1.41869,1.32897,1.29678,1.42823,1.36434,1.35133,1.62941,1.19989,1.56545,1.48045,1.47758,1.02506,1.08307,1.43224,1.4191,1.2887,1.2569,1.43907,1.21136,0.789005,1.13786,1.38878,1.56545,1.34412,1.20612,0.888542,1.31868,1.32936,1.23435,1.68366,1.47084,1.48374,1.41018,0.879048,1.35616,1.63612,1.69278,1.37762,1.43749
6632.583178,1.09456,1.13155,1.42326,1.41056,1.33906,1.2992,1.4298,1.36431,1.36467,1.62829,1.19206,1.56819,1.49901,1.4764,1.0267,1.08293,1.44,1.42262,1.2822,1.25806,1.44379,1.21552,0.787119,1.13968,1.38313,1.56819,1.34496,1.20629,0.87838,1.31288,1.33241,1.23563,1.66917,1.46571,1.49109,1.41094,0.88569,1.35168,1.64772,1.69262,1.38135,1.43913
6640.791821,1.09961,1.1347,1.42263,1.40696,1.34556,1.29744,1.43068,1.36327,1.37734,1.62344,1.17982,1.56507,1.50521,1.46916,1.02572,1.07711,1.43527,1.42211,1.28134,1.25894,1.4368,1.22227,0.78783,1.14127,1.37732,1.56507,1.33794,1.20481,0.867469,1.304,1.33338,1.23605,1.65234,1.4618,1.48927,1.41338,0.891196,1.34961,1.64939,1.68691,1.38581,1.44456
6649.020807,1.10344,1.13754,1.42983,1.41197,1.3518,1.2965,1.44057,1.36067,1.38944,1.61218,1.16859,1.55529,1.50948,1.46517,1.02393,1.07033,1.42388,1.4251,1.28464,1.25781,1.42374,1.22558,0.78835,1.14067,1.37347,1.55529,1.32999,1.20598,0.855541,1.29094,1.33267,1.23656,1.6388,1.4651,1.48433,1.41869,0.896495,1.34926,1.65192,1.69107,1.39031,1.45001
6657.270213,1.10867,1.13895,1.43699,1.42545,1.36213,1.30302,1.45448,1.36221,1.40085,1.60271,1.1618,1.55052,1.51713,1.46736,1.02517,1.06879,1.41963,1.43208,1.28542,1.255,1.4219,1.2277,0.788281,1.14081,1.37263,1.55052,1.33071,1.20772,0.844554,1.27734,1.33828,1.23933,1.6277,1.46501,1.48674,1.42268,0.902558,1.35045,1.65568,1.69915,1.39835,1.45131
6665.540113,1.11535,1.13903,1.43876,1.44038,1.37258,1.31268,1.45841,1.3662,1.40921,1.59768,1.15585,1.54347,1.5232,1.46989,1.0266,1.06795,1.42168,1.4389,1.28595,1.2552,1.4261,1.22971,0.790318,1.1429,1.37426,1.54347,1.33283,1.20714,0.835471,1.26345,1.34737,1.24111,1.61563,1.45742,1.48988,1.42412,0.909325,1.35193,1.64613,1.69861,1.40565,1.45108
6673.830586,1.12072,1.13825,1.43638,1.45374,1.37775,1.32311,1.45922,1.3729,1.41509,1.59069,1.14959,1.5367,1.524,1.47226,1.02877,1.06512,1.42873,1.44453,1.29145,1.25895,1.42779,1.22984,0.794537,1.14465,1.37262,1.5367,1.33865,1.20735,0.827362,1.25257,1.35734,1.24053,1.60469,1.4481,1.4906,1.42469,0.917289,1.35334,1.62638,1.69959,1.41111,1.44906
6682.141708,1.12489,1.13775,1.43398,1.46083,1.37608,1.33216,1.46536,1.38291,1.42501,1.58674,1.14362,1.54117,1.52063,1.47254,1.03401,1.06265,1.43836,1.44972,1.29863,1.26231,1.43125,1.2276,0.801337,1.14423,1.36924,1.54117,1.35059,1.208,0.819717,1.24542,1.36542,1.2392,1.59314,1.43819,1.48935,1.42442,0.924085,1.3565,1.61175,1.69866,1.41747,1.44777
6690.473555,1.12881,1.13704,1.43493,1.46443,1.37276,1.33947,1.47021,1.39424,1.43663,1.59033,1.13835,1.54465,1.51936,1.46941,1.04046,1.06135,1.45089,1.46088,1.30375,1.26236,1.43929,1.22422,0.8123,1.14458,1.36428,1.54465,1.36126,1.21052,0.81325,1.23991,1.37461,1.24096,1.58439,1.4339,1.48748,1.425,0.931119,1.35912,1.607,1.68805,1.42165,1.44846
6698.826206,1.13315,1.13883,1.43508,1.46647,1.37421,1.34296,1.47126,1.40773,1.4432,1.59686,1.13049,1.54256,1.5211,1.46549,1.04415,1.05806,1.46542,1.47148,1.3066,1.25856,1.45159,1.22139,0.828415,1.14659,1.35755,1.54256,1.36554,1.21694,0.809084,1.23191,1.38479,1.24455,1.58586,1.43628,1.48652,1.42713,0.940301,1.35755,1.60705,1.6761,1.41992,1.44437
6707.199739,1.13756,1.14539,1.43198,1.4606,1.37572,1.34043,1.47311,1.41675,1.44764,1.60591,1.12163,1.53383,1.52402,1.46086,1.04292,1.05221,1.47056,1.47577,1.30677,1.25523,1.46248,1.22176,0.848814,1.15072,1.34666,1.53383,1.36546,1.22301,0.807226,1.21637,1.39066,1.24315,1.58932,1.43552,1.48436,1.42819,0.95232,1.35224,1.6135,1.67349,1.41326,1.43413
6715.594232,1.13921,1.15086,1.43031,1.45685,1.3773,1.34103,1.48192,1.41996,1.46126,1.61077,1.12201,1.52302,1.53174,1.46196,1.04479,1.05249,1.4736,1.48071,1.30533,1.25557,1.46354,1.22551,0.870383,1.16007,1.33885,1.52302,1.37093,1.22884,0.806052,1.20201,1.39972,1.24294,1.58737,1.43369,1.48468,1.42915,0.969163,1.34954,1.62058,1.68193,1.41095,1.42941
6724.009763,1.13838,1.15514,1.42784,1.45797,1.38421,1.34998,1.49187,1.4256,1.47957,1.61485,1.12638,1.52003,1.5442,1.47077,1.0531,1.05712,1.48865,1.48739,1.30834,1.25736,1.46168,1.23051,0.890905,1.17134,1.34165,1.52003,1.38574,1.23701,0.805277,1.1955,1.41644,1.24858,1.58727,1.43495,1.48515,1.43237,0.989526,1.35057,1.62079,1.6848,1.41284,1.42983
6732.446413,1.13727,1.16011,1.42382,1.45169,1.39059,1.35776,1.49984,1.42991,1.49627,1.61597,1.12826,1.52286,1.55858,1.48167,1.06008,1.06236,1.50924,1.49392,1.31528,1.26155,1.46244,1.23609,0.908758,1.17859,1.34744,1.52286,1.39924,1.24514,0.806196,1.19368,1.43635,1.25402,1.58945,1.43668,1.48374,1.43769,1.01262,1.35404,1.62397,1.68472,1.41644,1.43024
6740.90426,1.13526,1.16408,1.41963,1.43634,1.39257,1.35924,1.50707,1.43086,1.50961,1.61078,1.12578,1.52666,1.57257,1.49036,1.06435,1.06653,1.52503,1.49482,1.32046,1.26745,1.4609,1.24252,0.92307,1.18244,1.34893,1.52666,1.40543,1.2515,0.809931,1.19448,1.4544,1.25532,1.59102,1.43587,1.48727,1.44214,1.0386,1.3598,1.62588,1.68865,1.42106,1.43487
6749.383385,1.13259,1.16572,1.41244,1.42258,1.39172,1.35495,1.5082,1.43084,1.51376,1.6015,1.12057,1.52698,1.57412,1.49256,1.06819,1.06583,1.53187,1.48977,1.32129,1.27354,1.45179,1.25302,0.934299,1.18723,1.34776,1.52698,1.40449,1.25669,0.815745,1.19258,1.46364,1.2526,1.58707,1.43036,1.49128,1.44257,1.06302,1.36819,1.61328,1.68955,1.42224,1.44322
6757.883868,1.13049,1.16409,1.40415,1.41676,1.39307,1.34813,1.5086,1.42865,1.51556,1.5859,1.11834,1.52579,1.56786,1.49288,1.07285,1.06616,1.53479,1.4897,1.32476,1.28269,1.44251,1.26475,0.942512,1.19072,1.35301,1.52579,1.40186,1.26096,0.821775,1.19,1.46604,1.24971,1.58638,1.42534,1.49509,1.43938,1.0856,1.37851,1.59463,1.69118,1.42449,1.45053
6766.40579,1.12723,1.15989,1.39798,1.4109,1.39899,1.34539,1.51343,1.42367,1.51905,1.56941,1.12336,1.53212,1.57219,1.4961,1.08024,1.07354,1.54087,1.49309,1.33,1.29237,1.44359,1.27458,0.945817,1.19276,1.36581,1.53212,1.4022,1.26456,0.828284,1.19287,1.46972,1.25001,1.59343,1.42648,1.49972,1.43739,1.10982,1.38913,1.58057,1.69857,1.43135,1.45706
6774.949231,1.12404,1.15666,1.38577,1.39752,1.4043,1.34586,1.51493,1.41791,1.51694,1.55803,1.13151,1.54259,1.58138,1.49909,1.08922,1.08425,1.55212,1.49564,1.33584,1.29934,1.453,1.28488,0.945914,1.19565,1.38188,1.54259,1.40463,1.26596,0.83691,1.19981,1.47584,1.252,1.60355,1.42806,1.5022,1.43955,1.13311,1.39939,1.56706,1.70002,1.44108,1.46468
6783.514274,1.12206,1.15117,1.3638,1.38015,1.40547,1.34409,1.50558,1.41124,1.50918,1.54613,1.136,1.54476,1.57652,1.49629,1.0953,1.09013,1.56074,1.49769,1.34426,1.30316,1.46242,1.29021,0.946511,1.19747,1.39353,1.54476,1.40761,1.26294,0.847281,1.20484,1.48187,1.25236,1.60286,1.42634,1.50408,1.44183,1.15219,1.40578,1.54365,1.6927,1.44782,1.47144
6792.101001,1.11904,1.14283,1.34203,1.36093,1.40322,1.34266,1.49314,1.4049,1.50157,1.52818,1.14009,1.54796,1.56659,1.48773,1.10128,1.09557,1.56375,1.50217,1.35489,1.30744,1.47221,1.29024,0.949883,1.19709,1.39993,1.54796,1.41162,1.25927,0.858481,1.21122,1.4932,1.25069,1.58981,1.42289,1.5091,1.4455,1.17108,1.4101,1.51534,1.68632,1.44961,1.47121
6800.709494,1.11742,1.13811,1.32389,1.33901,1.40559,1.34395,1.48454,1.40052,1.4947,1.51466,1.14809,1.55883,1.57059,1.47818,1.11086,1.10663,1.5679,1.5126,1.36551,1.31244,1.48497,1.28834,0.95709,1.19729,1.40559,1.55883,1.41202,1.2592,0.870744,1.22222,1.50917,1.2503,1.57746,1.41829,1.51186,1.45112,1.18888,1.41759,1.49493,1.68074,1.45278,1.46755
6809.339836,1.12082,1.13874,1.30345,1.31855,1.41247,1.34435,1.47699,1.40089,1.48273,1.51093,1.15722,1.5651,1.58534,1.47121,1.12208,1.11728,1.57637,1.52659,1.37448,1.31704,1.4959,1.28485,0.968202,1.20018,1.40935,1.5651,1.40926,1.26273,0.884148,1.23659,1.52422,1.2543,1.57821,1.41556,1.50876,1.45441,1.20414,1.42788,1.48417,1.67171,1.4574,1.46692
6817.992111,1.12752,1.143,1.27944,1.29506,1.41241,1.34323,1.46512,1.40395,1.46532,1.50614,1.16327,1.55668,1.59428,1.46288,1.12909,1.12012,1.57797,1.52608,1.38099,1.32225,1.50355,1.2823,0.982973,1.20299,1.4064,1.55668,1.40374,1.26566,0.89763,1.24427,1.53269,1.25927,1.58233,1.41287,1.50967,1.45336,1.21675,1.43456,1.47251,1.65508,1.45764,1.46609
6826.666401,1.1356,1.15119,1.25987,1.27353,1.40824,1.34649,1.45886,1.40376,1.4521,1.49575,1.16931,1.54441,1.59733,1.45689,1.13456,1.12252,1.57581,1.52362,1.38817,1.33084,1.50212,1.28097,0.998652,1.20517,1.39797,1.54441,1.40369,1.26842,0.910019,1.24606,1.54527,1.26481,1.58436,1.4068,1.51354,1.45391,1.23188,1.43375,1.45916,1.63499,1.4598,1.46179
6835.362791,1.14501,1.16085,1.24629,1.25823,1.40226,1.35554,1.45699,1.40236,1.4423,1.48126,1.17671,1.54309,1.59712,1.45469,1.14114,1.1271,1.57613,1.53128,1.39351,1.33959,1.49205,1.28109,1.01089,1.20702,1.3912,1.54309,1.41153,1.2719,0.920931,1.24858,1.5581,1.27166,1.58868,1.40066,1.51226,1.45659,1.2476,1.42851,1.44453,1.61543,1.46622,1.45884
6844.081366,1.15605,1.16973,1.23828,1.24675,1.39804,1.36613,1.45418,1.40014,1.42997,1.46714,1.18499,1.5514,1.5937,1.45341,1.14862,1.13076,1.57733,1.5334,1.39337,1.34528,1.48385,1.27891,1.01847,1.20664,1.38971,1.5514,1.42068,1.27646,0.931667,1.25378,1.56669,1.28006,1.59164,1.3955,1.51241,1.45917,1.26037,1.4218,1.42787,1.5963,1.47353,1.46173
6852.822211,1.16902,1.17903,1.23206,1.23496,1.39339,1.37475,1.45597,1.39454,1.41506,1.45026,1.19114,1.55877,1.59116,1.4558,1.15566,1.13328,1.57373,1.52411,1.39184,1.34764,1.47818,1.27406,1.0227,1.20151,1.38652,1.55877,1.42683,1.27992,0.943428,1.26252,1.57555,1.28724,1.59092,1.38599,1.52133,1.45924,1.27167,1.41743,1.41033,1.57754,1.47854,1.46608
6861.58541,1.18159,1.19076,1.2275,1.22754,1.38757,1.37831,1.45975,1.38899,1.40116,1.42645,1.19161,1.55326,1.58682,1.46225,1.16002,1.13326,1.56315,1.50916,1.39372,1.34875,1.46509,1.26905,1.02389,1.195,1.37844,1.55326,1.4269,1.28162,0.955569,1.27026,1.57863,1.28922,1.58581,1.37112,1.53383,1.4603,1.28231,1.41651,1.38667,1.55078,1.4743,1.46923
6870.371051,1.19015,1.20199,1.22876,1.22843,1.38497,1.37747,1.45881,1.38527,1.38969,1.40216,1.19201,1.54029,1.57545,1.46489,1.16151,1.13035,1.54999,1.49741,1.39425,1.35078,1.44822,1.26568,1.02197,1.19002,1.37137,1.54029,1.42297,1.2821,0.9659,1.27745,1.57019,1.28862,1.57709,1.3585,1.53917,1.46216,1.28759,1.41549,1.35686,1.52235,1.46662,1.46986
6879.179219,1.19603,1.2093,1.23381,1.23166,1.3872,1.38112,1.45903,1.38208,1.38317,1.38264,1.19691,1.53442,1.56318,1.46207,1.16291,1.13136,1.53967,1.49319,1.39559,1.35262,1.44154,1.26621,1.01748,1.18566,1.37094,1.53442,1.4211,1.2798,0.973556,1.28842,1.56302,1.28993,1.57307,1.35169,1.53944,1.46252,1.28773,1.41478,1.33326,1.5037,1.46535,1.46986
6888.010001,1.19948,1.21353,1.23866,1.23432,1.39312,1.38702,1.45936,1.37967,1.37758,1.36704,1.20144,1.53472,1.5573,1.46045,1.16718,1.13767,1.53265,1.48931,1.39654,1.35014,1.44221,1.26844,1.01149,1.18468,1.37486,1.53472,1.42011,1.27699,0.980297,1.30012,1.5629,1.29371,1.56897,1.34763,1.53834,1.46527,1.28736,1.41536,1.31587,1.49279,1.46573,1.47084
6896.863484,1.19992,1.21598,1.2411,1.2377,1.39948,1.39101,1.45772,1.37736,1.3716,1.35789,1.20318,1.53252,1.55085,1.46294,1.17189,1.14615,1.52924,1.4875,1.39638,1.34441,1.44405,1.26738,1.0062,1.18621,1.37995,1.53252,1.41771,1.27738,0.986653,1.31264,1.56586,1.29644,1.55783,1.34314,1.53672,1.47341,1.28755,1.41444,1.29929,1.48475,1.46602,1.47138
6905.739757,1.19896,1.21536,1.23938,1.24155,1.40412,1.39296,1.45443,1.37435,1.36846,1.35251,1.2024,1.52875,1.53815,1.4604,1.1733,1.15318,1.52333,1.48657,1.39819,1.33757,1.44695,1.2613,1.004,1.18563,1.38275,1.52875,1.41135,1.27627,0.99198,1.32204,1.57388,1.29524,1.53913,1.33718,1.53881,1.48139,1.28824,1.4115,1.27932,1.47839,1.46575,1.46842
6914.638906,1.19525,1.21346,1.2351,1.24235,1.40819,1.3949,1.45021,1.37369,1.36638,1.34475,1.19947,1.52936,1.52845,1.45104,1.17198,1.15867,1.51659,1.4837,1.40034,1.33428,1.45268,1.25731,1.00646,1.18763,1.38244,1.52936,1.3994,1.27064,0.997119,1.32907,1.58726,1.2925,1.519,1.32961,1.54269,1.48606,1.28874,1.40902,1.25826,1.47125,1.46561,1.46136
6923.56102,1.19055,1.21301,1.22805,1.24042,1.41301,1.39427,1.44831,1.37351,1.36662,1.33922,1.19793,1.53215,1.52412,1.44239,1.17082,1.16256,1.511,1.47381,1.39975,1.33445,1.4589,1.25381,1.01094,1.19341,1.38107,1.53215,1.38908,1.26247,1.00247,1.33771,1.59761,1.2921,1.50394,1.31898,1.5419,1.48795,1.28411,1.40708,1.2408,1.46366,1.46945,1.45989
6932.50619,1.18694,1.21135,1.21462,1.23406,1.41161,1.38709,1.44726,1.37302,1.36741,1.33757,1.19602,1.53092,1.51583,1.43139,1.17041,1.16205,1.4972,1.45441,1.39761,1.33527,1.46259,1.25073,1.01458,1.19788,1.37748,1.53092,1.38281,1.2524,1.00695,1.3431,1.60209,1.29524,1.49607,1.30617,1.53933,1.48295,1.27718,1.40622,1.22532,1.45734,1.47375,1.46482
6941.474503,1.18056,1.20631,1.19641,1.21958,1.40284,1.37783,1.43927,1.37007,1.36431,1.33433,1.19189,1.51804,1.50086,1.41393,1.17046,1.15955,1.47416,1.428,1.39215,1.33605,1.45916,1.25136,1.0182,1.1992,1.37127,1.51804,1.37648,1.24129,1.01067,1.33874,1.60245,1.29782,1.48914,1.29386,1.54092,1.47399,1.27315,1.40144,1.21028,1.44832,1.47459,1.4642
6950.46605,1.17203,1.20068,1.18058,1.20694,1.39815,1.3684,1.43202,1.36367,1.3598,1.32532,1.19,1.51136,1.48619,1.39949,1.17355,1.1613,1.45862,1.41132,1.38415,1.33622,1.44824,1.25245,1.02174,1.20075,1.36725,1.51136,1.37254,1.23497,1.01443,1.3337,1.60933,1.29867,1.48186,1.28361,1.54119,1.46745,1.27409,1.39084,1.20082,1.44135,1.47578,1.45817
6959.480922,1.16462,1.19283,1.16654,1.19594,1.39273,1.35875,1.42856,1.35537,1.35284,1.31574,1.19055,1.51955,1.47466,1.38811,1.17874,1.16575,1.44781,1.40211,1.37341,1.33189,1.44214,1.25269,1.02464,1.20328,1.36508,1.51955,1.36993,1.2328,1.01823,1.33332,1.61428,1.29886,1.47591,1.27201,1.53625,1.45747,1.27227,1.37974,1.19304,1.43911,1.47886,1.45895
6968.519209,1.15705,1.18151,1.15211,1.18267,1.38511,1.35092,1.4256,1.34704,1.34498,1.30857,1.19285,1.52607,1.46751,1.37738,1.18611,1.16967,1.43109,1.38806,1.36038,1.32118,1.44297,1.25051,1.02746,1.20531,1.36221,1.52607,1.36558,1.23206,1.0217,1.33385,1.61423,1.30035,1.4718,1.25782,1.53317,1.44415,1.26614,1.36964,1.18516,1.43874,1.47956,1.46378
6977.581002,1.14925,1.17067,1.1363,1.16865,1.3751,1.34327,1.42372,1.33783,1.33763,1.30035,1.19396,1.52433,1.4596,1.37216,1.19269,1.17084,1.41416,1.37105,1.34837,1.30506,1.44154,1.24632,1.03022,1.20571,1.35645,1.52433,1.36104,1.23114,1.02462,1.33331,1.61321,1.30063,1.46579,1.24255,1.53221,1.43026,1.25934,1.35943,1.17918,1.43275,1.4732,1.4622
6986.666394,1.14206,1.16333,1.12271,1.15777,1.36513,1.33472,1.42521,1.33132,1.32875,1.29189,1.19406,1.5189,1.44969,1.37277,1.19465,1.17102,1.40521,1.35739,1.34005,1.29008,1.43583,1.24157,1.03275,1.20713,1.34908,1.5189,1.35701,1.23123,1.02627,1.33329,1.60907,1.29811,1.4539,1.22727,1.52884,1.41866,1.25322,1.35131,1.17573,1.42243,1.46338,1.45781
6995.775477,1.13504,1.154,1.1117,1.1457,1.35584,1.32467,1.42907,1.33255,1.31855,1.28419,1.19396,1.5155,1.43883,1.36825,1.19223,1.169,1.39928,1.34572,1.32754,1.27843,1.42947,1.23676,1.03434,1.20971,1.34333,1.5155,1.35082,1.23021,1.02621,1.33721,1.59682,1.29533,1.43663,1.21205,1.52113,1.40452,1.24632,1.3437,1.17404,1.41268,1.45438,1.45229
7004.908343,1.12801,1.14026,1.10169,1.13232,1.34587,1.31837,1.43192,1.33622,1.3111,1.27695,1.19094,1.51094,1.42957,1.36016,1.18993,1.16542,1.39276,1.33928,1.31183,1.26291,1.42668,1.2353,1.03683,1.21229,1.33865,1.51094,1.34479,1.22756,1.02627,1.33955,1.58958,1.29671,1.4169,1.19791,1.51037,1.38991,1.23661,1.33955,1.17127,1.40304,1.44258,1.44512
7014.065086,1.12007,1.12735,1.097,1.12481,1.33899,1.31586,1.43175,1.33782,1.30407,1.27198,1.18806,1.50041,1.42956,1.35822,1.19085,1.16442,1.38789,1.3401,1.29787,1.24429,1.42221,1.23365,1.04138,1.21568,1.33817,1.50041,1.33912,1.22812,1.02745,1.33896,1.5915,1.3011,1.39652,1.18626,1.49798,1.37984,1.2285,1.34014,1.16737,1.39509,1.42849,1.43567
7023.245799,1.11175,1.11803,1.09605,1.12219,1.33469,1.31507,1.43239,1.33989,1.29862,1.27154,1.18874,1.48705,1.43392,1.3584,1.19258,1.16525,1.38452,1.34508,1.28743,1.23083,1.41713,1.22877,1.04635,1.21856,1.34339,1.48705,1.33149,1.23181,1.02806,1.3422,1.59235,1.30373,1.38055,1.17972,1.48572,1.37363,1.22511,1.34236,1.16406,1.38599,1.4168,1.42222
7032.450577,1.10518,1.11204,1.09353,1.11983,1.32843,1.31221,1.42933,1.34285,1.29498,1.27054,1.189,1.47826,1.43674,1.35099,1.19047,1.1642,1.38135,1.34638,1.28199,1.224,1.41458,1.22308,1.0494,1.21876,1.34651,1.47826,1.32242,1.23286,1.02741,1.34626,1.59009,1.30254,1.3697,1.17541,1.47428,1.36654,1.22168,1.3451,1.15775,1.37309,1.4083,1.40821
7041.679515,1.09991,1.10859,1.0902,1.11569,1.32115,1.30805,1.42113,1.34661,1.29008,1.2662,1.1869,1.47356,1.43655,1.34045,1.185,1.16169,1.37986,1.34115,1.27872,1.22264,1.41517,1.21888,1.05076,1.21969,1.34485,1.47356,1.31477,1.22877,1.02656,1.34963,1.58635,1.30003,1.35848,1.16857,1.4635,1.35689,1.21468,1.34803,1.14848,1.35892,1.40328,1.39932
7050.932708,1.09771,1.10768,1.08946,1.11244,1.31587,1.30301,1.41723,1.34718,1.28638,1.26423,1.18912,1.47208,1.43444,1.335,1.18203,1.16169,1.37719,1.33537,1.27611,1.2245,1.4155,1.21272,1.04992,1.22172,1.34401,1.47208,1.31205,1.22204,1.02611,1.35542,1.58684,1.29956,1.34761,1.16052,1.45533,1.34911,1.20657,1.35062,1.14191,1.34934,1.40178,1.39746
7060.210251,1.09833,1.10807,1.08903,1.11187,1.31198,1.29847,1.41736,1.34507,1.28225,1.26323,1.19313,1.47126,1.43397,1.3309,1.18253,1.16341,1.36788,1.33285,1.27625,1.22516,1.41204,1.20774,1.04682,1.22204,1.34445,1.47126,1.31104,1.21606,1.02655,1.35963,1.59019,1.30129,1.33988,1.15434,1.45047,1.34039,1.20175,1.35384,1.13633,1.34363,1.40273,1.39547
7069.51224,1.09947,1.10975,1.08716,1.1111,1.31035,1.29367,1.41162,1.34475,1.27535,1.25906,1.19296,1.46945,1.43382,1.32518,1.18419,1.16493,1.35505,1.33011,1.27803,1.2239,1.40511,1.20661,1.04389,1.22117,1.34451,1.46945,1.3077,1.21078,1.02961,1.36201,1.59023,1.30357,1.33314,1.15022,1.44502,1.32854,1.20152,1.35996,1.13036,1.33939,1.40353,1.39005
7078.838774,1.10326,1.11347,1.08644,1.10985,1.31146,1.2859,1.4036,1.34604,1.26977,1.25344,1.19235,1.47237,1.42828,1.31873,1.1852,1.16673,1.34392,1.32645,1.28079,1.22277,1.40123,1.20609,1.04241,1.22155,1.34524,1.47237,1.30209,1.20785,1.03472,1.36567,1.59201,1.30438,1.32772,1.14687,1.43876,1.31908,1.20406,1.36622,1.12712,1.33738,1.40196,1.38791
7088.189948,1.11005,1.11912,1.08779,1.11105,1.31225,1.28106,1.40018,1.34585,1.2649,1.25112,1.19225,1.47761,1.41822,1.31244,1.18727,1.17061,1.33647,1.32293,1.28301,1.22118,1.403,1.20541,1.04123,1.22228,1.34461,1.47761,1.29662,1.20585,1.03918,1.37044,1.59725,1.30296,1.32563,1.14196,1.43061,1.31071,1.20519,1.37118,1.12336,1.33674,1.40113,1.39119
7097.56586,1.1194,1.12821,1.08956,1.11354,1.31024,1.28001,1.39756,1.34278,1.2613,1.24799,1.19007,1.47973,1.40507,1.30699,1.19,1.17304,1.32963,1.31651,1.28226,1.2184,1.40529,1.20539,1.03819,1.22204,1.34057,1.47973,1.29101,1.20105,1.04175,1.37355,1.60004,1.30135,1.32257,1.13489,1.42367,1.30164,1.2054,1.37488,1.11773,1.33733,1.39952,1.38935
7106.96661,1.1313,1.14051,1.09485,1.11616,1.30673,1.27607,1.39476,1.33901,1.25871,1.24155,1.18714,1.48153,1.39124,1.30406,1.19084,1.17358,1.32334,1.30596,1.27944,1.21696,1.40773,1.20437,1.03482,1.22138,1.33475,1.48153,1.28643,1.19466,1.04262,1.37387,1.59815,1.29817,1.31475,1.12641,1.42338,1.29221,1.20611,1.37318,1.11444,1.33804,1.39775,1.38236
7116.392295,1.14368,1.15257,1.10116,1.11863,1.30249,1.26939,1.39489,1.34323,1.25208,1.23549,1.18321,1.4824,1.38021,1.29977,1.18919,1.17318,1.31668,1.29157,1.27553,1.21857,1.41077,1.20365,1.03385,1.22239,1.32623,1.4824,1.28238,1.18947,1.04248,1.37425,1.59193,1.29385,1.30283,1.11581,1.42472,1.28039,1.20725,1.37029,1.11422,1.33582,1.39682,1.37697
7125.843015,1.15514,1.1612,1.10561,1.11976,1.295,1.2625,1.39493,1.3524,1.24466,1.22723,1.17552,1.47819,1.36895,1.28929,1.18601,1.17075,1.30691,1.27396,1.26838,1.21737,1.41222,1.20581,1.03236,1.22415,1.31629,1.47819,1.27444,1.18216,1.04276,1.37555,1.58058,1.29367,1.2878,1.10318,1.42053,1.2668,1.20877,1.36676,1.11344,1.32808,1.39097,1.36973
7135.31887,1.16535,1.16873,1.11412,1.12507,1.28723,1.25898,1.39308,1.35676,1.2404,1.22031,1.16822,1.47015,1.36023,1.28107,1.18666,1.16921,1.29756,1.2622,1.26116,1.21048,1.41386,1.20974,1.03194,1.22589,1.30941,1.47015,1.26738,1.17363,1.04401,1.37528,1.57124,1.29893,1.27571,1.09262,1.41449,1.2587,1.20857,1.36445,1.11071,1.32086,1.38219,1.35981
7144.81996,1.17449,1.17863,1.12751,1.13663,1.28191,1.25849,1.3941,1.35853,1.23624,1.21826,1.16604,1.46081,1.35617,1.27703,1.19186,1.17123,1.28828,1.25826,1.25606,1.20417,1.41266,1.21223,1.0327,1.22766,1.3071,1.46081,1.26317,1.16683,1.04401,1.37593,1.56513,1.30485,1.27174,1.08473,1.40663,1.25416,1.20702,1.36722,1.10992,1.31667,1.37501,1.34889
7154.346387,1.18349,1.18852,1.14021,1.14948,1.27685,1.25648,1.39589,1.36251,1.23255,1.21591,1.16646,1.45031,1.35295,1.27152,1.19445,1.1733,1.27877,1.25433,1.25138,1.20258,1.4107,1.21343,1.03313,1.22862,1.30508,1.45031,1.25966,1.16096,1.04116,1.37933,1.56,1.30653,1.27091,1.07757,1.39524,1.2477,1.20357,1.37146,1.11184,1.31224,1.3678,1.33879
7163.898251,1.1916,1.20063,1.14906,1.16069,1.27252,1.2507,1.39367,1.36545,1.22892,1.2109,1.16733,1.44194,1.35435,1.26683,1.19193,1.17303,1.27168,1.24662,1.24672,1.20314,1.41218,1.21431,1.03222,1.2281,1.29941,1.44194,1.25723,1.15555,1.03621,1.38212,1.55377,1.30187,1.26633,1.07062,1.38281,1.23903,1.19926,1.37448,1.11404,1.30888,1.36217,1.33237
7173.475655,1.1977,1.21533,1.15646,1.1723,1.2687,1.24527,1.39265,1.36645,1.22092,1.20779,1.16894,1.43535,1.36069,1.26674,1.18901,1.17363,1.26702,1.23996,1.24318,1.20207,1.41492,1.21625,1.03044,1.22861,1.29178,1.43535,1.25417,1.15008,1.03018,1.38165,1.55073,1.29557,1.26091,1.06515,1.37399,1.2291,1.19717,1.3772,1.11748,1.3078,1.35973,1.32816
7183.078702,1.20444,1.22594,1.16536,1.18605,1.26411,1.24343,1.39637,1.36746,1.2111,1.20653,1.17125,1.43057,1.3657,1.27032,1.18624,1.17457,1.2632,1.23847,1.24109,1.19877,1.4167,1.22017,1.02882,1.23024,1.28615,1.43057,1.25054,1.14493,1.02396,1.37825,1.55261,1.29228,1.25813,1.06255,1.36691,1.2187,1.19777,1.38001,1.12384,1.30879,1.35779,1.32404
7192.707494,1.21244,1.23236,1.17513,1.19877,1.26188,1.24485,1.40255,1.36912,1.20673,1.20367,1.17441,1.42937,1.36965,1.27381,1.18358,1.17496,1.25805,1.23911,1.24006,1.19329,1.41896,1.22508,1.02728,1.23029,1.28414,1.42937,1.24802,1.14087,1.01921,1.3722,1.55148,1.29072,1.2564,1.064,1.35715,1.20988,1.2005,1.38268,1.13001,1.31138,1.35746,1.32182
7202.362135,1.21964,1.23834,1.18397,1.20846,1.26247,1.24455,1.40625,1.3722,1.20928,1.20185,1.17686,1.43256,1.37103,1.27349,1.18299,1.17472,1.25232,1.239,1.24104,1.18706,1.42089,1.22642,1.0266,1.2295,1.28511,1.43256,1.2449,1.13806,1.01621,1.36226,1.55078,1.28972,1.25664,1.06855,1.34424,1.20274,1.20667,1.38482,1.13438,1.31408,1.35896,1.32279
7212.042729,1.22605,1.24451,1.19413,1.21793,1.26344,1.24234,1.40801,1.3747,1.21511,1.20506,1.17818,1.43892,1.37039,1.27049,1.18498,1.17365,1.24891,1.24078,1.24159,1.18336,1.42283,1.22584,1.02774,1.22897,1.29059,1.43892,1.24248,1.13822,1.01289,1.35094,1.56196,1.28835,1.26239,1.07459,1.33479,1.19841,1.21493,1.38619,1.13978,1.32034,1.35943,1.3255
7221.749381,1.23163,1.25008,1.20299,1.22494,1.26424,1.24139,1.41154,1.37215,1.21756,1.21012,1.17783,1.44376,1.36756,1.26619,1.18636,1.17068,1.24793,1.24396,1.24015,1.18099,1.4219,1.22532,1.0296,1.22804,1.29422,1.44376,1.24083,1.13835,1.00776,1.33919,1.57641,1.28536,1.26945,1.08162,1.33198,1.19288,1.22267,1.38708,1.14333,1.32722,1.3575,1.32768
7231.482197,1.23781,1.25426,1.21003,1.22866,1.26341,1.24203,1.41608,1.36562,1.22148,1.21345,1.17633,1.44668,1.36278,1.26606,1.18427,1.16613,1.24883,1.24511,1.23727,1.17924,1.41702,1.22509,1.03117,1.22575,1.29394,1.44668,1.23951,1.13677,1.00169,1.32738,1.58481,1.28385,1.27378,1.08819,1.33321,1.18755,1.22998,1.38894,1.14415,1.33381,1.35481,1.32628
7241.241282,1.24251,1.25658,1.21811,1.23135,1.26237,1.242,1.41839,1.36168,1.22727,1.218,1.17465,1.44782,1.36046,1.2701,1.18015,1.1634,1.24927,1.24558,1.23228,1.17816,1.4148,1.22579,1.03289,1.22325,1.29239,1.44782,1.23859,1.13671,0.995446,1.31701,1.58584,1.28504,1.27612,1.09382,1.33688,1.18678,1.23571,1.3877,1.14644,1.34239,1.35567,1.32371
7251.026743,1.24383,1.25595,1.22314,1.23201,1.26415,1.2418,1.41638,1.36202,1.22933,1.22488,1.17272,1.44681,1.36036,1.27374,1.17818,1.16084,1.2488,1.24517,1.22679,1.17499,1.41639,1.22513,1.03548,1.22132,1.29027,1.44681,1.23665,1.13967,0.989866,1.30866,1.58279,1.28839,1.27923,1.09962,1.33817,1.18714,1.2404,1.38383,1.15133,1.34802,1.35983,1.32298
7260.838688,1.24507,1.25489,1.22783,1.23383,1.26805,1.24291,1.41237,1.35998,1.23013,1.23114,1.17202,1.4483,1.36245,1.2756,1.17985,1.15955,1.25053,1.24277,1.22267,1.17031,1.41751,1.22229,1.0364,1.22082,1.29215,1.4483,1.23556,1.14288,0.985942,1.30133,1.58257,1.29429,1.28481,1.10685,1.33821,1.18725,1.24466,1.37936,1.15762,1.34938,1.36116,1.32324
7270.677222,1.24762,1.25497,1.23596,1.23944,1.27234,1.24553,1.41324,1.3555,1.23153,1.23798,1.17243,1.45344,1.36794,1.27788,1.1834,1.16135,1.25427,1.24604,1.2204,1.17022,1.41752,1.21884,1.03565,1.22262,1.29775,1.45344,1.23721,1.1455,0.982185,1.29656,1.58694,1.30046,1.2945,1.11481,1.34119,1.19058,1.2462,1.37674,1.16331,1.35044,1.36068,1.32356
7280.542456,1.24771,1.25516,1.24259,1.24394,1.27379,1.2481,1.41526,1.35134,1.23284,1.24438,1.17032,1.45194,1.37281,1.28135,1.18578,1.16214,1.25429,1.25428,1.21932,1.17477,1.4143,1.21642,1.03379,1.22303,1.30148,1.45194,1.23905,1.14536,0.977333,1.29514,1.59385,1.30381,1.30351,1.12144,1.34221,1.19465,1.24414,1.37878,1.16773,1.34986,1.35841,1.32363
7290.434497,1.24615,1.25607,1.24468,1.24675,1.27065,1.24817,1.41029,1.34886,1.23244,1.24702,1.16848,1.44388,1.37728,1.28488,1.18224,1.16074,1.25198,1.2579,1.22046,1.17993,1.4097,1.21594,1.03251,1.22334,1.3014,1.44388,1.23895,1.14364,0.972317,1.29258,1.59958,1.30282,1.30684,1.1271,1.33976,1.1951,1.2414,1.3844,1.17212,1.34786,1.35284,1.32366
7300.353456,1.24373,1.25984,1.24367,1.25121,1.26694,1.24708,1.40457,1.34631,1.23049,1.24795,1.16965,1.44014,1.3831,1.29063,1.17671,1.15949,1.25233,1.25982,1.2232,1.1834,1.40953,1.21638,1.03171,1.22438,1.29973,1.44014,1.23696,1.14388,0.967524,1.288,1.60094,1.29821,1.30938,1.1327,1.33823,1.1958,1.23923,1.38675,1.177,1.34858,1.34826,1.32419
7310.299441,1.24082,1.2633,1.24688,1.25902,1.26293,1.24797,1.40636,1.34655,1.22801,1.25109,1.17097,1.44141,1.39082,1.29797,1.17572,1.15999,1.25657,1.26477,1.22652,1.18521,1.41155,1.21693,1.03026,1.22426,1.29845,1.44141,1.23553,1.14536,0.962377,1.28372,1.60704,1.29406,1.31618,1.13803,1.33693,1.19904,1.23849,1.38655,1.18292,1.35028,1.34567,1.32739
7320.272565,1.24074,1.26269,1.25471,1.26639,1.25832,1.25023,1.40931,1.35121,1.22771,1.25262,1.17083,1.44207,1.39825,1.30175,1.17546,1.1609,1.25932,1.27101,1.23068,1.18778,1.41343,1.21738,1.02825,1.2234,1.29869,1.44207,1.23507,1.14676,0.9576,1.27886,1.61235,1.29216,1.32409,1.14288,1.33252,1.20263,1.2407,1.38634,1.18789,1.34972,1.34508,1.33186
7330.272937,1.24056,1.26225,1.26252,1.27031,1.25652,1.25153,1.4097,1.35486,1.23052,1.2507,1.17016,1.44152,1.40349,1.30268,1.17589,1.16277,1.25857,1.27709,1.23527,1.19054,1.41785,1.2184,1.02612,1.22402,1.30034,1.44152,1.23472,1.14742,0.954298,1.27236,1.60876,1.29123,1.32862,1.14838,1.33089,1.2064,1.24193,1.38334,1.19104,1.3497,1.34787,1.33411
7340.30067,1.23708,1.26304,1.26793,1.27191,1.25551,1.25036,1.40667,1.35521,1.23526,1.25105,1.16903,1.44221,1.40562,1.30281,1.17762,1.16432,1.25671,1.28121,1.23853,1.19145,1.42325,1.21913,1.02415,1.22611,1.30274,1.44221,1.23428,1.14702,0.951315,1.26422,1.60505,1.28979,1.33116,1.15318,1.33207,1.20858,1.2399,1.37828,1.19455,1.3514,1.35103,1.33363
7350.355877,1.23247,1.26392,1.27166,1.27353,1.25418,1.24762,1.40194,1.35696,1.24046,1.25525,1.16708,1.44358,1.40465,1.30178,1.17771,1.16281,1.25431,1.2828,1.23984,1.19355,1.42538,1.22004,1.02314,1.22901,1.30521,1.44358,1.23291,1.14591,0.947659,1.25772,1.60538,1.28862,1.33627,1.15637,1.33329,1.20939,1.236,1.37594,1.19814,1.35355,1.35287,1.33245
7360.438669,1.22926,1.26368,1.27253,1.27347,1.25407,1.24466,1.40145,1.35881,1.24296,1.25788,1.16391,1.44324,1.40062,1.30083,1.17464,1.15865,1.25189,1.28134,1.24126,1.19573,1.42365,1.2191,1.02297,1.22994,1.30443,1.44324,1.22982,1.14419,0.944056,1.25364,1.59973,1.28801,1.34124,1.15778,1.335,1.20916,1.23217,1.37879,1.19764,1.35354,1.35318,1.33371
7370.549162,1.22919,1.26073,1.27238,1.2717,1.25233,1.24443,1.40586,1.36047,1.2444,1.26015,1.16051,1.44427,1.39608,1.3029,1.17019,1.15591,1.25103,1.27792,1.24222,1.19581,1.42318,1.2176,1.02313,1.2281,1.30277,1.44427,1.22713,1.14213,0.940896,1.25136,1.59084,1.28845,1.3433,1.15677,1.3376,1.20865,1.22914,1.38514,1.19467,1.35348,1.35444,1.33547
7380.687469,1.23089,1.2582,1.27292,1.26922,1.25015,1.2442,1.41101,1.36327,1.24615,1.26423,1.1568,1.44739,1.39362,1.3055,1.16467,1.15469,1.2502,1.27536,1.24174,1.19479,1.42678,1.2181,1.02296,1.22724,1.30349,1.44739,1.22399,1.14029,0.93784,1.24978,1.58372,1.29139,1.34334,1.15475,1.34114,1.20887,1.22663,1.39031,1.19402,1.35655,1.35858,1.33482
7390.853705,1.23344,1.25887,1.27477,1.26596,1.25375,1.242,1.41588,1.36709,1.24888,1.26702,1.15316,1.45107,1.39419,1.3084,1.16021,1.15191,1.24899,1.27487,1.24438,1.19483,1.43099,1.21645,1.02375,1.22653,1.30646,1.45107,1.22019,1.14012,0.935188,1.2468,1.58092,1.29549,1.344,1.15365,1.34305,1.21036,1.22658,1.39774,1.19669,1.35904,1.3633,1.332
7401.047986,1.23613,1.26172,1.27676,1.26469,1.25914,1.23912,1.42134,1.37116,1.24959,1.26615,1.15043,1.45349,1.39719,1.30966,1.15671,1.14876,1.2487,1.27452,1.2497,1.1983,1.43172,1.21311,1.02462,1.2255,1.30889,1.45349,1.21798,1.141,0.933096,1.24198,1.57986,1.29775,1.34387,1.15333,1.34297,1.21165,1.22685,1.40765,1.19927,1.35719,1.36384,1.32899
7411.270428,1.2404,1.26559,1.27618,1.26605,1.26268,1.23663,1.42767,1.37532,1.24695,1.26239,1.14611,1.45209,1.40008,1.30839,1.15152,1.1469,1.24834,1.27588,1.25631,1.20479,1.43047,1.21595,1.02465,1.22677,1.30745,1.45209,1.21563,1.13957,0.930386,1.23767,1.5789,1.29847,1.34151,1.15271,1.34197,1.21156,1.22893,1.41681,1.19914,1.35289,1.36195,1.32655
7421.521148,1.24615,1.27129,1.27263,1.26619,1.26343,1.2329,1.42799,1.37957,1.24278,1.25687,1.14105,1.44521,1.39839,1.3083,1.14424,1.14281,1.24495,1.27767,1.26475,1.21063,1.42839,1.22341,1.02542,1.22839,1.30192,1.44521,1.21113,1.13479,0.927526,1.23493,1.57805,1.29655,1.33591,1.15139,1.33908,1.20905,1.23567,1.4254,1.19748,1.34751,1.35964,1.32159
7431.800263,1.2535,1.27967,1.26918,1.26699,1.26111,1.22945,1.42436,1.38122,1.23818,1.25098,1.13927,1.43832,1.39699,1.31,1.13485,1.13682,1.242,1.27657,1.2747,1.21554,1.42771,1.2298,1.02869,1.2298,1.29331,1.43832,1.20628,1.12983,0.925319,1.23138,1.57443,1.29402,1.32975,1.14975,1.33575,1.2065,1.24484,1.43434,1.19585,1.34367,1.35825,1.31391
7442.107891,1.26215,1.28761,1.26844,1.26977,1.25974,1.22877,1.42583,1.37959,1.2341,1.24713,1.13812,1.43532,1.40022,1.31365,1.12709,1.13032,1.24302,1.27716,1.28406,1.22125,1.43129,1.23479,1.03277,1.22975,1.28566,1.43532,1.20269,1.12584,0.923445,1.22827,1.5722,1.29372,1.32599,1.1478,1.33221,1.20712,1.25478,1.43981,1.19409,1.34192,1.3585,1.30604
7452.444152,1.27163,1.29334,1.27138,1.27189,1.25949,1.22888,1.43082,1.38189,1.23044,1.24681,1.13544,1.43185,1.40478,1.31747,1.12344,1.12281,1.24691,1.28037,1.2916,1.22663,1.43522,1.23956,1.03546,1.22823,1.28039,1.43185,1.20122,1.12286,0.921513,1.22539,1.57527,1.29509,1.32445,1.14542,1.32929,1.2097,1.26708,1.4434,1.19339,1.34081,1.35752,1.30221
7462.809165,1.28085,1.29711,1.27293,1.2719,1.2588,1.22854,1.43244,1.38517,1.22788,1.24511,1.1315,1.42667,1.40603,1.31794,1.11935,1.11509,1.24791,1.28253,1.29559,1.22944,1.43735,1.24425,1.03636,1.22827,1.27517,1.42667,1.2,1.12069,0.91986,1.21965,1.57486,1.29742,1.32381,1.14376,1.32935,1.21113,1.27948,1.44418,1.1934,1.34031,1.35384,1.29972
7473.20305,1.2865,1.29948,1.27133,1.271,1.25843,1.23005,1.4314,1.38463,1.22548,1.24299,1.12686,1.42316,1.40583,1.31889,1.11424,1.10812,1.24584,1.28185,1.29693,1.23051,1.44058,1.24991,1.03702,1.22939,1.27067,1.42316,1.19901,1.11797,0.918055,1.21409,1.57196,1.30211,1.32163,1.14331,1.33149,1.21079,1.28717,1.43923,1.19464,1.34298,1.35051,1.29734
7483.625927,1.2865,1.30018,1.26724,1.26873,1.2573,1.23201,1.42764,1.38483,1.22282,1.24502,1.12391,1.42006,1.40825,1.3214,1.10858,1.10227,1.24333,1.27931,1.29662,1.2311,1.44471,1.25387,1.03824,1.22934,1.26567,1.42006,1.19802,1.11507,0.915893,1.21155,1.57367,1.30748,1.31806,1.14157,1.3307,1.21086,1.29068,1.43361,1.19649,1.34751,1.3493,1.29645
7494.077918,1.28342,1.29991,1.26209,1.26772,1.2551,1.23251,1.42276,1.38813,1.22175,1.24827,1.12191,1.41526,1.41157,1.32113,1.10173,1.0958,1.23984,1.27818,1.29578,1.23164,1.44504,1.25259,1.03825,1.23152,1.2605,1.41526,1.19618,1.11395,0.914122,1.21222,1.5788,1.31221,1.3168,1.13864,1.32879,1.21179,1.29142,1.43103,1.19728,1.35016,1.34817,1.29826
7504.559146,1.28097,1.29736,1.25781,1.26652,1.25222,1.23311,1.41783,1.39075,1.22114,1.25029,1.11844,1.41159,1.41408,1.32001,1.09479,1.0876,1.23677,1.27672,1.29586,1.23242,1.44555,1.24694,1.03733,1.23345,1.25619,1.41159,1.19561,1.11398,0.913219,1.2148,1.5827,1.31383,1.31532,1.13581,1.32905,1.21214,1.28764,1.42968,1.19667,1.35036,1.34502,1.30397
7515.069733,1.27826,1.29158,1.25718,1.26233,1.24922,1.23514,1.41375,1.39303,1.21993,1.25466,1.11425,1.41146,1.41726,1.32205,1.08763,1.0802,1.23676,1.27598,1.29717,1.23411,1.451,1.24107,1.03706,1.23355,1.25256,1.41146,1.19589,1.11351,0.912785,1.21682,1.58738,1.31474,1.31339,1.13254,1.3311,1.21227,1.28004,1.42579,1.19727,1.35149,1.3431,1.31118
7525.609803,1.27285,1.28646,1.25916,1.2592,1.2473,1.23589,1.4117,1.39385,1.22133,1.26006,1.11028,1.41102,1.42219,1.32515,1.07816,1.07389,1.23695,1.277,1.29692,1.23396,1.45459,1.23654,1.03756,1.2343,1.24844,1.41102,1.1952,1.11298,0.913002,1.21755,1.59195,1.31704,1.3118,1.13014,1.33308,1.21348,1.27013,1.42051,1.20075,1.35563,1.34266,1.31488
7536.17948,1.26711,1.28369,1.26176,1.25723,1.24848,1.23552,1.41275,1.39411,1.22677,1.26225,1.10724,1.40793,1.42931,1.32774,1.06935,1.06929,1.23534,1.27874,1.29437,1.23281,1.45127,1.23047,1.03934,1.23508,1.24352,1.40793,1.19657,1.11474,0.914064,1.2192,1.59565,1.31731,1.3095,1.12937,1.33394,1.21548,1.2611,1.4175,1.20557,1.35791,1.343,1.31538
7546.778888,1.26209,1.28021,1.26345,1.25484,1.25005,1.23294,1.41401,1.39377,1.2321,1.26295,1.10523,1.40302,1.43639,1.33047,1.06157,1.06669,1.23407,1.27988,1.29159,1.23195,1.44323,1.2232,1.04211,1.23699,1.23715,1.40302,1.19936,1.11729,0.915023,1.2232,1.5986,1.31362,1.30618,1.12773,1.33421,1.2152,1.25138,1.41382,1.20909,1.35688,1.34215,1.31722
7557.408154,1.26097,1.2765,1.2629,1.25414,1.25059,1.22839,1.41416,1.39381,1.23649,1.26533,1.10402,1.39792,1.44019,1.33236,1.0536,1.06421,1.23413,1.28184,1.29035,1.23166,1.43521,1.21865,1.04433,1.24146,1.22861,1.39792,1.2008,1.11798,0.915222,1.22776,1.60008,1.30846,1.30141,1.12523,1.33497,1.21255,1.24386,1.40768,1.21189,1.35632,1.34206,1.32063
7568.067404,1.26124,1.27415,1.26176,1.25316,1.25249,1.22398,1.41223,1.39403,1.24163,1.26816,1.10441,1.39402,1.43923,1.33455,1.04586,1.06004,1.23409,1.28608,1.29061,1.23265,1.42878,1.21503,1.04554,1.24518,1.21957,1.39402,1.20101,1.11801,0.915703,1.23208,1.59617,1.30432,1.29529,1.12391,1.33625,1.21117,1.24137,1.4025,1.21329,1.3565,1.34447,1.32002
7578.756765,1.2611,1.27312,1.26332,1.25169,1.25458,1.22188,1.41048,1.39001,1.24673,1.27182,1.1047,1.39083,1.43895,1.33987,1.03907,1.05567,1.23643,1.29105,1.29172,1.23615,1.42368,1.21251,1.04632,1.24653,1.21197,1.39083,1.20147,1.11842,0.917077,1.23505,1.58689,1.30169,1.28875,1.12312,1.33742,1.21288,1.23964,1.40158,1.21259,1.35809,1.34848,1.31623
7589.476364,1.26174,1.2701,1.26631,1.24915,1.25596,1.22182,1.41099,1.38262,1.25026,1.2758,1.10247,1.38759,1.44115,1.34818,1.03392,1.05295,1.24114,1.29713,1.29175,1.24083,1.41922,1.21312,1.04655,1.24708,1.20728,1.38759,1.20189,1.11859,0.919092,1.23662,1.57828,1.29998,1.28338,1.12166,1.33924,1.21704,1.23832,1.40194,1.2115,1.3605,1.35091,1.31471
7600.226331,1.26069,1.26627,1.26816,1.24601,1.25796,1.22292,1.41341,1.37746,1.25265,1.2791,1.0997,1.38361,1.44251,1.35735,1.02998,1.05022,1.2466,1.30048,1.29,1.24404,1.41503,1.21505,1.04586,1.24748,1.20474,1.38361,1.2021,1.11931,0.920381,1.23666,1.57155,1.29983,1.2813,1.12061,1.34277,1.22286,1.23792,1.40308,1.21293,1.36299,1.35253,1.31672
7611.006793,1.25824,1.26543,1.26687,1.24428,1.26026,1.22589,1.415,1.37197,1.25489,1.28263,1.09755,1.37834,1.44131,1.3637,1.02571,1.04661,1.25041,1.29941,1.28894,1.24506,1.41202,1.21711,1.04397,1.24645,1.20204,1.37834,1.20235,1.1199,0.9198,1.23404,1.56732,1.30257,1.27953,1.11906,1.34321,1.22801,1.238,1.40445,1.21516,1.36604,1.35548,1.31708
7621.817883,1.25696,1.26619,1.26373,1.24278,1.26238,1.2307,1.41423,1.36704,1.25598,1.28966,1.09555,1.37337,1.43987,1.36628,1.02183,1.04395,1.25238,1.29834,1.29096,1.24567,1.41164,1.2187,1.042,1.24357,1.19931,1.37337,1.2029,1.1201,0.917552,1.23084,1.56809,1.30825,1.27653,1.11571,1.34206,1.2318,1.23945,1.40372,1.21556,1.36819,1.35943,1.3159
7632.659729,1.25523,1.26771,1.25822,1.23836,1.26446,1.23552,1.41005,1.3648,1.25384,1.29596,1.09366,1.36864,1.43824,1.36616,1.01887,1.04225,1.25409,1.30111,1.29413,1.24766,1.41234,1.2197,1.04047,1.24126,1.19624,1.36864,1.20347,1.12096,0.914668,1.22705,1.57341,1.31347,1.272,1.1111,1.34196,1.23509,1.23996,1.4057,1.21497,1.3675,1.36257,1.3162
7643.532463,1.25329,1.26996,1.25141,1.233,1.26576,1.23902,1.40637,1.36243,1.2502,1.29788,1.09067,1.36616,1.43409,1.36468,1.01527,1.03859,1.25484,1.30705,1.29593,1.25045,1.41173,1.22179,1.03788,1.24229,1.19582,1.36616,1.20404,1.12148,0.91091,1.22305,1.57939,1.3167,1.26686,1.10672,1.34115,1.23772,1.23825,1.41126,1.21472,1.36492,1.36201,1.31919
7654.436219,1.25152,1.27096,1.24537,1.22608,1.26474,1.24258,1.40378,1.36131,1.24537,1.29994,1.08644,1.36431,1.42813,1.36421,1.01054,1.03209,1.25515,1.31046,1.29635,1.25219,1.41455,1.22553,1.03526,1.2432,1.19764,1.36431,1.20408,1.12012,0.906375,1.21918,1.58101,1.31882,1.26357,1.10272,1.34008,1.23877,1.2341,1.4149,1.21372,1.36216,1.35848,1.32277
7665.371127,1.24829,1.26963,1.24192,1.21962,1.26397,1.24654,1.40291,1.36185,1.23979,1.30357,1.08237,1.3601,1.42644,1.36616,1.00534,1.02534,1.25661,1.31124,1.29724,1.25246,1.42253,1.23085,1.0341,1.24227,1.19745,1.3601,1.20313,1.11895,0.902254,1.21594,1.57871,1.32152,1.26215,1.09801,1.3403,1.23802,1.2285,1.41546,1.21218,1.36075,1.35822,1.32367
7676.337324,1.24616,1.26652,1.23825,1.21601,1.26477,1.248,1.40423,1.35931,1.23569,1.30542,1.07936,1.35703,1.43047,1.36626,0.999197,1.01965,1.25646,1.31027,1.29542,1.24934,1.42792,1.23572,1.03345,1.24236,1.19382,1.35703,1.20297,1.11874,0.89886,1.21518,1.5742,1.32355,1.25905,1.09338,1.34227,1.23717,1.222,1.41498,1.21086,1.35964,1.36039,1.32285
7687.334942,1.24763,1.26466,1.23282,1.21231,1.26649,1.24796,1.40613,1.35689,1.234,1.30583,1.07603,1.35665,1.43721,1.36483,0.992342,1.01534,1.25473,1.30889,1.29086,1.24419,1.4276,1.23825,1.03255,1.24405,1.18877,1.35665,1.20631,1.11993,0.895692,1.21627,1.57326,1.32254,1.25428,1.09001,1.34549,1.23561,1.21516,1.41616,1.2095,1.35557,1.36269,1.32293
7698.364116,1.24982,1.26381,1.22699,1.2075,1.26851,1.24648,1.40638,1.35725,1.23384,1.3071,1.07111,1.35344,1.4421,1.36434,0.984529,1.01117,1.25303,1.30794,1.28745,1.23922,1.42539,1.23731,1.0312,1.2451,1.18344,1.35344,1.2091,1.12092,0.891878,1.21809,1.57629,1.31982,1.24844,1.08746,1.34727,1.23344,1.20955,1.41616,1.2077,1.34992,1.36297,1.32343
7709.424984,1.25161,1.26257,1.22042,1.20348,1.2692,1.24556,1.40507,1.35968,1.23391,1.30994,1.06701,1.34847,1.44473,1.36209,0.976023,1.0053,1.25268,1.30801,1.28604,1.23686,1.42652,1.235,1.02855,1.24584,1.17717,1.34847,1.20927,1.12156,0.887959,1.2192,1.57456,1.31779,1.2418,1.08499,1.34905,1.23164,1.20595,1.41409,1.20538,1.34485,1.36176,1.32512
7720.517682,1.25137,1.26034,1.21422,1.20015,1.26784,1.24502,1.40147,1.3615,1.23353,1.31278,1.06344,1.34582,1.44477,1.35899,0.967355,0.999332,1.25144,1.30886,1.28557,1.23591,1.42663,1.23249,1.02491,1.24559,1.16958,1.34582,1.20809,1.12205,0.885766,1.21927,1.56782,1.31582,1.23515,1.08323,1.35117,1.2311,1.2043,1.41444,1.20134,1.34054,1.36017,1.32752
7731.642347,1.25124,1.25753,1.21032,1.19673,1.26533,1.24232,1.39718,1.36189,1.23399,1.31505,1.05966,1.34379,1.44566,1.35901,0.960323,0.99524,1.2495,1.31025,1.28672,1.23575,1.42305,1.23115,1.02219,1.24466,1.16121,1.34379,1.20788,1.12264,0.885697,1.21955,1.56534,1.31279,1.2297,1.08125,1.35156,1.23302,1.20388,1.4165,1.19741,1.33898,1.35956,1.32991
7742.799118,1.24973,1.25401,1.20829,1.19199,1.26353,1.23964,1.39559,1.36173,1.23525,1.31523,1.05635,1.33902,1.44902,1.36273,0.954715,0.992238,1.2473,1.31279,1.28878,1.23789,1.42019,1.23158,1.02036,1.24397,1.15209,1.33902,1.20871,1.12392,0.88685,1.21939,1.56667,1.30929,1.22624,1.07716,1.35036,1.23556,1.20455,1.41873,1.19454,1.33998,1.35925,1.33118
7753.988134,1.24613,1.25371,1.20669,1.18725,1.26327,1.23992,1.39612,1.36277,1.23693,1.31601,1.05402,1.33194,1.45211,1.36795,0.949367,0.988254,1.2446,1.31482,1.29201,1.24112,1.42127,1.23298,1.01896,1.24307,1.14403,1.33194,1.20944,1.12494,0.887908,1.21962,1.56979,1.30961,1.22345,1.07197,1.34882,1.23741,1.20807,1.4248,1.19387,1.3427,1.36017,1.3314
7765.209536,1.24427,1.25763,1.2039,1.18391,1.26201,1.24131,1.39264,1.36499,1.23765,1.31907,1.05202,1.32524,1.45287,1.37131,0.944342,0.983828,1.24286,1.31664,1.29741,1.24323,1.42423,1.2333,1.01821,1.24093,1.13765,1.32524,1.21043,1.12425,0.888817,1.22044,1.5768,1.31295,1.21884,1.06618,1.34761,1.23937,1.21455,1.43205,1.19462,1.34578,1.36183,1.33028
7776.463462,1.24392,1.26088,1.20103,1.17989,1.26095,1.24251,1.38761,1.36616,1.23784,1.32241,1.05093,1.32211,1.45345,1.3735,0.940041,0.981033,1.24252,1.32065,1.30342,1.24557,1.4273,1.23262,1.0189,1.23775,1.13222,1.32211,1.21286,1.12279,0.890333,1.22055,1.58565,1.31397,1.21275,1.06012,1.34923,1.24024,1.22151,1.43585,1.19495,1.34745,1.36207,1.32858
7787.750057,1.24339,1.26329,1.19739,1.17384,1.26135,1.24358,1.38519,1.36367,1.23688,1.32289,1.05078,1.3206,1.45398,1.37488,0.936402,0.979225,1.24292,1.32533,1.30795,1.24989,1.43031,1.23309,1.01953,1.23537,1.12849,1.3206,1.21518,1.12064,0.8917,1.21972,1.59308,1.31397,1.20635,1.05439,1.35082,1.23974,1.22642,1.43946,1.19614,1.34771,1.36082,1.32823
7799.069461,1.24359,1.26617,1.19329,1.16828,1.26063,1.24441,1.38591,1.36217,1.23492,1.32286,1.05038,1.31676,1.45276,1.37578,0.932907,0.976913,1.24442,1.32785,1.31045,1.25444,1.43283,1.23506,1.01912,1.23562,1.12693,1.31676,1.21394,1.11833,0.891883,1.21979,1.59932,1.31666,1.20197,1.04958,1.35073,1.2388,1.23124,1.44419,1.19858,1.34857,1.35895,1.32989
7810.421818,1.24474,1.26857,1.19026,1.16348,1.25849,1.24559,1.38732,1.3632,1.23196,1.32289,1.05007,1.31076,1.45058,1.37876,0.929406,0.973714,1.24689,1.32829,1.31213,1.25754,1.43616,1.23676,1.01755,1.23616,1.12603,1.31076,1.21029,1.11651,0.892093,1.22133,1.60095,1.31855,1.20003,1.04502,1.35258,1.23715,1.23611,1.44566,1.1989,1.34909,1.35607,1.33079
7821.807272,1.24561,1.27041,1.18913,1.16104,1.25695,1.24707,1.38769,1.36368,1.22985,1.32238,1.05032,1.30716,1.45062,1.38407,0.926251,0.970267,1.24975,1.32778,1.31447,1.26078,1.44154,1.23802,1.01586,1.23585,1.12349,1.30716,1.20787,1.11579,0.892914,1.22381,1.5951,1.31848,1.19607,1.04056,1.35663,1.23678,1.23899,1.44703,1.19662,1.34981,1.35718,1.33291
7833.225969,1.24701,1.27209,1.18765,1.15961,1.25627,1.24821,1.38636,1.36202,1.22799,1.32316,1.04942,1.30753,1.45176,1.38825,0.922584,0.966576,1.25153,1.32514,1.31546,1.26347,1.44631,1.23855,1.01517,1.23526,1.11842,1.30753,1.2075,1.11597,0.893224,1.2254,1.58816,1.32053,1.18753,1.03648,1.36118,1.23785,1.23856,1.44916,1.19349,1.35049,1.3606,1.33783
7844.678054,1.24911,1.27551,1.18465,1.1582,1.25675,1.24953,1.3848,1.35984,1.22545,1.32458,1.0465,1.30702,1.45061,1.39137,0.91781,0.963621,1.25241,1.32187,1.31704,1.26425,1.44811,1.23895,1.01468,1.23498,1.11308,1.30702,1.2087,1.11722,0.892655,1.22489,1.58653,1.32353,1.17788,1.0346,1.36548,1.2385,1.23562,1.45006,1.19048,1.34814,1.36245,1.34131
7856.163673,1.25017,1.27894,1.18194,1.15742,1.25804,1.25116,1.38262,1.35668,1.22379,1.3258,1.04343,1.30143,1.44941,1.39448,0.912159,0.960955,1.25282,1.31816,1.31905,1.26483,1.44643,1.23934,1.01377,1.23513,1.1089,1.30143,1.20821,1.11864,0.891312,1.22318,1.58647,1.32375,1.16963,1.03418,1.36677,1.24066,1.23381,1.44878,1.18822,1.344,1.36518,1.3424
7867.682975,1.25156,1.2802,1.18093,1.15739,1.26055,1.25341,1.38004,1.35257,1.22309,1.32829,1.04181,1.29521,1.45207,1.39588,0.906464,0.957613,1.254,1.31434,1.32075,1.268,1.44664,1.24067,1.01195,1.23696,1.10465,1.29521,1.20753,1.12014,0.889936,1.22175,1.58804,1.32167,1.16274,1.03314,1.36786,1.24426,1.2312,1.447,1.18588,1.34133,1.36857,1.34491
7879.236107,1.25361,1.27801,1.17912,1.15742,1.26337,1.25309,1.37917,1.3508,1.22259,1.3305,1.03927,1.29149,1.45398,1.39532,0.901136,0.954769,1.25478,1.31264,1.322,1.27034,1.4463,1.24162,1.00939,1.23807,1.09906,1.29149,1.209,1.12178,0.889279,1.2203,1.58843,1.31984,1.15562,1.03204,1.36908,1.24724,1.22825,1.44567,1.18203,1.34075,1.37059,1.34824
7890.823219,1.25534,1.27346,1.17634,1.15667,1.26648,1.25073,1.38021,1.35221,1.22371,1.33284,1.03727,1.28891,1.4541,1.39454,0.897533,0.952658,1.25375,1.31522,1.32233,1.27248,1.44592,1.24386,1.00838,1.23841,1.0933,1.28891,1.21316,1.12438,0.889161,1.21972,1.58631,1.31973,1.14953,1.03059,1.36748,1.25166,1.22721,1.44372,1.17817,1.34341,1.37191,1.35119
7902.444461,1.25442,1.27009,1.17466,1.1537,1.26993,1.25129,1.38287,1.35321,1.22541,1.33621,1.03756,1.28519,1.45316,1.39417,0.894831,0.950187,1.25184,1.31976,1.32122,1.2759,1.4473,1.24884,1.00879,1.23802,1.08833,1.28519,1.21731,1.12703,0.889277,1.22045,1.58396,1.3203,1.14413,1.02752,1.3653,1.25702,1.22753,1.44166,1.17585,1.34743,1.37168,1.35212
7914.099983,1.25272,1.27076,1.1733,1.15057,1.2722,1.25487,1.38401,1.35421,1.22565,1.34189,1.03816,1.28106,1.45223,1.39473,0.891838,0.94801,1.24993,1.32324,1.31966,1.27636,1.44894,1.25208,1.0096,1.23676,1.08456,1.28106,1.21953,1.12824,0.889872,1.2229,1.58574,1.32193,1.13826,1.02453,1.36532,1.26081,1.22852,1.44203,1.17681,1.35199,1.37128,1.35222
7925.789939,1.25131,1.2707,1.17043,1.14942,1.27229,1.25656,1.38137,1.35512,1.2252,1.34728,1.03812,1.27805,1.45368,1.39653,0.889115,0.94628,1.24944,1.32562,1.31666,1.27347,1.45007,1.25143,1.0104,1.23647,1.08197,1.27805,1.22063,1.12877,0.891623,1.22617,1.58777,1.32313,1.13304,1.02192,1.36603,1.26284,1.23003,1.44163,1.17982,1.3553,1.37256,1.35263
7937.51448,1.24908,1.26779,1.16809,1.14776,1.27338,1.25728,1.37937,1.35261,1.22591,1.35042,1.03927,1.27882,1.45721,1.39808,0.887307,0.945369,1.2512,1.32944,1.31316,1.27153,1.45263,1.25001,1.01153,1.23652,1.07933,1.27882,1.22281,1.12915,0.893959,1.22963,1.58656,1.32349,1.12876,1.01864,1.36686,1.26342,1.23107,1.43899,1.18317,1.35681,1.37608,1.35129
7949.273761,1.24625,1.2646,1.16616,1.14386,1.27417,1.25843,1.37826,1.34687,1.2262,1.35228,1.04009,1.27965,1.46108,1.39756,0.886751,0.945976,1.25445,1.33362,1.31057,1.2707,1.45652,1.24714,1.01118,1.23607,1.07683,1.27965,1.22459,1.12976,0.895801,1.233,1.58528,1.32604,1.12604,1.01579,1.36837,1.26257,1.23102,1.43695,1.18685,1.3569,1.37865,1.34845
7961.067936,1.24325,1.26178,1.16397,1.13909,1.27294,1.25934,1.37633,1.34381,1.22564,1.35392,1.04028,1.27876,1.46558,1.39818,0.88663,0.946877,1.25921,1.33717,1.30985,1.27075,1.45763,1.24257,1.00983,1.23686,1.07539,1.27876,1.22453,1.13199,0.897599,1.23647,1.5877,1.33041,1.12466,1.01444,1.36905,1.2624,1.23197,1.43609,1.19072,1.35606,1.3795,1.34899
7972.89716,1.23808,1.25995,1.16224,1.13373,1.2714,1.25984,1.37319,1.34229,1.22494,1.3525,1.04173,1.27901,1.46752,1.40056,0.885662,0.946386,1.26228,1.34039,1.30928,1.27077,1.45627,1.23906,1.00948,1.23754,1.07595,1.27901,1.22482,1.13366,0.90012,1.23993,1.58885,1.33283,1.12308,1.01271,1.36951,1.26406,1.23303,1.43399,1.19216,1.35443,1.37915,1.35242
7984.76159,1.23148,1.25856,1.16051,1.12956,1.26965,1.26073,1.36836,1.34062,1.22242,1.3517,1.04396,1.27998,1.4669,1.40445,0.884688,0.945165,1.26302,1.34408,1.30765,1.27079,1.45396,1.23799,1.01111,1.23808,1.07769,1.27998,1.22667,1.13512,0.902495,1.24344,1.58526,1.33588,1.1215,1.01051,1.37252,1.2653,1.23241,1.43298,1.19167,1.35307,1.38137,1.35809
7996.661384,1.22486,1.25558,1.15798,1.12656,1.26772,1.26115,1.36224,1.33908,1.21685,1.35436,1.04508,1.27955,1.46742,1.40861,0.883612,0.943827,1.26369,1.34624,1.3076,1.27124,1.44982,1.23787,1.0129,1.23969,1.07883,1.27955,1.22866,1.13775,0.904243,1.2472,1.58279,1.34149,1.11986,1.00954,1.37648,1.26459,1.22943,1.43419,1.19119,1.35129,1.38569,1.36221
8008.596699,1.21898,1.25197,1.15484,1.12373,1.26727,1.26032,1.35645,1.33638,1.21206,1.35718,1.04525,1.27821,1.46957,1.41321,0.882297,0.942532,1.26551,1.34774,1.31201,1.27229,1.44531,1.23775,1.013,1.24353,1.08052,1.27821,1.22981,1.14054,0.905881,1.25067,1.58442,1.34612,1.11829,1.01105,1.37956,1.26481,1.22601,1.43606,1.19061,1.34813,1.39053,1.36217
8020.567696,1.21515,1.24689,1.15135,1.12082,1.26838,1.25892,1.35168,1.33318,1.21023,1.35772,1.04611,1.2753,1.47257,1.41765,0.88084,0.941416,1.26718,1.34863,1.31646,1.27331,1.4402,1.23858,1.01239,1.24659,1.08202,1.2753,1.23013,1.14282,0.907714,1.25279,1.58705,1.34479,1.11766,1.01289,1.37903,1.26705,1.22312,1.43742,1.19079,1.34584,1.39576,1.36109
8032.574534,1.21426,1.24011,1.14912,1.11787,1.27149,1.25738,1.35073,1.33131,1.20878,1.35648,1.0471,1.27271,1.47597,1.42006,0.879767,0.941244,1.26825,1.34678,1.32041,1.27531,1.43741,1.24121,1.01237,1.24823,1.08247,1.27271,1.23201,1.14487,0.9098,1.25497,1.59309,1.34041,1.11782,1.01471,1.37744,1.27029,1.22024,1.43702,1.18997,1.34695,1.39699,1.36088
8044.617374,1.21255,1.23351,1.14631,1.11451,1.27444,1.25547,1.35318,1.33131,1.20495,1.3544,1.04594,1.27199,1.47903,1.42017,0.878467,0.941452,1.26857,1.34419,1.32487,1.27706,1.43586,1.2439,1.01305,1.24908,1.08209,1.27199,1.23515,1.14599,0.911517,1.25606,1.59858,1.33755,1.11767,1.0176,1.37678,1.27364,1.2188,1.43625,1.18659,1.34805,1.3947,1.36171
8056.696379,1.2088,1.22875,1.14222,1.11088,1.2756,1.25501,1.35541,1.33196,1.20014,1.35522,1.0451,1.2724,1.48086,1.4203,0.877469,0.941413,1.26792,1.34337,1.32761,1.27918,1.43492,1.24654,1.01482,1.25036,1.08151,1.2724,1.23825,1.14565,0.912608,1.25696,1.60108,1.33618,1.11748,1.02018,1.37645,1.27765,1.21894,1.43578,1.18295,1.34872,1.39404,1.36402
8068.811712,1.20543,1.22633,1.13842,1.10699,1.27582,1.25523,1.35779,1.33196,1.1945,1.3568,1.04561,1.27087,1.48075,1.42146,0.8767,0.940859,1.26795,1.34395,1.32828,1.28108,1.43373,1.24853,1.01635,1.25137,1.08103,1.27087,1.23955,1.14394,0.913434,1.25915,1.60169,1.33313,1.11696,1.02151,1.37685,1.28128,1.21933,1.43183,1.17956,1.3496,1.39244,1.36424
8080.963537,1.20393,1.22581,1.13499,1.10487,1.27433,1.25313,1.35996,1.33448,1.18769,1.35703,1.04512,1.26726,1.48151,1.42377,0.875768,0.940732,1.26836,1.34559,1.32798,1.28164,1.43558,1.24882,1.01734,1.2517,1.08047,1.26726,1.23917,1.14287,0.91426,1.26081,1.60418,1.33019,1.1167,1.02264,1.37722,1.28402,1.21912,1.42857,1.17627,1.35142,1.39089,1.36238
8093.152019,1.20402,1.22326,1.1315,1.10319,1.27262,1.25026,1.36172,1.33817,1.18161,1.35524,1.04359,1.26557,1.48337,1.42481,0.874685,0.940445,1.26881,1.34678,1.32706,1.28159,1.43992,1.24912,1.01823,1.25222,1.07944,1.26557,1.2381,1.14232,0.915113,1.26093,1.60453,1.32831,1.11712,1.02235,1.37844,1.2874,1.21923,1.42753,1.17363,1.35186,1.39102,1.36195
8105.377324,1.20472,1.2205,1.12852,1.0991,1.27204,1.2494,1.36534,1.34013,1.17584,1.35211,1.0422,1.26714,1.48569,1.42375,0.872758,0.940003,1.26991,1.34768,1.32819,1.28221,1.44445,1.24957,1.019,1.25169,1.07671,1.26714,1.23779,1.14156,0.915125,1.26142,1.60374,1.32799,1.11725,1.02119,1.38258,1.29047,1.22049,1.42831,1.17236,1.35141,1.39249,1.36195
8117.639619,1.20382,1.21946,1.1245,1.09367,1.26968,1.24842,1.36908,1.34211,1.16972,1.35013,1.03984,1.26806,1.48881,1.42558,0.870471,0.939946,1.27134,1.34934,1.33182,1.28338,1.44785,1.2492,1.01855,1.2487,1.07311,1.26806,1.23719,1.1418,0.914425,1.26191,1.60432,1.32956,1.11615,1.01995,1.38822,1.29157,1.2218,1.43074,1.171,1.35128,1.39253,1.36104
8129.939073,1.20132,1.21896,1.11913,1.08851,1.2672,1.24639,1.3736,1.34616,1.1649,1.3489,1.03759,1.26937,1.49324,1.43112,0.868631,0.939476,1.27276,1.35116,1.33529,1.28602,1.44961,1.25062,1.01759,1.24684,1.07145,1.26937,1.23686,1.14325,0.913239,1.26147,1.60428,1.33236,1.11415,1.01886,1.39192,1.29335,1.2231,1.43284,1.16989,1.35202,1.3921,1.36382
8142.275855,1.19735,1.21901,1.11266,1.08343,1.26521,1.24313,1.37784,1.34949,1.16087,1.34769,1.03579,1.26969,1.49337,1.433,0.866076,0.937766,1.27178,1.35337,1.33579,1.28799,1.45024,1.25398,1.01628,1.24667,1.0707,1.26969,1.236,1.14447,0.910431,1.26055,1.60105,1.33441,1.11228,1.01749,1.39485,1.29639,1.22327,1.43343,1.16867,1.35186,1.39229,1.36801
8154.650134,1.19386,1.21813,1.1051,1.07984,1.26347,1.24075,1.37928,1.35163,1.15594,1.34949,1.0331,1.26813,1.49,1.43577,0.863406,0.935161,1.27018,1.35793,1.3349,1.28873,1.45116,1.25616,1.01418,1.24666,1.06925,1.26813,1.23425,1.14628,0.905757,1.2594,1.59344,1.33667,1.11085,1.01614,1.39848,1.29777,1.22243,1.43346,1.16789,1.35,1.39382,1.37157
8167.062082,1.18965,1.21456,1.0972,1.07551,1.2617,1.23909,1.37897,1.35296,1.15233,1.3524,1.02867,1.26552,1.4875,1.44157,0.860765,0.932053,1.27052,1.3615,1.33533,1.2888,1.45185,1.25548,1.01043,1.24638,1.06722,1.26552,1.23194,1.14863,0.90062,1.2587,1.58646,1.33975,1.10923,1.0163,1.40035,1.29725,1.22124,1.43491,1.16702,1.34803,1.39502,1.37396
8179.511872,1.18504,1.2104,1.0894,1.06926,1.25963,1.23872,1.37778,1.35274,1.15291,1.35293,1.02349,1.2625,1.48622,1.44767,0.858081,0.929123,1.27291,1.36217,1.33722,1.28837,1.45468,1.25411,1.00701,1.24621,1.06553,1.2625,1.23048,1.15059,0.896525,1.25813,1.58665,1.34246,1.10691,1.01722,1.40119,1.29738,1.22008,1.43787,1.16601,1.34661,1.39694,1.37549
8191.999677,1.1823,1.20571,1.08206,1.06318,1.25768,1.23889,1.37763,1.35023,1.15361,1.35168,1.01871,1.25958,1.48327,1.45229,0.855167,0.927238,1.27438,1.36061,1.33814,1.28555,1.45834,1.25428,1.0053,1.24562,1.06367,1.25958,1.23122,1.15223,0.893795,1.2555,1.58842,1.34236,1.10492,1.01676,1.40174,1.29802,1.21731,1.43938,1.16599,1.34634,1.40074,1.37624
8204.52567,1.18031,1.20198,1.07622,1.05747,1.25675,1.23746,1.38291,1.34746,1.15181,1.35167,1.01414,1.25849,1.47938,1.45363,0.851985,0.926177,1.27336,1.35746,1.34036,1.28302,1.46002,1.25559,1.00495,1.246,1.06159,1.25849,1.23373,1.15364,0.89226,1.25198,1.59321,1.34282,1.10413,1.01593,1.40149,1.29929,1.21372,1.43997,1.16532,1.34786,1.40416,1.37687
8217.090028,1.17706,1.20198,1.07068,1.05188,1.25572,1.23615,1.38845,1.34642,1.14908,1.35373,1.00953,1.25943,1.47884,1.45432,0.849008,0.924247,1.27112,1.35597,1.34281,1.28365,1.45889,1.25523,1.00483,1.24689,1.05989,1.25943,1.23653,1.15318,0.89132,1.24782,1.60048,1.34436,1.10373,1.01614,1.40027,1.30012,1.21179,1.44187,1.16337,1.34953,1.40588,1.37837
8229.692926,1.17375,1.20307,1.06556,1.04743,1.25452,1.23734,1.39197,1.34902,1.14734,1.3568,1.00544,1.2597,1.47961,1.45657,0.846648,0.92176,1.26969,1.35668,1.34238,1.28577,1.45799,1.25424,1.00493,1.24837,1.05861,1.2597,1.23977,1.1513,0.890766,1.24368,1.60301,1.34534,1.10371,1.01634,1.40077,1.29852,1.21241,1.44343,1.16177,1.35222,1.40831,1.37983
8242.334544,1.17202,1.20207,1.06136,1.04376,1.25368,1.23728,1.39473,1.35267,1.14657,1.35829,1.00271,1.2565,1.48051,1.45863,0.845107,0.919778,1.269,1.35859,1.34075,1.28721,1.45799,1.2541,1.0058,1.24922,1.05785,1.2565,1.24375,1.14957,0.891026,1.23993,1.60265,1.34603,1.10399,1.01541,1.40143,1.29749,1.21478,1.44296,1.16019,1.35491,1.41,1.3785
8255.015058,1.17133,1.20118,1.05827,1.0409,1.25336,1.23513,1.39567,1.35683,1.14634,1.35909,1.00043,1.25388,1.48367,1.46137,0.844162,0.918511,1.26984,1.35993,1.33954,1.28969,1.45994,1.25483,1.0089,1.24897,1.05744,1.25388,1.24679,1.14918,0.892659,1.23598,1.60893,1.34872,1.10439,1.0147,1.40239,1.29989,1.22005,1.44467,1.15886,1.35598,1.4123,1.37748
8267.73465,1.17126,1.2004,1.05616,1.03744,1.25369,1.23519,1.39576,1.36158,1.14613,1.3584,0.998135,1.25404,1.48793,1.46218,0.843322,0.916705,1.27067,1.35901,1.33942,1.2919,1.46049,1.25594,1.01271,1.24927,1.05735,1.25404,1.24797,1.14915,0.896074,1.23161,1.61624,1.3518,1.10478,1.0136,1.40473,1.30241,1.22678,1.4485,1.15927,1.35462,1.41595,1.37788
8280.4935,1.17083,1.20005,1.05454,1.03374,1.25382,1.23842,1.39643,1.36627,1.14516,1.35815,0.997239,1.25385,1.49162,1.46208,0.842311,0.915071,1.27034,1.35885,1.34203,1.29357,1.4592,1.25723,1.01553,1.25035,1.05764,1.25385,1.24934,1.14997,0.900213,1.22702,1.62298,1.35364,1.10504,1.0129,1.40782,1.30287,1.23385,1.4522,1.16106,1.35375,1.41961,1.37808
8293.29179,1.17003,1.20066,1.05303,1.03211,1.25265,1.24091,1.39744,1.37121,1.14298,1.35917,0.996679,1.25248,1.49265,1.46598,0.842066,0.913589,1.26874,1.36028,1.34559,1.29552,1.45814,1.25919,1.01806,1.25056,1.05783,1.25248,1.25057,1.15159,0.904067,1.22263,1.62707,1.35527,1.1046,1.01348,1.41117,1.30307,1.24106,1.45522,1.16257,1.3552,1.42066,1.37774
8306.129703,1.17098,1.20131,1.05256,1.03266,1.25105,1.2411,1.39937,1.37499,1.14116,1.35914,0.995292,1.25323,1.49404,1.47213,0.842846,0.912033,1.26644,1.36068,1.34744,1.29857,1.45828,1.26296,1.01992,1.25091,1.0581,1.25323,1.25104,1.15296,0.906605,1.21976,1.62536,1.35827,1.10486,1.01506,1.41389,1.30547,1.24662,1.45707,1.16459,1.35706,1.42206,1.37898
8319.007423,1.17174,1.20161,1.05286,1.0338,1.24969,1.23935,1.40061,1.37652,1.14022,1.35874,0.993171,1.25439,1.49407,1.47355,0.843185,0.911094,1.26382,1.36039,1.34685,1.30225,1.45886,1.26657,1.02025,1.25217,1.05765,1.25439,1.24907,1.1531,0.906925,1.21829,1.62096,1.3609,1.10593,1.01673,1.41509,1.3093,1.25024,1.45783,1.1658,1.35701,1.42596,1.37965
8331.925136,1.17218,1.20198,1.05294,1.03533,1.25069,1.23844,1.40036,1.37903,1.13978,1.35921,0.990868,1.25516,1.49223,1.47485,0.843115,0.910978,1.26237,1.36225,1.34644,1.30557,1.46171,1.26884,1.021,1.25428,1.05746,1.25516,1.2472,1.15342,0.905921,1.2181,1.61559,1.36296,1.10628,1.01844,1.41628,1.31355,1.25496,1.45792,1.16559,1.35492,1.4282,1.3809
8344.883029,1.17293,1.20156,1.05285,1.03595,1.25177,1.23899,1.39947,1.38163,1.13969,1.35865,0.988522,1.25597,1.49063,1.47808,0.842805,0.910842,1.26204,1.36486,1.34749,1.3075,1.46477,1.2715,1.02256,1.25573,1.05752,1.25597,1.24746,1.15429,0.904569,1.22044,1.61069,1.36401,1.10615,1.02102,1.41896,1.31656,1.25913,1.45705,1.16411,1.35135,1.42731,1.38325
8357.881289,1.1749,1.20192,1.05291,1.03658,1.25218,1.24044,1.40177,1.38233,1.1387,1.35703,0.98598,1.25691,1.49208,1.4795,0.841853,0.910931,1.26358,1.36811,1.35016,1.30918,1.46957,1.27572,1.02359,1.2579,1.05703,1.25691,1.24942,1.15516,0.903512,1.22327,1.60792,1.36502,1.10629,1.02303,1.42347,1.318,1.26166,1.45702,1.16152,1.34763,1.43072,1.38587
8370.920106,1.17869,1.20564,1.05302,1.0383,1.25422,1.24116,1.41008,1.38103,1.13556,1.35562,0.982948,1.25718,1.49294,1.47902,0.839967,0.91117,1.26537,1.37275,1.35441,1.30973,1.47643,1.28082,1.02336,1.26071,1.05664,1.25718,1.25191,1.15708,0.903088,1.2234,1.60404,1.36551,1.10593,1.02417,1.42749,1.31897,1.26342,1.45593,1.15806,1.34481,1.43756,1.38895
8383.999668,1.18516,1.21359,1.05406,1.04044,1.25955,1.24303,1.42258,1.38125,1.13308,1.35511,0.980885,1.25772,1.49203,1.47614,0.837989,0.911232,1.26605,1.37724,1.35984,1.31249,1.48043,1.28656,1.02258,1.26244,1.0565,1.25772,1.25486,1.16014,0.903174,1.22316,1.60264,1.36656,1.10551,1.02612,1.43122,1.32239,1.2655,1.45652,1.15485,1.34479,1.44365,1.39462
8397.120169,1.19373,1.22257,1.05468,1.04327,1.26593,1.24826,1.43264,1.38472,1.13217,1.35645,0.980043,1.25805,1.49535,1.4741,0.836207,0.91139,1.26804,1.3801,1.364,1.31944,1.48186,1.29129,1.0218,1.26291,1.05585,1.25805,1.25908,1.16297,0.903509,1.22449,1.60052,1.36732,1.10638,1.028,1.43494,1.32686,1.26959,1.46158,1.15189,1.34814,1.44765,1.40144
8410.281799,1.2026,1.22948,1.05376,1.04638,1.27319,1.25591,1.43848,1.39069,1.13214,1.3591,0.978867,1.25678,1.50274,1.47407,0.834792,0.911486,1.27291,1.38341,1.3688,1.32591,1.48689,1.2962,1.02229,1.2648,1.05515,1.25678,1.26628,1.1668,0.903764,1.22572,1.59816,1.36827,1.10881,1.02864,1.44135,1.33121,1.27602,1.46825,1.14948,1.35255,1.45167,1.40678
8423.484753,1.21178,1.23472,1.0527,1.04827,1.28237,1.26278,1.44058,1.39552,1.13431,1.3609,0.977355,1.25569,1.5097,1.47435,0.834448,0.911304,1.27918,1.38819,1.37418,1.32979,1.49332,1.30265,1.02456,1.26836,1.05601,1.25569,1.27483,1.17272,0.904164,1.22661,1.60203,1.3724,1.11099,1.02801,1.44869,1.33611,1.28243,1.47321,1.1477,1.3542,1.45724,1.41135
8436.729226,1.22026,1.24135,1.05316,1.04988,1.29351,1.2697,1.44035,1.40046,1.13852,1.36175,0.975956,1.25731,1.51869,1.47518,0.834289,0.911805,1.2877,1.39375,1.3761,1.33353,1.49935,1.30899,1.02908,1.27163,1.05844,1.25731,1.28116,1.1813,0.905599,1.22899,1.61304,1.3782,1.1121,1.02831,1.45737,1.34083,1.28861,1.47513,1.14649,1.35284,1.46716,1.42026
8450.015414,1.22674,1.24856,1.05481,1.05186,1.30337,1.2789,1.43969,1.40639,1.14315,1.36105,0.975515,1.25957,1.52902,1.47414,0.834201,0.912305,1.29659,1.39844,1.37537,1.3354,1.50516,1.31479,1.03499,1.27514,1.06163,1.25957,1.28733,1.19049,0.908387,1.23069,1.62327,1.38236,1.11334,1.02919,1.46675,1.34425,1.29221,1.47467,1.14719,1.35238,1.47807,1.4313
8463.343514,1.23148,1.25505,1.05811,1.05508,1.31204,1.2912,1.43685,1.41112,1.14812,1.36189,0.977132,1.26201,1.53686,1.47532,0.834975,0.912845,1.30599,1.40314,1.37546,1.33457,1.51025,1.31949,1.04055,1.27941,1.06478,1.26201,1.29627,1.19947,0.91124,1.23171,1.63225,1.38542,1.11594,1.03112,1.47642,1.3506,1.29221,1.47458,1.15049,1.35592,1.48605,1.44089
8476.713724,1.23592,1.26033,1.06301,1.05813,1.3211,1.30274,1.4323,1.41325,1.1535,1.36381,0.979074,1.26413,1.54417,1.48146,0.8363,0.913625,1.31529,1.40715,1.37437,1.33295,1.5138,1.32054,1.04598,1.28181,1.06709,1.26413,1.30627,1.20738,0.913623,1.23454,1.6435,1.38866,1.11904,1.03411,1.48477,1.3599,1.28886,1.47413,1.1547,1.36132,1.49284,1.45054
8490.126246,1.2403,1.26346,1.06909,1.06076,1.33107,1.31089,1.42823,1.41323,1.15885,1.36651,0.980456,1.2682,1.55213,1.48844,0.837434,0.914901,1.32506,1.41038,1.36918,1.33309,1.51508,1.32023,1.0508,1.28445,1.06976,1.2682,1.31482,1.21457,0.91559,1.24071,1.65511,1.39314,1.12321,1.03718,1.49036,1.36738,1.28155,1.472,1.15965,1.36603,1.50312,1.45884
8503.58128,1.24229,1.26476,1.07499,1.06394,1.34103,1.317,1.42535,1.41205,1.16385,1.36982,0.982321,1.27387,1.55678,1.49205,0.838667,0.917679,1.33408,1.41404,1.36164,1.33511,1.5154,1.31825,1.05445,1.28911,1.07248,1.27387,1.32057,1.22152,0.917031,1.24837,1.66557,1.39838,1.12732,1.04049,1.49592,1.37234,1.27254,1.46818,1.1647,1.37016,1.5141,1.46466
8517.079028,1.24119,1.2646,1.07977,1.06773,1.34931,1.32292,1.42512,1.41342,1.16894,1.37357,0.985264,1.27784,1.55982,1.49615,0.840425,0.920663,1.34126,1.42021,1.35782,1.33511,1.51678,1.31444,1.05788,1.29395,1.0757,1.27784,1.32811,1.2289,0.917955,1.25674,1.6745,1.40315,1.13075,1.04459,1.50576,1.37952,1.26576,1.46367,1.16985,1.37252,1.51999,1.47205
8530.619694,1.23847,1.26404,1.08444,1.07133,1.35578,1.33016,1.4264,1.41384,1.17353,1.37917,0.989285,1.28014,1.56183,1.50186,0.842522,0.92215,1.34896,1.4261,1.35725,1.33169,1.51585,1.31093,1.06046,1.29641,1.07861,1.28014,1.33511,1.23663,0.918795,1.26464,1.68077,1.40661,1.13415,1.04859,1.51506,1.38772,1.25852,1.45791,1.17493,1.37364,1.52243,1.47997
8544.203483,1.23762,1.26446,1.09071,1.07569,1.36305,1.33754,1.43174,1.41028,1.17829,1.38766,0.994153,1.28551,1.56633,1.50874,0.845297,0.923413,1.35886,1.43169,1.35771,1.32857,1.51468,1.30806,1.06201,1.29664,1.08137,1.28551,1.33879,1.24409,0.920699,1.2718,1.68676,1.41143,1.13788,1.05181,1.52066,1.39334,1.25044,1.45225,1.17945,1.37607,1.52786,1.48863
8557.830602,1.23958,1.2657,1.09911,1.08193,1.37107,1.34338,1.43934,1.40731,1.18468,1.39538,0.999775,1.29253,1.57201,1.51623,0.8488,0.92459,1.36801,1.43541,1.35897,1.3259,1.51293,1.30427,1.0637,1.29462,1.08519,1.29253,1.34164,1.25146,0.924166,1.27781,1.69432,1.41532,1.14125,1.05555,1.52439,1.39772,1.24471,1.44708,1.18423,1.37815,1.53471,1.49819
8571.501258,1.24424,1.26761,1.10877,1.09081,1.38106,1.35009,1.44405,1.40946,1.19177,1.40396,1.00684,1.2987,1.57485,1.52165,0.852965,0.925687,1.3756,1.43641,1.3605,1.32561,1.50845,1.30108,1.06513,1.29228,1.08977,1.2987,1.34612,1.25809,0.928544,1.28125,1.70385,1.41842,1.14386,1.06042,1.53018,1.40506,1.2437,1.4468,1.18962,1.38143,1.53888,1.50695
8585.21566,1.24887,1.26973,1.11635,1.10028,1.39089,1.35574,1.44588,1.41356,1.19849,1.41349,1.01401,1.30276,1.57597,1.52628,0.856442,0.927173,1.38323,1.43659,1.36474,1.32857,1.50397,1.29903,1.06653,1.29141,1.09498,1.30276,1.35079,1.26162,0.93374,1.28353,1.70977,1.42185,1.14681,1.06508,1.53422,1.41335,1.2472,1.45144,1.19522,1.38524,1.53743,1.50974
8598.974018,1.25282,1.27287,1.12241,1.1084,1.3967,1.36119,1.44637,1.41838,1.206,1.42106,1.02042,1.3061,1.58022,1.53408,0.859969,0.928511,1.39104,1.43989,1.37329,1.33215,1.50503,1.29998,1.06969,1.2939,1.10148,1.3061,1.35367,1.26372,0.939808,1.28667,1.71457,1.42374,1.15193,1.0694,1.53573,1.41897,1.25394,1.45598,1.20132,1.38679,1.53288,1.50877
8612.776545,1.25776,1.27728,1.1286,1.11474,1.39983,1.36775,1.44618,1.42253,1.21533,1.427,1.02557,1.30982,1.58786,1.53809,0.864386,0.929502,1.39851,1.44582,1.37973,1.33482,1.50753,1.3046,1.07449,1.29665,1.10852,1.30982,1.354,1.26612,0.946298,1.29169,1.72269,1.42473,1.15728,1.07374,1.53447,1.41918,1.26291,1.45942,1.20704,1.38512,1.53109,1.50876
8626.623452,1.26332,1.28272,1.1341,1.11908,1.40271,1.37353,1.44747,1.42517,1.22786,1.43357,1.03013,1.31308,1.59985,1.53939,0.868487,0.930797,1.40628,1.45113,1.38326,1.3372,1.50945,1.31096,1.08037,1.29847,1.11399,1.31308,1.35458,1.26912,0.953059,1.29782,1.73318,1.42723,1.16114,1.07882,1.53146,1.41686,1.27378,1.4632,1.21264,1.38239,1.53139,1.51106
8640.514955,1.26837,1.2876,1.13747,1.12215,1.40338,1.37919,1.44844,1.42679,1.24244,1.44005,1.03468,1.31631,1.61021,1.54275,0.87211,0.93223,1.41208,1.45417,1.38774,1.33991,1.5119,1.31621,1.08568,1.30108,1.11831,1.31631,1.35512,1.27191,0.960094,1.30206,1.73961,1.42926,1.16528,1.08336,1.52756,1.41503,1.28492,1.46759,1.21841,1.38311,1.52946,1.51053
8654.45127,1.27265,1.29278,1.13886,1.12398,1.40296,1.38564,1.4477,1.42877,1.25696,1.44664,1.03791,1.32055,1.61603,1.54654,0.875395,0.93303,1.4153,1.45746,1.39178,1.34289,1.51314,1.31916,1.09032,1.30389,1.12314,1.32055,1.35544,1.2741,0.966687,1.30611,1.74287,1.4286,1.17158,1.08677,1.52298,1.41529,1.29415,1.47186,1.22498,1.38593,1.52539,1.50451
8668.432613,1.27624,1.29653,1.13855,1.12239,1.40136,1.38908,1.44929,1.42793,1.2695,1.45163,1.03945,1.32347,1.6195,1.54835,0.877303,0.932455,1.41593,1.45983,1.39208,1.34636,1.51495,1.31814,1.09503,1.30443,1.12714,1.32347,1.35456,1.27411,0.972227,1.30951,1.74484,1.42384,1.17855,1.08991,1.51391,1.41443,1.30136,1.47293,1.23097,1.38787,1.5205,1.49575
8682.459202,1.27954,1.29723,1.13604,1.11975,1.399,1.3896,1.45351,1.42655,1.28018,1.4552,1.04055,1.32588,1.61888,1.54846,0.87769,0.931017,1.41447,1.46173,1.3892,1.35008,1.51704,1.31557,1.09877,1.30514,1.12966,1.32588,1.35174,1.27472,0.976585,1.31137,1.74659,1.41958,1.18533,1.09358,1.50522,1.409,1.309,1.47139,1.23376,1.39227,1.51743,1.48536
8696.531259,1.28009,1.29705,1.13171,1.11775,1.39457,1.38965,1.45585,1.42569,1.29012,1.45599,1.04101,1.32775,1.61768,1.54588,0.877665,0.929789,1.40972,1.46422,1.38523,1.35227,1.51665,1.31141,1.10035,1.30627,1.1313,1.32775,1.3485,1.27574,0.980281,1.31193,1.74648,1.41662,1.19099,1.09704,1.50103,1.40298,1.31525,1.46905,1.23399,1.39587,1.51344,1.47603
8710.649005,1.27738,1.29785,1.12731,1.11621,1.38811,1.38782,1.45669,1.42417,1.29961,1.45625,1.04062,1.32759,1.62053,1.54323,0.877049,0.928378,1.40402,1.46566,1.38211,1.35263,1.51503,1.30663,1.101,1.30622,1.13387,1.32759,1.34787,1.2759,0.983825,1.31378,1.7421,1.41212,1.19718,1.10036,1.49811,1.40086,1.31906,1.46728,1.23366,1.39651,1.50769,1.47037
8724.812662,1.27326,1.29776,1.12395,1.11464,1.3814,1.38419,1.4558,1.41865,1.30658,1.45838,1.03964,1.32745,1.62222,1.54212,0.876017,0.926926,1.39951,1.46549,1.37914,1.34983,1.51052,1.30126,1.10141,1.30475,1.1354,1.32745,1.34568,1.27539,0.987625,1.31531,1.73248,1.40649,1.20264,1.10281,1.49138,1.39942,1.31847,1.46411,1.23222,1.39974,1.50096,1.4665
8739.022454,1.27009,1.29412,1.12349,1.11466,1.37767,1.37899,1.45362,1.41308,1.31314,1.46233,1.03883,1.33205,1.62532,1.54292,0.875817,0.926368,1.39426,1.46597,1.37423,1.34458,1.50393,1.29316,1.10216,1.30224,1.13596,1.33205,1.34227,1.27466,0.991449,1.31657,1.72482,1.40392,1.20657,1.10667,1.48357,1.39606,1.3143,1.45956,1.23049,1.40696,1.49517,1.46446
8753.278608,1.26611,1.28806,1.12489,1.11742,1.37709,1.37023,1.44921,1.41177,1.31909,1.46614,1.03816,1.33702,1.62934,1.54385,0.875667,0.925885,1.38956,1.46635,1.36543,1.33778,1.49601,1.28129,1.10256,1.30109,1.13875,1.33702,1.3427,1.2743,0.994706,1.31656,1.72083,1.40184,1.21068,1.11248,1.47877,1.39167,1.30844,1.45285,1.22871,1.41287,1.48882,1.46157
8767.581351,1.26066,1.28329,1.12831,1.12292,1.37866,1.3598,1.44459,1.41121,1.32149,1.4684,1.03782,1.33846,1.62763,1.54379,0.87514,0.92603,1.38796,1.46553,1.35491,1.32982,1.48787,1.26779,1.10259,1.3024,1.14317,1.33846,1.3466,1.27432,0.99755,1.31357,1.71751,1.39949,1.21544,1.1189,1.4789,1.3888,1.30149,1.44693,1.2283,1.41614,1.47955,1.45892
8781.930911,1.25371,1.27986,1.13204,1.12841,1.37805,1.34889,1.44034,1.40675,1.32133,1.46663,1.03765,1.33893,1.62372,1.54324,0.874097,0.927051,1.38685,1.46367,1.34742,1.32153,1.47902,1.25485,1.10234,1.30216,1.14772,1.33893,1.34719,1.27197,1.00094,1.31137,1.71046,1.39745,1.21975,1.12525,1.47849,1.38625,1.29314,1.4408,1.22964,1.41504,1.47157,1.45538
8796.327519,1.2471,1.2759,1.13477,1.13384,1.37457,1.34103,1.43465,1.40305,1.32154,1.46347,1.03767,1.3402,1.62616,1.54473,0.874063,0.928352,1.38709,1.46561,1.34216,1.31328,1.46978,1.24493,1.1019,1.30043,1.15245,1.3402,1.34489,1.26888,1.00518,1.31394,1.70368,1.39388,1.22422,1.13099,1.47451,1.38292,1.28421,1.43284,1.23124,1.41185,1.46895,1.45252
8810.771407,1.2406,1.27004,1.13787,1.13917,1.37281,1.33593,1.42759,1.39883,1.32211,1.46164,1.03749,1.34211,1.63318,1.54192,0.875144,0.930299,1.38967,1.46809,1.33514,1.30343,1.45857,1.23684,1.10088,1.2993,1.15681,1.34211,1.34417,1.26709,1.00941,1.31981,1.70045,1.39248,1.22667,1.13743,1.46968,1.38052,1.27567,1.42544,1.23335,1.41017,1.46893,1.453
8825.262807,1.23415,1.26346,1.14233,1.14358,1.37392,1.33171,1.42343,1.39215,1.32488,1.46213,1.038,1.34466,1.64032,1.54,0.876432,0.933594,1.39134,1.46696,1.32854,1.29427,1.44615,1.23035,1.09865,1.30021,1.16097,1.34466,1.34532,1.26687,1.01321,1.32734,1.70082,1.39594,1.22959,1.14452,1.46817,1.3816,1.26785,1.42008,1.23761,1.40986,1.46995,1.45486
8839.801955,1.22871,1.25623,1.14638,1.14685,1.37515,1.32921,1.42035,1.38571,1.32954,1.46451,1.0395,1.34747,1.644,1.54312,0.878095,0.937753,1.38994,1.46473,1.32428,1.28769,1.43539,1.22609,1.09555,1.2997,1.16542,1.34747,1.34318,1.26742,1.01673,1.3337,1.70069,1.39838,1.23681,1.14987,1.46738,1.3823,1.26076,1.41415,1.24316,1.41089,1.47222,1.45456
8854.389087,1.22494,1.25062,1.15027,1.14886,1.37528,1.32885,1.41933,1.38157,1.33448,1.46738,1.04177,1.3516,1.64453,1.54823,0.88076,0.941519,1.389,1.46508,1.322,1.28361,1.42766,1.22275,1.09403,1.29591,1.16984,1.3516,1.33915,1.2686,1.01906,1.33772,1.70026,1.3984,1.24615,1.15447,1.46611,1.38177,1.25415,1.40778,1.24826,1.41182,1.47285,1.45208
8869.024441,1.22307,1.24609,1.15412,1.15156,1.37393,1.32885,1.42182,1.37889,1.33834,1.4706,1.04484,1.35494,1.63852,1.55552,0.884006,0.94438,1.38798,1.46552,1.32154,1.28221,1.4221,1.21854,1.09293,1.29065,1.17274,1.35494,1.33551,1.26922,1.01944,1.3391,1.6999,1.39684,1.25474,1.1589,1.46488,1.38357,1.24909,1.40202,1.25145,1.41182,1.47209,1.4484
8883.708256,1.22337,1.24257,1.15728,1.15587,1.37361,1.33028,1.42384,1.38081,1.34208,1.47505,1.04911,1.35788,1.63034,1.56391,0.887054,0.947254,1.38647,1.46817,1.32311,1.28451,1.41838,1.21629,1.09058,1.28688,1.17502,1.35788,1.33405,1.27037,1.01874,1.34022,1.70145,1.39596,1.26409,1.16353,1.46489,1.38748,1.24731,1.39844,1.25367,1.41322,1.47283,1.44572
8898.440774,1.22326,1.24179,1.16063,1.16065,1.37187,1.33335,1.42249,1.38433,1.3453,1.48062,1.05254,1.36081,1.62799,1.56614,0.890234,0.949504,1.38453,1.47201,1.32538,1.28911,1.41536,1.21657,1.08734,1.28395,1.17762,1.36081,1.33255,1.27107,1.01896,1.34297,1.7013,1.39362,1.2745,1.16875,1.46345,1.3901,1.2457,1.39809,1.25644,1.41292,1.47168,1.44355
8913.222237,1.22269,1.24381,1.16558,1.16589,1.36886,1.3356,1.42281,1.38629,1.34862,1.48765,1.05621,1.36511,1.63006,1.56418,0.893745,0.951328,1.3826,1.47215,1.32967,1.29465,1.41409,1.21857,1.08503,1.28138,1.17969,1.36511,1.32991,1.27159,1.02067,1.34717,1.69955,1.39004,1.28654,1.17628,1.4617,1.39065,1.24462,1.4005,1.26013,1.41338,1.46933,1.44029
8928.05289,1.22136,1.24376,1.17122,1.17033,1.36462,1.33704,1.4244,1.3884,1.35066,1.49394,1.06054,1.3697,1.6308,1.56367,0.898246,0.953211,1.3812,1.46942,1.33529,1.29883,1.41438,1.2211,1.08377,1.27928,1.17994,1.3697,1.32844,1.27167,1.02274,1.35131,1.69753,1.38834,1.29829,1.18545,1.4595,1.3898,1.24388,1.40222,1.26323,1.42041,1.46536,1.43674
8942.932978,1.22082,1.24217,1.17731,1.17473,1.36211,1.33822,1.42394,1.39287,1.35403,1.50034,1.06538,1.37504,1.63218,1.56632,0.904156,0.955211,1.38095,1.46847,1.3379,1.30245,1.41739,1.22272,1.0829,1.27886,1.182,1.37504,1.33006,1.27137,1.02415,1.35558,1.70214,1.39032,1.31127,1.19693,1.45828,1.38981,1.24477,1.4032,1.26742,1.42877,1.45854,1.43535
8957.862749,1.22004,1.2425,1.18296,1.17964,1.35987,1.33542,1.42377,1.39546,1.35737,1.50536,1.07078,1.38181,1.62977,1.56833,0.909996,0.956945,1.38244,1.46824,1.33756,1.30508,1.42197,1.2233,1.08278,1.28084,1.1893,1.38181,1.33324,1.27089,1.02489,1.35903,1.70713,1.39087,1.32497,1.20964,1.45822,1.3894,1.24571,1.40191,1.27337,1.43053,1.4499,1.43469
8972.842452,1.21974,1.24451,1.18938,1.18519,1.35585,1.33244,1.42763,1.39425,1.35814,1.50778,1.07624,1.38833,1.62522,1.56793,0.915786,0.958576,1.38545,1.4672,1.33835,1.30665,1.42519,1.22247,1.08376,1.28309,1.19807,1.38833,1.33676,1.27125,1.02608,1.36231,1.70473,1.38972,1.33931,1.22184,1.46004,1.38906,1.24595,1.39964,1.28093,1.42987,1.44463,1.43467
8987.872339,1.22083,1.24631,1.19551,1.19127,1.35076,1.3324,1.42956,1.39189,1.35808,1.50815,1.07947,1.39371,1.62642,1.56409,0.921582,0.960441,1.38655,1.46822,1.34154,1.30883,1.4256,1.22167,1.08374,1.28216,1.20551,1.39371,1.33852,1.27083,1.02867,1.3661,1.69708,1.38928,1.35182,1.23196,1.46088,1.38985,1.24689,1.39785,1.28778,1.4304,1.44337,1.43318
9002.952662,1.22211,1.24821,1.19923,1.19866,1.348,1.3354,1.42973,1.39052,1.36177,1.50608,1.08158,1.39981,1.63014,1.55642,0.927531,0.962878,1.38763,1.47187,1.34558,1.31108,1.42618,1.22317,1.08283,1.2802,1.21392,1.39981,1.34084,1.26976,1.03257,1.37059,1.69279,1.38938,1.36501,1.24205,1.46005,1.39263,1.25003,1.39867,1.29317,1.43434,1.44386,1.43172
9018.083675,1.22224,1.24938,1.2027,1.20479,1.34809,1.33763,1.43122,1.38828,1.36663,1.50229,1.08409,1.40679,1.63119,1.54612,0.932463,0.965705,1.38939,1.47273,1.34719,1.31037,1.42706,1.22484,1.08216,1.27993,1.22319,1.40679,1.34262,1.27015,1.03686,1.37619,1.6905,1.39057,1.38016,1.25443,1.45914,1.39578,1.25481,1.40267,1.29824,1.44043,1.44274,1.43351
9033.265634,1.22284,1.2516,1.20703,1.20884,1.3503,1.33888,1.43576,1.38648,1.37169,1.5036,1.08665,1.41258,1.63395,1.54044,0.936246,0.968869,1.39008,1.47389,1.3473,1.31031,1.42809,1.2271,1.08187,1.27913,1.23286,1.41258,1.34177,1.27267,1.04104,1.38321,1.68813,1.39346,1.39911,1.26781,1.46015,1.39606,1.26048,1.40866,1.30421,1.44577,1.44276,1.43621
9048.498797,1.22522,1.25475,1.21094,1.21298,1.35275,1.34063,1.43927,1.38494,1.37756,1.51197,1.08861,1.41568,1.63899,1.54245,0.939613,0.971589,1.38933,1.47528,1.34742,1.31145,1.4288,1.23079,1.08122,1.27483,1.24065,1.41568,1.34026,1.27447,1.04496,1.38672,1.68796,1.39543,1.42017,1.27899,1.45839,1.39044,1.26479,1.41316,1.30972,1.44895,1.44291,1.43592
9063.783423,1.22947,1.2576,1.21507,1.21853,1.3543,1.34129,1.44057,1.38384,1.38385,1.52268,1.09118,1.418,1.64297,1.54858,0.942887,0.974501,1.38822,1.47523,1.34747,1.31229,1.4285,1.23217,1.08043,1.2689,1.24524,1.418,1.34052,1.2762,1.04755,1.38592,1.69205,1.39547,1.44049,1.28824,1.45404,1.38329,1.26644,1.41797,1.31372,1.44987,1.44206,1.43465
9079.119774,1.23259,1.25892,1.21827,1.22572,1.3545,1.33974,1.43974,1.38377,1.38904,1.53035,1.09369,1.41775,1.64027,1.5535,0.944811,0.977201,1.38511,1.47496,1.34558,1.31245,1.42572,1.23013,1.07761,1.26353,1.24739,1.41775,1.34185,1.27766,1.04889,1.38392,1.69881,1.39129,1.45765,1.29298,1.4478,1.37923,1.26607,1.42027,1.31459,1.44831,1.44028,1.43149
9094.508112,1.23473,1.26085,1.22145,1.23324,1.35211,1.33631,1.43805,1.38484,1.39368,1.53425,1.09542,1.41552,1.63691,1.5561,0.944721,0.978854,1.38226,1.47592,1.34149,1.31173,1.42363,1.22783,1.07372,1.26029,1.24834,1.41552,1.34203,1.2779,1.05032,1.38407,1.70574,1.3868,1.47243,1.29451,1.44036,1.3743,1.26569,1.422,1.31417,1.44763,1.43692,1.4254
9109.948703,1.23491,1.26322,1.22533,1.23837,1.34396,1.33156,1.43515,1.38563,1.39804,1.53604,1.09605,1.41386,1.63563,1.5536,0.943623,0.97826,1.38003,1.47327,1.33626,1.30866,1.42292,1.22518,1.07033,1.25798,1.24668,1.41386,1.33811,1.27678,1.05261,1.38506,1.71013,1.38327,1.48244,1.29385,1.43273,1.36432,1.26421,1.42598,1.31245,1.44763,1.43039,1.41524
9125.441813,1.23354,1.26339,1.22877,1.24038,1.33256,1.32481,1.43294,1.38519,1.4031,1.53619,1.09762,1.41455,1.63471,1.54905,0.942328,0.977253,1.37684,1.4678,1.33201,1.30577,1.42176,1.22146,1.06792,1.25641,1.24313,1.41455,1.33231,1.27503,1.05494,1.38664,1.71401,1.37912,1.48353,1.29121,1.42486,1.35246,1.26212,1.4276,1.30992,1.44834,1.4222,1.40236
9140.987711,1.2312,1.25975,1.23018,1.24047,1.31933,1.31459,1.42887,1.38272,1.40595,1.53489,1.09955,1.41335,1.63414,1.54791,0.941213,0.977212,1.3718,1.46175,1.32688,1.30381,1.4198,1.21721,1.06648,1.25551,1.24013,1.41335,1.32751,1.27209,1.05645,1.38836,1.71378,1.37479,1.47507,1.28661,1.41316,1.34139,1.26005,1.42479,1.30616,1.45045,1.41039,1.3901
9156.586666,1.22812,1.25576,1.23019,1.24086,1.30499,1.30144,1.42193,1.37832,1.4088,1.53364,1.10077,1.41099,1.63641,1.54974,0.941078,0.978322,1.36685,1.45535,1.32178,1.30083,1.41739,1.21233,1.06438,1.25503,1.24001,1.41099,1.32285,1.26695,1.05683,1.39066,1.7069,1.37076,1.46151,1.28122,1.3999,1.33203,1.25753,1.42155,1.30381,1.45322,1.3951,1.37932
9172.238951,1.22311,1.25188,1.22929,1.24071,1.28875,1.28675,1.41434,1.37126,1.41034,1.53215,1.10102,1.40814,1.63522,1.54854,0.941115,0.979512,1.36229,1.44855,1.31826,1.29527,1.41179,1.20514,1.06071,1.25285,1.24162,1.40814,1.31556,1.25907,1.0565,1.39537,1.69256,1.36463,1.4425,1.27385,1.38501,1.32275,1.25397,1.41735,1.30173,1.45182,1.37873,1.36702
9187.944839,1.2187,1.24663,1.22852,1.24033,1.2734,1.27444,1.40867,1.36359,1.41189,1.53619,1.10116,1.40749,1.63531,1.54602,0.941221,0.980497,1.35749,1.44496,1.31668,1.29074,1.40595,1.19648,1.05602,1.24739,1.24228,1.40749,1.30797,1.25295,1.05683,1.40429,1.6756,1.36032,1.42252,1.26402,1.37182,1.31474,1.25105,1.41156,1.3003,1.45256,1.3638,1.35251
9203.704607,1.213,1.2396,1.22681,1.23966,1.25972,1.2611,1.39947,1.35557,1.41256,1.53676,1.09984,1.4123,1.63637,1.54365,0.941456,0.981777,1.34994,1.44346,1.31839,1.28869,1.40106,1.18713,1.04906,1.2382,1.24212,1.4123,1.30019,1.24702,1.05758,1.41159,1.65742,1.35735,1.40318,1.25388,1.35986,1.30935,1.24781,1.40626,1.29869,1.45623,1.34691,1.33862
9219.518533,1.20384,1.23304,1.22224,1.23794,1.24674,1.246,1.38868,1.34828,1.41012,1.53014,1.09766,1.41796,1.6316,1.53949,0.941825,0.983707,1.33977,1.43827,1.32152,1.28607,1.39586,1.17723,1.03941,1.22559,1.24215,1.41796,1.29184,1.23935,1.05684,1.41469,1.64196,1.35171,1.38699,1.24749,1.34735,1.3044,1.2446,1.40263,1.29465,1.45635,1.3286,1.32731
9235.386895,1.19411,1.22653,1.21681,1.23236,1.23515,1.23055,1.37974,1.34211,1.40331,1.52632,1.09496,1.41916,1.62375,1.5328,0.941038,0.984856,1.32687,1.43074,1.32234,1.2808,1.38641,1.16682,1.02831,1.21091,1.24058,1.41916,1.28265,1.2325,1.05447,1.41707,1.62497,1.34265,1.37402,1.24486,1.33453,1.29554,1.24158,1.39999,1.29026,1.45396,1.30967,1.31624
9251.309976,1.18571,1.221,1.21287,1.22614,1.22707,1.217,1.37343,1.3379,1.39553,1.5295,1.09223,1.41818,1.61874,1.52722,0.938743,0.985,1.31283,1.42393,1.32273,1.2784,1.3719,1.15776,1.01678,1.19541,1.23789,1.41818,1.27407,1.22735,1.05151,1.42016,1.60586,1.33255,1.36657,1.2452,1.32301,1.28357,1.23788,1.39749,1.28984,1.45305,1.29237,1.30472
9267.288059,1.17941,1.21597,1.20923,1.22503,1.21946,1.20586,1.36663,1.33165,1.38933,1.53551,1.09014,1.41778,1.61384,1.52279,0.936105,0.98498,1.29922,1.41277,1.3217,1.27836,1.3555,1.14907,1.00456,1.17883,1.2332,1.41778,1.267,1.22088,1.04775,1.42027,1.59366,1.3203,1.36629,1.24721,1.31093,1.27209,1.23251,1.39253,1.28997,1.45087,1.27729,1.2922
9283.321429,1.17548,1.20987,1.20694,1.22666,1.21037,1.19615,1.35763,1.32385,1.38553,1.54002,1.08915,1.41751,1.60682,1.51632,0.933782,0.985247,1.2873,1.40011,1.31853,1.27855,1.3408,1.14017,0.992448,1.16312,1.22742,1.41751,1.26035,1.21402,1.04234,1.41619,1.58939,1.30627,1.37049,1.25228,1.2995,1.26337,1.22605,1.38764,1.28774,1.44749,1.26497,1.28103
9299.410374,1.17075,1.20272,1.20706,1.22882,1.20091,1.18812,1.34896,1.3183,1.3805,1.53902,1.08765,1.41474,1.5949,1.50548,0.93057,0.984934,1.27659,1.39013,1.31414,1.27916,1.32749,1.13201,0.980516,1.14932,1.22237,1.41474,1.25262,1.20742,1.03634,1.4104,1.5853,1.29204,1.37566,1.25741,1.28792,1.25592,1.21973,1.38343,1.28351,1.44452,1.25383,1.26987
9315.555184,1.16712,1.19887,1.20964,1.23247,1.19116,1.18106,1.34305,1.31461,1.37421,1.53738,1.08471,1.41143,1.58197,1.49552,0.927029,0.983612,1.26819,1.38069,1.30916,1.28084,1.31678,1.12528,0.971072,1.13915,1.21704,1.41143,1.24415,1.20178,1.0303,1.40644,1.58025,1.28253,1.38621,1.26346,1.27833,1.24644,1.21536,1.38405,1.28083,1.44468,1.24521,1.25959
9331.756149,1.16577,1.1971,1.21314,1.23641,1.1801,1.17538,1.33779,1.30997,1.36771,1.53637,1.08117,1.40728,1.57164,1.48768,0.92379,0.980851,1.26063,1.37154,1.30613,1.28328,1.31026,1.11967,0.964606,1.13251,1.20949,1.40728,1.23496,1.19769,1.02286,1.40241,1.57355,1.27652,1.39829,1.27166,1.27076,1.23622,1.21174,1.38572,1.27971,1.4451,1.23809,1.25091
9348.013564,1.16621,1.19501,1.21712,1.2401,1.17104,1.17162,1.33664,1.30598,1.3632,1.53586,1.07747,1.40291,1.5662,1.48124,0.921517,0.977963,1.25467,1.36779,1.30494,1.28607,1.30849,1.11556,0.960432,1.12855,1.20339,1.40291,1.22603,1.19461,1.01423,1.39848,1.56707,1.27103,1.40821,1.28081,1.26407,1.22794,1.2094,1.3838,1.2794,1.44705,1.2322,1.2435
9364.327724,1.16619,1.19256,1.22248,1.24577,1.16529,1.16858,1.33835,1.30244,1.35942,1.5371,1.07381,1.3976,1.56585,1.47516,0.920368,0.975829,1.25131,1.36647,1.30294,1.28643,1.30746,1.11279,0.958087,1.12746,1.19903,1.3976,1.22,1.19071,1.00675,1.39499,1.55806,1.26675,1.41884,1.28963,1.2584,1.2219,1.20695,1.38221,1.27948,1.45101,1.22621,1.23851
9380.698926,1.166,1.19158,1.22946,1.25544,1.16154,1.16647,1.33826,1.29959,1.35821,1.53981,1.07099,1.39283,1.56873,1.47066,0.920012,0.973706,1.25284,1.36522,1.3035,1.28405,1.30672,1.11152,0.957478,1.12832,1.19453,1.39283,1.21555,1.18591,1.00087,1.3955,1.54804,1.26422,1.43327,1.29758,1.25391,1.21941,1.20352,1.38305,1.28259,1.45648,1.22038,1.23599
9397.12747,1.16675,1.19083,1.23656,1.26472,1.1582,1.16473,1.33754,1.29596,1.3595,1.5427,1.06944,1.38991,1.5679,1.4671,0.919728,0.970223,1.25652,1.36573,1.30567,1.28036,1.30777,1.10967,0.958134,1.1282,1.1913,1.38991,1.21006,1.1812,0.996933,1.4007,1.54135,1.26306,1.44881,1.30305,1.24891,1.21709,1.20117,1.38305,1.28765,1.46045,1.21624,1.23392
9413.613659,1.1691,1.19087,1.24563,1.27334,1.15634,1.16251,1.33851,1.29061,1.36333,1.54953,1.07081,1.39394,1.56442,1.46736,0.921053,0.96776,1.26015,1.36913,1.30696,1.27856,1.31114,1.10829,0.959595,1.12747,1.19261,1.39394,1.20648,1.17866,0.995502,1.40703,1.54,1.26448,1.46608,1.30838,1.24668,1.2143,1.20108,1.38214,1.2969,1.46761,1.21391,1.23254
9430.157795,1.16943,1.19082,1.25683,1.28168,1.15432,1.15714,1.33589,1.28574,1.36551,1.54939,1.07391,1.40277,1.55945,1.47023,0.925405,0.967449,1.26189,1.37034,1.30671,1.27601,1.31312,1.10597,0.960066,1.12696,1.19778,1.40277,1.20475,1.17398,0.995444,1.40922,1.53804,1.26644,1.48022,1.31227,1.24486,1.2127,1.19916,1.38023,1.30634,1.4746,1.20911,1.23267
9446.760186,1.16861,1.19123,1.26777,1.28802,1.15122,1.15287,1.33161,1.28508,1.36493,1.54372,1.07845,1.40908,1.5551,1.47268,0.93155,0.967735,1.26116,1.37005,1.30525,1.26818,1.31363,1.10231,0.960185,1.12608,1.20496,1.40908,1.20438,1.16862,0.996344,1.40809,1.53601,1.26637,1.48849,1.31383,1.24145,1.20945,1.19635,1.37647,1.31481,1.4774,1.20215,1.23144
9463.421138,1.16831,1.19073,1.27704,1.29219,1.14912,1.15078,1.32838,1.28397,1.36433,1.5406,1.08505,1.41661,1.55158,1.47095,0.938762,0.969011,1.25846,1.37203,1.30288,1.25647,1.31281,1.09915,0.960702,1.1254,1.21478,1.41661,1.20589,1.16624,1.00003,1.40861,1.53209,1.26318,1.49395,1.315,1.23629,1.203,1.19588,1.37133,1.32497,1.48026,1.1951,1.22724
9480.140964,1.16746,1.18877,1.28677,1.29795,1.14889,1.14841,1.32509,1.28147,1.36677,1.54027,1.09437,1.43193,1.54799,1.46937,0.949385,0.974963,1.25608,1.37362,1.29882,1.24634,1.31005,1.09558,0.961168,1.12592,1.23245,1.43193,1.20719,1.16517,1.00631,1.41195,1.53021,1.25943,1.5016,1.31605,1.22914,1.19752,1.19616,1.36618,1.33805,1.48577,1.18945,1.22341
9496.919974,1.16533,1.18609,1.29547,1.30673,1.14732,1.14617,1.31895,1.27798,1.36962,1.53848,1.10518,1.45108,1.54354,1.46679,0.963114,0.984729,1.25329,1.37024,1.29025,1.23628,1.30723,1.09032,0.961944,1.12554,1.25587,1.45108,1.20648,1.16305,1.01315,1.41407,1.53322,1.25572,1.50633,1.31491,1.22115,1.19274,1.1947,1.35949,1.34856,1.49171,1.18477,1.21985
9513.758485,1.16157,1.18414,1.30358,1.31638,1.1447,1.14479,1.30952,1.27661,1.3709,1.53432,1.11541,1.46977,1.54031,1.46224,0.976987,0.995065,1.24942,1.36648,1.27803,1.22654,1.30522,1.08599,0.962906,1.12507,1.27988,1.46977,1.20534,1.16104,1.02091,1.41482,1.53645,1.25136,1.50459,1.31277,1.21368,1.18578,1.19185,1.35234,1.3561,1.4991,1.18094,1.21605
9530.656812,1.1568,1.18209,1.31066,1.32344,1.14273,1.14185,1.29921,1.27659,1.36802,1.52983,1.12306,1.48422,1.53631,1.45663,0.987959,1.00409,1.24481,1.36268,1.26318,1.21697,1.30192,1.0817,0.963057,1.12439,1.29919,1.48422,1.20237,1.15925,1.0299,1.41534,1.53471,1.24738,1.49951,1.30885,1.20432,1.17542,1.18919,1.34664,1.36269,1.50628,1.17748,1.21114
9547.615276,1.15364,1.18094,1.31817,1.32737,1.14007,1.13851,1.29223,1.2747,1.36358,1.52921,1.12691,1.49224,1.53411,1.45333,0.995532,1.01022,1.23985,1.35848,1.24833,1.2086,1.29697,1.07733,0.962874,1.12277,1.31109,1.49224,1.19746,1.15875,1.03708,1.41708,1.53342,1.24704,1.49281,1.30431,1.19527,1.16344,1.18903,1.34401,1.36569,1.50898,1.176,1.20633
9564.634198,1.15137,1.18077,1.32448,1.33022,1.1362,1.13629,1.28775,1.27036,1.3582,1.52782,1.12651,1.49106,1.53242,1.45381,0.998937,1.01253,1.23368,1.35358,1.23549,1.19964,1.29177,1.07385,0.961814,1.12106,1.31411,1.49106,1.19244,1.15888,1.04032,1.41829,1.53367,1.24782,1.48049,1.29864,1.18884,1.15293,1.18903,1.33949,1.36426,1.5045,1.17456,1.20129
9581.713902,1.14845,1.18092,1.32847,1.33162,1.13426,1.13464,1.28779,1.2672,1.35245,1.52608,1.12326,1.48454,1.53155,1.45664,0.997544,1.01091,1.22893,1.34825,1.22327,1.18895,1.28806,1.07074,0.960223,1.12059,1.3097,1.48454,1.18836,1.15775,1.04152,1.42025,1.53326,1.24704,1.46716,1.29252,1.18437,1.1444,1.18753,1.33419,1.36011,1.50114,1.17223,1.19786
9598.854714,1.14509,1.18064,1.33101,1.33267,1.13219,1.13242,1.28831,1.26355,1.34538,1.52161,1.11817,1.47332,1.5282,1.45591,0.991309,1.0059,1.22597,1.34392,1.21291,1.17804,1.28257,1.068,0.958539,1.12001,1.29906,1.47332,1.18514,1.15435,1.04284,1.42241,1.53038,1.24457,1.45598,1.28612,1.1793,1.13865,1.18356,1.3332,1.35355,1.49928,1.16954,1.19662
9616.056963,1.14328,1.18007,1.33282,1.33531,1.12814,1.12979,1.28744,1.25792,1.33886,1.51627,1.11145,1.45735,1.52469,1.45552,0.981113,0.99875,1.22317,1.34311,1.20807,1.17165,1.27616,1.06689,0.957538,1.11876,1.2837,1.45735,1.18002,1.15094,1.04273,1.4256,1.52834,1.24154,1.44723,1.27925,1.17302,1.13535,1.1788,1.33379,1.34698,1.49735,1.16803,1.19456
9633.320979,1.14226,1.17878,1.33311,1.33501,1.12285,1.12618,1.28883,1.25149,1.33389,1.5124,1.10378,1.4398,1.52307,1.45415,0.968785,0.989784,1.21877,1.34287,1.20499,1.1699,1.27104,1.06631,0.95631,1.11629,1.26606,1.4398,1.17258,1.14779,1.04046,1.42808,1.52421,1.2375,1.43967,1.27288,1.16715,1.13051,1.1737,1.33304,1.34014,1.49346,1.1672,1.18993
9650.647096,1.14167,1.17842,1.33444,1.33511,1.11923,1.12237,1.29151,1.24661,1.32943,1.51305,1.09611,1.4241,1.52165,1.45127,0.956693,0.980297,1.21555,1.34209,1.20187,1.17057,1.2667,1.0657,0.954537,1.11404,1.2479,1.4241,1.16823,1.14486,1.0364,1.42698,1.51979,1.23401,1.432,1.2687,1.16443,1.12621,1.16979,1.33565,1.33378,1.48917,1.1668,1.18661
9668.035649,1.14073,1.17824,1.33627,1.33726,1.11625,1.11887,1.29289,1.24479,1.32536,1.50965,1.08825,1.41024,1.51804,1.44797,0.944918,0.970199,1.21304,1.33818,1.20027,1.16891,1.26264,1.06413,0.952356,1.11198,1.22882,1.41024,1.16583,1.14075,1.0312,1.4232,1.51542,1.23134,1.41975,1.26351,1.16244,1.12397,1.166,1.33675,1.32702,1.48419,1.16329,1.18481
9685.486977,1.14123,1.17806,1.33777,1.34157,1.11378,1.11688,1.29399,1.24487,1.32243,1.50406,1.08228,1.39896,1.51489,1.44399,0.933955,0.95984,1.21087,1.33451,1.20165,1.16621,1.26068,1.06157,0.950927,1.11022,1.213,1.39896,1.164,1.13709,1.02736,1.41932,1.51099,1.22839,1.40827,1.25927,1.15991,1.1223,1.16342,1.33498,1.32185,1.47806,1.15745,1.18264
9703.00142,1.14122,1.17628,1.33823,1.34687,1.11097,1.11481,1.29341,1.24301,1.31967,1.50107,1.07792,1.39298,1.51493,1.43667,0.926613,0.952446,1.20816,1.33359,1.2028,1.16476,1.25849,1.0583,0.948787,1.10817,1.20485,1.39298,1.16309,1.1337,1.02547,1.41652,1.50512,1.22555,1.40313,1.25671,1.15795,1.12174,1.16256,1.33338,1.31777,1.47163,1.15218,1.18055
9720.579321,1.14147,1.17361,1.34075,1.35233,1.10801,1.11278,1.29068,1.24143,1.31898,1.50144,1.07535,1.39427,1.51729,1.42958,0.924802,0.950289,1.20554,1.33265,1.20278,1.1646,1.25618,1.05468,0.946288,1.10627,1.20652,1.39427,1.16265,1.13058,1.02378,1.413,1.50271,1.22407,1.40371,1.25473,1.15652,1.12315,1.1619,1.33243,1.31593,1.46898,1.14853,1.18055
9738.221025,1.14134,1.17155,1.34394,1.35821,1.1062,1.10996,1.28593,1.2411,1.31803,1.5018,1.07452,1.39638,1.51872,1.42359,0.925752,0.949607,1.20307,1.32873,1.203,1.16421,1.25445,1.04985,0.944964,1.10442,1.21046,1.39638,1.16148,1.12754,1.02288,1.40805,1.50182,1.22197,1.40312,1.25216,1.1547,1.12352,1.15992,1.32923,1.31405,1.46911,1.14346,1.1804
9755.926882,1.14016,1.16977,1.34771,1.36501,1.10472,1.1066,1.28109,1.24301,1.31563,1.50226,1.07401,1.39768,1.52078,1.42031,0.927422,0.948825,1.20226,1.32652,1.20446,1.16406,1.2533,1.04503,0.943905,1.10463,1.21234,1.39768,1.15978,1.12549,1.02483,1.40424,1.50058,1.21908,1.40192,1.24972,1.15369,1.12312,1.15687,1.32422,1.31189,1.47009,1.13671,1.17886
9773.69724,1.13961,1.16659,1.35255,1.36909,1.10239,1.10262,1.27731,1.24518,1.31241,1.50592,1.07186,1.39792,1.52189,1.4194,0.928313,0.948204,1.20198,1.32534,1.20429,1.16423,1.24937,1.04115,0.942645,1.10597,1.21197,1.39792,1.15667,1.12444,1.02799,1.3994,1.49792,1.21607,1.39968,1.24888,1.15413,1.12305,1.15482,1.31914,1.30977,1.46705,1.13034,1.17462
9791.532454,1.14009,1.16319,1.35873,1.37226,1.10097,1.10114,1.27553,1.24609,1.30989,1.51452,1.06885,1.39859,1.52108,1.42073,0.928028,0.94595,1.201,1.32388,1.20321,1.16545,1.24431,1.0387,0.942169,1.10664,1.21081,1.39859,1.15446,1.12379,1.02936,1.39517,1.49731,1.21462,1.39713,1.24884,1.15636,1.12322,1.1552,1.31539,1.30604,1.4613,1.12611,1.16955
9809.432879,1.13949,1.16137,1.36265,1.37615,1.09973,1.10104,1.27268,1.2446,1.30685,1.5186,1.06586,1.39858,1.51619,1.42559,0.926135,0.94245,1.20051,1.31879,1.20126,1.16456,1.24116,1.03633,0.941547,1.10628,1.20893,1.39858,1.15375,1.12203,1.02951,1.39305,1.49725,1.21327,1.39479,1.2468,1.1589,1.12393,1.15475,1.31096,1.30199,1.45599,1.12157,1.16643
9827.398873,1.13841,1.16096,1.36758,1.37944,1.09874,1.09963,1.27009,1.24243,1.30504,1.51943,1.06399,1.39882,1.51137,1.4331,0.92407,0.939847,1.20106,1.31365,1.19987,1.16217,1.23931,1.0339,0.940742,1.10628,1.20874,1.39882,1.15309,1.12014,1.03029,1.394,1.49511,1.21297,1.39492,1.24597,1.16072,1.12499,1.15293,1.30967,1.299,1.45573,1.11744,1.16699
9845.430798,1.13741,1.15955,1.373,1.38098,1.09738,1.09855,1.26714,1.23984,1.30253,1.51718,1.06165,1.39739,1.50342,1.43721,0.922411,0.938164,1.20085,1.31382,1.20046,1.16101,1.23777,1.03338,0.939827,1.10532,1.21105,1.39739,1.15213,1.11889,1.03173,1.3952,1.49004,1.21329,1.39492,1.2463,1.1607,1.12672,1.14905,1.31123,1.29598,1.45752,1.11591,1.16764
9863.529016,1.13614,1.15719,1.3748,1.38306,1.09627,1.09924,1.26567,1.23644,1.29912,1.51509,1.05885,1.39702,1.49767,1.4409,0.920702,0.937373,1.19974,1.31987,1.203,1.164,1.23819,1.03557,0.939746,1.10389,1.21519,1.39702,1.15212,1.11995,1.03198,1.39798,1.48511,1.21428,1.39333,1.24555,1.16026,1.12834,1.14409,1.3111,1.2941,1.45786,1.11714,1.16639
9881.693894,1.13369,1.15514,1.37321,1.38368,1.09626,1.09985,1.26485,1.23321,1.2943,1.51071,1.05666,1.39796,1.49403,1.44133,0.919197,0.937341,1.19736,1.32388,1.2047,1.16688,1.24053,1.03813,0.939635,1.10358,1.21886,1.39796,1.15183,1.12192,1.0297,1.3989,1.48183,1.21456,1.38875,1.24426,1.16014,1.12808,1.13979,1.30971,1.29227,1.45544,1.11777,1.16497
9899.925802,1.1311,1.15523,1.37362,1.38604,1.09831,1.10122,1.26411,1.232,1.28876,1.50443,1.0544,1.39825,1.48994,1.43968,0.918374,0.937877,1.19654,1.32395,1.20434,1.16785,1.2437,1.03902,0.939011,1.10515,1.22029,1.39825,1.15215,1.12334,1.02593,1.39708,1.48094,1.21517,1.38384,1.24371,1.16148,1.12812,1.138,1.31087,1.29069,1.45406,1.11898,1.16495
9918.22511,1.12875,1.15822,1.37445,1.38867,1.10039,1.10407,1.26326,1.23038,1.28393,1.49569,1.05182,1.40098,1.48292,1.43856,0.917308,0.938079,1.1968,1.32132,1.20358,1.16759,1.24538,1.0388,0.938222,1.10504,1.21895,1.40098,1.15234,1.12463,1.02313,1.39543,1.48062,1.21593,1.37979,1.2422,1.16248,1.12841,1.13653,1.3114,1.29024,1.45328,1.11985,1.16506
9936.592194,1.1296,1.16331,1.37586,1.39282,1.10213,1.10776,1.26117,1.22788,1.27958,1.4892,1.05128,1.40497,1.47885,1.43621,0.916524,0.938046,1.19734,1.32269,1.20381,1.16905,1.24636,1.03955,0.938637,1.10438,1.21995,1.40497,1.15266,1.12608,1.0234,1.39555,1.48075,1.21752,1.3776,1.24244,1.16337,1.13008,1.1353,1.31268,1.29304,1.45218,1.12081,1.16644
9955.027429,1.13171,1.16723,1.37592,1.39631,1.10206,1.11169,1.2572,1.22584,1.27385,1.48443,1.05151,1.40735,1.4796,1.43115,0.915957,0.9376,1.19656,1.32884,1.20342,1.16916,1.24712,1.04149,0.939289,1.10565,1.22368,1.40735,1.15252,1.12657,1.02464,1.39491,1.47804,1.21932,1.3755,1.2424,1.16552,1.133,1.13449,1.31358,1.29606,1.451,1.12335,1.16849
9973.531198,1.13582,1.17036,1.37492,1.39831,1.10263,1.11594,1.25523,1.22447,1.26925,1.48105,1.05056,1.41061,1.48329,1.42927,0.915009,0.937295,1.19726,1.3354,1.20413,1.16848,1.24986,1.04399,0.940174,1.10792,1.22658,1.41061,1.15374,1.12772,1.02424,1.3919,1.47684,1.22025,1.37426,1.24157,1.16718,1.13703,1.13377,1.31326,1.29784,1.45047,1.12659,1.17094
9992.103882,1.14055,1.17159,1.37291,1.39932,1.10561,1.11833,1.25588,1.22452,1.26454,1.47667,1.04904,1.41126,1.48595,1.43141,0.914361,0.936004,1.19929,1.33843,1.20553,1.16881,1.25241,1.04576,0.942259,1.11049,1.22625,1.41126,1.15459,1.1281,1.02356,1.38853,1.47523,1.21851,1.37237,1.23852,1.16795,1.13988,1.1309,1.3107,1.29699,1.44685,1.12885,1.17257
10010.745866,1.14461,1.17055,1.37638,1.40062,1.10928,1.11986,1.25701,1.22859,1.25827,1.47334,1.04738,1.41117,1.49039,1.43639,0.914517,0.933945,1.20204,1.34004,1.20829,1.17029,1.25435,1.04851,0.944928,1.1149,1.22511,1.41117,1.1554,1.12821,1.02354,1.38728,1.47394,1.21684,1.37087,1.2363,1.17224,1.1431,1.12709,1.30796,1.29442,1.4433,1.13172,1.17404
10029.457541,1.14865,1.16947,1.38258,1.39955,1.11339,1.12094,1.2582,1.23336,1.25189,1.4714,1.04379,1.41051,1.49431,1.44114,0.913628,0.932254,1.20567,1.34149,1.20962,1.17166,1.25392,1.05086,0.946572,1.11864,1.22533,1.41051,1.15762,1.1297,1.02335,1.38732,1.47297,1.21636,1.37093,1.2387,1.17805,1.14811,1.12426,1.30499,1.29219,1.44032,1.13556,1.17442
10048.239296,1.15265,1.17042,1.38707,1.39982,1.11858,1.12369,1.2622,1.23732,1.24826,1.47302,1.04019,1.40885,1.49644,1.44458,0.912372,0.92997,1.2108,1.34522,1.21039,1.1737,1.25382,1.0512,0.94797,1.12055,1.22578,1.40885,1.16022,1.13091,1.02282,1.39051,1.47533,1.21695,1.37458,1.24229,1.18374,1.15315,1.12255,1.30316,1.29097,1.44096,1.13984,1.17638
10067.091528,1.15449,1.17044,1.39216,1.40016,1.12345,1.1259,1.26565,1.24007,1.24539,1.47675,1.03822,1.40715,1.49812,1.4462,0.910853,0.927614,1.21528,1.3499,1.21182,1.17556,1.25479,1.05097,0.950168,1.12066,1.22584,1.40715,1.16121,1.13019,1.02161,1.39534,1.47812,1.21732,1.37869,1.24231,1.1894,1.15763,1.1206,1.30353,1.29015,1.44161,1.14394,1.18034
10086.014632,1.15504,1.17071,1.39942,1.3981,1.12976,1.12748,1.26934,1.24306,1.24323,1.48238,1.03739,1.40891,1.50018,1.44952,0.90956,0.925923,1.21857,1.35389,1.21382,1.17887,1.25572,1.05228,0.952479,1.12155,1.22674,1.40891,1.16359,1.12993,1.01974,1.39964,1.47613,1.22019,1.38365,1.24333,1.19511,1.16325,1.11845,1.30583,1.28906,1.44072,1.1495,1.18465
10105.00901,1.15527,1.17126,1.40306,1.39561,1.13543,1.13009,1.27319,1.24587,1.24031,1.48578,1.03494,1.41033,1.49941,1.45263,0.907968,0.923049,1.22032,1.35495,1.21608,1.18458,1.2566,1.05553,0.953699,1.12404,1.22814,1.41033,1.16663,1.13117,1.01656,1.40349,1.46955,1.22269,1.3867,1.24575,1.19934,1.16851,1.11519,1.30634,1.28554,1.4407,1.15545,1.18834
10124.075064,1.15674,1.17171,1.40414,1.3972,1.13943,1.13273,1.2753,1.24847,1.23701,1.48823,1.03189,1.41034,1.49686,1.45588,0.905815,0.920589,1.22167,1.35745,1.21907,1.1904,1.25745,1.05887,0.954421,1.12766,1.23004,1.41034,1.16937,1.13426,1.0107,1.40914,1.46866,1.22352,1.39008,1.24671,1.20298,1.17203,1.11135,1.30811,1.28005,1.44347,1.16157,1.19119
10143.213202,1.15848,1.17159,1.40381,1.39896,1.14132,1.13477,1.27489,1.24955,1.23176,1.48868,1.02855,1.40602,1.49144,1.45669,0.902867,0.919689,1.22194,1.35803,1.22068,1.19299,1.25713,1.05972,0.954371,1.13036,1.22767,1.40602,1.17018,1.13533,1.00192,1.4131,1.47467,1.2263,1.39257,1.24685,1.20551,1.17443,1.10701,1.31077,1.27233,1.44854,1.16515,1.19268
10162.423833,1.15896,1.17355,1.4045,1.4004,1.14253,1.13727,1.27415,1.25075,1.22598,1.49044,1.02379,1.40333,1.48628,1.45643,0.899352,0.919401,1.22356,1.35669,1.22248,1.19575,1.25824,1.05904,0.954335,1.1316,1.22022,1.40333,1.16922,1.13525,0.992714,1.41627,1.48357,1.23371,1.39402,1.24733,1.20835,1.17811,1.10246,1.31341,1.26457,1.45635,1.16656,1.19302
10181.70737,1.15828,1.17838,1.4039,1.40133,1.14346,1.13859,1.27126,1.2501,1.2195,1.49141,1.01829,1.40546,1.4798,1.455,0.894912,0.918412,1.22449,1.35846,1.22592,1.19883,1.25852,1.05791,0.953006,1.13196,1.21214,1.40546,1.1684,1.13776,0.985685,1.41926,1.48903,1.24139,1.39354,1.24718,1.20983,1.18091,1.09636,1.31674,1.25869,1.4591,1.16652,1.19397
10201.064228,1.15937,1.18305,1.40046,1.40363,1.14315,1.14101,1.26757,1.24895,1.21149,1.49059,1.01421,1.4055,1.47467,1.45395,0.890116,0.918022,1.22218,1.36393,1.23005,1.20286,1.25945,1.058,0.950677,1.13384,1.20675,1.4055,1.16876,1.14093,0.98028,1.42391,1.48984,1.24619,1.39204,1.24969,1.20988,1.18377,1.08925,1.32232,1.25433,1.45811,1.16456,1.19838
10220.494827,1.16093,1.18493,1.3924,1.40408,1.14106,1.14441,1.26555,1.2484,1.20272,1.48481,1.00918,1.40122,1.46942,1.4524,0.884385,0.918096,1.21649,1.366,1.232,1.20409,1.261,1.05909,0.947697,1.1372,1.20166,1.40122,1.16867,1.14146,0.974886,1.42559,1.48865,1.24672,1.38866,1.25113,1.20849,1.18501,1.08079,1.32238,1.24651,1.45547,1.16281,1.20173
10239.999588,1.1633,1.18517,1.38397,1.40241,1.14069,1.14693,1.26631,1.24755,1.19525,1.47689,1.00226,1.40003,1.46459,1.45324,0.878198,0.918215,1.21157,1.3643,1.23257,1.20301,1.26318,1.061,0.943752,1.13993,1.19574,1.40003,1.16936,1.14192,0.968004,1.42556,1.48932,1.24777,1.38599,1.25155,1.20744,1.18518,1.0707,1.31819,1.23855,1.45232,1.16338,1.20251
10259.578937,1.16544,1.18225,1.37696,1.39713,1.14244,1.14656,1.26695,1.24696,1.18645,1.46512,0.99544,1.40337,1.45579,1.45666,0.872852,0.917567,1.20801,1.35916,1.23254,1.20098,1.26407,1.06258,0.939954,1.14158,1.18884,1.40337,1.16921,1.14254,0.960624,1.42572,1.48619,1.25014,1.38332,1.25209,1.20752,1.18308,1.05982,1.31419,1.23171,1.44768,1.16496,1.20176
10279.233302,1.16816,1.17967,1.37519,1.39216,1.14548,1.1465,1.26557,1.24949,1.17535,1.45706,0.988893,1.409,1.44672,1.4634,0.868304,0.916585,1.20722,1.35454,1.23427,1.19972,1.26531,1.06463,0.936244,1.14267,1.18329,1.409,1.16851,1.14299,0.955084,1.42704,1.48209,1.25235,1.37974,1.25476,1.20864,1.18243,1.05071,1.31159,1.22608,1.44576,1.16792,1.20167
10298.963117,1.17098,1.17903,1.37202,1.38693,1.14665,1.14718,1.26453,1.25181,1.16293,1.45273,0.981262,1.41029,1.43864,1.4676,0.863007,0.915934,1.20868,1.35237,1.23626,1.19779,1.26489,1.06625,0.931405,1.14166,1.18135,1.41029,1.16764,1.14466,0.951448,1.42669,1.47755,1.25211,1.37575,1.2579,1.20879,1.18398,1.04337,1.30932,1.22176,1.44428,1.17039,1.20328
10318.768815,1.17324,1.17845,1.36663,1.38271,1.1468,1.14874,1.26689,1.25386,1.15257,1.45096,0.974999,1.41158,1.43666,1.46882,0.85874,0.914539,1.21045,1.35392,1.23943,1.19666,1.26579,1.06813,0.927346,1.14095,1.1798,1.41158,1.16737,1.14672,0.948115,1.42634,1.47475,1.24939,1.37273,1.25966,1.21067,1.1858,1.03785,1.30874,1.2197,1.44436,1.172,1.20699
10338.650836,1.17403,1.17766,1.36264,1.37662,1.14768,1.15104,1.26899,1.25419,1.1416,1.45384,0.972075,1.41695,1.43987,1.46925,0.854963,0.911398,1.20977,1.35441,1.24189,1.19517,1.2684,1.07114,0.924252,1.14074,1.17641,1.41695,1.16661,1.14622,0.943206,1.42689,1.47073,1.24371,1.37126,1.26032,1.21306,1.18737,1.03386,1.3078,1.21736,1.44443,1.17428,1.20749
10358.609621,1.17569,1.18101,1.35993,1.36809,1.15072,1.15541,1.27207,1.25626,1.12925,1.45663,0.970498,1.42566,1.44361,1.473,0.851057,0.908289,1.20918,1.35177,1.24256,1.19535,1.27161,1.07354,0.920219,1.14197,1.17427,1.42566,1.16882,1.14501,0.938025,1.42826,1.46255,1.23986,1.37271,1.26098,1.21616,1.18988,1.03225,1.30666,1.21463,1.44364,1.17767,1.20673
10378.645616,1.17667,1.18479,1.35649,1.36331,1.15227,1.15909,1.27236,1.2578,1.11676,1.45742,0.966738,1.42908,1.44362,1.47412,0.847076,0.90542,1.20835,1.34929,1.24062,1.19797,1.27242,1.0734,0.913709,1.14403,1.17281,1.42908,1.17165,1.14267,0.932553,1.42921,1.45299,1.23551,1.37411,1.26087,1.21939,1.19226,1.03175,1.30761,1.21018,1.44265,1.18002,1.20691
10398.75927,1.17764,1.18628,1.35432,1.36539,1.15258,1.16053,1.27095,1.25783,1.1033,1.46347,0.962821,1.42786,1.44014,1.47743,0.842569,0.903318,1.20692,1.3514,1.23815,1.20003,1.27194,1.07116,0.907138,1.1457,1.17046,1.42786,1.17431,1.14063,0.924787,1.4333,1.45002,1.22891,1.37638,1.26119,1.22452,1.19501,1.02875,1.31009,1.20595,1.44587,1.18081,1.20812
10418.951036,1.17613,1.1867,1.34886,1.36725,1.15322,1.16124,1.27211,1.25704,1.08795,1.46967,0.957807,1.42393,1.4353,1.48212,0.837021,0.901238,1.20692,1.35386,1.23556,1.20014,1.27116,1.06799,0.90188,1.14419,1.1646,1.42393,1.17698,1.13804,0.916022,1.43777,1.45147,1.22563,1.37664,1.26115,1.22901,1.19979,1.02204,1.31114,1.20153,1.44996,1.17904,1.20935
10439.221369,1.17352,1.19049,1.34429,1.36838,1.15572,1.16199,1.27589,1.25785,1.07319,1.47389,0.951205,1.42287,1.43228,1.48375,0.832275,0.900412,1.20863,1.35796,1.23519,1.20286,1.27354,1.06546,0.89746,1.14267,1.15656,1.42287,1.17979,1.13734,0.906912,1.4417,1.45529,1.22766,1.37825,1.26308,1.23452,1.20461,1.01498,1.312,1.19684,1.45337,1.17681,1.21205
10459.570728,1.17365,1.19389,1.34062,1.37001,1.15795,1.16202,1.27971,1.25876,1.06008,1.4754,0.945261,1.42009,1.42845,1.4804,0.828475,0.900324,1.20855,1.36388,1.23494,1.20689,1.27592,1.06335,0.891406,1.14349,1.14906,1.42009,1.18206,1.13763,0.8983,1.4447,1.4567,1.22828,1.38243,1.26517,1.24043,1.2052,1.00737,1.31244,1.1905,1.44827,1.17725,1.21672
10479.999577,1.1778,1.19727,1.34254,1.37253,1.16317,1.16549,1.28623,1.26007,1.04839,1.48034,0.941749,1.42068,1.42478,1.47923,0.826306,0.901087,1.20731,1.36916,1.23551,1.21277,1.28038,1.06395,0.886232,1.14725,1.14629,1.42068,1.18607,1.13857,0.889908,1.45352,1.45515,1.22922,1.39394,1.26703,1.2471,1.2084,0.997135,1.31404,1.18618,1.44707,1.18059,1.22406
10500.508382,1.17949,1.19968,1.3476,1.37332,1.16907,1.16662,1.28623,1.26101,1.03389,1.47445,0.937412,1.42969,1.41331,1.48033,0.822961,0.901725,1.20292,1.37175,1.23423,1.21575,1.28169,1.06593,0.879383,1.15143,1.14213,1.42969,1.18702,1.13649,0.882634,1.45411,1.44615,1.233,1.40419,1.27139,1.24737,1.21464,0.98153,1.31049,1.17991,1.45292,1.18104,1.23116
10521.097614,1.17831,1.19993,1.35018,1.37744,1.17344,1.16553,1.28066,1.2625,1.01902,1.45774,0.931451,1.43455,1.3957,1.47862,0.817532,0.901888,1.19854,1.36678,1.22929,1.21608,1.27885,1.06876,0.870485,1.15506,1.13336,1.43455,1.18333,1.13317,0.877674,1.43816,1.43897,1.23646,1.40792,1.28064,1.24271,1.21807,0.965715,1.30907,1.17092,1.44875,1.18198,1.23397
10541.767747,1.17676,1.198,1.34688,1.38406,1.1765,1.16663,1.27842,1.26578,1.00664,1.44328,0.924999,1.43077,1.37552,1.47494,0.812037,0.901281,1.19667,1.35502,1.22654,1.21503,1.27454,1.07281,0.863722,1.1561,1.12339,1.43077,1.17626,1.13367,0.874695,1.41856,1.43673,1.23749,1.40775,1.28895,1.23971,1.21678,0.952727,1.31174,1.16263,1.43502,1.1867,1.23313
10562.519258,1.17793,1.19831,1.34305,1.39254,1.17579,1.17161,1.27998,1.27287,0.996368,1.43325,0.919486,1.42681,1.3566,1.47164,0.807553,0.90002,1.19837,1.34764,1.22783,1.21549,1.27339,1.07837,0.860395,1.15622,1.11637,1.42681,1.16914,1.13868,0.873717,1.40788,1.4401,1.24086,1.40526,1.29567,1.24109,1.2178,0.941757,1.31253,1.15654,1.42503,1.1946,1.23285
10583.35263,1.18251,1.19926,1.33968,1.39637,1.17161,1.17676,1.28002,1.27836,0.988832,1.42614,0.914884,1.42291,1.34393,1.46472,0.804017,0.899586,1.20076,1.34379,1.22866,1.21623,1.27499,1.0837,0.858309,1.156,1.11307,1.42291,1.16452,1.14579,0.87196,1.40068,1.44142,1.24363,1.4008,1.30009,1.24199,1.22078,0.932254,1.31092,1.15225,1.42105,1.2006,1.23164
10604.268346,1.188,1.20058,1.33766,1.39668,1.17126,1.18281,1.28063,1.28165,0.984764,1.42429,0.913017,1.4209,1.34062,1.45947,0.803078,0.89996,1.20169,1.34069,1.23323,1.2168,1.27779,1.08814,0.856144,1.15768,1.11307,1.4209,1.16349,1.15388,0.869452,1.39933,1.44054,1.24551,1.39829,1.30313,1.24403,1.22602,0.924859,1.30836,1.15208,1.42678,1.20466,1.2313
10625.266897,1.19264,1.20614,1.33929,1.39365,1.17249,1.19087,1.28318,1.28075,0.98083,1.42577,0.914114,1.41996,1.33945,1.45484,0.803151,0.900544,1.19879,1.33885,1.23849,1.2165,1.27762,1.09029,0.853012,1.16013,1.113,1.41996,1.16174,1.15991,0.869652,1.40205,1.43786,1.24736,1.39594,1.30443,1.24643,1.23107,0.918933,1.30363,1.15301,1.43162,1.20663,1.23103
10646.348776,1.20048,1.21467,1.34378,1.39001,1.17545,1.19903,1.28577,1.28138,0.977941,1.42764,0.915855,1.4216,1.33781,1.45507,0.803405,0.902466,1.19669,1.34163,1.24115,1.21774,1.27705,1.09179,0.850489,1.16344,1.11503,1.4216,1.16324,1.16329,0.87207,1.40669,1.43393,1.25057,1.39416,1.3065,1.25038,1.23337,0.916169,1.30247,1.15452,1.43301,1.21004,1.23286
10667.514479,1.20688,1.21978,1.34538,1.38969,1.17902,1.20523,1.2852,1.28079,0.975712,1.4331,0.915714,1.41923,1.33529,1.45676,0.8034,0.903948,1.19548,1.34869,1.24109,1.21957,1.27918,1.09095,0.847917,1.16435,1.11858,1.41923,1.16609,1.16379,0.874288,1.41788,1.42664,1.25181,1.38978,1.30879,1.25627,1.23549,0.914016,1.30153,1.1574,1.43286,1.21352,1.23644
10688.764508,1.21075,1.22554,1.34686,1.39223,1.18354,1.21031,1.28721,1.28156,0.97439,1.44627,0.916661,1.41952,1.33457,1.46373,0.803832,0.904745,1.19362,1.36012,1.24378,1.22279,1.28618,1.08937,0.846157,1.16507,1.12369,1.41952,1.17039,1.16546,0.874779,1.43962,1.41946,1.25198,1.38689,1.31159,1.26522,1.24166,0.910222,1.29897,1.16193,1.43726,1.21575,1.24267
10710.099367,1.2137,1.23412,1.3481,1.39422,1.18978,1.21643,1.29174,1.28544,0.975493,1.45658,0.918323,1.42378,1.33451,1.47014,0.805655,0.905874,1.19257,1.369,1.2473,1.2246,1.29222,1.08836,0.845748,1.16518,1.12855,1.42378,1.17801,1.16741,0.874291,1.4615,1.41254,1.25336,1.39123,1.31305,1.2717,1.24719,0.905824,1.29826,1.1655,1.4466,1.2193,1.24689
10731.519566,1.22007,1.24146,1.35435,1.39635,1.19667,1.22305,1.29867,1.28924,0.978351,1.4637,0.920239,1.43009,1.33628,1.4765,0.808776,0.909268,1.19392,1.37683,1.25364,1.22732,1.29809,1.08923,0.846258,1.16539,1.13357,1.43009,1.1863,1.16855,0.871556,1.47873,1.40467,1.25792,1.40388,1.3165,1.27732,1.24967,0.902263,1.2991,1.17044,1.46021,1.22409,1.25057
10753.025617,1.22909,1.24385,1.36625,1.39634,1.20449,1.22597,1.30665,1.29039,0.981266,1.46987,0.921618,1.43719,1.34033,1.48157,0.811865,0.912312,1.19752,1.38216,1.26035,1.23194,1.30417,1.09275,0.845543,1.16675,1.14039,1.43719,1.19181,1.16859,0.867324,1.49144,1.39509,1.26472,1.41772,1.3182,1.2835,1.24976,0.898512,1.2987,1.17465,1.47192,1.22672,1.2552
10774.618038,1.23781,1.24875,1.38246,1.39642,1.21652,1.22799,1.31199,1.29085,0.982284,1.47357,0.922924,1.45228,1.34568,1.48674,0.814492,0.914021,1.20211,1.38549,1.26628,1.24043,1.31154,1.09728,0.844436,1.1722,1.1491,1.45228,1.19798,1.16833,0.862725,1.50507,1.38743,1.27465,1.43214,1.31971,1.28844,1.25609,0.894465,1.30286,1.1786,1.48585,1.22852,1.26123
10796.29735,1.2379,1.25258,1.39103,1.39396,1.22377,1.22804,1.30941,1.29038,0.97825,1.46524,0.923364,1.4659,1.3431,1.48788,0.814322,0.914258,1.20242,1.38612,1.27148,1.24817,1.31237,1.09949,0.841769,1.1777,1.15088,1.4659,1.20171,1.16277,0.860032,1.50693,1.37983,1.28249,1.44057,1.3249,1.28343,1.26352,0.888923,1.3104,1.17653,1.49259,1.22535,1.26558
10818.064078,1.23445,1.2537,1.39071,1.39872,1.22713,1.22702,1.30968,1.29302,0.975409,1.45759,0.922417,1.4634,1.34035,1.48604,0.812687,0.913586,1.2026,1.37875,1.27535,1.25431,1.31174,1.10297,0.841407,1.18252,1.14938,1.4634,1.2024,1.15615,0.863697,1.49972,1.38442,1.28282,1.44884,1.33539,1.27676,1.26554,0.887493,1.32299,1.17203,1.4863,1.2248,1.26642
10839.918753,1.23407,1.25178,1.38458,1.40948,1.23059,1.2265,1.31628,1.29711,0.97673,1.46045,0.921025,1.45476,1.34149,1.48539,0.811844,0.912752,1.20564,1.36861,1.27869,1.25681,1.31445,1.10784,0.844146,1.18529,1.14958,1.45476,1.20199,1.15634,0.869607,1.49502,1.40137,1.28153,1.45905,1.3451,1.27642,1.26427,0.889542,1.33395,1.17163,1.47588,1.22823,1.26599
10861.861908,1.23739,1.25054,1.3796,1.41682,1.23234,1.22831,1.32324,1.30067,0.981064,1.4622,0.921545,1.44997,1.34401,1.48813,0.812693,0.912805,1.21004,1.36901,1.28092,1.25897,1.31837,1.11309,0.848742,1.18582,1.15129,1.44997,1.20512,1.16088,0.872531,1.49262,1.42083,1.28845,1.46842,1.35349,1.28174,1.26636,0.894005,1.34041,1.17374,1.46886,1.23151,1.26657
10883.894082,1.24068,1.24929,1.37673,1.41931,1.23219,1.23042,1.32333,1.30027,0.988163,1.45998,0.923354,1.44422,1.34847,1.4879,0.814646,0.913241,1.21249,1.37099,1.28108,1.26244,1.31946,1.11545,0.854408,1.18622,1.15471,1.44422,1.20931,1.16447,0.868401,1.48311,1.43113,1.29245,1.47375,1.35789,1.2856,1.26924,0.900445,1.34418,1.17622,1.46516,1.23372,1.26601
10906.015818,1.24188,1.24896,1.3745,1.42497,1.23556,1.23462,1.31875,1.29996,0.99563,1.46405,0.927594,1.44386,1.35507,1.48794,0.817682,0.913829,1.21386,1.36834,1.28629,1.26793,1.31862,1.11727,0.859916,1.18875,1.15931,1.44386,1.21059,1.16977,0.871729,1.4763,1.43904,1.2935,1.48001,1.36191,1.29292,1.27634,0.90907,1.34459,1.18,1.46793,1.23823,1.27016
10928.227663,1.24089,1.24995,1.37191,1.42821,1.24055,1.24061,1.31455,1.29686,1.00188,1.47155,0.93261,1.44876,1.36219,1.48684,0.82012,0.913542,1.21419,1.36943,1.29016,1.27007,1.31737,1.11948,0.864902,1.18974,1.16061,1.44876,1.21012,1.17512,0.886432,1.47831,1.44697,1.29436,1.4838,1.36779,1.3002,1.28482,0.918665,1.34464,1.18205,1.46817,1.24206,1.2763
10950.530168,1.24072,1.25008,1.36949,1.42812,1.24576,1.24625,1.31306,1.29655,1.01112,1.48133,0.937967,1.45991,1.37221,1.48836,0.822897,0.913031,1.21593,1.37967,1.29001,1.26931,1.32025,1.12313,0.872234,1.18994,1.16323,1.45991,1.21423,1.17983,0.90246,1.48615,1.45783,1.29322,1.48727,1.37567,1.30598,1.29369,0.929859,1.34982,1.18498,1.46436,1.24849,1.28296
10972.92389,1.24015,1.24762,1.36282,1.42472,1.24991,1.24859,1.31127,1.29832,1.02224,1.49458,0.943768,1.46997,1.3823,1.49203,0.826348,0.911541,1.21847,1.38893,1.28763,1.26623,1.32603,1.12414,0.880208,1.18724,1.168,1.46997,1.21843,1.18439,0.916493,1.4946,1.46507,1.28944,1.48815,1.38166,1.31249,1.30177,0.941132,1.34937,1.18951,1.45644,1.25506,1.28763
10995.40939,1.23979,1.25049,1.36006,1.42409,1.25233,1.25137,1.31034,1.3011,1.03433,1.50802,0.951007,1.4823,1.39043,1.49701,0.829743,0.910146,1.22207,1.39517,1.28759,1.26441,1.33402,1.12464,0.887541,1.18494,1.1751,1.4823,1.22303,1.19186,0.92857,1.50451,1.46671,1.28835,1.49509,1.38829,1.32064,1.31067,0.952578,1.34598,1.1952,1.45695,1.26198,1.29079
11017.987233,1.23915,1.25398,1.3672,1.42473,1.25404,1.25628,1.3107,1.30374,1.04563,1.51129,0.95738,1.49217,1.39565,1.49995,0.833012,0.910096,1.22503,1.3955,1.28705,1.26106,1.33827,1.12661,0.892532,1.18154,1.18264,1.49217,1.22609,1.19969,0.934489,1.5089,1.46102,1.29011,1.50577,1.39172,1.32404,1.31693,0.962433,1.34114,1.2016,1.46181,1.26779,1.28931
11040.657988,1.23995,1.25274,1.3795,1.42494,1.25696,1.25947,1.31647,1.30737,1.05689,1.51346,0.963197,1.49873,1.4047,1.51016,0.836584,0.91184,1.23088,1.39749,1.28961,1.25914,1.34069,1.12922,0.89737,1.17852,1.18986,1.49873,1.22646,1.20512,0.980941,1.51058,1.45586,1.29704,1.5128,1.39096,1.32638,1.32288,0.970543,1.33859,1.2085,1.46783,1.26816,1.28864
11063.422231,1.24169,1.24942,1.38841,1.41774,1.25739,1.25889,1.32282,1.31151,1.06848,1.51421,0.968404,1.5062,1.41188,1.51756,0.839433,0.912124,1.23732,1.40105,1.29055,1.25965,1.34051,1.13103,0.90234,1.17925,1.19562,1.5062,1.22609,1.20816,0.940484,1.51413,1.45472,1.3069,1.51201,1.38698,1.33054,1.32565,0.977315,1.33721,1.21154,1.47381,1.26417,1.29156
11086.280542,1.24246,1.25181,1.39127,1.41059,1.25616,1.2615,1.32929,1.31787,1.08047,1.50962,0.974329,1.51483,1.41503,1.51811,0.842901,0.912756,1.24317,1.40399,1.29408,1.26243,1.33805,1.13364,0.905768,1.18359,1.20281,1.51483,1.22734,1.21011,0.886844,1.52344,1.45597,1.31415,1.51097,1.3844,1.33418,1.32805,0.983086,1.33687,1.21444,1.47915,1.26496,1.29571
11109.233503,1.23827,1.25559,1.38973,1.40592,1.25339,1.26485,1.33531,1.32306,1.09068,1.50206,0.9794,1.51831,1.41509,1.51958,0.846754,0.913634,1.24665,1.4059,1.30041,1.26236,1.33281,1.13317,0.907723,1.18727,1.20949,1.51831,1.22645,1.20779,0.844844,1.53128,1.45595,1.31376,1.51436,1.3804,1.33352,1.32539,0.986529,1.33694,1.21789,1.48316,1.26424,1.2966
11132.281705,1.23878,1.25826,1.38864,1.40779,1.25235,1.26608,1.34007,1.32913,1.09954,1.50344,0.982474,1.52109,1.42026,1.52977,0.850942,0.915641,1.24914,1.40449,1.30142,1.26238,1.32966,1.1331,0.908299,1.19169,1.21807,1.52109,1.22417,1.2063,0.814799,1.54004,1.46165,1.31322,1.52243,1.3751,1.33478,1.32025,0.990733,1.33964,1.2219,1.48946,1.26203,1.29836
11155.425742,1.24275,1.25819,1.38406,1.40983,1.25162,1.26438,1.34063,1.33299,1.10543,1.50396,0.983292,1.51716,1.42652,1.53795,0.85602,0.918102,1.25085,1.40101,1.29583,1.26036,1.32774,1.13476,0.90629,1.1939,1.22825,1.51716,1.22285,1.20601,0.786241,1.53897,1.46906,1.31623,1.52546,1.36726,1.33582,1.31476,0.994424,1.34045,1.2219,1.48959,1.26158,1.29807
11178.666212,1.24591,1.25927,1.38016,1.41008,1.25264,1.26345,1.33922,1.33382,1.10659,1.50014,0.983902,1.50962,1.42995,1.54294,0.861817,0.921949,1.25256,1.40597,1.29286,1.25975,1.32317,1.13651,0.904359,1.19626,1.23697,1.50962,1.22622,1.20784,0.756553,1.53135,1.47675,1.32101,1.52761,1.36148,1.34005,1.3094,0.99669,1.34376,1.2194,1.48923,1.26428,1.29599
11202.00372,1.24677,1.25867,1.37853,1.40884,1.2529,1.2634,1.33168,1.32834,1.10159,1.49331,0.983882,1.50497,1.42937,1.54152,0.866277,0.928463,1.25299,1.40802,1.29401,1.26153,1.31668,1.13539,0.902023,1.2006,1.24222,1.50497,1.23139,1.20976,0.174648,1.52083,1.48157,1.31693,1.52617,1.35703,1.34559,1.30501,0.996113,1.34844,1.21591,1.49259,1.26858,1.29365
11225.438874,1.24882,1.25709,1.37534,1.40835,1.25377,1.26677,1.32398,1.32053,1.09228,1.49314,0.982942,1.50599,1.4305,1.53814,0.86971,0.937452,1.25563,1.40529,1.29762,1.26513,1.31772,1.1352,0.899608,1.20283,1.24132,1.50599,1.23673,1.20837,0.741742,1.5223,1.48559,1.31344,1.52361,1.35606,1.35088,1.30543,0.993619,1.35162,1.2133,1.50334,1.27367,1.2975
11248.972289,1.25002,1.25487,1.36694,1.40669,1.25717,1.26926,1.32079,1.3107,1.08107,1.4953,0.980165,1.50877,1.43167,1.53198,0.87178,0.945522,1.25665,1.40431,1.29418,1.26585,1.32199,1.13562,0.897362,1.20059,1.2342,1.50877,1.23978,1.20569,0.755233,1.52918,1.48541,1.31079,1.51713,1.35519,1.35091,1.30534,0.991005,1.35521,1.21053,1.50883,1.27624,1.30314
11272.604584,1.2507,1.25507,1.35977,1.4062,1.26299,1.27071,1.32081,1.30603,1.07251,1.49993,0.977466,1.51624,1.43671,1.52851,0.873229,0.953343,1.25456,1.40503,1.2842,1.26591,1.32689,1.13659,0.896171,1.20053,1.23012,1.51624,1.24512,1.20707,0.774321,1.53056,1.48543,1.30675,1.51021,1.35725,1.34853,1.30591,0.98878,1.36095,1.20809,1.50159,1.28214,1.30779
11296.336383,1.25223,1.25425,1.35333,1.40316,1.26754,1.27014,1.32027,1.30177,1.06452,1.50296,0.972775,1.52136,1.43838,1.52679,0.872603,0.960506,1.25256,1.39923,1.27521,1.26069,1.33336,1.13548,0.89352,1.20055,1.22816,1.52136,1.24815,1.21074,0.803937,1.53014,1.48242,1.30085,1.5043,1.35877,1.34588,1.30383,0.985879,1.35663,1.20487,1.48786,1.28671,1.30896
11320.168316,1.25484,1.25815,1.35824,1.40528,1.26966,1.27321,1.32231,1.29799,1.05532,1.5031,0.965541,1.52411,1.43521,1.53132,0.87063,0.968619,1.25363,1.39403,1.27202,1.25487,1.34166,1.13543,0.888954,1.19906,1.22751,1.52411,1.25241,1.21731,0.842319,1.53849,1.47887,1.29948,1.50476,1.3582,1.34419,1.30064,0.983037,1.34492,1.20456,1.48073,1.28965,1.30972
11344.101018,1.25318,1.26295,1.3696,1.4076,1.26992,1.27585,1.32421,1.29444,1.04631,1.49705,0.95969,1.52334,1.42908,1.53405,0.868971,0.97569,1.2536,1.39174,1.26816,1.24861,1.34714,1.1334,0.88346,1.19459,1.22527,1.52334,1.25802,1.21907,0.88313,1.54297,1.46926,1.3074,1.49758,1.35164,1.33846,1.29552,0.977607,1.33442,1.20292,1.47324,1.28727,1.31227
11368.13513,1.25139,1.26666,1.37813,1.40796,1.27047,1.27224,1.32693,1.29276,1.04217,1.49653,0.957992,1.52218,1.42506,1.5432,0.868289,0.980916,1.25187,1.39706,1.26481,1.24139,1.35279,1.12849,0.879951,1.19243,1.22324,1.52218,1.26578,1.21643,0.926497,1.54752,1.46255,1.32146,1.4868,1.34705,1.33092,1.29678,0.970997,1.33221,1.20183,1.47362,1.27887,1.31721
11392.271298,1.24915,1.26742,1.38381,1.40011,1.26788,1.2674,1.32748,1.29348,1.04082,1.496,0.955403,1.51695,1.41716,1.54956,0.868187,0.983279,1.24856,1.40462,1.25852,1.22992,1.35322,1.12645,0.875984,1.19066,1.22328,1.51695,1.26881,1.21317,0.881538,1.55466,1.46052,1.32839,1.47597,1.3473,1.32296,1.2954,0.962988,1.32886,1.20187,1.48331,1.26794,1.31762
11416.510173,1.2435,1.26865,1.38636,1.39727,1.26926,1.27009,1.32941,1.29777,1.04172,1.49498,0.953297,1.51362,1.4073,1.54843,0.869551,0.986842,1.25118,1.40858,1.2562,1.2169,1.35234,1.1298,0.86986,1.187,1.22838,1.51362,1.26714,1.21453,0.874246,1.56456,1.45847,1.33107,1.47518,1.35175,1.31705,1.28991,0.953727,1.32427,1.20461,1.4998,1.2615,1.31738
11440.852412,1.23907,1.26817,1.38576,1.39808,1.27081,1.27078,1.33052,1.29853,1.04111,1.49454,0.953017,1.51768,1.39967,1.5478,0.869723,0.988038,1.25409,1.40603,1.2558,1.20348,1.34856,1.13064,0.863088,1.18312,1.2327,1.51768,1.26356,1.2145,0.893272,1.57286,1.45475,1.33115,1.48012,1.34956,1.31118,1.28248,0.94423,1.31924,1.20561,1.51605,1.2529,1.31652
11465.298678,1.24548,1.26669,1.389,1.40445,1.27148,1.2707,1.33511,1.29881,1.04017,1.50741,0.955656,1.5267,1.40056,1.55165,0.869838,0.98652,1.25469,1.40495,1.25196,1.19487,1.34311,1.13121,0.858314,1.18334,1.23768,1.5267,1.26042,1.21391,0.888744,1.57931,1.45244,1.33368,1.48558,1.34369,1.30942,1.27714,0.935628,1.31824,1.20707,1.52619,1.25083,1.3209
11489.849639,1.25138,1.26519,1.38965,1.41162,1.2729,1.268,1.33933,1.297,1.03908,1.52441,0.958577,1.52666,1.39813,1.55036,0.872075,0.981607,1.25628,1.40902,1.25012,1.18731,1.33802,1.13125,0.85492,1.18367,1.24408,1.52666,1.25515,1.21098,0.872248,1.57678,1.44639,1.33351,1.4905,1.33643,1.30604,1.27094,0.925888,1.32224,1.20724,1.52606,1.25426,1.32363
11514.505968,1.2534,1.26298,1.39091,1.41902,1.2785,1.26526,1.34211,1.29564,1.03586,1.54391,0.961388,1.53149,1.38895,1.55011,0.874259,0.978862,1.26202,1.4197,1.25293,1.18344,1.3345,1.13016,0.852969,1.18632,1.25118,1.53149,1.25378,1.21035,0.865551,1.57828,1.44481,1.33137,1.49634,1.33115,1.30786,1.26528,0.917499,1.33754,1.21189,1.53097,1.25673,1.32453
11539.268347,1.25181,1.25654,1.39107,1.41991,1.27628,1.26187,1.34019,1.29233,1.03213,1.5547,0.965205,1.54217,1.37948,1.5472,0.87485,0.980225,1.26351,1.42021,1.25213,1.18258,1.32999,1.13141,0.851529,1.18632,1.25707,1.54217,1.25684,1.21039,0.871383,1.57515,1.44048,1.33064,1.49604,1.32558,1.31576,1.25931,0.911359,1.35652,1.2196,1.53584,1.25936,1.32688
11564.137459,1.25258,1.24855,1.38661,1.41574,1.26895,1.25613,1.33962,1.29415,1.03444,1.56087,0.970042,1.55839,1.37742,1.53984,0.876162,0.981365,1.26781,1.41628,1.25099,1.18666,1.32892,1.13741,0.852192,1.18608,1.25862,1.55839,1.26079,1.20838,0.888623,1.57422,1.43076,1.34109,1.50091,1.3209,1.32216,1.25416,0.908388,1.37503,1.23122,1.53744,1.26455,1.333
11589.113998,1.25083,1.23981,1.37768,1.40848,1.26723,1.25019,1.3383,1.30439,1.04042,1.56582,0.973234,1.57188,1.37564,1.53743,0.878111,0.980803,1.27222,1.4121,1.24835,1.19281,1.32732,1.14248,0.852524,1.1882,1.25493,1.57188,1.2578,1.20662,0.888692,1.57465,1.41864,1.35119,1.50519,1.31614,1.32254,1.24893,0.908616,1.3864,1.24347,1.52943,1.2694,1.33453
11614.19866,1.24375,1.23754,1.37356,1.40197,1.2712,1.25065,1.33925,1.32006,1.04917,1.56784,0.976345,1.58429,1.37686,1.54647,0.881701,0.984978,1.27236,1.41253,1.2434,1.19766,1.33119,1.14646,0.853634,1.19391,1.25988,1.58429,1.25364,1.21037,0.890731,1.58109,1.41086,1.35549,1.51062,1.31422,1.32463,1.24878,0.911512,1.39502,1.25272,1.52402,1.28056,1.33316
11639.39215,1.23695,1.23568,1.37079,1.39413,1.268,1.25401,1.34118,1.33232,1.05529,1.55648,0.976761,1.58979,1.37378,1.5529,0.885273,0.989554,1.27177,1.41518,1.24029,1.19841,1.34018,1.14702,0.856029,1.19738,1.26916,1.58979,1.24981,1.21584,0.890006,1.58752,1.4103,1.35464,1.51023,1.3078,1.32745,1.25366,0.918421,1.39627,1.25788,1.52541,1.29034,1.32989
11664.695176,1.23498,1.23598,1.3702,1.38947,1.26019,1.26032,1.34162,1.34463,1.06052,1.54129,0.977676,1.60439,1.37988,1.57158,0.891482,0.992671,1.27485,1.41456,1.23732,1.20332,1.35073,1.14974,0.858013,1.19945,1.27878,1.60439,1.25525,1.22387,0.968447,1.59485,1.42342,1.35757,1.50355,1.30336,1.33295,1.26103,0.928697,1.39187,1.2626,1.52689,1.29455,1.32753
11690.108455,1.22632,1.23696,1.36762,1.38687,1.25535,1.26581,1.33377,1.35008,1.06798,1.52537,0.982691,1.6244,1.39246,1.58608,0.898499,0.993253,1.27598,1.41668,1.23051,1.20607,1.35859,1.14837,0.858949,1.19993,1.2888,1.6244,1.26437,1.2284,0.887613,1.60265,1.43618,1.36426,1.48625,1.30124,1.33437,1.2679,0.935757,1.38714,1.26391,1.52676,1.29412,1.32575
11715.632709,1.21426,1.23872,1.36147,1.39168,1.25616,1.27152,1.32475,1.34891,1.07805,1.52674,0.988553,1.64339,1.40441,1.59492,0.904227,0.994906,1.27257,1.43687,1.22627,1.20554,1.36651,1.14576,0.858993,1.20053,1.30246,1.64339,1.27484,1.23305,0.823152,1.62884,1.44644,1.37223,1.46671,1.30997,1.33178,1.28448,0.94194,1.38223,1.26515,1.53184,1.29591,1.32624
11741.268667,1.20614,1.23621,1.35352,1.39548,1.25949,1.28012,1.31437,1.34272,1.08352,1.53301,0.989781,1.6555,1.40975,1.60035,0.906862,0.997599,1.2661,1.45528,1.22155,1.20154,1.37101,1.14781,0.859166,1.20289,1.31152,1.6555,1.27903,1.23905,0.774006,1.65038,1.45642,1.37216,1.45052,1.32047,1.3269,1.29829,0.946194,1.37029,1.26223,1.53647,1.29756,1.32482
11767.017063,1.20416,1.23592,1.35207,1.4026,1.26808,1.29096,1.30826,1.33821,1.08828,1.53893,0.994519,1.67494,1.41288,1.60573,0.909422,1.00212,1.26849,1.46499,1.21716,1.1965,1.37841,1.1527,0.863139,1.20772,1.31666,1.67494,1.28336,1.24613,0.737813,1.65638,1.46972,1.37184,1.44511,1.32706,1.32404,1.31091,0.949084,1.35937,1.26074,1.54318,1.29889,1.32748
11792.878639,1.20961,1.23674,1.35248,1.40464,1.27362,1.29254,1.30458,1.33015,1.09505,1.5404,1.00423,1.68219,1.41725,1.61527,0.916518,1.00589,1.27158,1.46452,1.21704,1.18999,1.38208,1.15647,0.869215,1.21039,1.31839,1.68219,1.28695,1.24678,0.706578,1.65678,1.47195,1.3669,1.43833,1.32835,1.31843,1.31947,0.952083,1.35337,1.26176,1.54717,1.29682,1.32701
11818.854142,1.21894,1.2384,1.35845,1.40888,1.28306,1.2951,1.31117,1.3231,1.10519,1.54309,1.01434,1.67891,1.43227,1.62943,0.9281,1.01052,1.2744,1.46524,1.22196,1.18931,1.38243,1.15711,0.876403,1.21485,1.32277,1.67891,1.28704,1.24639,0.704492,1.66322,1.46868,1.35795,1.43817,1.32995,1.31275,1.32228,0.95592,1.35528,1.26844,1.54834,1.30241,1.33002
11844.944328,1.22175,1.23825,1.36141,1.41123,1.29202,1.2986,1.31996,1.31673,1.1123,1.54646,1.02109,1.67038,1.4441,1.62991,0.939157,1.01459,1.27951,1.46549,1.22465,1.1875,1.38364,1.15222,0.881498,1.21704,1.32557,1.67038,1.2816,1.24286,-0.321481,1.67328,1.4673,1.34457,1.44576,1.32765,1.30437,1.31679,0.956911,1.36013,1.27708,1.53919,1.30698,1.33089
11871.149957,1.22293,1.23906,1.36279,1.41371,1.30077,1.30048,1.32523,1.32056,1.1152,1.5513,1.02747,1.66588,1.45614,1.61932,0.947359,1.02127,1.28719,1.46558,1.22528,1.18223,1.38167,1.15047,0.885721,1.21892,1.32974,1.66588,1.27858,1.23981,0.764948,1.69057,1.47331,1.33573,1.45316,1.32424,1.29804,1.30932,0.959693,1.36957,1.28794,1.5336,1.30594,1.33007
11897.471797,1.22383,1.23677,1.3636,1.40688,1.30073,1.29829,1.3282,1.32849,1.11839,1.54345,1.03398,1.67389,1.46831,1.59775,0.951733,1.02635,1.29322,1.45949,1.22534,1.17733,1.36741,1.1517,0.888301,1.21873,1.3372,1.67389,1.27792,1.24088,0.699406,1.69537,1.47314,1.33727,1.45447,1.31813,1.28801,1.29873,0.963719,1.37523,1.29623,1.5226,1.30135,1.32705
11923.910623,1.22949,1.23387,1.36808,1.39119,1.29775,1.29202,1.33286,1.34129,1.12507,1.54362,1.0391,1.67907,1.47886,1.59229,0.95438,1.03045,1.30568,1.45459,1.23283,1.18002,1.3568,1.15604,0.889876,1.22298,1.34302,1.67907,1.27697,1.2424,0.657472,1.69913,1.46706,1.35195,1.46181,1.31558,1.28153,1.28778,0.967318,1.37833,1.3075,1.50838,1.29616,1.32822
11950.467217,1.23028,1.23337,1.37229,1.37142,1.29617,1.28441,1.33564,1.35288,1.1264,1.54796,1.04086,1.66776,1.48207,1.59492,0.955694,1.03549,1.31706,1.44653,1.23724,1.18481,1.34905,1.15906,0.890224,1.22532,1.3433,1.66776,1.27239,1.24006,0.65128,1.69092,1.45542,1.36533,1.46904,1.31229,1.28628,1.27607,0.969006,1.37364,1.31234,1.50677,1.29065,1.33078
11977.142367,1.23105,1.24319,1.37868,1.36022,1.29368,1.28127,1.345,1.36177,1.12666,1.54857,1.04417,1.65734,1.48045,1.58965,0.957593,1.04208,1.32527,1.44911,1.23576,1.19306,1.35179,1.16102,0.892801,1.22785,1.35145,1.65734,1.27227,1.24316,0.704779,1.6789,1.45499,1.37087,1.47567,1.31253,1.30198,1.27517,0.968718,1.37565,1.30866,1.5332,1.28989,1.33885
12003.936869,1.23385,1.25451,1.37931,1.36162,1.28389,1.28219,1.34878,1.36556,1.12305,1.53988,1.04549,1.63752,1.47589,1.57196,0.95743,1.0401,1.33285,1.45256,1.23531,1.20346,1.35791,1.15898,0.896783,1.2301,1.35613,1.63752,1.27433,1.2484,0.62183,1.66745,1.46699,1.36845,1.47127,1.3146,1.31962,1.27864,0.968553,1.37892,1.302,1.5575,1.28745,1.34105
12030.851525,1.23249,1.26578,1.38251,1.36835,1.27806,1.28887,1.34959,1.36963,1.1183,1.54405,1.04492,1.63297,1.48476,1.56802,0.955651,1.03405,1.34693,1.44764,1.2394,1.21405,1.35908,1.159,0.897732,1.2346,1.35665,1.63297,1.28148,1.25247,0.810322,1.67191,1.48842,1.37348,1.46885,1.31793,1.34578,1.28095,0.97244,1.37621,1.29851,1.56974,1.28755,1.3432
12057.887146,1.22358,1.27345,1.38668,1.3817,1.27783,1.29295,1.34715,1.36493,1.1162,1.55438,1.04586,1.63746,1.48846,1.56506,0.950717,1.03089,1.35443,1.44181,1.24404,1.21562,1.35478,1.15507,0.897065,1.23954,1.35616,1.63746,1.29541,1.25433,-0.409345,1.68747,1.50305,1.38053,1.46498,1.31524,1.36996,1.27996,0.976528,1.37137,1.29154,1.57419,1.29696,1.35238
12085.04455,1.22017,1.27794,1.37992,1.41434,1.27902,1.29642,1.34626,1.35145,1.1175,1.56997,1.04873,1.65001,1.47824,1.55992,0.944274,1.02985,1.35228,1.44695,1.24771,1.2139,1.35804,1.15042,0.897972,1.24782,1.3564,1.65001,1.31226,1.26333,0.861377,1.71012,1.51591,1.38728,1.4587,1.31359,1.38881,1.28521,0.984567,1.37022,1.28353,1.58174,1.31291,1.36097
12112.32456,1.22048,1.27687,1.36676,1.43466,1.28183,1.29787,1.34451,1.33476,1.11819,1.57334,1.04748,1.65996,1.45432,1.57117,0.937413,1.02607,1.34574,1.44775,1.24518,1.21428,1.36727,1.14896,0.899779,1.25448,1.34834,1.65996,1.32022,1.27075,0.984763,1.71098,1.52816,1.38721,1.45125,1.30737,1.39977,1.29022,0.992852,1.36877,1.2775,1.58825,1.32043,1.3622
12139.728009,1.22249,1.28029,1.37113,1.44511,1.289,1.30136,1.34177,1.32427,1.12465,1.5661,1.04942,1.65606,1.44295,1.60066,0.939623,1.02373,1.3451,1.45022,1.24244,1.21441,1.38124,1.15246,0.906956,1.25717,1.34943,1.65606,1.32681,1.27131,1.11033,1.70301,1.5419,1.39047,1.44407,1.29909,1.40582,1.29282,1.0014,1.37479,1.28435,1.59124,1.32456,1.36163
12167.255737,1.2256,1.2818,1.37514,1.44689,1.29125,1.29838,1.3364,1.31154,1.13386,1.55062,1.05167,1.62349,1.44199,1.62199,0.948103,1.0233,1.34526,1.4465,1.24262,1.21048,1.39135,1.1547,0.913525,1.25455,1.35327,1.62349,1.33143,1.2703,1.25021,1.69875,1.54083,1.38681,1.43401,1.29298,1.40305,1.28936,1.00692,1.3827,1.29478,1.59056,1.32602,1.3539
12194.908591,1.23448,1.2782,1.38097,1.45013,1.29452,1.29649,1.34581,1.3078,1.14269,1.53186,1.05085,1.61668,1.45535,1.63877,0.956993,1.0257,1.34889,1.44339,1.24411,1.20827,1.39893,1.15893,0.917762,1.2568,1.36513,1.61668,1.33356,1.27624,1.40528,1.70984,1.53907,1.37679,1.42708,1.29097,1.39405,1.28556,1.01326,1.38959,1.30522,1.58972,1.33277,1.3441
12222.687425,1.24379,1.27173,1.38312,1.4548,1.29535,1.29708,1.34835,1.31515,1.14416,1.50932,1.05174,1.62053,1.4647,1.65208,0.963468,1.02837,1.35242,1.45037,1.23976,1.19893,1.40683,1.16153,0.919469,1.25814,1.37904,1.62053,1.32822,1.27763,1.52075,1.72335,1.53276,1.36633,1.41904,1.28308,1.38117,1.27905,1.01623,1.38866,1.30931,1.57891,1.3385,1.33527
12250.593104,1.25376,1.27004,1.38753,1.45964,1.30152,1.2986,1.34328,1.33297,1.14253,1.49756,1.05568,1.6288,1.46374,1.65823,0.968689,1.03227,1.35705,1.46295,1.24021,1.18832,1.40592,1.16657,0.9229,1.25894,1.39238,1.6288,1.32306,1.27741,1.58292,1.73817,1.5334,1.36482,1.4169,1.27623,1.3626,1.27449,1.02075,1.38897,1.31166,1.56794,1.33826,1.33606
12278.626498,1.25881,1.26427,1.39589,1.45295,1.30542,1.29488,1.34195,1.3423,1.14194,1.49411,1.0569,1.64354,1.46004,1.65629,0.971952,1.03573,1.35384,1.46433,1.23784,1.17967,1.38944,1.16931,0.924997,1.25327,1.40516,1.64354,1.31246,1.27407,1.42595,1.73257,1.53471,1.36679,1.40536,1.27225,1.33636,1.27097,1.02526,1.38762,1.31958,1.54507,1.32913,1.33357
12306.788485,1.26278,1.2598,1.4052,1.44006,1.31112,1.28837,1.34327,1.34695,1.14485,1.50448,1.05844,1.66189,1.47089,1.66999,0.975288,1.04092,1.34462,1.46008,1.23522,1.17617,1.383,1.17615,0.925696,1.24743,1.41533,1.66189,1.30146,1.27175,1.34632,1.71229,1.52675,1.37802,1.39374,1.27587,1.32075,1.27538,1.02868,1.39059,1.33215,1.52336,1.31805,1.33622
12335.079953,1.26286,1.259,1.40794,1.43185,1.32017,1.28244,1.34506,1.35078,1.14461,1.50384,1.06019,1.67832,1.48266,1.66083,0.978026,1.04313,1.33455,1.45602,1.23228,1.17358,1.3788,1.17971,0.925971,1.23822,1.42126,1.67832,1.29116,1.2694,1.29023,1.67758,1.52021,1.38714,1.38383,1.27677,1.31284,1.27881,1.02884,1.39273,1.33137,1.52024,1.30772,1.34339
12363.501796,1.26775,1.26263,1.41456,1.44075,1.33031,1.28486,1.35551,1.35811,1.14523,1.49913,1.06416,1.68175,1.49286,1.63809,0.979671,1.04515,1.33229,1.46992,1.23481,1.18081,1.3774,1.17318,0.932099,1.23138,1.4313,1.68175,1.28881,1.26877,1.20168,1.66303,1.53832,1.39843,1.38138,1.28389,1.31271,1.28399,1.02448,1.39896,1.32642,1.53256,1.30817,1.34591
12392.054918,1.26864,1.26397,1.42121,1.44785,1.33111,1.28617,1.35831,1.35672,1.14304,1.51709,1.06785,1.65489,1.49622,1.61528,0.975725,1.04704,1.33302,1.47902,1.2427,1.18915,1.37114,1.16182,0.940865,1.22504,1.43436,1.65489,1.28539,1.26681,1.08102,1.65947,1.54609,1.40716,1.39041,1.28841,1.31598,1.28674,1.01882,1.39797,1.32936,1.53391,1.30868,1.3379
12420.74023,1.26397,1.26462,1.42899,1.44291,1.3262,1.28787,1.36033,1.35345,1.14706,1.56335,1.07548,1.62834,1.51129,1.60405,0.970734,1.05107,1.3309,1.47906,1.25516,1.1942,1.3661,1.1582,0.946694,1.222,1.43128,1.62834,1.29126,1.26678,0.500163,1.65358,1.54743,1.42175,1.40986,1.29761,1.3281,1.29436,1.0193,1.38673,1.33201,1.53331,1.31019,1.34557
12449.558653,1.25709,1.26382,1.42843,1.44065,1.3241,1.28717,1.3591,1.34782,1.15266,1.59248,1.08268,1.61601,1.52425,1.59112,0.968637,1.05515,1.31979,1.46847,1.26393,1.19333,1.36383,1.15574,0.949249,1.21989,1.42025,1.61601,1.30727,1.26975,1.01986,1.63473,1.55441,1.43041,1.42686,1.30891,1.34078,1.29726,1.01971,1.37219,1.325,1.52749,1.3198,1.35854
12478.511115,1.25044,1.26736,1.42047,1.45793,1.32881,1.29658,1.35554,1.34311,1.16019,1.61059,1.09101,1.64371,1.53723,1.57817,0.969472,1.05695,1.3223,1.46971,1.26649,1.19368,1.36585,1.15335,0.9522,1.22358,1.41711,1.64371,1.3244,1.28517,1.08201,1.64531,1.57691,1.43665,1.43959,1.323,1.35,1.29552,1.02104,1.36494,1.33331,1.53654,1.33697,1.36404
12507.598553,1.24193,1.27297,1.40927,1.45902,1.32945,1.3052,1.34272,1.33896,1.16692,1.61949,1.09758,1.67716,1.54165,1.56766,0.966517,1.05384,1.32592,1.47552,1.26489,1.20051,1.36753,1.15385,0.954503,1.21961,1.41776,1.67716,1.33122,1.29398,1.16596,1.66446,1.58604,1.43451,1.43443,1.33259,1.34619,1.29151,1.02334,1.36228,1.34406,1.54384,1.34467,1.36555
12536.821914,1.24852,1.28137,1.40969,1.45367,1.32742,1.31546,1.32653,1.34504,1.17359,1.61008,1.10509,1.68273,1.55316,1.57757,0.966292,1.0567,1.328,1.47959,1.26696,1.20949,1.36755,1.15689,0.95707,1.21319,1.42025,1.68273,1.34041,1.29355,1.26661,1.67995,1.58865,1.42654,1.42957,1.34566,1.3498,1.29739,1.02597,1.36576,1.35244,1.53976,1.35384,1.37174
12566.182152,1.25975,1.2821,1.40323,1.447,1.32266,1.31796,1.31065,1.35219,1.17841,1.58152,1.10823,1.66531,1.57316,1.58216,0.968461,1.06059,1.33535,1.47169,1.2639,1.20951,1.36086,1.15565,0.955357,1.21876,1.4092,1.66531,1.35408,1.29231,1.3967,1.68819,1.58813,1.4166,1.4285,1.35925,1.36798,1.30947,1.02263,1.36173,1.35703,1.52968,1.3539,1.37356
12595.680232,1.27329,1.27977,1.39735,1.44083,1.31678,1.31288,1.30431,1.36036,1.18384,1.56687,1.11718,1.68722,1.59971,1.59213,0.976851,1.06138,1.34748,1.4645,1.26024,1.2077,1.35798,1.1616,0.957022,1.23819,1.41581,1.68722,1.37248,1.29781,1.50989,1.73103,1.58453,1.41982,1.43446,1.36873,1.38759,1.3225,1.02087,1.36156,1.35913,1.5402,1.35468,1.37449
12625.317127,1.27915,1.27736,1.39452,1.42321,1.30733,1.30855,1.29415,1.36665,1.18598,1.5491,1.12732,1.70251,1.60659,1.60335,0.98643,1.05726,1.35328,1.46695,1.25771,1.21194,1.35321,1.16264,0.958859,1.25702,1.43549,1.70251,1.38205,1.29759,1.60363,1.78357,1.56302,1.42717,1.43928,1.36627,1.39511,1.32755,1.01701,1.36232,1.35309,1.55263,1.35615,1.37918
12655.093818,1.28051,1.27555,1.39451,1.41463,1.29951,1.31985,1.29446,1.37247,1.18885,1.5415,1.1293,1.7141,1.60383,1.60292,0.995822,1.05437,1.36574,1.46357,1.26252,1.2238,1.34242,1.1562,0.960854,1.27561,1.46118,1.7141,1.38302,1.29137,1.61812,1.82345,1.56042,1.42941,1.45413,1.37371,1.38812,1.33735,1.01888,1.37127,1.35677,1.5607,1.34743,1.38418
12685.011297,1.27155,1.26989,1.38985,1.40811,1.29385,1.32608,1.30213,1.36613,1.1923,1.53784,1.12662,1.7244,1.59367,1.59904,1.00411,1.04908,1.37837,1.44601,1.26172,1.22459,1.33034,1.15223,0.960391,1.28386,1.48229,1.7244,1.37309,1.27378,1.59722,1.82248,1.56672,1.4224,1.46148,1.39038,1.37041,1.34699,1.02388,1.38176,1.36449,1.54075,1.33181,1.37747
12715.070566,1.26261,1.26816,1.38572,1.40329,1.30004,1.32887,1.31608,1.36073,1.19974,1.53715,1.13003,1.74032,1.57684,1.61009,1.01312,1.04674,1.38818,1.44089,1.26451,1.22287,1.32683,1.15904,0.962824,1.29094,1.49927,1.74032,1.364,1.26745,1.56377,1.83158,1.56512,1.43183,1.47178,1.40899,1.35858,1.36227,1.03031,1.39267,1.37062,1.53016,1.32552,1.36936
12745.272633,1.25542,1.26231,1.3775,1.41257,1.30404,1.32924,1.33267,1.34802,1.19998,1.53404,1.13255,1.73006,1.54566,1.60288,1.01801,1.04325,1.39728,1.43619,1.26516,1.22489,1.31989,1.15604,0.970715,1.29405,1.4982,1.73006,1.3544,1.26745,1.53688,1.85192,1.57767,1.44029,1.48675,1.41118,1.35051,1.37183,1.03929,1.39845,1.36421,1.55689,1.31962,1.36177
12775.618521,1.25293,1.25525,1.37897,1.43191,1.3031,1.33106,1.35161,1.33248,1.19658,1.54092,1.13748,1.71203,1.51722,1.62675,1.02118,1.03937,1.40082,1.44103,1.26406,1.23722,1.31426,1.14009,0.98467,1.2902,1.51876,1.71203,1.35299,1.26714,1.47073,1.85539,1.61406,1.44706,1.51293,1.40825,1.35215,1.37984,1.05066,1.39964,1.3631,1.59757,1.31377,1.35196
12806.109257,1.2452,1.25431,1.388,1.4391,1.29261,1.32523,1.36591,1.31765,1.19539,1.56583,1.13976,1.67099,1.48456,1.66604,1.02432,1.03569,1.38742,1.44962,1.26877,1.24743,1.31601,1.1274,0.99282,1.27952,1.54894,1.67099,1.34959,1.26536,1.42912,1.82094,1.62219,1.43895,1.531,1.40563,1.35375,1.38517,1.05726,1.38607,1.36956,1.61903,1.31237,1.34436
12836.745882,1.23661,1.26783,1.39912,1.44663,1.28178,1.3246,1.38377,1.31639,1.20695,1.59627,1.13699,1.64913,1.47005,1.69545,1.02853,1.03924,1.36593,1.46442,1.28349,1.25355,1.33133,1.12896,0.995711,1.26943,1.56483,1.64913,1.34905,1.26498,1.39328,1.78995,1.62793,1.42985,1.54124,1.4076,1.36051,1.38345,1.06036,1.36942,1.37381,1.63376,1.31793,1.35385
12867.529445,1.22389,1.28523,1.40911,1.45616,1.28218,1.32449,1.39536,1.31558,1.21332,1.60888,1.13128,1.67845,1.4673,1.70254,1.03043,1.04469,1.35679,1.47497,1.2947,1.25401,1.33875,1.12963,0.997055,1.25855,1.5595,1.67845,1.33937,1.26308,1.39042,1.74857,1.64493,1.42641,1.55135,1.39811,1.356,1.36595,1.06048,1.35486,1.37825,1.6336,1.32433,1.34793
12898.461006,1.21971,1.30156,1.44286,1.47177,1.28768,1.32758,1.40674,1.31643,1.21532,1.62318,1.13309,1.75057,1.46896,1.72215,1.03001,1.05277,1.36199,1.48316,1.30272,1.25874,1.34379,1.13466,1.00141,1.25466,1.57105,1.75057,1.32483,1.2807,1.4619,1.71534,1.66167,1.42661,1.55143,1.39017,1.34647,1.34978,1.06376,1.34671,1.39526,1.62534,1.33822,1.33892
12929.541634,1.22673,1.30582,1.47578,1.47182,1.28118,1.32288,1.40591,1.32329,1.22,1.61872,1.13243,1.7904,1.45938,1.72939,1.02519,1.06553,1.34799,1.47478,1.30507,1.26445,1.34312,1.14311,1.002,1.24107,1.57474,1.7904,1.31772,1.29887,1.44484,1.67773,1.64458,1.41224,1.52915,1.38299,1.34366,1.33547,1.06667,1.33984,1.39878,1.61373,1.34477,1.33907
12960.772411,1.2408,1.30261,1.49751,1.46553,1.28527,1.31258,1.40086,1.33781,1.2373,1.58539,1.13327,1.80102,1.46626,1.73095,1.02197,1.08758,1.33502,1.48156,1.30096,1.26375,1.33863,1.15711,0.998284,1.22793,1.56919,1.80102,1.32704,1.30944,1.44386,1.65649,1.63188,1.40345,1.50959,1.38209,1.35385,1.33337,1.06534,1.33891,1.39681,1.61411,1.35325,1.34279
12992.154427,1.2428,1.29511,1.51159,1.46514,1.29279,1.29164,1.38282,1.33667,1.25803,1.54639,1.13744,1.79447,1.49261,1.70523,1.01942,1.10022,1.3283,1.48864,1.28401,1.24843,1.33799,1.16232,0.996996,1.23063,1.56932,1.79447,1.33056,1.31624,1.45185,1.64649,1.62094,1.4032,1.49714,1.37768,1.35845,1.33207,1.06019,1.33279,1.39725,1.60412,1.35031,1.34362
13023.688782,1.24319,1.28813,1.53178,1.46973,1.29855,1.28064,1.36058,1.33139,1.28029,1.52754,1.14849,1.80039,1.52687,1.66909,1.02214,1.1051,1.33085,1.48761,1.26917,1.24802,1.34069,1.15912,1.00042,1.23499,1.58482,1.80039,1.33434,1.33563,1.46073,1.65505,1.5969,1.41751,1.50787,1.37354,1.35356,1.32422,1.05834,1.34009,1.40216,1.59917,1.35028,1.34595
13055.376589,1.2452,1.27652,1.53871,1.45384,1.30642,1.28568,1.34334,1.33541,1.2931,1.49784,1.15319,1.80098,1.54205,1.6304,1.02108,1.10623,1.33622,1.47858,1.25301,1.26398,1.33816,1.14889,0.999755,1.22928,1.59484,1.80098,1.33329,1.35097,1.48886,1.6452,1.55309,1.42814,1.51547,1.38112,1.34003,1.31498,1.05863,1.34661,1.39663,1.57949,1.35181,1.33435
13087.218971,1.25428,1.27222,1.52363,1.43986,1.32193,1.30915,1.33377,1.35015,1.3018,1.48473,1.15839,1.79675,1.55988,1.59584,1.01896,1.10757,1.35284,1.47405,1.25461,1.2731,1.34153,1.14266,1.00094,1.22499,1.60072,1.79675,1.33389,1.35461,1.51383,1.66317,1.55071,1.42847,1.53612,1.41156,1.3276,1.32901,1.06447,1.3496,1.39538,1.5675,1.35271,1.33098
13119.217061,1.2549,1.26732,1.49048,1.42211,1.33735,1.31646,1.31554,1.35732,1.30949,1.47945,1.16908,1.76809,1.55607,1.55422,1.01718,1.10219,1.37256,1.46935,1.25925,1.25673,1.34218,1.14255,0.999833,1.21268,1.57867,1.76809,1.32976,1.34001,1.11442,1.67638,1.55887,1.42403,1.55416,1.42871,1.32042,1.33376,1.07025,1.34932,1.40212,1.55234,1.35854,1.34232
13151.372005,1.25153,1.26073,1.45549,1.42699,1.35155,1.31227,1.28964,1.36044,1.31643,1.47792,1.1847,1.72136,1.54851,1.52202,1.0149,1.09856,1.38782,1.47098,1.25663,1.23925,1.34367,1.15194,0.999303,1.21764,1.55014,1.72136,1.33035,1.32982,1.51935,1.70828,1.5758,1.4379,1.57516,1.4358,1.32989,1.32687,1.07931,1.35534,1.41869,1.57997,1.36043,1.3613
13183.684958,1.24746,1.2493,1.42902,1.44953,1.35705,1.31174,1.26191,1.3461,1.30733,1.50439,1.19715,1.65033,1.53446,1.50673,1.01549,1.08914,1.3949,1.46683,1.23506,1.23045,1.33954,1.15338,0.999943,1.23225,1.51341,1.65033,1.33981,1.31596,1.54578,1.73052,1.59832,1.43946,1.58398,1.43541,1.34446,1.32188,1.08702,1.35307,1.43299,1.62015,1.33964,1.37438
13216.157088,1.24267,1.2496,1.42306,1.47104,1.36123,1.32087,1.26103,1.33248,1.29242,1.56912,1.2108,1.61418,1.5288,1.5646,1.02369,1.07772,1.39095,1.47206,1.21806,1.23241,1.33797,1.14811,1.00015,1.25066,1.50714,1.61418,1.35211,1.30218,1.58571,1.74934,1.61979,1.4328,1.57216,1.43297,1.36262,1.3249,1.09193,1.35572,1.45218,1.63561,1.31983,1.39019
13248.789574,1.23343,1.25619,1.41351,1.47811,1.35616,1.32613,1.281,1.34293,1.27727,1.63155,1.2139,1.56951,1.52352,1.62579,1.0345,1.06808,1.36874,1.47212,1.22612,1.22902,1.32739,1.14834,0.995431,1.26767,1.52216,1.56951,1.34561,1.28617,1.59138,1.74361,1.60699,1.41066,1.53843,1.43105,1.36856,1.31377,1.09044,1.35809,1.4543,1.62368,1.30735,1.40584
13281.583608,1.23562,1.25763,1.41106,1.47794,1.35618,1.33991,1.31377,1.36311,1.27507,1.68539,1.2165,1.57477,1.54579,1.68042,1.04363,1.06445,1.37185,1.47105,1.24937,1.2262,1.3238,1.15638,0.993872,1.27844,1.54541,1.57477,1.3286,1.28267,1.59444,1.74956,1.61783,1.39663,1.5493,1.42717,1.3804,1.29433,1.09369,1.36571,1.45666,1.62619,1.2994,1.42463
13314.540391,1.23478,1.24649,1.41051,1.4595,1.3474,1.34668,1.3383,1.35715,1.2696,1.71614,1.21479,1.6284,1.56116,1.72371,1.04774,1.05969,1.3881,1.45578,1.25445,1.2235,1.32637,1.15265,0.990909,1.27597,1.56081,1.6284,1.2991,1.28602,1.60923,1.74407,1.63196,1.3929,1.5647,1.40748,1.39376,1.27667,1.09507,1.36928,1.4566,1.62188,1.28554,1.42148
13347.661138,1.23445,1.24214,1.41501,1.45817,1.3233,1.35257,1.36136,1.34923,1.26174,1.73053,1.20718,1.68197,1.54679,1.77635,1.05059,1.05997,1.39817,1.43729,1.25176,1.22104,1.33182,1.15277,0.993374,1.27121,1.58387,1.68197,1.30847,1.30165,1.67866,1.74346,1.63102,1.39543,1.56198,1.40049,1.40581,1.28728,1.09573,1.3716,1.43435,1.60844,1.28562,1.41264
13380.947076,1.23724,1.22815,1.40008,1.46388,1.30361,1.34821,1.36924,1.35813,1.25692,1.70913,1.19465,1.72631,1.51138,1.78884,1.04709,1.06019,1.40252,1.42544,1.25643,1.20504,1.33954,1.16589,0.998757,1.26699,1.57943,1.72631,1.34573,1.31455,1.52769,1.76818,1.61943,1.3995,1.53983,1.40715,1.41141,1.30061,1.09348,1.3817,1.43904,1.59405,1.28646,1.40088
13414.399443,1.24573,1.21542,1.3974,1.48204,1.31512,1.3305,1.36991,1.36936,1.26689,1.68635,1.19775,1.75865,1.53328,1.768,1.04304,1.06567,1.416,1.43664,1.26807,1.18388,1.3645,1.19054,1.00573,1.26852,1.59581,1.75865,1.38548,1.31997,1.45198,1.84218,1.63159,1.41001,1.53684,1.41471,1.41421,1.31593,1.09042,1.40003,1.47694,1.62182,1.28792,1.38489
13448.019492,1.25513,1.21327,1.40257,1.49546,1.33172,1.31376,1.35634,1.35644,1.27036,1.66359,1.20401,1.78149,1.5536,1.71817,1.03737,1.06729,1.42152,1.44351,1.26973,1.16392,1.3904,1.20185,1.01254,1.26227,1.63991,1.78149,1.39916,1.32095,1.36004,1.87733,1.63078,1.3975,1.55024,1.4064,1.40379,1.33256,1.08958,1.40179,1.49728,1.62899,1.28396,1.3576
13481.808485,1.26311,1.22019,1.42225,1.48886,1.35179,1.31891,1.34515,1.35345,1.28275,1.6467,1.2085,1.81648,1.57878,1.67836,1.04059,1.06894,1.42672,1.45033,1.26556,1.1681,1.39974,1.20154,1.02055,1.24238,1.67223,1.81648,1.40627,1.32962,1.30297,1.88302,1.59977,1.4125,1.57966,1.4014,1.38857,1.34805,1.09153,1.40083,1.51089,1.62715,1.28908,1.33957
13515.7677,1.26078,1.22197,1.42717,1.45947,1.36411,1.31623,1.33338,1.36306,1.28959,1.63677,1.20825,1.84092,1.60729,1.64977,1.04104,1.07059,1.41688,1.44096,1.25886,1.17757,1.39522,1.19389,1.02482,1.21944,1.67581,1.84092,1.40233,1.32032,1.25625,1.8542,1.55313,1.44784,1.58688,1.40241,1.35733,1.35391,1.09163,1.38891,1.51934,1.62174,1.30563,1.31987
13549.898427,1.26851,1.23131,1.42164,1.4464,1.37303,1.30978,1.33878,1.36949,1.29687,1.63269,1.21296,1.87068,1.65055,1.61414,1.03559,1.07903,1.41688,1.44597,1.26009,1.17169,1.40311,1.18992,1.02746,1.21299,1.68935,1.87068,1.40421,1.30976,1.24128,1.85944,1.53917,1.48334,1.58693,1.40642,1.336,1.37403,1.09659,1.38618,1.53107,1.64951,1.33694,1.3232
13584.201967,1.26564,1.24169,1.42528,1.44513,1.37061,1.29201,1.33781,1.37041,1.31846,1.59903,1.21678,1.84554,1.65625,1.55695,1.02733,1.081,1.42322,1.45031,1.25352,1.15063,1.40075,1.18254,1.01619,1.21014,1.67827,1.84554,1.40258,1.3103,0.589397,1.84889,1.51244,1.50649,1.57078,1.38922,1.32819,1.37517,1.09931,1.39204,1.53131,1.66483,1.35084,1.33564
13618.679637,1.25884,1.26871,1.46626,1.45917,1.36985,1.28386,1.33379,1.37085,1.35,1.57653,1.23095,1.79225,1.63796,1.52997,1.02209,1.08593,1.42501,1.45255,1.25546,1.15068,1.40732,1.18244,1.00348,1.23188,1.65911,1.79225,1.41556,1.32438,1.33176,1.82018,1.50544,1.51308,1.5473,1.38049,1.3176,1.36336,1.10508,1.39667,1.52787,1.68451,1.33726,1.35176
13653.332765,1.25646,1.29097,1.52069,1.4591,1.37357,1.28451,1.33227,1.34879,1.35586,1.60306,1.2432,1.73654,1.62092,1.53377,1.0251,1.09476,1.40188,1.45277,1.25294,1.17168,1.40426,1.17623,0.999567,1.24667,1.62751,1.73654,1.43006,1.32372,1.39942,1.78689,1.49026,1.48213,1.49458,1.37666,1.29469,1.35813,1.10706,1.36199,1.52695,1.66165,1.32244,1.35745
13688.162696,1.24722,1.31688,1.56359,1.44365,1.36973,1.28805,1.35141,1.32805,1.34496,1.65834,1.25268,1.7145,1.61289,1.57572,1.03585,1.10291,1.3846,1.44694,1.26407,1.20263,1.37928,1.16814,1.0022,1.25879,1.61467,1.7145,1.43331,1.3308,1.50505,1.78698,1.50009,1.47688,1.44965,1.37417,1.29314,1.35947,1.11072,1.32831,1.51604,1.67809,1.3373,1.36253
13723.170784,1.22648,1.32784,1.56294,1.41099,1.34479,1.29229,1.36439,1.33203,1.33936,1.67945,1.24697,1.67,1.60523,1.5965,1.03931,1.10097,1.39423,1.4164,1.2834,1.21872,1.33522,1.15965,1.00611,1.26423,1.60238,1.67,1.40882,1.34019,1.59214,1.7458,1.54103,1.4793,1.4306,1.36351,1.30213,1.34378,1.11072,1.32844,1.47758,1.70146,1.34384,1.35611
13758.358401,1.21871,1.32953,1.57026,1.38622,1.35234,1.29974,1.37147,1.33418,1.35207,1.67227,1.23353,1.63036,1.64526,1.61194,1.04089,1.09845,1.43196,1.39947,1.30398,1.22644,1.31444,1.15033,1.00673,1.25549,1.58761,1.63036,1.38877,1.35914,1.78053,1.71937,1.6069,1.48455,1.46195,1.35435,1.32904,1.32704,1.1125,1.35282,1.44525,1.7263,1.35203,1.34961
13793.726932,1.20194,1.324,1.55835,1.36783,1.36157,1.28114,1.36187,1.31328,1.35202,1.63518,1.20923,1.61165,1.65138,1.61322,1.04384,1.0903,1.45445,1.38075,1.30787,1.23005,1.30697,1.13266,0.999835,1.23047,1.58138,1.61165,1.37357,1.3688,1.79157,1.70549,1.67071,1.47363,1.45242,1.33395,1.35179,1.31171,1.1091,1.38113,1.41568,1.71862,1.34995,1.3302
13829.277774,1.19579,1.32511,1.5303,1.39234,1.36583,1.27525,1.36219,1.31943,1.35939,1.56174,1.1896,1.60784,1.6523,1.61608,1.04967,1.08116,1.47327,1.38618,1.31211,1.24007,1.30729,1.1342,1.00668,1.21884,1.58544,1.60784,1.38219,1.37257,1.79227,1.71347,1.72774,1.47209,1.44569,1.33941,1.36693,1.31522,1.11721,1.41747,1.39295,1.68605,1.33853,1.30689
13865.012342,1.20834,1.31352,1.48963,1.43233,1.37552,1.28576,1.35506,1.33725,1.38492,1.51395,1.18504,1.62556,1.65348,1.58619,1.04654,1.06976,1.4921,1.40649,1.32202,1.2345,1.31155,1.14763,1.02497,1.21778,1.55848,1.62556,1.37857,1.35986,1.66345,1.74299,1.75888,1.46636,1.46806,1.37763,1.38472,1.30535,1.12321,1.44885,1.39952,1.63179,1.31161,1.27398
13900.932063,1.22738,1.2928,1.4658,1.46977,1.41016,1.3013,1.33609,1.35315,1.41173,1.5495,1.18985,1.64445,1.68875,1.55162,1.04519,1.06937,1.51792,1.43828,1.32575,1.23971,1.32482,1.16332,1.0448,1.2131,1.56632,1.64445,1.37716,1.33828,1.67529,1.79451,1.81919,1.46039,1.5667,1.40935,1.4161,1.2863,1.13591,1.48274,1.42742,1.6205,1.31404,1.24553
13937.03838,1.23422,1.27404,1.44015,1.47552,1.42947,1.31394,1.32354,1.35228,1.40811,1.57081,1.18303,1.68834,1.69021,1.53571,1.04694,1.06401,1.51647,1.46575,1.30038,1.25902,1.3164,1.1672,1.04913,1.18782,1.61833,1.68834,1.36282,1.31694,1.52037,1.8151,1.86106,1.43522,1.64417,1.41424,1.41112,1.26856,1.14555,1.50149,1.42492,1.60273,1.32454,1.21
13973.33275,1.21792,1.27139,1.42822,1.47584,1.42842,1.3422,1.32855,1.36305,1.4095,1.56636,1.17892,1.76189,1.71478,1.55972,1.05607,1.06037,1.51038,1.48839,1.27649,1.28022,1.30868,1.17553,1.04778,1.16539,1.68806,1.76189,1.34127,1.29391,1.40351,1.82794,1.85937,1.44788,1.69633,1.4295,1.36927,1.26013,1.14309,1.49975,1.44178,1.6208,1.34258,1.2133
14009.816648,1.19875,1.25504,1.41786,1.47329,1.40789,1.3565,1.31292,1.37156,1.40571,1.58591,1.1699,1.81348,1.74736,1.60492,1.05227,1.06546,1.49627,1.47626,1.26845,1.28241,1.30616,1.17853,1.04238,1.14621,1.69161,1.81348,1.307,1.24862,0.22918,1.78732,1.83289,1.4579,1.72308,1.43725,1.32149,1.24342,1.13764,1.49175,1.47558,1.65285,1.36435,1.2364
14046.49156,1.215,1.2473,1.41153,1.47577,1.40026,1.36372,1.33546,1.38159,1.41627,1.61395,1.1584,1.88176,1.79025,1.66254,1.05167,1.08164,1.4922,1.47913,1.26798,1.28142,1.31941,1.1819,1.03816,1.1429,1.72542,1.88176,1.32578,1.27577,1.25063,1.78563,1.78598,1.46412,1.73397,1.4492,1.31748,1.24741,1.14891,1.50422,1.51234,1.69323,1.38079,1.28233
14083.358992,1.22597,1.24855,1.40198,1.46227,1.37789,1.35533,1.37776,1.37746,1.43446,1.65683,1.14914,1.92131,1.79628,1.73811,1.06085,1.08751,1.48,1.46888,1.26583,1.28042,1.33804,1.18043,1.02303,1.14681,1.75039,1.92131,1.36135,1.33657,1.23212,1.76098,1.69469,1.47485,1.72164,1.44269,1.31526,1.24646,1.15795,1.50031,1.51517,1.68087,1.37068,1.31862
14120.420463,1.24059,1.26527,1.41336,1.44949,1.36409,1.36094,1.41334,1.35938,1.42504,1.72107,1.17244,1.9546,1.77807,1.81339,1.08034,1.1052,1.46581,1.49437,1.27723,1.29258,1.38141,1.17675,1.01373,1.17182,1.81144,1.9546,1.39851,1.39792,1.24777,1.73614,1.65269,1.47306,1.7043,1.42545,1.2969,1.2677,1.16563,1.46602,1.52241,1.68194,1.37081,1.34144
14157.677509,1.23989,1.26528,1.41597,1.41587,1.34384,1.35068,1.41776,1.32812,1.36811,1.77361,1.19098,1.98725,1.7541,1.85027,1.0942,1.12319,1.45043,1.50962,1.27599,1.29353,1.39477,1.15849,1.01255,1.17675,1.82704,1.98725,1.42275,1.42062,0.567394,1.7385,1.6199,1.4555,1.67504,1.39405,1.27983,1.29021,1.15996,1.40425,1.53003,1.67019,1.36353,1.3256
14195.131682,1.23221,1.27114,1.43483,1.39584,1.32822,1.34256,1.41299,1.31065,1.36419,1.82749,1.21128,2.00911,1.71349,1.88042,1.10574,1.13553,1.47589,1.51521,1.27581,1.27205,1.35819,1.14766,1.0224,1.19232,1.81811,2.00911,1.45506,1.43361,1.3933,1.75069,1.61214,1.46722,1.67763,1.38112,1.29435,1.31131,1.16482,1.37067,1.52638,1.68069,1.35738,1.3298
14232.784551,1.23027,1.26974,1.4531,1.37528,1.32386,1.33708,1.40352,1.29828,1.40577,1.84372,1.21599,2.02298,1.67054,1.8698,1.11267,1.13362,1.51708,1.49456,1.26222,1.23296,1.31706,1.12992,1.03046,1.21949,1.79562,2.02298,1.46492,1.46064,1.52018,1.7188,1.5722,1.47179,1.67137,1.36259,1.30431,1.3254,1.16344,1.3483,1.50525,1.65021,1.34592,1.35638
14270.637701,1.23849,1.25372,1.49321,1.36631,1.34349,1.32291,1.40876,1.30384,1.44967,1.82549,1.22703,2.01402,1.66058,1.85901,1.13293,1.13669,1.53149,1.47254,1.27078,1.20668,1.35497,1.11429,1.03493,1.2585,1.80812,2.01402,1.47145,1.51291,1.65577,1.72509,1.50308,1.50145,1.63605,1.33849,1.31585,1.36737,1.16269,1.32163,1.49291,1.63573,1.3261,1.38824
14308.692735,1.22356,1.22753,1.4919,1.35706,1.34013,1.29462,1.39723,1.3063,1.4696,1.76388,1.24019,1.99559,1.60603,1.8688,1.14171,1.13704,1.52004,1.4542,1.27114,1.18904,1.37113,1.10523,1.03157,1.28563,1.86552,1.99559,1.46842,1.53553,1.62648,1.73193,1.47114,1.52144,1.53446,1.30785,1.31331,1.40055,1.15402,1.31998,1.4752,1.55553,1.28719,1.38978
14346.951271,1.24962,1.21937,1.52576,1.38385,1.33835,1.29312,1.38496,1.3232,1.50591,1.68588,1.2545,1.94679,1.54558,1.88702,1.1487,1.15142,1.54266,1.4805,1.25993,1.19522,1.39095,1.11763,1.03677,1.31688,1.88357,1.94679,1.45175,1.54615,1.68465,1.72893,1.49158,1.55287,1.48708,1.32677,1.30125,1.42463,1.15943,1.33199,1.46156,1.49665,1.30195,1.37754
14385.414947,1.28166,1.19648,1.5397,1.41087,1.3326,1.30081,1.34804,1.30989,1.54817,1.65968,1.2649,1.86801,1.51086,1.85916,1.1579,1.16771,1.5427,1.50519,1.23672,1.18272,1.41833,1.12957,1.03851,1.33067,1.81814,1.86801,1.41619,1.52173,1.74107,1.74381,1.50931,1.55612,1.47991,1.35072,1.28221,1.44409,1.16753,1.34614,1.44152,1.48733,1.31995,1.35297
14424.085417,1.29734,1.19803,1.54628,1.41159,1.35866,1.31878,1.3013,1.29843,1.57107,1.65479,1.30585,1.82659,1.51427,1.80454,1.1711,1.17983,1.55986,1.50206,1.25498,1.18437,1.44039,1.13581,1.03803,1.33772,1.78893,1.82659,1.38587,1.49905,1.8166,1.78911,1.56703,1.54937,1.49501,1.38732,1.31509,1.46234,1.18236,1.37195,1.45624,1.54021,1.3582,1.34716
14462.964353,1.29885,1.22504,1.55667,1.38917,1.38736,1.31298,1.24703,1.30193,1.56491,1.57459,1.33057,1.80342,1.47587,1.71635,1.1717,1.16927,1.55182,1.46151,1.26273,1.19881,1.41974,1.14548,1.0237,1.32475,1.80218,1.80342,1.34036,1.47683,1.75429,1.81891,1.61744,1.47661,1.4513,1.43159,1.31418,1.44363,1.16348,1.36367,1.45791,1.58532,1.36999,1.33141
14502.053446,1.30022,1.2524,1.56391,1.36961,1.4278,1.34332,1.25331,1.3273,1.54333,1.46926,1.34873,1.78243,1.4944,1.66417,1.16782,1.17034,1.55505,1.47212,1.27059,1.20097,1.41716,1.18434,1.01549,1.30471,1.8472,1.78243,1.29374,1.44169,1.77373,1.84213,1.61761,1.4442,1.47381,1.47217,1.28842,1.42862,1.13824,1.35077,1.46837,1.61868,1.35096,1.31816
14541.354404,1.30351,1.23143,1.52247,1.32177,1.44936,1.37147,1.26085,1.33913,1.49222,1.3996,1.35795,1.72107,1.56002,1.6801,1.1691,1.17111,1.55181,1.4642,1.28368,1.18048,1.39507,1.20532,1.00684,1.26582,1.79201,1.72107,1.24447,1.38971,1.79526,1.8421,1.62926,1.43578,1.51495,1.4749,1.2627,1.38334,1.12838,1.35482,1.46532,1.61715,1.32609,1.28099
14580.868953,1.32339,1.26491,1.45918,1.31404,1.45677,1.37489,1.30701,1.34589,1.4672,1.38945,1.36969,1.66525,1.68267,1.70698,1.20095,1.18702,1.5304,1.45238,1.30285,1.19478,1.42511,1.21911,0.998451,1.24463,1.79255,1.66525,1.25959,1.40306,1.82864,1.86784,1.68276,1.50422,1.53342,1.49116,1.29991,1.35285,1.13553,1.36202,1.45625,1.62136,1.36973,1.26523
14620.598841,1.32695,1.30441,1.41837,1.3123,1.43096,1.34767,1.35642,1.31045,1.43576,1.41466,1.38516,1.64806,1.75609,1.71277,1.22951,1.19303,1.49348,1.44236,1.2921,1.21448,1.45632,1.22613,0.975455,1.22558,1.8173,1.64806,1.28834,1.40308,1.84772,1.89008,1.72618,1.60313,1.53301,1.46062,1.33165,1.33852,1.13112,1.3443,1.43191,1.65448,1.40948,1.28047
14660.545833,1.32106,1.37019,1.3825,1.31674,1.40847,1.31235,1.37631,1.29022,1.38611,1.46455,1.40685,1.64251,1.78778,1.6619,1.23946,1.2186,1.45133,1.46477,1.26687,1.22518,1.46684,1.2268,0.957813,1.21789,1.83717,1.64251,1.32354,1.38764,1.86447,1.95489,1.76816,1.65205,1.54327,1.43008,1.3991,1.35945,1.1126,1.32035,1.4068,1.68988,1.43536,1.29567
14700.711711,1.27658,1.42263,1.3255,1.29112,1.39792,1.27594,1.31484,1.30571,1.32955,1.44214,1.39352,1.62764,1.77611,1.58731,1.21191,1.22952,1.35533,1.43197,1.21085,1.20324,1.43719,1.19608,0.950901,1.18905,1.73368,1.62764,1.35336,1.33624,1.89426,1.99309,1.71738,1.64028,1.50758,1.40523,1.45082,1.34924,1.06891,1.25096,1.35939,1.70801,1.40215,1.25105
14741.098282,1.26742,1.46241,1.33447,1.28468,1.40017,1.27941,1.33342,1.32193,1.31452,1.46362,1.34916,1.59939,1.74679,1.51109,1.21208,1.21839,1.2918,1.36022,1.18984,1.18752,1.4024,1.20146,0.980582,1.24215,1.63602,1.59939,1.37824,1.27804,1.92979,1.96757,1.66478,1.6155,1.47243,1.40287,1.47694,1.30836,1.06396,1.27855,1.3202,1.70429,1.38364,1.30911
14781.707368,1.25536,1.47505,1.35676,1.27308,1.35696,1.25066,1.37761,1.30815,1.27823,1.49684,1.26353,1.56821,1.68746,1.45844,1.21192,1.20478,1.25429,1.26039,1.1766,1.16668,1.38042,1.18768,1.01256,1.28499,1.53499,1.56821,1.35761,1.24542,1.95021,1.86465,1.64542,1.54723,1.42714,1.36296,1.44942,1.25135,1.07145,1.27774,1.24553,1.65002,1.36864,1.38652
14822.540813,1.25714,1.46704,1.39341,1.28935,1.26398,1.2034,1.43448,1.29075,1.22158,1.56988,1.20121,1.5388,1.63344,1.4941,1.20645,1.22219,1.20634,1.17403,1.17871,1.17305,1.39108,1.21783,1.05319,1.32654,1.48655,1.5388,1.35506,1.27038,1.96099,1.81925,1.63855,1.54063,1.33253,1.30763,1.40172,1.23604,1.08798,1.27301,1.24549,1.59658,1.34045,1.42684
14863.600483,1.27516,1.41207,1.38696,1.29518,1.19231,1.16748,1.44041,1.25671,1.14866,1.65934,1.12722,1.51411,1.55044,1.56538,1.16832,1.22984,1.16155,1.09071,1.15586,1.18219,1.3201,1.25268,1.07124,1.34592,1.46639,1.51411,1.35244,1.24927,1.96402,1.77059,1.63499,1.49234,1.26886,1.27697,1.34137,1.17348,1.11125,1.3047,1.25647,1.49264,1.30312,1.41013
14904.888262,1.319,1.3818,1.42431,1.30849,1.15882,1.16747,1.41829,1.3076,1.1331,1.73725,1.09271,1.53871,1.47201,1.64967,1.15739,1.22518,1.19377,1.10764,1.13377,1.18646,1.33448,1.27535,1.07921,1.36308,1.45699,1.53871,1.33289,1.21434,1.95629,1.73651,1.64515,1.441,1.30336,1.28898,1.31328,1.15954,1.16426,1.35202,1.29671,1.52196,1.30799,1.39898
14946.406056,1.30646,1.35967,1.43424,1.2805,1.10837,1.14742,1.36064,1.33323,1.14753,1.78446,1.06395,1.54216,1.40666,1.65521,1.14432,1.20301,1.2046,1.07906,1.14987,1.11448,1.39164,1.27237,1.05877,1.35466,1.46065,1.54216,1.28841,1.19215,1.95011,1.70233,1.6151,1.39459,1.31156,1.26501,1.28647,1.19289,1.19205,1.37263,1.34657,1.57867,1.29365,1.38086
14988.155793,1.28667,1.35359,1.43423,1.2682,1.09667,1.13806,1.37876,1.35394,1.17142,1.80195,1.05795,1.6286,1.34429,1.61344,1.11596,1.18311,1.22822,1.11453,1.21567,1.13204,1.42025,1.23956,1.05121,1.34269,1.52851,1.6286,1.27278,1.23331,1.95246,1.64301,1.56312,1.41719,1.34126,1.25741,1.30366,1.227,1.20897,1.38164,1.39048,1.59969,1.28341,1.34696
15030.139423,1.28735,1.32257,1.36432,1.23472,1.10639,1.17535,1.40837,1.39199,1.15634,1.75254,1.07034,1.68996,1.24634,1.54751,1.07647,1.1294,1.24502,1.1856,1.20018,1.17289,1.37382,1.23021,1.06126,1.3023,1.56257,1.68996,1.24028,1.27406,1.95569,1.52953,1.49588,1.35956,1.3715,1.2534,1.30149,1.21526,1.20257,1.34304,1.36963,1.54623,1.2242,1.26004
15072.358915,1.3144,1.31308,1.32539,1.21476,1.12235,1.24897,1.48014,1.44214,1.12914,1.64969,1.14998,1.69582,1.2331,1.49976,1.0622,1.09945,1.29979,1.33649,1.20421,1.21727,1.34338,1.2536,1.1128,1.27012,1.65116,1.69582,1.23467,1.30067,1.96118,1.476,1.40153,1.40057,1.48052,1.23547,1.30297,1.29838,1.25088,1.28724,1.37633,1.48015,1.14623,1.1948
15114.816264,1.32758,1.28776,1.26314,1.22065,1.11156,1.30922,1.53291,1.45626,1.15478,1.59447,1.25189,1.71445,1.2901,1.55311,1.07416,1.08079,1.35931,1.45061,1.24098,1.25892,1.39143,1.22975,1.11507,1.20939,1.7381,1.71445,1.24367,1.33287,1.96238,1.45959,1.44327,1.54656,1.58372,1.21599,1.30785,1.35966,1.2963,1.26216,1.39063,1.44186,1.19815,1.11498
15157.513485,1.31633,1.34057,1.21654,1.22204,1.1289,1.32986,1.51555,1.4772,1.24,1.51044,1.39586,1.80657,1.28529,1.4777,1.04563,1.07622,1.35574,1.63239,1.22486,1.3332,1.43097,1.17437,1.0954,1.1256,1.85279,1.80657,1.33374,1.37311,1.96531,1.54501,1.36327,1.72291,1.64251,1.1752,1.43682,1.53991,1.28478,1.1668,1.40142,1.51042,1.23903,1.10682
15200.452616,1.28268,1.41983,1.15666,1.17711,1.2346,1.44464,1.51056,1.51855,1.24359,1.23608,1.49956,1.70756,1.27414,1.27359,1.02834,1.03331,1.27175,1.73694,1.23648,1.4113,1.48423,1.1075,1.15214,1.14354,1.75977,1.70756,1.39043,1.35323,1.98568,1.49685,1.21965,1.82583,1.55948,1.15826,1.52415,1.65564,1.22986,1.14393,1.30771,1.56605,1.27025,1.08925
15243.63572,1.33737,1.50727,1.25225,1.23271,1.21186,1.45267,1.64355,1.31617,1.16626,1.08573,1.59797,1.47125,1.33111,1.15922,1.02518,1.08091,1.25139,1.77522,1.28438,1.54632,1.38973,1.13277,1.30965,1.1324,1.54056,1.47125,1.43498,1.40603,2.00505,1.3532,1.31754,1.82755,1.36672,1.0719,1.45798,1.68632,1.24496,1.07733,1.21078,1.36549,1.29639,1.18769
15287.064881,1.57865,1.48303,1.36131,1.27926,1.35677,1.61076,1.56292,1.26122,1.07345,1.05763,1.82904,1.3652,1.45783,1.23587,1.03162,1.10268,1.30955,1.77428,1.21143,1.69734,1.2295,1.22814,1.48647,1.18912,1.42518,1.3652,1.50379,1.22954,2.00254,1.566,1.30344,1.66758,1.34888,1.17319,1.48994,1.62049,1.37975,1.14054,1.24459,1.24181,1.22739,1.26307
15330.742209,1.50005,1.44174,1.6865,1.24769,1.44008,1.50488,1.29715,1.15702,1.21584,1.12527,1.80655,1.26325,1.46613,1.54639,0.983232,1.17636,1.33004,1.49699,1.33716,1.43509,1.59491,1.06536,1.32697,1.17165,1.40693,1.26325,1.52239,1.05924,2.0,1.82572,1.53702,1.75682,1.19513,1.13998,1.27964,1.51699,1.25682,1.49404,1.351,1.21644,1.54422,1.29275
15374.669837,1.38501,1.24096,1.93329,1.28979,1.5762,1.38037,1.23161,0.95398,1.38044,1.29005,1.61614,1.34876,1.48183,2.0,0.88732,1.27741,1.24426,1.30204,1.44504,1.35732,2.0,0.773744,1.07,1.10942,1.29343,1.34876,1.57224,0.983521,2.0,1.98743,1.84325,1.96161,1.04674,1.07474,1.02476,1.20276,1.02499,2.0,1.35676,1.14599,2.0,1.20623
